Order,Latitude,Longitude,Elevation
1,42.22742,-121.77739,1250.7
2,42.22763,-121.77699,1250.8
3,42.22767,-121.77677,1250.8
4,42.22768,-121.77566,1251.6
5,42.22767,-121.77421,1252.4
6,42.22776,-121.77385,1252.7
7,42.22776,-121.77385,1252.7
8,42.22834,-121.77412,1253.2
9,42.22834,-121.77412,1253.2
10,42.22832,-121.77347,1253.5
11,42.22832,-121.77331,1253.5
12,42.22832,-121.77322,1253.5
13,42.22832,-121.77301,1253.5
14,42.22832,-121.773014,1253.5
15,42.22832,-121.77298,1253.6
16,42.22833,-121.77274,1253.8
17,42.22833,-121.7726,1253.8
18,42.22834,-121.77233,1254.1
19,42.22837,-121.77206,1254.4
20,42.22836,-121.77137,1254.6
21,42.22835,-121.7706,1255.1
22,42.22837,-121.7696,1255.7
23,42.22838,-121.76887,1256.4
24,42.22838,-121.76815,1257.7
25,42.22839,-121.76742,1259.2
26,42.22839,-121.76697,1260.0
27,42.22839,-121.76679,1260.4
28,42.22836,-121.76609,1261.6
29,42.22838,-121.76538,1263.1
30,42.22838,-121.76514,1264.4
31,42.22838,-121.7648,1266.7
32,42.22838,-121.7648,1266.7
33,42.22882,-121.76479,1267.5
34,42.22936,-121.76478,1268.2
35,42.22971,-121.76497,1268.7
36,42.22971,-121.76497,1268.7
37,42.2303,-121.76477,1273.4
38,42.23112,-121.76444,1273.6
39,42.23125,-121.76434,1273.7
40,42.23141,-121.7642,1274.1
41,42.23172,-121.76378,1276.1
42,42.2318,-121.76366,1276.8
43,42.231798,-121.763663,1276.8
44,42.23194,-121.76345,1277.9
45,42.23221,-121.76308,1279.0
46,42.2324,-121.76281,1279.6
47,42.23262,-121.76251,1280.3
48,42.23279,-121.7623,1280.6
49,42.23292,-121.76204,1281.0
50,42.23298,-121.7619,1281.4
51,42.23302,-121.7618,1282.2
52,42.23312,-121.76145,1284.3
53,42.23313,-121.76141,1284.5
54,42.23321,-121.76112,1285.9
55,42.23328,-121.76092,1286.6
56,42.23337,-121.76075,1286.9
57,42.23347,-121.76061,1287.7
58,42.23352,-121.76055,1288.2
59,42.23363,-121.76041,1290.0
60,42.23377,-121.76027,1290.9
61,42.23393,-121.76009,1290.8
62,42.2342,-121.75985,1291.2
63,42.23441,-121.75966,1291.0
64,42.23447,-121.75958,1291.1
65,42.2345,-121.75954,1291.2
66,42.23462,-121.75936,1292.2
67,42.23471,-121.75917,1292.8
68,42.23489,-121.75884,1293.4
69,42.23506,-121.7585,1296.2
70,42.23518,-121.75829,1297.6
71,42.23529,-121.75814,1298.0
72,42.23537,-121.75806,1298.3
73,42.23553,-121.75794,1298.8
74,42.23565,-121.75787,1299.0
75,42.23587,-121.75779,1299.4
76,42.23613,-121.7577,1300.7
77,42.23638,-121.75759,1303.0
78,42.23647,-121.75755,1304.2
79,42.23662,-121.75748,1305.8
80,42.23676,-121.7574,1307.2
81,42.23697,-121.75723,1309.3
82,42.23709,-121.75712,1310.7
83,42.23729,-121.75691,1313.5
84,42.23765,-121.75647,1318.9
85,42.23804,-121.756,1324.2
86,42.23805,-121.75598,1324.3
87,42.23819,-121.75582,1324.1
88,42.23832,-121.75566,1323.3
89,42.2384,-121.75557,1322.7
90,42.23846,-121.75551,1322.3
91,42.23866,-121.75531,1321.2
92,42.23919,-121.7548,1317.3
93,42.23926,-121.75474,1317.3
94,42.23978,-121.75424,1314.0
95,42.24008,-121.75396,1313.8
96,42.24062,-121.75346,1317.5
97,42.24067,-121.75341,1317.6
98,42.24101,-121.75312,1318.7
99,42.24124,-121.753,1318.8
100,42.24159,-121.75283,1318.9
101,42.24184,-121.75272,1318.8
102,42.24253,-121.75247,1320.5
103,42.24295,-121.75221,1321.6
104,42.24338,-121.75175,1321.5
105,42.24366,-121.7512,1322.0
106,42.24378,-121.75086,1322.9
107,42.2438,-121.75069,1321.9
108,42.24389,-121.74997,1322.4
109,42.2439,-121.74986,1322.4
110,42.244,-121.74928,1323.2
111,42.24416,-121.74889,1324.2
112,42.24432,-121.74866,1324.9
113,42.2444,-121.74856,1325.5
114,42.24454,-121.74844,1326.8
115,42.24478,-121.74831,1327.7
116,42.24531,-121.74801,1329.3
117,42.24544,-121.74794,1329.8
118,42.24561,-121.74785,1330.4
119,42.24576,-121.74772,1332.3
120,42.24582,-121.74768,1333.2
121,42.24592,-121.74756,1334.7
122,42.246,-121.74747,1335.2
123,42.2462,-121.74714,1338.3
124,42.24662,-121.74643,1345.1
125,42.2467,-121.74629,1346.8
126,42.24696,-121.74596,1350.7
127,42.24725,-121.74571,1353.1
128,42.24763,-121.74545,1356.4
129,42.24778,-121.74535,1358.6
130,42.24794,-121.74522,1360.8
131,42.24857,-121.74474,1371.3
132,42.24931,-121.74425,1383.5
133,42.24958,-121.74403,1389.5
134,42.24964,-121.744,1390.1
135,42.24983,-121.74386,1389.1
136,42.24994,-121.74374,1389.1
137,42.25019,-121.74346,1389.1
138,42.25022,-121.74344,1389.2
139,42.25087,-121.74292,1393.3
140,42.251,-121.74283,1393.7
141,42.25153,-121.74245,1394.2
142,42.25196,-121.74217,1398.4
143,42.25211,-121.74208,1399.6
144,42.25258,-121.74179,1402.2
145,42.25262,-121.74178,1402.8
146,42.25306,-121.74167,1406.9
147,42.2534,-121.74167,1410.4
148,42.25374,-121.74175,1413.6
149,42.25386,-121.74175,1414.7
150,42.25487,-121.74188,1423.9
151,42.25527,-121.74216,1430.1
152,42.25622,-121.74292,1445.6
153,42.25662,-121.74317,1450.0
154,42.25683,-121.7432,1452.6
155,42.25713,-121.74327,1454.8
156,42.25746,-121.74327,1458.0
157,42.2578,-121.7432,1460.6
158,42.25813,-121.74304,1463.1
159,42.25822,-121.743,1463.7
160,42.25854,-121.74275,1465.5
161,42.25884,-121.74249,1468.0
162,42.25945,-121.74206,1469.2
163,42.25981,-121.74184,1472.1
164,42.2599,-121.74179,1472.9
165,42.26024,-121.74164,1474.3
166,42.26046,-121.74159,1474.3
167,42.26064,-121.74158,1474.1
168,42.26074,-121.74157,1474.1
169,42.26111,-121.74158,1474.3
170,42.26151,-121.74167,1474.2
171,42.26168,-121.74172,1474.1
172,42.26208,-121.74184,1474.1
173,42.2624,-121.742,1473.5
174,42.26276,-121.74218,1472.8
175,42.26342,-121.74264,1470.9
176,42.26361,-121.74277,1471.1
177,42.26383,-121.74296,1470.5
178,42.2639,-121.74301,1470.7
179,42.26412,-121.74321,1470.3
180,42.26429,-121.7434,1469.8
181,42.26457,-121.7439,1468.1
182,42.26487,-121.7449,1466.2
183,42.26503,-121.74534,1463.2
184,42.26515,-121.74558,1462.5
185,42.26528,-121.74575,1462.4
186,42.26537,-121.74587,1461.9
187,42.26539,-121.74588,1462.0
188,42.26561,-121.74607,1460.4
189,42.26587,-121.74623,1457.8
190,42.26607,-121.74637,1456.3
191,42.26614,-121.74641,1455.8
192,42.26636,-121.74656,1452.0
193,42.26651,-121.74665,1450.6
194,42.26662,-121.74671,1448.9
195,42.26673,-121.74673,1446.6
196,42.26692,-121.74676,1443.8
197,42.2671,-121.74675,1440.9
198,42.26723,-121.74672,1439.3
199,42.26734,-121.74667,1438.5
200,42.26751,-121.74658,1436.6
201,42.26766,-121.74646,1435.8
202,42.26775,-121.74639,1435.7
203,42.26806,-121.74598,1431.4
204,42.26818,-121.7459,1430.6
205,42.26832,-121.74582,1429.9
206,42.26851,-121.74578,1429.8
207,42.26879,-121.74575,1430.2
208,42.26885,-121.74574,1430.2
209,42.26933,-121.74564,1429.1
210,42.2695,-121.7456,1426.7
211,42.26963,-121.74559,1425.4
212,42.27,-121.74558,1423.5
213,42.27024,-121.74561,1421.8
214,42.27033,-121.74563,1420.6
215,42.27064,-121.74568,1418.3
216,42.27095,-121.74573,1417.3
217,42.27125,-121.74576,1416.3
218,42.27149,-121.74578,1417.0
219,42.27184,-121.74581,1418.0
220,42.27185,-121.74581,1418.0
221,42.27203,-121.74579,1418.4
222,42.27222,-121.74572,1418.3
223,42.27237,-121.74562,1418.1
224,42.27238,-121.74561,1418.1
225,42.27258,-121.74543,1418.6
226,42.27271,-121.7452,1418.6
227,42.27281,-121.74495,1418.2
228,42.27283,-121.74491,1418.1
229,42.2729,-121.74471,1416.4
230,42.27301,-121.74446,1414.0
231,42.27312,-121.7443,1413.1
232,42.27328,-121.74412,1412.1
233,42.27357,-121.74393,1411.0
234,42.27438,-121.74356,1405.7
235,42.27485,-121.74341,1403.2
236,42.27506,-121.74338,1401.6
237,42.27514,-121.74339,1401.4
238,42.27527,-121.7434,1400.9
239,42.27547,-121.74344,1400.1
240,42.27567,-121.74351,1399.3
241,42.27594,-121.7437,1398.0
242,42.2762,-121.74399,1397.2
243,42.2768,-121.74491,1395.3
244,42.27735,-121.74575,1393.2
245,42.27762,-121.74612,1392.5
246,42.27767,-121.74618,1392.3
247,42.27801,-121.74644,1390.1
248,42.2782,-121.74656,1388.3
249,42.27856,-121.74668,1385.8
250,42.27884,-121.74675,1385.5
251,42.27895,-121.74678,1385.5
252,42.27955,-121.74697,1383.7
253,42.2803,-121.74726,1381.8
254,42.28049,-121.74733,1381.5
255,42.28074,-121.74742,1381.1
256,42.28091,-121.74754,1380.9
257,42.28109,-121.74766,1380.5
258,42.28114,-121.74769,1380.4
259,42.2813,-121.74782,1379.9
260,42.28143,-121.74797,1379.6
261,42.28147,-121.74801,1379.5
262,42.28169,-121.74825,1378.4
263,42.28171,-121.74828,1378.2
264,42.28182,-121.74842,1376.8
265,42.28196,-121.74854,1375.2
266,42.28212,-121.74867,1373.0
267,42.28228,-121.74878,1371.7
268,42.28283,-121.74904,1367.8
269,42.28288,-121.74906,1367.5
270,42.28298,-121.74915,1367.1
271,42.28323,-121.74934,1366.4
272,42.28346,-121.74949,1365.0
273,42.28351,-121.74952,1364.7
274,42.28371,-121.74963,1363.5
275,42.284,-121.7497,1361.2
276,42.28415,-121.7497,1360.3
277,42.28429,-121.74969,1359.9
278,42.28433,-121.74969,1359.8
279,42.28449,-121.74968,1360.2
280,42.28464,-121.74966,1360.8
281,42.28469,-121.74967,1361.1
282,42.28486,-121.74969,1361.9
283,42.28528,-121.7498,1362.8
284,42.28538,-121.74984,1362.8
285,42.28588,-121.75001,1363.4
286,42.28629,-121.75013,1364.2
287,42.28645,-121.75019,1364.4
288,42.2868,-121.7503,1364.9
289,42.28714,-121.75046,1365.2
290,42.28725,-121.75052,1365.3
291,42.28746,-121.75068,1365.2
292,42.28761,-121.7508,1365.1
293,42.28802,-121.75113,1365.2
294,42.28808,-121.75118,1365.2
295,42.28899,-121.75195,1365.0
296,42.28905,-121.752,1365.0
297,42.28914,-121.75208,1364.9
298,42.2893,-121.7522,1365.0
299,42.28933,-121.75223,1364.9
300,42.28946,-121.75242,1364.3
301,42.28947,-121.75241,1364.4
302,42.28974,-121.75292,1360.9
303,42.29004,-121.75324,1359.9
304,42.29057,-121.75357,1360.0
305,42.2911,-121.7539,1362.8
306,42.29167,-121.75418,1363.3
307,42.29224,-121.75447,1362.8
308,42.29295,-121.75465,1363.1
309,42.29366,-121.75483,1358.8
310,42.29426,-121.75507,1353.6
311,42.29444,-121.75506,1351.6
312,42.29513,-121.75479,1345.6
313,42.29592,-121.75476,1339.5
314,42.29653,-121.75479,1334.3
315,42.29696,-121.7547,1335.1
316,42.2972,-121.75477,1332.8
317,42.29748,-121.75492,1328.8
318,42.29791,-121.75504,1327.2
319,42.29857,-121.75551,1322.5
320,42.29896,-121.75591,1320.4
321,42.29936,-121.75631,1318.1
322,42.29973,-121.75653,1316.0
323,42.30005,-121.75666,1316.2
324,42.30088,-121.75709,1314.8
325,42.30126,-121.75725,1314.5
326,42.30154,-121.7574,1313.9
327,42.30181,-121.75761,1312.3
328,42.30227,-121.75819,1309.4
329,42.3026,-121.75873,1307.7
330,42.30297,-121.75953,1305.9
331,42.30333,-121.76033,1302.4
332,42.30369,-121.76113,1298.4
333,42.30384,-121.76131,1297.6
334,42.30418,-121.76156,1296.8
335,42.30447,-121.76184,1295.9
336,42.30485,-121.76226,1295.0
337,42.30523,-121.76269,1293.0
338,42.3056,-121.76301,1292.4
339,42.30581,-121.76314,1292.1
340,42.30653,-121.76337,1291.8
341,42.30683,-121.76353,1291.5
342,42.30705,-121.76382,1290.3
343,42.30723,-121.76417,1288.6
344,42.30743,-121.76441,1287.3
345,42.30792,-121.7648,1286.6
346,42.30841,-121.76519,1285.8
347,42.30876,-121.76553,1285.2
348,42.30949,-121.76609,1285.0
349,42.30994,-121.7665,1284.2
350,42.31046,-121.76682,1283.5
351,42.31098,-121.76715,1283.1
352,42.31135,-121.76741,1282.8
353,42.31186,-121.76772,1281.0
354,42.31224,-121.76792,1280.4
355,42.31271,-121.76812,1280.0
356,42.31306,-121.76822,1279.8
357,42.31328,-121.76826,1279.8
358,42.31366,-121.76826,1280.1
359,42.31405,-121.76835,1280.0
360,42.31468,-121.76861,1279.9
361,42.3153,-121.76886,1279.8
362,42.3157,-121.76908,1279.6
363,42.31612,-121.76936,1278.8
364,42.31654,-121.76964,1277.7
365,42.31697,-121.76991,1276.5
366,42.31741,-121.77017,1275.0
367,42.31815,-121.77067,1274.8
368,42.31871,-121.77101,1274.5
369,42.31946,-121.77141,1274.3
370,42.3202,-121.77182,1274.2
371,42.32095,-121.77222,1274.0
372,42.32133,-121.77247,1273.8
373,42.32169,-121.77272,1273.5
374,42.32235,-121.77306,1273.2
375,42.32301,-121.77339,1273.1
376,42.32345,-121.77354,1273.3
377,42.32406,-121.77396,1273.2
378,42.32458,-121.77428,1273.2
379,42.32499,-121.77459,1273.1
380,42.3254,-121.7749,1272.6
381,42.32602,-121.77533,1272.0
382,42.32664,-121.77576,1271.7
383,42.32725,-121.77619,1271.0
384,42.32787,-121.77662,1270.9
385,42.32843,-121.77705,1270.9
386,42.32898,-121.77749,1270.6
387,42.32954,-121.77792,1270.7
388,42.33015,-121.77854,1270.6
389,42.33062,-121.77894,1270.6
390,42.33109,-121.77933,1270.8
391,42.33162,-121.77989,1271.1
392,42.33216,-121.78045,1271.9
393,42.33269,-121.78101,1273.7
394,42.33335,-121.78168,1274.1
395,42.334,-121.78235,1275.5
396,42.33432,-121.78265,1276.9
397,42.33462,-121.78286,1276.8
398,42.3351,-121.78314,1275.0
399,42.33558,-121.78343,1273.6
400,42.33611,-121.78377,1272.7
401,42.3363,-121.78386,1272.4
402,42.33656,-121.78395,1272.1
403,42.33735,-121.78374,1273.9
404,42.33804,-121.78398,1274.0
405,42.33874,-121.7843,1273.8
406,42.33927,-121.78464,1272.6
407,42.3398,-121.78498,1271.6
408,42.3398,-121.78497,1271.7
409,42.34003,-121.78512,1271.9
410,42.34018,-121.7853,1271.8
411,42.34066,-121.78612,1271.4
412,42.34115,-121.78671,1269.1
413,42.34161,-121.78721,1268.7
414,42.34191,-121.78744,1268.6
415,42.34256,-121.78777,1268.5
416,42.34322,-121.7881,1269.1
417,42.34387,-121.78843,1269.0
418,42.34452,-121.78872,1272.2
419,42.34517,-121.78902,1274.3
420,42.3453,-121.78914,1274.4
421,42.34536,-121.78938,1274.2
422,42.34537,-121.79057,1274.9
423,42.34539,-121.79177,1274.4
424,42.34536,-121.79213,1271.9
425,42.34521,-121.79259,1268.8
426,42.34484,-121.79362,1268.9
427,42.34473,-121.79412,1268.5
428,42.3447,-121.79446,1268.5
429,42.34477,-121.795,1268.6
430,42.34497,-121.7958,1269.3
431,42.34516,-121.79661,1269.2
432,42.34524,-121.79702,1268.6
433,42.34511,-121.79772,1268.5
434,42.34527,-121.79815,1267.7
435,42.34557,-121.7988,1266.1
436,42.34571,-121.79933,1266.2
437,42.34582,-121.79991,1266.4
438,42.346,-121.80053,1266.4
439,42.34621,-121.80128,1266.6
440,42.34641,-121.80202,1267.1
441,42.34656,-121.8026,1267.2
442,42.3467,-121.80319,1267.1
443,42.34687,-121.80403,1267.6
444,42.34726,-121.80505,1267.5
445,42.34764,-121.80607,1267.1
446,42.34793,-121.80657,1266.7
447,42.34822,-121.80708,1266.6
448,42.34856,-121.80759,1266.3
449,42.34887,-121.80814,1266.2
450,42.34919,-121.80869,1266.1
451,42.34947,-121.8093,1266.2
452,42.34975,-121.80992,1266.1
453,42.34975,-121.80992,1266.1
454,42.35,-121.81047,1266.0
455,42.35025,-121.81101,1265.9
456,42.35047,-121.81137,1265.7
457,42.35063,-121.81147,1265.4
458,42.35072,-121.81069,1265.1
459,42.35082,-121.81036,1264.8
460,42.35118,-121.80939,1264.1
461,42.35154,-121.80842,1264.1
462,42.35189,-121.80745,1264.2
463,42.35206,-121.80713,1264.2
464,42.35221,-121.80694,1264.3
465,42.3524,-121.80678,1264.6
466,42.35272,-121.80661,1264.7
467,42.35296,-121.80658,1264.7
468,42.35381,-121.80657,1264.6
469,42.35466,-121.80656,1264.4
470,42.3555,-121.80656,1263.9
471,42.35595,-121.80653,1263.6
472,42.35622,-121.80639,1263.6
473,42.35674,-121.80586,1263.6
474,42.35727,-121.80533,1263.5
475,42.35751,-121.8052,1263.3
476,42.35777,-121.80516,1263.0
477,42.35865,-121.80513,1263.0
478,42.35954,-121.8051,1263.0
479,42.36042,-121.80508,1263.0
480,42.36128,-121.80507,1263.0
481,42.36214,-121.80505,1263.0
482,42.36301,-121.80504,1263.0
483,42.36387,-121.80503,1263.0
484,42.36473,-121.80502,1263.0
485,42.36559,-121.80501,1263.0
486,42.36645,-121.805,1263.0
487,42.36732,-121.80499,1263.0
488,42.36815,-121.80498,1263.0
489,42.36899,-121.80496,1263.0
490,42.36983,-121.80495,1263.0
491,42.37066,-121.80493,1263.0
492,42.3715,-121.80491,1263.0
493,42.37234,-121.8049,1263.0
494,42.37308,-121.8049,1263.1
495,42.37383,-121.8049,1263.9
496,42.3742,-121.80494,1265.3
497,42.37455,-121.80505,1264.8
498,42.37483,-121.80518,1265.4
499,42.37517,-121.8054,1265.3
500,42.37589,-121.80606,1264.9
501,42.37662,-121.80672,1264.7
502,42.37734,-121.80739,1264.7
503,42.37806,-121.80805,1264.5
504,42.37878,-121.80871,1264.2
505,42.37951,-121.80938,1264.2
506,42.38023,-121.81004,1264.3
507,42.38095,-121.8107,1264.2
508,42.38127,-121.81091,1264.2
509,42.38143,-121.81096,1264.2
510,42.38198,-121.81097,1267.2
511,42.38218,-121.81101,1268.3
512,42.38234,-121.81109,1269.3
513,42.38248,-121.81123,1269.8
514,42.38272,-121.81158,1268.4
515,42.38285,-121.81171,1268.7
516,42.38307,-121.8119,1268.6
517,42.38356,-121.81222,1269.0
518,42.38405,-121.81253,1270.4
519,42.38443,-121.81285,1270.5
520,42.38479,-121.81318,1271.1
521,42.38528,-121.81361,1274.2
522,42.38582,-121.81412,1272.9
523,42.38594,-121.81423,1273.0
524,42.38605,-121.81429,1273.5
525,42.38596,-121.81408,1274.6
526,42.38581,-121.81385,1275.6
527,42.38527,-121.81308,1287.0
528,42.38486,-121.81255,1297.2
529,42.38445,-121.81202,1308.5
530,42.38419,-121.81176,1309.6
531,42.38384,-121.81144,1310.6
532,42.38384,-121.81144,1310.6
533,42.38346,-121.81109,1310.6
534,42.38336,-121.81092,1313.0
535,42.38329,-121.8107,1315.9
536,42.38327,-121.80987,1324.0
537,42.38336,-121.80952,1327.2
538,42.38348,-121.80934,1330.2
539,42.38365,-121.80922,1333.9
540,42.38389,-121.80916,1339.2
541,42.38411,-121.80917,1343.0
542,42.38426,-121.80926,1346.0
543,42.38447,-121.80944,1347.3
544,42.38462,-121.80953,1348.9
545,42.385,-121.80961,1353.3
546,42.3852,-121.8096,1356.5
547,42.38557,-121.80968,1361.1
548,42.38583,-121.80963,1364.7
549,42.38604,-121.80954,1365.8
550,42.38615,-121.80957,1367.4
551,42.3862,-121.80964,1368.2
552,42.38621,-121.80975,1369.2
553,42.38617,-121.80987,1370.2
554,42.38609,-121.80997,1370.7
555,42.38582,-121.81017,1371.1
556,42.38532,-121.81063,1375.5
557,42.38524,-121.81076,1375.5
558,42.38523,-121.81091,1376.1
559,42.3853,-121.81104,1377.0
560,42.38543,-121.81113,1379.0
561,42.38575,-121.81117,1382.2
562,42.38676,-121.81109,1392.4
563,42.38711,-121.81097,1395.1
564,42.38745,-121.81082,1398.1
565,42.38776,-121.81074,1401.9
566,42.38806,-121.81073,1405.4
567,42.3885,-121.81065,1409.1
568,42.38867,-121.81069,1410.7
569,42.38894,-121.8108,1413.1
570,42.38922,-121.81099,1416.2
571,42.38971,-121.81116,1421.5
572,42.38999,-121.81118,1424.7
573,42.3904,-121.8113,1429.6
574,42.3909,-121.81125,1433.7
575,42.39143,-121.81128,1439.9
576,42.39167,-121.81139,1442.7
577,42.39206,-121.81164,1445.7
578,42.39239,-121.81183,1450.0
579,42.39283,-121.81199,1454.5
580,42.39301,-121.81204,1456.1
581,42.39382,-121.81215,1466.7
582,42.39395,-121.81225,1468.2
583,42.39401,-121.81236,1468.6
584,42.39403,-121.81249,1468.6
585,42.39403,-121.81259,1468.7
586,42.39399,-121.81274,1469.5
587,42.39391,-121.81288,1470.4
588,42.39359,-121.81328,1473.3
589,42.39335,-121.81366,1475.5
590,42.39325,-121.81384,1476.4
591,42.3931,-121.81423,1479.7
592,42.39305,-121.81444,1481.2
593,42.39303,-121.81466,1482.4
594,42.39306,-121.81483,1483.5
595,42.39314,-121.81499,1484.7
596,42.3932,-121.81503,1485.0
597,42.39332,-121.81505,1485.9
598,42.39344,-121.815,1487.4
599,42.39395,-121.81465,1492.8
600,42.39426,-121.81447,1496.9
601,42.39452,-121.81437,1499.7
602,42.39498,-121.81422,1505.0
603,42.3957,-121.81386,1509.4
604,42.39583,-121.81382,1509.8
605,42.39596,-121.8138,1510.6
606,42.39607,-121.81382,1511.7
607,42.3964,-121.81397,1515.3
608,42.3971,-121.81439,1522.3
609,42.39753,-121.81467,1526.8
610,42.3981,-121.81512,1535.3
611,42.39822,-121.81519,1536.5
612,42.39832,-121.81522,1537.5
613,42.39856,-121.81503,1540.6
614,42.39861,-121.81495,1541.4
615,42.39864,-121.81482,1542.3
616,42.39865,-121.81466,1543.9
617,42.39858,-121.81435,1546.8
618,42.39847,-121.81408,1548.9
619,42.39814,-121.81341,1550.5
620,42.39792,-121.81307,1551.6
621,42.39771,-121.81281,1553.6
622,42.39741,-121.81253,1553.4
623,42.39672,-121.81206,1553.9
624,42.39648,-121.81188,1554.3
625,42.39551,-121.81092,1556.2
626,42.39501,-121.81035,1561.7
627,42.3948,-121.81005,1566.3
628,42.39451,-121.80951,1569.5
629,42.39444,-121.80923,1567.8
630,42.3944,-121.80903,1567.3
631,42.39439,-121.80885,1567.0
632,42.39446,-121.80849,1566.3
633,42.39495,-121.80738,1561.0
634,42.3951,-121.80695,1558.0
635,42.39524,-121.80638,1553.9
636,42.3954,-121.80595,1550.6
637,42.39563,-121.80549,1547.7
638,42.39579,-121.8053,1547.0
639,42.39616,-121.805,1545.4
640,42.39675,-121.80456,1540.6
641,42.39825,-121.80368,1533.4
642,42.39854,-121.80357,1530.5
643,42.39879,-121.80353,1529.2
644,42.39943,-121.80354,1528.8
645,42.39967,-121.80349,1528.7
646,42.39983,-121.80341,1528.3
647,42.39995,-121.80331,1527.7
648,42.40022,-121.80304,1524.6
649,42.40042,-121.80289,1523.4
650,42.40068,-121.80278,1522.7
651,42.40116,-121.80263,1522.8
652,42.4014,-121.8025,1522.8
653,42.40175,-121.80222,1522.3
654,42.40221,-121.80177,1521.7
655,42.40231,-121.80163,1521.3
656,42.4024,-121.80144,1519.7
657,42.40248,-121.80119,1519.3
658,42.4025,-121.80102,1518.8
659,42.40246,-121.80083,1518.0
660,42.40228,-121.8006,1516.3
661,42.40194,-121.8003,1512.8
662,42.40173,-121.80006,1512.1
663,42.40165,-121.79994,1511.8
664,42.40156,-121.79958,1511.7
665,42.40147,-121.79867,1511.2
666,42.40148,-121.7985,1511.0
667,42.40153,-121.7983,1511.2
668,42.40168,-121.79789,1511.4
669,42.40189,-121.79746,1511.7
670,42.40203,-121.79726,1510.2
671,42.40208,-121.79715,1508.0
672,42.40226,-121.79699,1505.2
673,42.40302,-121.7968,1504.0
674,42.4033,-121.79675,1503.4
675,42.40344,-121.79675,1503.4
676,42.40392,-121.7968,1504.1
677,42.40456,-121.7968,1503.7
678,42.4052,-121.79683,1503.8
679,42.40552,-121.79687,1503.4
680,42.40568,-121.79692,1503.4
681,42.40582,-121.797,1503.7
682,42.40618,-121.79728,1502.7
683,42.40664,-121.79772,1503.2
684,42.40685,-121.7979,1504.2
685,42.40701,-121.79808,1504.5
686,42.40726,-121.79851,1503.2
687,42.4074,-121.79879,1502.5
688,42.40747,-121.799,1502.8
689,42.40768,-121.79928,1501.9
690,42.40796,-121.7994,1503.3
691,42.4082,-121.79941,1504.2
692,42.40841,-121.79936,1504.7
693,42.40842,-121.79936,1504.8
694,42.40842,-121.79935,1504.7
695,42.40854,-121.79932,1505.0
696,42.40904,-121.7991,1504.3
697,42.40954,-121.79887,1504.1
698,42.41021,-121.79838,1504.4
699,42.41094,-121.79782,1503.7
700,42.41137,-121.79766,1503.4
701,42.41213,-121.79763,1502.4
702,42.41289,-121.7976,1502.2
703,42.41365,-121.79756,1503.8
704,42.414,-121.79759,1503.8
705,42.41448,-121.79769,1506.7
706,42.41465,-121.79769,1508.9
707,42.41485,-121.79764,1510.1
708,42.41568,-121.79726,1510.6
709,42.41633,-121.79689,1508.5
710,42.41661,-121.79685,1508.3
711,42.41686,-121.79687,1509.6
712,42.41712,-121.79699,1511.4
713,42.4176,-121.79734,1513.7
714,42.41776,-121.79742,1514.4
715,42.41805,-121.79747,1515.3
716,42.41859,-121.79777,1521.3
717,42.41883,-121.79796,1525.6
718,42.41942,-121.79859,1527.3
719,42.41956,-121.79866,1528.8
720,42.41975,-121.79859,1532.0
721,42.42009,-121.79852,1533.3
722,42.42027,-121.79858,1536.3
723,42.42063,-121.79888,1539.4
724,42.42095,-121.79937,1544.5
725,42.42135,-121.79985,1549.4
726,42.42182,-121.80021,1557.5
727,42.42232,-121.80022,1559.9
728,42.42274,-121.80047,1565.0
729,42.423,-121.80056,1569.0
730,42.42349,-121.80046,1570.1
731,42.42372,-121.80059,1571.6
732,42.42396,-121.80081,1572.6
733,42.42423,-121.80101,1574.1
734,42.42476,-121.80145,1579.9
735,42.42529,-121.8019,1585.7
736,42.42588,-121.80201,1591.5
737,42.42653,-121.80234,1601.3
738,42.42718,-121.80267,1610.4
739,42.42751,-121.80286,1615.9
740,42.42808,-121.80274,1623.2
741,42.42875,-121.80296,1629.5
742,42.42956,-121.80333,1636.7
743,42.43039,-121.8036,1644.7
744,42.43122,-121.80388,1655.3
745,42.43205,-121.80415,1662.4
746,42.4328,-121.8043,1667.6
747,42.43355,-121.80445,1673.3
748,42.43429,-121.80459,1678.5
749,42.43504,-121.80474,1680.8
750,42.43574,-121.80476,1682.7
751,42.43626,-121.80456,1685.4
752,42.43677,-121.80436,1689.2
753,42.43754,-121.80379,1694.4
754,42.43832,-121.80321,1701.5
755,42.43876,-121.80293,1704.5
756,42.43921,-121.80265,1708.0
757,42.44004,-121.8022,1714.9
758,42.44086,-121.80175,1720.9
759,42.44167,-121.80143,1725.3
760,42.44212,-121.80118,1727.9
761,42.44272,-121.80089,1732.0
762,42.443,-121.80081,1734.3
763,42.44333,-121.80074,1737.2
764,42.44354,-121.80067,1739.2
765,42.44394,-121.80043,1743.7
766,42.44429,-121.80025,1747.6
767,42.44459,-121.80015,1750.6
768,42.44522,-121.79999,1756.2
769,42.44586,-121.79983,1761.4
770,42.44649,-121.79957,1767.5
771,42.44728,-121.79938,1774.3
772,42.44783,-121.79918,1778.4
773,42.44839,-121.79898,1780.4
774,42.44878,-121.79882,1782.0
775,42.4493,-121.79869,1784.3
776,42.44983,-121.79855,1785.3
777,42.45067,-121.79843,1785.6
778,42.45135,-121.79845,1785.5
779,42.45222,-121.79864,1785.3
780,42.4531,-121.79883,1784.7
781,42.45363,-121.79893,1783.5
782,42.45417,-121.79903,1781.0
783,42.45494,-121.79911,1780.4
784,42.4557,-121.79919,1780.2
785,42.45646,-121.79928,1779.7
786,42.45721,-121.79937,1776.3
787,42.45795,-121.79947,1773.1
788,42.45869,-121.79956,1770.3
789,42.45944,-121.79966,1767.0
790,42.46002,-121.79956,1764.6
791,42.46053,-121.79937,1761.1
792,42.46104,-121.79918,1758.5
793,42.46177,-121.79921,1754.1
794,42.4625,-121.79924,1748.0
795,42.46323,-121.79881,1744.2
796,42.46374,-121.79843,1743.5
797,42.46421,-121.7982,1742.0
798,42.46465,-121.79803,1738.3
799,42.46509,-121.79786,1735.7
800,42.46585,-121.79776,1731.1
801,42.46661,-121.79767,1726.9
802,42.46736,-121.79757,1724.1
803,42.46788,-121.79761,1721.3
804,42.46839,-121.79789,1716.7
805,42.4689,-121.79816,1712.3
806,42.46933,-121.79827,1709.5
807,42.47002,-121.79826,1706.1
808,42.47047,-121.79836,1702.8
809,42.47119,-121.79902,1697.7
810,42.47161,-121.79935,1694.5
811,42.47233,-121.79963,1690.7
812,42.47322,-121.79977,1685.4
813,42.47372,-121.79981,1681.7
814,42.4745,-121.79938,1675.6
815,42.475,-121.79919,1674.1
816,42.47548,-121.79915,1670.5
817,42.47631,-121.79929,1664.8
818,42.47715,-121.79943,1660.3
819,42.47754,-121.79966,1657.3
820,42.47806,-121.80017,1650.5
821,42.47842,-121.80039,1646.3
822,42.47874,-121.80039,1645.1
823,42.47919,-121.80014,1643.6
824,42.47964,-121.79988,1639.8
825,42.47988,-121.79981,1638.6
826,42.48049,-121.80007,1633.2
827,42.48117,-121.80032,1627.9
828,42.48171,-121.80029,1621.8
829,42.48225,-121.80025,1620.7
830,42.48266,-121.80045,1616.5
831,42.48306,-121.80084,1613.2
832,42.48376,-121.80148,1607.6
833,42.48446,-121.80212,1601.7
834,42.48494,-121.80246,1598.1
835,42.48543,-121.8028,1595.0
836,42.48611,-121.80334,1588.6
837,42.48611,-121.80334,1588.6
838,42.48648,-121.80364,1585.1
839,42.48702,-121.80422,1580.7
840,42.48756,-121.8048,1575.3
841,42.48786,-121.80494,1572.6
842,42.48839,-121.80495,1570.1
843,42.48877,-121.80475,1569.3
844,42.48926,-121.80404,1567.3
845,42.48974,-121.80333,1565.7
846,42.49011,-121.8032,1565.9
847,42.49046,-121.80335,1564.8
848,42.49105,-121.80393,1560.7
849,42.49164,-121.80452,1560.3
850,42.49223,-121.8051,1558.7
851,42.49298,-121.80562,1555.5
852,42.49313,-121.8057,1555.5
853,42.49313,-121.8057,1555.5
854,42.4943,-121.8063,1554.7
855,42.49478,-121.80658,1554.4
856,42.49502,-121.80666,1554.6
857,42.49515,-121.80673,1554.6
858,42.49652,-121.80723,1554.6
859,42.49851,-121.80757,1553.5
860,42.49988,-121.80819,1552.4
861,42.50263,-121.81007,1540.2
862,42.50415,-121.81083,1533.2
863,42.50491,-121.81162,1530.9
864,42.50495,-121.81154,1529.2
865,42.50514,-121.81174,1527.7
866,42.50557,-121.81213,1527.1
867,42.506,-121.81253,1525.8
868,42.5066,-121.81279,1521.1
869,42.50712,-121.81289,1519.1
870,42.50763,-121.81299,1517.1
871,42.50817,-121.81304,1515.5
872,42.50871,-121.81309,1513.7
873,42.50927,-121.81311,1511.0
874,42.50976,-121.81309,1509.0
875,42.51052,-121.81276,1505.9
876,42.511,-121.81246,1503.8
877,42.51149,-121.81216,1500.8
878,42.51195,-121.81192,1497.7
879,42.51243,-121.81181,1496.4
880,42.5129,-121.8117,1492.6
881,42.51337,-121.81162,1491.0
882,42.51385,-121.8117,1491.0
883,42.51451,-121.81198,1485.7
884,42.51517,-121.81225,1485.5
885,42.51583,-121.81253,1487.0
886,42.51653,-121.81267,1487.5
887,42.51722,-121.8128,1487.2
888,42.51792,-121.81293,1489.2
889,42.51838,-121.81298,1490.6
890,42.51862,-121.8129,1490.6
891,42.51905,-121.8124,1490.8
892,42.51949,-121.81191,1491.0
893,42.51978,-121.81174,1491.0
894,42.52006,-121.81169,1491.9
895,42.5206,-121.81193,1491.6
896,42.52113,-121.8121,1491.6
897,42.52166,-121.81228,1491.8
898,42.52241,-121.81236,1490.4
899,42.52324,-121.81251,1486.2
900,42.52407,-121.81267,1484.1
901,42.52484,-121.8129,1480.9
902,42.52562,-121.81313,1478.0
903,42.52636,-121.81307,1474.4
904,42.52657,-121.81305,1473.9
905,42.52686,-121.81288,1472.8
906,42.52756,-121.81229,1469.3
907,42.52826,-121.81169,1466.5
908,42.52866,-121.81169,1464.1
909,42.5292,-121.81188,1462.3
910,42.52967,-121.81187,1462.5
911,42.53013,-121.81185,1460.4
912,42.53074,-121.81177,1457.8
913,42.53147,-121.81145,1455.2
914,42.53194,-121.81135,1453.3
915,42.5325,-121.81142,1450.4
916,42.53298,-121.81158,1448.7
917,42.53342,-121.81194,1447.4
918,42.53386,-121.8123,1443.5
919,42.53437,-121.81283,1440.1
920,42.53488,-121.81336,1438.9
921,42.53528,-121.81363,1437.9
922,42.53575,-121.81369,1435.3
923,42.53622,-121.81375,1432.8
924,42.53687,-121.81421,1428.7
925,42.5373,-121.81496,1425.1
926,42.53741,-121.81518,1424.6
927,42.53768,-121.81554,1425.2
928,42.53795,-121.81579,1424.8
929,42.53828,-121.81601,1421.9
930,42.53895,-121.81606,1419.1
931,42.53946,-121.81585,1418.9
932,42.54032,-121.81572,1414.2
933,42.54114,-121.81528,1412.7
934,42.54196,-121.81484,1409.5
935,42.54265,-121.81486,1408.7
936,42.54313,-121.81491,1408.1
937,42.54361,-121.81496,1404.5
938,42.54439,-121.81517,1401.5
939,42.54515,-121.81527,1402.6
940,42.54571,-121.81567,1401.3
941,42.54615,-121.81611,1400.4
942,42.54654,-121.81667,1396.9
943,42.54706,-121.81762,1394.7
944,42.54737,-121.81851,1391.0
945,42.54759,-121.81945,1389.3
946,42.5478,-121.82039,1389.3
947,42.54797,-121.82096,1388.1
948,42.54817,-121.82123,1387.1
949,42.54844,-121.82146,1385.6
950,42.54886,-121.82193,1385.8
951,42.54925,-121.82291,1378.2
952,42.54958,-121.8238,1376.0
953,42.54991,-121.82487,1372.5
954,42.55024,-121.82594,1372.1
955,42.55061,-121.82672,1367.3
956,42.55099,-121.8271,1365.4
957,42.55149,-121.82742,1364.4
958,42.55216,-121.8278,1359.6
959,42.5526,-121.82826,1359.4
960,42.55298,-121.82883,1356.7
961,42.55336,-121.82939,1354.1
962,42.55384,-121.83008,1352.6
963,42.55432,-121.83077,1348.0
964,42.55494,-121.83162,1344.9
965,42.55556,-121.83248,1340.0
966,42.55617,-121.83333,1334.7
967,42.55679,-121.83418,1329.2
968,42.5574,-121.83503,1324.4
969,42.55774,-121.83539,1323.9
970,42.55783,-121.83556,1322.7
971,42.55789,-121.83575,1321.9
972,42.55799,-121.83638,1318.1
973,42.55808,-121.83702,1317.0
974,42.55823,-121.83784,1317.5
975,42.55839,-121.83866,1315.6
976,42.55858,-121.83948,1313.7
977,42.55889,-121.84014,1311.5
978,42.55914,-121.84073,1307.1
979,42.5594,-121.84132,1306.0
980,42.55952,-121.84152,1303.8
981,42.55968,-121.84168,1301.9
982,42.55985,-121.84179,1300.8
983,42.56003,-121.84185,1299.4
984,42.56028,-121.84186,1297.3
985,42.56054,-121.84178,1295.1
986,42.56075,-121.84164,1293.7
987,42.56126,-121.84116,1290.0
988,42.56178,-121.84071,1287.6
989,42.56206,-121.84048,1285.7
990,42.5623,-121.84032,1285.3
991,42.56268,-121.84013,1285.4
992,42.56326,-121.83987,1284.0
993,42.56385,-121.83961,1283.5
994,42.56432,-121.83941,1283.6
995,42.56478,-121.83921,1283.7
996,42.56524,-121.83905,1284.5
997,42.56569,-121.83894,1285.1
998,42.56622,-121.83886,1286.1
999,42.56676,-121.83883,1286.4
1000,42.56763,-121.83882,1286.4
1001,42.56849,-121.8388,1286.8
1002,42.56936,-121.83879,1289.4
1003,42.57023,-121.83878,1290.0
1004,42.5711,-121.83877,1291.3
1005,42.57197,-121.83876,1294.3
1006,42.57235,-121.83882,1295.1
1007,42.57256,-121.83888,1295.3
1008,42.57287,-121.839,1295.7
1009,42.57313,-121.83915,1295.9
1010,42.57346,-121.83939,1295.9
1011,42.57377,-121.83966,1295.7
1012,42.57422,-121.84015,1294.8
1013,42.57466,-121.84063,1293.7
1014,42.57527,-121.84131,1297.1
1015,42.57587,-121.84199,1298.3
1016,42.57648,-121.84267,1298.5
1017,42.57681,-121.84298,1298.6
1018,42.57719,-121.84329,1298.7
1019,42.57748,-121.84348,1298.6
1020,42.57789,-121.8437,1298.2
1021,42.57822,-121.84383,1296.0
1022,42.5785,-121.84387,1293.1
1023,42.57884,-121.84389,1291.0
1024,42.57921,-121.84384,1288.4
1025,42.5795,-121.84376,1287.6
1026,42.57992,-121.8436,1287.5
1027,42.58049,-121.84324,1287.3
1028,42.58083,-121.84308,1287.0
1029,42.5814,-121.84291,1286.7
1030,42.58177,-121.84287,1286.7
1031,42.58256,-121.84286,1286.4
1032,42.58336,-121.84285,1287.5
1033,42.58415,-121.84285,1287.6
1034,42.58471,-121.84285,1287.8
1035,42.58475,-121.84285,1287.5
1036,42.5856,-121.84285,1288.0
1037,42.58644,-121.84286,1294.6
1038,42.58657,-121.84215,1294.4
1039,42.58671,-121.84152,1294.4
1040,42.58684,-121.84089,1293.0
1041,42.58706,-121.83995,1292.9
1042,42.58727,-121.839,1294.2
1043,42.58749,-121.83806,1297.6
1044,42.5877,-121.83712,1298.1
1045,42.58792,-121.83618,1295.3
1046,42.58806,-121.83544,1294.2
1047,42.58819,-121.8344,1294.0
1048,42.58831,-121.83336,1292.6
1049,42.58844,-121.83231,1293.4
1050,42.58856,-121.83127,1293.8
1051,42.58875,-121.83033,1292.5
1052,42.58895,-121.82959,1294.2
1053,42.5892,-121.82887,1293.0
1054,42.58952,-121.82814,1292.5
1055,42.58989,-121.82751,1293.3
1056,42.59027,-121.82688,1293.3
1057,42.59068,-121.82626,1293.4
1058,42.59111,-121.82566,1293.5
1059,42.59154,-121.82505,1293.8
1060,42.59197,-121.82445,1294.1
1061,42.59229,-121.82398,1297.3
1062,42.59261,-121.82351,1298.3
1063,42.5929,-121.82303,1297.9
1064,42.59327,-121.82229,1298.0
1065,42.59364,-121.82155,1300.4
1066,42.59396,-121.82096,1311.6
1067,42.59433,-121.82046,1296.8
1068,42.59466,-121.82007,1296.9
1069,42.595,-121.81972,1297.0
1070,42.59545,-121.81934,1297.0
1071,42.59591,-121.81906,1296.8
1072,42.59632,-121.81887,1296.3
1073,42.597,-121.81861,1296.0
1074,42.59783,-121.81825,1297.2
1075,42.5981,-121.8181,1297.9
1076,42.59831,-121.81794,1298.0
1077,42.59893,-121.8174,1302.3
1078,42.59925,-121.81706,1302.9
1079,42.59939,-121.81687,1303.4
1080,42.5997,-121.81623,1303.9
1081,42.60001,-121.8156,1303.1
1082,42.60025,-121.81525,1302.6
1083,42.60041,-121.81509,1301.3
1084,42.6009,-121.81465,1298.8
1085,42.60124,-121.81439,1298.5
1086,42.60158,-121.81419,1298.0
1087,42.60195,-121.81403,1297.8
1088,42.60232,-121.81394,1297.6
1089,42.60315,-121.81376,1300.7
1090,42.60398,-121.81359,1303.0
1091,42.60427,-121.81348,1303.2
1092,42.60456,-121.81333,1303.4
1093,42.60531,-121.81287,1303.2
1094,42.60606,-121.81241,1304.1
1095,42.6063,-121.81224,1307.5
1096,42.60671,-121.81189,1309.2
1097,42.60688,-121.8117,1308.7
1098,42.60721,-121.81129,1307.5
1099,42.60751,-121.81081,1307.2
1100,42.60766,-121.81053,1307.1
1101,42.60784,-121.8101,1307.8
1102,42.60795,-121.8098,1309.2
1103,42.60806,-121.8094,1311.3
1104,42.60821,-121.80878,1310.7
1105,42.60836,-121.80816,1309.4
1106,42.60842,-121.8078,1311.7
1107,42.60847,-121.80732,1307.0
1108,42.6085,-121.80697,1305.7
1109,42.60855,-121.8062,1303.9
1110,42.6086,-121.80542,1304.5
1111,42.60863,-121.80459,1305.4
1112,42.60867,-121.80376,1306.0
1113,42.60873,-121.80321,1304.7
1114,42.60882,-121.80267,1302.8
1115,42.60907,-121.80174,1301.0
1116,42.60968,-121.80208,1304.5
1117,42.61029,-121.80241,1313.0
1118,42.61064,-121.80279,1319.2
1119,42.61116,-121.80303,1327.3
1120,42.61162,-121.80363,1322.6
1121,42.61208,-121.80423,1324.4
1122,42.61253,-121.80483,1321.3
1123,42.61305,-121.80522,1327.5
1124,42.61356,-121.8056,1332.2
1125,42.61436,-121.80597,1333.5
1126,42.61507,-121.80661,1335.2
1127,42.61578,-121.80725,1340.1
1128,42.61571,-121.80799,1339.7
1129,42.61581,-121.80876,1340.8
1130,42.61585,-121.80954,1342.1
1131,42.616,-121.81014,1342.8
1132,42.61615,-121.81074,1344.9
1133,42.61661,-121.81144,1347.6
1134,42.61708,-121.81213,1351.3
1135,42.61726,-121.81226,1352.1
1136,42.61744,-121.8128,1354.7
1137,42.61761,-121.81344,1359.4
1138,42.61777,-121.81409,1365.4
1139,42.61805,-121.81502,1362.0
1140,42.61863,-121.81593,1357.5
1141,42.61921,-121.81684,1352.3
1142,42.6198,-121.81776,1347.6
1143,42.6198,-121.81776,1347.6
1144,42.62003,-121.81812,1345.7
1145,42.62031,-121.81867,1343.5
1146,42.62059,-121.81922,1340.0
1147,42.62091,-121.82025,1334.2
1148,42.62104,-121.82119,1330.1
1149,42.62098,-121.82204,1326.6
1150,42.62092,-121.82289,1323.2
1151,42.62091,-121.82325,1322.6
1152,42.62137,-121.82376,1323.3
1153,42.62193,-121.824,1323.5
1154,42.62193,-121.824,1323.5
1155,42.62239,-121.8241,1323.7
1156,42.6228,-121.82407,1323.6
1157,42.62302,-121.82395,1323.3
1158,42.62355,-121.82387,1323.8
1159,42.623554,-121.823889,1323.9
1160,42.62355,-121.82387,1323.8
1161,42.62408,-121.82386,1320.5
1162,42.62463,-121.82354,1324.7
1163,42.62538,-121.82375,1328.1
1164,42.62574,-121.82374,1329.7
1165,42.62603,-121.82366,1330.7
1166,42.62627,-121.82347,1331.2
1167,42.62645,-121.82292,1334.3
1168,42.62678,-121.8228,1334.3
1169,42.62716,-121.8229,1331.5
1170,42.62749,-121.82309,1328.1
1171,42.62773,-121.82313,1324.7
1172,42.62807,-121.8231,1325.2
1173,42.62845,-121.82318,1326.5
1174,42.62907,-121.82316,1324.8
1175,42.62942,-121.82369,1325.6
1176,42.62955,-121.82425,1319.2
1177,42.62955,-121.82512,1320.3
1178,42.62952,-121.82557,1322.4
1179,42.62987,-121.82629,1328.1
1180,42.63058,-121.82693,1332.6
1181,42.63129,-121.82757,1335.2
1182,42.63161,-121.82779,1334.9
1183,42.63205,-121.82844,1340.3
1184,42.63229,-121.82862,1341.2
1185,42.63279,-121.82872,1342.3
1186,42.63329,-121.82883,1346.6
1187,42.63359,-121.82911,1345.7
1188,42.63382,-121.82914,1346.3
1189,42.63427,-121.82887,1343.5
1190,42.63476,-121.82798,1342.4
1191,42.63525,-121.8271,1338.1
1192,42.63552,-121.82685,1333.3
1193,42.63602,-121.82688,1335.4
1194,42.63651,-121.82691,1335.6
1195,42.63686,-121.827,1335.0
1196,42.63714,-121.82695,1334.1
1197,42.63767,-121.8268,1336.8
1198,42.6379,-121.82687,1338.8
1199,42.63808,-121.82704,1339.2
1200,42.63851,-121.82733,1339.1
1201,42.63909,-121.82751,1337.9
1202,42.63966,-121.82763,1335.2
1203,42.64024,-121.82797,1336.0
1204,42.64081,-121.82857,1339.5
1205,42.64139,-121.82917,1341.0
1206,42.64187,-121.82941,1347.6
1207,42.64251,-121.82959,1347.9
1208,42.64266,-121.82971,1348.3
1209,42.64283,-121.82988,1349.3
1210,42.64312,-121.83054,1350.1
1211,42.64334,-121.83072,1350.4
1212,42.64345,-121.83075,1350.9
1213,42.64361,-121.83069,1351.3
1214,42.64411,-121.83005,1352.7
1215,42.64462,-121.82942,1352.2
1216,42.64513,-121.82878,1351.4
1217,42.6456,-121.82833,1349.2
1218,42.64595,-121.82807,1347.5
1219,42.64653,-121.8281,1347.5
1220,42.64708,-121.82818,1347.8
1221,42.64755,-121.82847,1346.5
1222,42.64799,-121.82906,1344.0
1223,42.64834,-121.82951,1343.6
1224,42.6487,-121.82996,1344.3
1225,42.64898,-121.83029,1344.1
1226,42.64912,-121.83045,1343.7
1227,42.64997,-121.83061,1343.2
1228,42.65037,-121.83075,1342.9
1229,42.65083,-121.83045,1344.3
1230,42.65121,-121.83042,1344.8
1231,42.65165,-121.83005,1345.5
1232,42.65222,-121.82969,1346.1
1233,42.65279,-121.82933,1346.6
1234,42.65337,-121.82897,1346.9
1235,42.6538,-121.82986,1346.0
1236,42.65415,-121.83007,1345.5
1237,42.65503,-121.83029,1343.7
1238,42.65592,-121.83039,1341.6
1239,42.65682,-121.83048,1339.9
1240,42.65731,-121.83056,1338.3
1241,42.6578,-121.83064,1336.4
1242,42.6584,-121.83087,1334.4
1243,42.65901,-121.83111,1331.1
1244,42.65961,-121.83134,1329.4
1245,42.66008,-121.8316,1328.6
1246,42.66055,-121.83187,1326.9
1247,42.66117,-121.83214,1325.2
1248,42.66177,-121.83274,1325.4
1249,42.66237,-121.83334,1327.1
1250,42.66281,-121.8325,1331.5
1251,42.66321,-121.83188,1334.2
1252,42.66361,-121.83126,1338.1
1253,42.66395,-121.83035,1342.6
1254,42.66429,-121.82944,1347.5
1255,42.66463,-121.82853,1353.6
1256,42.66503,-121.828,1360.5
1257,42.66542,-121.82747,1360.7
1258,42.66575,-121.82698,1354.7
1259,42.66608,-121.82671,1350.5
1260,42.66668,-121.82642,1347.6
1261,42.66727,-121.82614,1346.4
1262,42.66802,-121.82612,1343.2
1263,42.66878,-121.8261,1339.1
1264,42.66921,-121.82584,1336.7
1265,42.66975,-121.82612,1336.1
1266,42.67054,-121.8261,1340.0
1267,42.67075,-121.82599,1341.3
1268,42.6712,-121.82553,1341.7
1269,42.67168,-121.8247,1344.0
1270,42.67225,-121.82442,1348.0
1271,42.67283,-121.82413,1353.9
1272,42.6737,-121.82392,1362.8
1273,42.67429,-121.82392,1366.9
1274,42.67489,-121.82392,1370.3
1275,42.67547,-121.82367,1371.8
1276,42.67605,-121.82342,1372.7
1277,42.6766,-121.82341,1374.8
1278,42.67715,-121.82339,1377.6
1279,42.67778,-121.82315,1378.6
1280,42.67841,-121.82291,1380.4
1281,42.67913,-121.82258,1380.0
1282,42.67985,-121.82271,1380.8
1283,42.6802,-121.82258,1383.1
1284,42.68061,-121.82199,1384.0
1285,42.68102,-121.8214,1383.4
1286,42.68118,-121.82126,1383.0
1287,42.68161,-121.821,1382.7
1288,42.68204,-121.82075,1382.5
1289,42.68267,-121.82069,1382.7
1290,42.68329,-121.82063,1382.1
1291,42.68392,-121.82057,1381.5
1292,42.68468,-121.82045,1380.8
1293,42.6853,-121.82051,1380.8
1294,42.68591,-121.82057,1380.5
1295,42.68639,-121.82035,1380.3
1296,42.6868,-121.8198,1379.6
1297,42.68701,-121.81967,1379.0
1298,42.68755,-121.81944,1377.0
1299,42.68844,-121.81952,1371.7
1300,42.6889,-121.81945,1369.5
1301,42.68935,-121.81927,1369.7
1302,42.69014,-121.8188,1369.3
1303,42.69082,-121.81873,1370.8
1304,42.69149,-121.81865,1377.0
1305,42.69216,-121.81858,1382.9
1306,42.69235,-121.81836,1386.8
1307,42.69278,-121.81829,1388.6
1308,42.6932,-121.81837,1388.6
1309,42.69391,-121.81824,1392.8
1310,42.69444,-121.81848,1394.3
1311,42.69493,-121.81848,1397.0
1312,42.69552,-121.81823,1400.4
1313,42.69611,-121.81798,1401.9
1314,42.69675,-121.81775,1407.1
1315,42.69739,-121.81753,1413.7
1316,42.69797,-121.81742,1419.0
1317,42.69855,-121.81732,1415.6
1318,42.69893,-121.8174,1413.7
1319,42.69944,-121.8181,1410.9
1320,42.6997,-121.81838,1410.2
1321,42.69998,-121.81849,1410.1
1322,42.70069,-121.81896,1409.5
1323,42.70119,-121.81947,1407.0
1324,42.70169,-121.81983,1404.6
1325,42.70217,-121.82002,1404.2
1326,42.70274,-121.81976,1402.7
1327,42.7033,-121.81941,1404.2
1328,42.70387,-121.81905,1407.7
1329,42.70439,-121.81905,1408.6
1330,42.70522,-121.81931,1409.3
1331,42.70605,-121.81956,1408.3
1332,42.70632,-121.8192,1408.1
1333,42.70697,-121.81872,1404.9
1334,42.70724,-121.8182,1403.1
1335,42.7075,-121.81769,1402.6
1336,42.70761,-121.8177,1402.7
1337,42.70781,-121.81782,1403.9
1338,42.70828,-121.81853,1405.3
1339,42.70874,-121.81914,1403.0
1340,42.70936,-121.8195,1401.8
1341,42.70977,-121.81993,1402.9
1342,42.71014,-121.82026,1404.9
1343,42.71097,-121.82068,1409.6
1344,42.71155,-121.82085,1407.4
1345,42.71213,-121.82102,1402.5
1346,42.71273,-121.82113,1404.4
1347,42.71332,-121.82178,1403.5
1348,42.71399,-121.82216,1402.1
1349,42.71479,-121.82249,1401.8
1350,42.7156,-121.82267,1402.5
1351,42.71604,-121.82287,1402.2
1352,42.71641,-121.823,1401.6
1353,42.71679,-121.82341,1403.2
1354,42.71716,-121.82382,1402.0
1355,42.71769,-121.82413,1401.9
1356,42.71846,-121.82427,1403.1
1357,42.7187,-121.82442,1402.0
1358,42.71898,-121.82455,1401.5
1359,42.71924,-121.82455,1402.1
1360,42.71988,-121.82443,1402.6
1361,42.72028,-121.82415,1402.4
1362,42.72048,-121.8241,1402.3
1363,42.72086,-121.8241,1400.0
1364,42.72135,-121.82416,1397.4
1365,42.72169,-121.82411,1397.1
1366,42.72191,-121.82412,1395.9
1367,42.72233,-121.82431,1393.9
1368,42.72255,-121.82429,1393.5
1369,42.72275,-121.82425,1393.7
1370,42.72289,-121.82429,1393.6
1371,42.72327,-121.8246,1393.3
1372,42.72394,-121.82466,1395.1
1373,42.72426,-121.82476,1395.7
1374,42.72477,-121.82497,1395.3
1375,42.72499,-121.82497,1395.2
1376,42.72563,-121.82468,1392.7
1377,42.72613,-121.82436,1391.9
1378,42.72663,-121.82404,1392.6
1379,42.7272,-121.82406,1391.5
1380,42.72775,-121.82416,1390.3
1381,42.72831,-121.82427,1389.5
1382,42.72871,-121.82423,1388.9
1383,42.72914,-121.82394,1389.3
1384,42.72958,-121.82365,1390.5
1385,42.73039,-121.82348,1391.6
1386,42.73119,-121.82331,1390.0
1387,42.732,-121.82314,1389.4
1388,42.7321,-121.8238,1387.5
1389,42.73212,-121.82419,1386.4
1390,42.73208,-121.82436,1385.9
1391,42.73178,-121.82494,1384.7
1392,42.73134,-121.82559,1384.0
1393,42.73088,-121.82609,1383.5
1394,42.73156,-121.82599,1383.4
1395,42.73225,-121.8259,1382.8
1396,42.73258,-121.82564,1383.0
1397,42.73314,-121.82583,1381.6
1398,42.73361,-121.82577,1380.7
1399,42.73407,-121.8257,1380.1
1400,42.73462,-121.82574,1378.7
1401,42.73501,-121.82561,1377.7
1402,42.73532,-121.82555,1377.5
1403,42.73552,-121.82629,1379.7
1404,42.73601,-121.8266,1381.9
1405,42.73676,-121.82724,1384.7
1406,42.7375,-121.82789,1383.9
1407,42.73775,-121.82789,1384.0
1408,42.73798,-121.82832,1383.1
1409,42.73822,-121.82862,1382.4
1410,42.73871,-121.82924,1380.9
1411,42.7392,-121.82986,1379.8
1412,42.73959,-121.83051,1379.8
1413,42.73998,-121.83115,1379.1
1414,42.74038,-121.8318,1377.5
1415,42.74052,-121.83245,1375.5
1416,42.74064,-121.83315,1374.1
1417,42.74076,-121.83385,1374.3
1418,42.74073,-121.83403,1374.4
1419,42.74067,-121.83429,1374.5
1420,42.74061,-121.83459,1374.7
1421,42.74063,-121.83486,1377.3
1422,42.74073,-121.83542,1380.3
1423,42.74134,-121.83591,1380.6
1424,42.74195,-121.83641,1380.0
1425,42.74221,-121.8365,1379.9
1426,42.74241,-121.83643,1379.6
1427,42.74294,-121.83612,1377.8
1428,42.74363,-121.83578,1375.7
1429,42.74407,-121.83547,1375.0
1430,42.74452,-121.83516,1374.7
1431,42.74465,-121.83509,1374.6
1432,42.74505,-121.83492,1374.4
1433,42.74525,-121.83495,1374.5
1434,42.74541,-121.83513,1374.7
1435,42.74581,-121.83589,1375.9
1436,42.74612,-121.83626,1376.5
1437,42.74663,-121.83637,1376.8
1438,42.74681,-121.83638,1376.9
1439,42.74722,-121.8365,1377.1
1440,42.74763,-121.83679,1377.4
1441,42.74804,-121.83708,1377.8
1442,42.74859,-121.83764,1378.3
1443,42.74885,-121.83778,1378.5
1444,42.74938,-121.83795,1378.7
1445,42.74947,-121.83826,1379.0
1446,42.74961,-121.83853,1379.3
1447,42.74974,-121.83868,1379.6
1448,42.74998,-121.83894,1379.7
1449,42.75021,-121.8392,1379.8
1450,42.75076,-121.83977,1379.9
1451,42.7513,-121.84034,1380.0
1452,42.75185,-121.8409,1380.0
1453,42.75246,-121.8415,1380.3
1454,42.75307,-121.84209,1380.5
1455,42.75368,-121.84269,1380.6
1456,42.7543,-121.84328,1380.5
1457,42.75491,-121.84388,1380.4
1458,42.75552,-121.84447,1380.3
1459,42.75616,-121.84501,1381.0
1460,42.7568,-121.84555,1382.1
1461,42.75744,-121.84609,1384.9
1462,42.75808,-121.84663,1385.7
1463,42.75885,-121.84722,1387.8
1464,42.75962,-121.84782,1388.5
1465,42.76023,-121.84823,1389.0
1466,42.76095,-121.84864,1389.6
1467,42.76168,-121.84906,1390.5
1468,42.76241,-121.84948,1391.2
1469,42.76302,-121.8498,1391.9
1470,42.76363,-121.85013,1392.2
1471,42.76424,-121.85046,1392.2
1472,42.76512,-121.85068,1391.6
1473,42.76599,-121.85091,1391.0
1474,42.76687,-121.85114,1390.4
1475,42.76735,-121.85124,1390.1
1476,42.76783,-121.85134,1390.0
1477,42.76839,-121.85147,1389.9
1478,42.76924,-121.85178,1389.9
1479,42.77009,-121.85209,1389.7
1480,42.77095,-121.8524,1389.1
1481,42.77125,-121.85258,1388.9
1482,42.77191,-121.85295,1388.7
1483,42.77257,-121.85333,1388.5
1484,42.77323,-121.85371,1388.2
1485,42.77389,-121.85409,1387.8
1486,42.77462,-121.85444,1387.0
1487,42.77526,-121.85469,1386.1
1488,42.77591,-121.85494,1385.6
1489,42.77656,-121.85513,1385.3
1490,42.77722,-121.85532,1384.0
1491,42.77788,-121.85551,1382.9
1492,42.77831,-121.8556,1382.1
1493,42.77888,-121.85581,1381.6
1494,42.77945,-121.85601,1381.1
1495,42.78013,-121.8565,1380.3
1496,42.7808,-121.85699,1379.6
1497,42.78157,-121.85744,1379.1
1498,42.78233,-121.85788,1379.1
1499,42.78279,-121.85819,1379.9
1500,42.78326,-121.8585,1380.7
1501,42.78375,-121.8587,1381.9
1502,42.78423,-121.8589,1383.6
1503,42.78442,-121.85918,1384.7
1504,42.78501,-121.85965,1388.5
1505,42.78568,-121.86038,1391.7
1506,42.78614,-121.86054,1396.8
1507,42.78661,-121.86071,1398.5
1508,42.7873,-121.86077,1403.5
1509,42.78799,-121.86084,1407.1
1510,42.7885,-121.86114,1408.7
1511,42.78901,-121.86144,1408.7
1512,42.78978,-121.86181,1409.5
1513,42.79027,-121.86192,1410.6
1514,42.79065,-121.86219,1411.4
1515,42.7913,-121.86295,1412.2
1516,42.79194,-121.86371,1411.7
1517,42.79249,-121.86395,1410.7
1518,42.79304,-121.86419,1410.6
1519,42.79363,-121.86437,1410.1
1520,42.79423,-121.86456,1410.6
1521,42.79479,-121.86491,1412.3
1522,42.79536,-121.86525,1413.5
1523,42.7958,-121.86581,1414.7
1524,42.79624,-121.86637,1415.8
1525,42.79664,-121.86708,1417.1
1526,42.79705,-121.86778,1418.7
1527,42.79739,-121.86857,1420.0
1528,42.79774,-121.86935,1421.2
1529,42.79804,-121.86989,1422.3
1530,42.79834,-121.87043,1423.7
1531,42.79876,-121.87137,1426.1
1532,42.79919,-121.87231,1428.2
1533,42.79962,-121.87325,1429.9
1534,42.79996,-121.87393,1431.5
1535,42.8003,-121.8746,1433.4
1536,42.80071,-121.87537,1435.4
1537,42.80112,-121.87613,1437.7
1538,42.80148,-121.87697,1440.3
1539,42.80184,-121.87782,1444.3
1540,42.80208,-121.87826,1445.5
1541,42.80229,-121.87887,1445.4
1542,42.80272,-121.87974,1445.6
1543,42.80314,-121.88061,1449.3
1544,42.80348,-121.88121,1450.6
1545,42.80382,-121.8818,1450.8
1546,42.80417,-121.88235,1450.8
1547,42.80446,-121.88326,1452.9
1548,42.80476,-121.88417,1456.5
1549,42.80505,-121.88509,1456.5
1550,42.80539,-121.88593,1456.3
1551,42.80595,-121.88671,1456.4
1552,42.80659,-121.88723,1463.1
1553,42.80724,-121.88775,1463.0
1554,42.80788,-121.88827,1462.7
1555,42.80853,-121.88878,1463.4
1556,42.80881,-121.88928,1466.5
1557,42.80908,-121.88978,1468.9
1558,42.80908,-121.88978,1468.9
1559,42.80911,-121.88983,1469.1
1560,42.80936,-121.89072,1469.6
1561,42.8096,-121.8916,1469.6
1562,42.80985,-121.89248,1469.6
1563,42.81007,-121.89364,1474.5
1564,42.81028,-121.89479,1475.8
1565,42.8105,-121.89595,1475.4
1566,42.81083,-121.89678,1475.4
1567,42.81113,-121.89763,1476.8
1568,42.81164,-121.89833,1481.4
1569,42.81215,-121.89904,1481.7
1570,42.81266,-121.89975,1481.5
1571,42.81317,-121.90045,1482.0
1572,42.81368,-121.90116,1486.1
1573,42.81376,-121.9018,1487.6
1574,42.81383,-121.90244,1488.0
1575,42.81382,-121.90357,1488.1
1576,42.81381,-121.9047,1488.2
1577,42.81386,-121.90562,1488.2
1578,42.81391,-121.90654,1490.1
1579,42.8141,-121.90768,1493.0
1580,42.81428,-121.90881,1494.0
1581,42.81453,-121.90947,1494.2
1582,42.8148,-121.90999,1494.2
1583,42.81507,-121.91051,1494.2
1584,42.8153,-121.91164,1497.2
1585,42.81553,-121.91278,1497.7
1586,42.81583,-121.9139,1499.8
1587,42.81613,-121.91503,1500.4
1588,42.81644,-121.91615,1501.2
1589,42.81673,-121.91701,1503.1
1590,42.81702,-121.91787,1504.7
1591,42.81734,-121.91859,1505.7
1592,42.81766,-121.9193,1506.3
1593,42.81797,-121.92002,1507.0
1594,42.81848,-121.92082,1508.6
1595,42.81898,-121.92161,1510.7
1596,42.81935,-121.92232,1512.1
1597,42.81971,-121.92304,1513.4
1598,42.82008,-121.92375,1514.1
1599,42.82054,-121.92442,1515.6
1600,42.82091,-121.92511,1517.5
1601,42.82128,-121.92581,1518.6
1602,42.82165,-121.92651,1520.2
1603,42.821704,-121.926453,1520.1
1604,42.8217,-121.92645,1520.1
1605,42.82171,-121.92647,1520.2
1606,42.82188,-121.92687,1521.3
1607,42.82209,-121.92739,1522.9
1608,42.82234,-121.92804,1525.0
1609,42.82251,-121.92847,1525.8
1610,42.82251,-121.92847,1525.8
1611,42.82269,-121.92882,1526.1
1612,42.82282,-121.92906,1526.5
1613,42.82292,-121.92925,1526.9
1614,42.82297,-121.92935,1527.1
1615,42.822973,-121.929346,1527.1
1616,42.82319,-121.92974,1528.2
1617,42.82358,-121.93043,1530.0
1618,42.82363,-121.93053,1530.2
1619,42.82402,-121.9312,1531.7
1620,42.82415,-121.93143,1532.2
1621,42.82477,-121.93255,1532.6
1622,42.82478,-121.93257,1532.6
1623,42.82542,-121.93371,1531.5
1624,42.82565,-121.93413,1531.0
1625,42.82585,-121.93449,1533.3
1626,42.82598,-121.93471,1534.8
1627,42.82631,-121.9353,1537.4
1628,42.82641,-121.93549,1538.1
1629,42.82677,-121.93614,1540.2
1630,42.82696,-121.93647,1541.7
1631,42.82707,-121.93666,1542.5
1632,42.8275,-121.93745,1545.2
1633,42.8275,-121.93745,1545.2
1634,42.82799,-121.93833,1548.2
1635,42.82848,-121.9392,1550.5
1636,42.82896,-121.94008,1552.1
1637,42.82945,-121.94096,1553.6
1638,42.82994,-121.94183,1555.0
1639,42.83043,-121.94271,1557.1
1640,42.83091,-121.94358,1559.2
1641,42.8314,-121.94446,1562.0
1642,42.83186,-121.94542,1563.9
1643,42.83233,-121.94638,1566.5
1644,42.83279,-121.94733,1567.2
1645,42.83325,-121.94829,1569.6
1646,42.83371,-121.94925,1567.6
1647,42.83418,-121.9502,1569.2
1648,42.83453,-121.95067,1567.7
1649,42.83488,-121.95113,1571.6
1650,42.83537,-121.95153,1573.4
1651,42.83586,-121.95193,1573.2
1652,42.83644,-121.95235,1572.3
1653,42.83703,-121.95277,1575.5
1654,42.83771,-121.95343,1574.1
1655,42.83824,-121.95423,1582.1
1656,42.8387,-121.95519,1586.4
1657,42.83892,-121.95596,1587.0
1658,42.83914,-121.95674,1586.2
1659,42.83936,-121.95752,1593.5
1660,42.83967,-121.95828,1594.3
1661,42.83997,-121.95904,1600.9
1662,42.84028,-121.95981,1602.5
1663,42.84064,-121.96056,1604.3
1664,42.84075,-121.96073,1605.0
1665,42.8414,-121.96122,1607.2
1666,42.84205,-121.9617,1607.3
1667,42.84238,-121.96203,1610.2
1668,42.84281,-121.96278,1613.3
1669,42.84307,-121.96384,1617.1
1670,42.84333,-121.9649,1618.6
1671,42.8436,-121.96597,1618.4
1672,42.84386,-121.96703,1618.4
1673,42.84411,-121.9681,1617.6
1674,42.84436,-121.96917,1617.4
1675,42.84461,-121.97024,1617.2
1676,42.84485,-121.97131,1617.2
1677,42.8451,-121.97238,1614.7
1678,42.84535,-121.97344,1613.4
1679,42.84546,-121.97441,1612.7
1680,42.84557,-121.97538,1615.0
1681,42.84569,-121.97635,1617.6
1682,42.8458,-121.97732,1618.1
1683,42.84595,-121.97822,1618.2
1684,42.846,-121.97894,1617.9
1685,42.84605,-121.97967,1617.6
1686,42.84637,-121.98075,1621.1
1687,42.84669,-121.98184,1625.8
1688,42.84691,-121.98283,1626.7
1689,42.84697,-121.98405,1630.2
1690,42.84703,-121.98527,1634.7
1691,42.84709,-121.9865,1638.9
1692,42.84715,-121.98772,1643.4
1693,42.84721,-121.98894,1645.4
1694,42.84727,-121.99016,1648.9
1695,42.84734,-121.99138,1647.6
1696,42.84741,-121.99216,1646.0
1697,42.84748,-121.99294,1646.2
1698,42.84775,-121.99394,1650.4
1699,42.84788,-121.9944,1648.8
1700,42.84788,-121.99447,1649.4
1701,42.84786,-121.99457,1651.3
1702,42.84794,-121.99472,1649.2
1703,42.84809,-121.99491,1647.1
1704,42.84821,-121.995,1644.7
1705,42.84826,-121.99509,1644.9
1706,42.84827,-121.99525,1647.9
1707,42.8486,-121.99601,1647.4
1708,42.84887,-121.99656,1652.5
1709,42.84914,-121.99712,1653.0
1710,42.84924,-121.99739,1653.3
1711,42.84931,-121.99771,1656.1
1712,42.84935,-121.99804,1657.0
1713,42.84934,-121.99915,1659.0
1714,42.84954,-122.00013,1658.2
1715,42.84975,-122.00059,1656.8
1716,42.84978,-122.00087,1658.7
1717,42.84987,-122.00113,1656.5
1718,42.84986,-122.00139,1659.8
1719,42.84983,-122.00168,1661.9
1720,42.84985,-122.00191,1662.7
1721,42.85001,-122.00263,1665.4
1722,42.85018,-122.00306,1663.0
1723,42.85018,-122.00318,1666.3
1724,42.85011,-122.00331,1671.8
1725,42.85015,-122.00349,1671.2
1726,42.85011,-122.0036,1672.7
1727,42.85004,-122.00367,1673.5
1728,42.85005,-122.00383,1672.4
1729,42.84993,-122.00407,1673.3
1730,42.84988,-122.00422,1673.1
1731,42.84987,-122.0044,1672.9
1732,42.84983,-122.00457,1672.9
1733,42.84978,-122.00504,1674.4
1734,42.84974,-122.00571,1672.0
1735,42.84974,-122.00634,1671.3
1736,42.84983,-122.00655,1666.8
1737,42.84986,-122.00676,1666.5
1738,42.84999,-122.00718,1669.8
1739,42.85003,-122.00723,1668.3
1740,42.8501,-122.0075,1672.1
1741,42.8501,-122.0075,1672.1
1742,42.85023,-122.00793,1671.2
1743,42.85016,-122.00826,1673.4
1744,42.8501,-122.00831,1674.4
1745,42.85013,-122.00843,1674.5
1746,42.850122,-122.008438,1674.6
1747,42.85013,-122.00843,1674.5
1748,42.85042,-122.00951,1676.1
1749,42.8507,-122.01059,1676.6
1750,42.85098,-122.01167,1682.8
1751,42.85127,-122.01275,1685.6
1752,42.85155,-122.01383,1686.6
1753,42.85184,-122.01491,1685.9
1754,42.85212,-122.016,1688.4
1755,42.85223,-122.01626,1689.7
1756,42.85244,-122.01665,1692.3
1757,42.85257,-122.01687,1694.4
1758,42.85286,-122.01723,1696.9
1759,42.85303,-122.01738,1697.3
1760,42.85336,-122.01764,1697.3
1761,42.85366,-122.01781,1696.6
1762,42.85383,-122.01788,1694.6
1763,42.8542,-122.01797,1696.4
1764,42.85452,-122.01799,1697.4
1765,42.85487,-122.01796,1698.2
1766,42.85571,-122.01782,1700.6
1767,42.85656,-122.01768,1704.0
1768,42.8574,-122.01754,1707.0
1769,42.85824,-122.0174,1710.5
1770,42.85909,-122.01726,1714.0
1771,42.85956,-122.0172,1716.3
1772,42.86045,-122.01717,1721.9
1773,42.86126,-122.01734,1724.5
1774,42.86192,-122.01759,1724.0
1775,42.86239,-122.01785,1723.9
1776,42.86287,-122.01812,1723.4
1777,42.86349,-122.01858,1722.0
1778,42.8639,-122.019,1723.3
1779,42.86432,-122.01941,1723.9
1780,42.86476,-122.01998,1734.6
1781,42.86535,-122.0209,1735.4
1782,42.86578,-122.02189,1737.4
1783,42.86622,-122.02288,1739.2
1784,42.8664,-122.02324,1739.9
1785,42.8667,-122.02364,1742.1
1786,42.86689,-122.02385,1742.6
1787,42.86706,-122.02399,1742.8
1788,42.86749,-122.02428,1746.3
1789,42.86764,-122.02435,1746.9
1790,42.86852,-122.02455,1757.8
1791,42.86913,-122.02476,1759.8
1792,42.86941,-122.02488,1760.7
1793,42.8697,-122.02507,1760.3
1794,42.87016,-122.02542,1760.6
1795,42.87041,-122.0257,1760.5
1796,42.87102,-122.0265,1763.4
1797,42.87163,-122.0273,1770.7
1798,42.87224,-122.0281,1772.6
1799,42.87286,-122.02891,1771.5
1800,42.8732,-122.02932,1772.7
1801,42.87355,-122.02973,1778.8
1802,42.87415,-122.03026,1781.0
1803,42.87475,-122.03079,1785.6
1804,42.87535,-122.03132,1785.2
1805,42.87579,-122.03178,1786.0
1806,42.87612,-122.03217,1786.1
1807,42.87644,-122.03262,1793.8
1808,42.87691,-122.03352,1795.5
1809,42.87738,-122.03442,1801.2
1810,42.87785,-122.03531,1805.6
1811,42.87814,-122.03582,1806.7
1812,42.87857,-122.03638,1807.5
1813,42.87857,-122.03638,1807.5
1814,42.87901,-122.03694,1809.3
1815,42.87945,-122.0374,1816.1
1816,42.87989,-122.03786,1819.6
1817,42.87957,-122.03814,1820.3
1818,42.87948,-122.03829,1820.4
1819,42.87943,-122.03846,1820.6
1820,42.87942,-122.03857,1820.8
1821,42.87953,-122.03921,1822.2
1822,42.8796,-122.03955,1822.6
1823,42.87968,-122.04019,1824.5
1824,42.8797,-122.04083,1825.8
1825,42.87973,-122.04147,1826.9
1826,42.87973,-122.04174,1827.3
1827,42.87967,-122.04202,1827.3
1828,42.8794,-122.04263,1827.7
1829,42.87914,-122.04324,1828.8
1830,42.87891,-122.04393,1830.4
1831,42.8787,-122.04441,1833.5
1832,42.87819,-122.04503,1837.2
1833,42.87802,-122.04535,1838.7
1834,42.87792,-122.04562,1839.8
1835,42.87787,-122.04603,1840.8
1836,42.87791,-122.0472,1841.3
1837,42.87795,-122.04773,1842.0
1838,42.87807,-122.04813,1845.8
1839,42.87839,-122.04895,1850.6
1840,42.87845,-122.04995,1854.5
1841,42.87846,-122.05034,1857.1
1842,42.87836,-122.05095,1857.6
1843,42.87833,-122.05134,1859.4
1844,42.87848,-122.05203,1866.9
1845,42.87863,-122.05273,1869.7
1846,42.87864,-122.05289,1870.2
1847,42.87861,-122.053,1870.4
1848,42.87855,-122.05311,1870.2
1849,42.87846,-122.05312,1869.4
1850,42.87829,-122.05302,1867.6
1851,42.87815,-122.05288,1867.6
1852,42.87803,-122.0528,1868.4
1853,42.87794,-122.05277,1869.1
1854,42.87781,-122.05279,1870.1
1855,42.87734,-122.05313,1874.8
1856,42.87678,-122.05324,1876.9
1857,42.87629,-122.05345,1880.4
1858,42.87617,-122.05345,1881.0
1859,42.87597,-122.05333,1880.6
1860,42.87583,-122.05328,1880.5
1861,42.87571,-122.05336,1881.6
1862,42.87563,-122.0535,1883.1
1863,42.87554,-122.05371,1885.1
1864,42.8754,-122.05431,1890.9
1865,42.87509,-122.05521,1901.9
1866,42.87503,-122.05569,1905.8
1867,42.87504,-122.05586,1906.9
1868,42.87512,-122.05603,1908.4
1869,42.87543,-122.05612,1910.9
1870,42.87579,-122.05612,1913.0
1871,42.87605,-122.05616,1914.6
1872,42.87619,-122.05624,1915.2
1873,42.87633,-122.05639,1915.9
1874,42.87642,-122.05652,1916.8
1875,42.87684,-122.05729,1924.0
1876,42.87697,-122.05757,1925.6
1877,42.87702,-122.05773,1926.5
1878,42.87706,-122.05789,1927.4
1879,42.87705,-122.05805,1928.8
1880,42.87696,-122.05822,1931.0
1881,42.87688,-122.05833,1932.5
1882,42.87673,-122.05847,1934.7
1883,42.87648,-122.05861,1937.3
1884,42.87641,-122.05867,1938.3
1885,42.87633,-122.05883,1940.3
1886,42.87634,-122.05895,1941.2
1887,42.8764,-122.05911,1942.3
1888,42.87684,-122.05962,1946.1
1889,42.87717,-122.0601,1950.5
1890,42.8773,-122.06033,1951.9
1891,42.87734,-122.06054,1953.6
1892,42.87733,-122.06071,1955.0
1893,42.87728,-122.06083,1956.3
1894,42.87715,-122.06095,1958.1
1895,42.87678,-122.06121,1961.4
1896,42.87656,-122.06129,1963.0
1897,42.87567,-122.0612,1968.5
1898,42.87542,-122.06122,1971.1
1899,42.87527,-122.06126,1972.5
1900,42.87519,-122.06132,1973.5
1901,42.8751,-122.06143,1975.1
1902,42.87502,-122.06158,1976.8
1903,42.87483,-122.06204,1981.2
1904,42.8747,-122.06258,1986.7
1905,42.87467,-122.06281,1988.7
1906,42.87467,-122.06311,1991.1
1907,42.8747,-122.06329,1992.7
1908,42.8749,-122.06409,2000.2
1909,42.87494,-122.06428,2001.5
1910,42.87494,-122.06448,2003.4
1911,42.87491,-122.06464,2005.3
1912,42.87468,-122.06558,2013.9
1913,42.87459,-122.0661,2018.8
1914,42.87456,-122.06685,2023.6
1915,42.87458,-122.06708,2025.5
1916,42.87457,-122.0677,2031.2
1917,42.87459,-122.06788,2032.9
1918,42.87465,-122.06813,2035.5
1919,42.87468,-122.06834,2037.6
1920,42.87467,-122.06845,2038.1
1921,42.87455,-122.06883,2038.2
1922,42.87448,-122.06912,2038.0
1923,42.87438,-122.07011,2049.0
1924,42.8743,-122.07034,2049.4
1925,42.87421,-122.07051,2051.0
1926,42.87414,-122.0706,2052.8
1927,42.874,-122.07072,2054.0
1928,42.87387,-122.07078,2054.2
1929,42.87376,-122.0708,2054.0
1930,42.87361,-122.07079,2054.2
1931,42.87303,-122.07064,2059.8
1932,42.87253,-122.07044,2063.8
1933,42.8724,-122.0704,2064.4
1934,42.87231,-122.07041,2065.2
1935,42.87222,-122.07047,2065.9
1936,42.87217,-122.07058,2066.7
1937,42.87214,-122.07069,2067.6
1938,42.87213,-122.07143,2073.3
1939,42.87206,-122.07189,2073.3
1940,42.87189,-122.07237,2072.6
1941,42.87155,-122.07312,2071.1
1942,42.87141,-122.07346,2070.2
1943,42.87133,-122.07384,2070.0
1944,42.87131,-122.07432,2069.7
1945,42.87133,-122.07494,2069.9
1946,42.87136,-122.07555,2070.1
1947,42.87131,-122.0765,2062.5
1948,42.87127,-122.07744,2061.0
1949,42.87119,-122.07843,2058.9
1950,42.87101,-122.07914,2057.1
1951,42.87076,-122.07963,2055.6
1952,42.87053,-122.07996,2055.4
1953,42.86991,-122.08039,2052.7
1954,42.86964,-122.08069,2055.4
1955,42.86956,-122.08097,2059.4
1956,42.86951,-122.08143,2060.0
1957,42.86964,-122.08189,2062.2
1958,42.87008,-122.08265,2062.3
1959,42.87042,-122.08313,2061.2
1960,42.87076,-122.0836,2061.2
1961,42.87125,-122.08419,2060.7
1962,42.87173,-122.08478,2059.1
1963,42.87222,-122.08537,2056.0
1964,42.87298,-122.08586,2059.3
1965,42.87332,-122.08632,2057.8
1966,42.87366,-122.08678,2056.4
1967,42.87383,-122.08721,2053.1
1968,42.87393,-122.08733,2052.0
1969,42.87415,-122.08737,2049.8
1970,42.87463,-122.0874,2049.5
1971,42.87485,-122.08751,2050.6
1972,42.87514,-122.0879,2049.6
1973,42.87558,-122.08829,2049.3
1974,42.87601,-122.08867,2051.4
1975,42.87629,-122.08899,2051.9
1976,42.87672,-122.08953,2052.7
1977,42.87689,-122.08964,2051.6
1978,42.87717,-122.08975,2051.8
1979,42.87764,-122.08998,2051.5
1980,42.87799,-122.09013,2050.8
1981,42.87853,-122.09023,2050.2
1982,42.87898,-122.09022,2049.1
1983,42.87943,-122.09022,2045.7
1984,42.87978,-122.09018,2043.5
1985,42.88026,-122.08998,2038.6
1986,42.88075,-122.08979,2037.8
1987,42.88139,-122.08963,2035.5
1988,42.88188,-122.08953,2033.6
1989,42.88234,-122.08951,2029.7
1990,42.88265,-122.08954,2027.7
1991,42.88306,-122.08962,2026.5
1992,42.88363,-122.08977,2025.3
1993,42.88403,-122.09005,2023.0
1994,42.88415,-122.09016,2022.5
1995,42.88424,-122.09032,2021.5
1996,42.88425,-122.09046,2020.2
1997,42.88422,-122.0906,2018.7
1998,42.88414,-122.09067,2017.5
1999,42.88403,-122.09069,2016.7
2000,42.88363,-122.09068,2013.1
2001,42.8835,-122.09071,2012.3
2002,42.88341,-122.09078,2011.8
2003,42.88336,-122.09092,2011.1
2004,42.88335,-122.09115,2010.1
2005,42.88326,-122.09178,2007.3
2006,42.88325,-122.09202,2006.2
2007,42.88328,-122.09234,2004.8
2008,42.88344,-122.09317,2001.0
2009,42.88359,-122.09399,1996.8
2010,42.88374,-122.09493,1991.7
2011,42.88373,-122.09508,1991.0
2012,42.8837,-122.09521,1990.4
2013,42.88356,-122.09559,1988.4
2014,42.88349,-122.09595,1986.6
2015,42.88349,-122.09609,1986.1
2016,42.88353,-122.09638,1985.2
2017,42.88353,-122.09649,1985.3
2018,42.88352,-122.09658,1985.7
2019,42.88348,-122.09664,1985.9
2020,42.88333,-122.09677,1986.2
2021,42.88265,-122.09713,1983.6
2022,42.88253,-122.09726,1983.4
2023,42.88249,-122.09732,1983.4
2024,42.88248,-122.0974,1983.9
2025,42.88259,-122.09758,1986.8
2026,42.88274,-122.09778,1989.1
2027,42.88291,-122.09784,1990.1
2028,42.883,-122.09785,1990.5
2029,42.88315,-122.0978,1991.1
2030,42.88363,-122.09758,1994.2
2031,42.88412,-122.09735,1998.0
2032,42.88426,-122.09733,2000.0
2033,42.88438,-122.09733,2001.6
2034,42.8845,-122.09741,2003.2
2035,42.8846,-122.09755,2004.9
2036,42.88465,-122.0977,2006.4
2037,42.88468,-122.09792,2007.9
2038,42.88466,-122.09807,2008.3
2039,42.88448,-122.09851,2009.0
2040,42.88451,-122.09878,2011.4
2041,42.8842,-122.09924,2008.6
2042,42.88393,-122.0996,2006.9
2043,42.88347,-122.10009,2008.2
2044,42.88301,-122.1005,2008.9
2045,42.88234,-122.10103,2009.9
2046,42.88174,-122.10145,2008.4
2047,42.88114,-122.10188,2011.2
2048,42.88054,-122.10231,2011.6
2049,42.87986,-122.10271,2011.8
2050,42.87965,-122.1028,2017.1
2051,42.87889,-122.10324,2019.2
2052,42.87831,-122.10356,2020.4
2053,42.87794,-122.10368,2020.2
2054,42.8772,-122.1038,2024.5
2055,42.87706,-122.10385,2028.4
2056,42.87688,-122.10397,2031.8
2057,42.87673,-122.10412,2034.5
2058,42.87661,-122.10427,2036.0
2059,42.87648,-122.10451,2037.2
2060,42.87634,-122.10489,2036.8
2061,42.8763,-122.10507,2036.3
2062,42.87627,-122.10538,2035.0
2063,42.87628,-122.10563,2033.5
2064,42.87632,-122.10594,2031.9
2065,42.8764,-122.10622,2031.5
2066,42.87653,-122.10652,2031.7
2067,42.87663,-122.10669,2032.1
2068,42.87673,-122.10685,2032.3
2069,42.87714,-122.1073,2033.7
2070,42.87756,-122.10776,2036.4
2071,42.87782,-122.10808,2038.3
2072,42.87811,-122.1085,2041.6
2073,42.87839,-122.10897,2044.2
2074,42.8788,-122.10982,2046.6
2075,42.87896,-122.11026,2050.4
2076,42.87916,-122.11099,2058.2
2077,42.87933,-122.11185,2060.9
2078,42.87952,-122.11303,2061.6
2079,42.87971,-122.11422,2073.7
2080,42.8797,-122.11422,2073.5
2081,42.88027,-122.11785,2063.2
2082,42.88032,-122.11826,2059.6
2083,42.88034,-122.11863,2056.7
2084,42.88028,-122.11926,2054.1
2085,42.88022,-122.11951,2054.0
2086,42.8801,-122.11987,2052.4
2087,42.87992,-122.12026,2050.0
2088,42.87974,-122.1206,2049.6
2089,42.87957,-122.12098,2049.2
2090,42.87947,-122.12114,2048.1
2091,42.87941,-122.12135,2046.7
2092,42.87936,-122.12159,2044.8
2093,42.87934,-122.12182,2042.8
2094,42.87935,-122.12211,2040.3
2095,42.87939,-122.12236,2039.7
2096,42.87945,-122.12258,2039.2
2097,42.87953,-122.1228,2038.4
2098,42.87968,-122.12306,2036.4
2099,42.87991,-122.1233,2032.9
2100,42.88044,-122.12373,2022.9
2101,42.88057,-122.12384,2022.4
2102,42.88079,-122.12413,2021.7
2103,42.881,-122.12453,2022.8
2104,42.88108,-122.1248,2023.4
2105,42.88115,-122.12512,2023.5
2106,42.88118,-122.12534,2023.3
2107,42.88121,-122.12682,2014.5
2108,42.88128,-122.12737,2010.4
2109,42.8814,-122.12779,2007.1
2110,42.88164,-122.12824,2004.0
2111,42.88192,-122.12857,2001.6
2112,42.88207,-122.12869,2001.3
2113,42.8822,-122.12879,2000.7
2114,42.88244,-122.12891,1998.6
2115,42.88316,-122.12919,1988.5
2116,42.88385,-122.12949,1985.3
2117,42.88675,-122.13068,1967.2
2118,42.89034,-122.13213,1939.0
2119,42.8909,-122.1324,1942.6
2120,42.89145,-122.13271,1949.3
2121,42.89213,-122.13319,1953.5
2122,42.89346,-122.13429,1956.5
2123,42.89369,-122.13443,1957.2
2124,42.89394,-122.13453,1958.2
2125,42.89425,-122.13458,1960.0
2126,42.89456,-122.13456,1962.3
2127,42.89507,-122.13444,1965.3
2128,42.8952,-122.13444,1965.6
2129,42.89528,-122.13448,1965.7
2130,42.89536,-122.13453,1965.8
2131,42.89548,-122.13432,1966.3
2132,42.89625,-122.13351,1970.6
2133,42.89649,-122.13333,1972.1
2134,42.89676,-122.13319,1973.6
2135,42.89727,-122.13301,1975.5
2136,42.89777,-122.1329,1978.5
2137,42.89827,-122.13284,1983.4
2138,42.8987,-122.13283,1985.6
2139,42.89913,-122.13285,1987.3
2140,42.89956,-122.13294,1988.4
2141,42.90182,-122.13353,2010.3
2142,42.90208,-122.13364,2012.8
2143,42.90229,-122.13382,2015.7
2144,42.90281,-122.13447,2021.9
2145,42.90302,-122.13467,2023.3
2146,42.9033,-122.13486,2024.6
2147,42.9049,-122.13563,2039.0
2148,42.90502,-122.13573,2039.4
2149,42.9051,-122.13586,2039.8
2150,42.90514,-122.13601,2040.5
2151,42.90514,-122.13617,2040.3
2152,42.90509,-122.13632,2039.0
2153,42.905,-122.13644,2039.8
2154,42.90485,-122.13654,2041.1
2155,42.90406,-122.1369,2044.5
2156,42.90392,-122.13695,2045.0
2157,42.90365,-122.13695,2046.4
2158,42.90335,-122.13679,2048.4
2159,42.90321,-122.13676,2049.3
2160,42.9031,-122.13681,2051.8
2161,42.903,-122.1369,2053.4
2162,42.90293,-122.13705,2055.0
2163,42.90293,-122.13723,2057.6
2164,42.90297,-122.13741,2059.4
2165,42.90306,-122.13755,2061.1
2166,42.90349,-122.13785,2066.4
2167,42.90359,-122.13795,2069.6
2168,42.90364,-122.13809,2070.7
2169,42.90365,-122.13823,2070.5
2170,42.90362,-122.1384,2069.5
2171,42.90352,-122.13853,2067.7
2172,42.90341,-122.13859,2066.9
2173,42.90329,-122.13859,2066.2
2174,42.90316,-122.13857,2065.3
2175,42.90303,-122.13853,2064.5
2176,42.90247,-122.13826,2063.5
2177,42.90235,-122.13825,2063.9
2178,42.90228,-122.13827,2064.2
2179,42.90216,-122.13841,2065.5
2180,42.90213,-122.13853,2066.6
2181,42.90213,-122.13867,2068.0
2182,42.90217,-122.1388,2070.1
2183,42.90224,-122.13889,2072.4
2184,42.90233,-122.13896,2074.0
2185,42.90243,-122.139,2074.7
2186,42.90273,-122.13903,2075.2
2187,42.90287,-122.13908,2075.5
2188,42.90297,-122.13917,2076.0
2189,42.90305,-122.13927,2076.8
2190,42.90309,-122.1394,2078.1
2191,42.90315,-122.13996,2082.0
2192,42.90321,-122.14012,2083.0
2193,42.90333,-122.14028,2084.4
2194,42.90353,-122.14034,2086.7
2195,42.90359,-122.14033,2088.7
2196,42.9037,-122.14026,2092.6
2197,42.90384,-122.14004,2093.6
2198,42.90407,-122.13949,2090.5
2199,42.90414,-122.1394,2090.6
2200,42.90422,-122.13935,2091.8
2201,42.90436,-122.13935,2095.0
2202,42.90448,-122.13944,2099.0
2203,42.90454,-122.13959,2102.5
2204,42.90456,-122.13968,2104.3
2205,42.90452,-122.13994,2105.0
2206,42.90402,-122.14133,2108.9
2207,42.90392,-122.14148,2109.8
2208,42.90379,-122.14159,2110.3
2209,42.90364,-122.14164,2109.5
2210,42.9032,-122.14168,2107.6
2211,42.90299,-122.14183,2112.4
2212,42.9029,-122.14195,2113.9
2213,42.90273,-122.1423,2118.2
2214,42.90261,-122.14246,2120.8
2215,42.90242,-122.1426,2122.1
2216,42.90211,-122.14278,2124.7
2217,42.90186,-122.14301,2130.9
2218,42.90091,-122.144,2133.6
2219,42.90078,-122.14418,2134.1
2220,42.90067,-122.14441,2135.7
2221,42.90062,-122.14466,2137.2
2222,42.9006,-122.1449,2138.0
2223,42.90063,-122.14515,2138.5
2224,42.90096,-122.14646,2138.0
2225,42.90123,-122.14743,2138.2
2226,42.90137,-122.14776,2138.2
2227,42.90155,-122.14806,2138.2
2228,42.90177,-122.1483,2138.5
2229,42.90198,-122.14846,2138.8
2230,42.90222,-122.14858,2139.3
2231,42.90252,-122.14866,2140.1
2232,42.90274,-122.14867,2140.1
2233,42.90295,-122.14862,2140.0
2234,42.90323,-122.14853,2139.6
2235,42.90363,-122.1482,2140.7
2236,42.90433,-122.14732,2141.6
2237,42.90452,-122.14715,2142.6
2238,42.90474,-122.14701,2143.5
2239,42.90501,-122.1469,2144.4
2240,42.90588,-122.14664,2148.9
2241,42.90681,-122.14639,2152.0
2242,42.90713,-122.14634,2152.5
2243,42.90739,-122.14633,2152.7
2244,42.90767,-122.14637,2152.8
2245,42.90795,-122.14644,2152.8
2246,42.90844,-122.14659,2152.4
2247,42.90906,-122.14681,2152.4
2248,42.9093,-122.14695,2152.6
2249,42.90952,-122.14716,2153.0
2250,42.9097,-122.14741,2153.7
2251,42.90985,-122.14771,2154.9
2252,42.90997,-122.14811,2156.3
2253,42.91008,-122.14886,2155.6
2254,42.91019,-122.14906,2155.6
2255,42.91033,-122.14917,2155.9
2256,42.91045,-122.14919,2156.5
2257,42.91056,-122.14917,2157.4
2258,42.91072,-122.14908,2159.5
2259,42.911135,-122.148765,2161.5
2260,42.91113,-122.14877,2161.5
2261,42.91134,-122.14861,2163.5
2262,42.91156,-122.14838,2165.2
2263,42.91173,-122.14818,2165.9
2264,42.91182,-122.14805,2166.0
2265,42.91193,-122.14776,2165.3
2266,42.91197,-122.14758,2163.9
2267,42.91197,-122.1474,2163.6
2268,42.91195,-122.14725,2163.9
2269,42.91191,-122.14717,2164.6
2270,42.91187,-122.14713,2165.3
2271,42.91174,-122.14708,2167.4
2272,42.91165,-122.1471,2168.8
2273,42.9116,-122.14714,2169.5
2274,42.91153,-122.14725,2170.4
2275,42.91147,-122.1474,2170.8
2276,42.91145,-122.14749,2170.8
2277,42.91133,-122.14754,2171.9
2278,42.91128,-122.14753,2172.3
2279,42.91123,-122.1475,2172.6
2280,42.91123,-122.1475,2172.6
2281,42.91133,-122.14754,2171.9
2282,42.91145,-122.14749,2170.8
2283,42.91153,-122.14725,2170.4
2284,42.9116,-122.14714,2169.5
2285,42.91165,-122.1471,2168.8
2286,42.91174,-122.14708,2167.4
2287,42.91187,-122.14713,2165.3
2288,42.91191,-122.14717,2164.6
2289,42.91195,-122.14725,2163.9
2290,42.91197,-122.1474,2163.6
2291,42.91197,-122.14758,2163.9
2292,42.91193,-122.14776,2165.3
2293,42.91182,-122.14805,2166.0
2294,42.91204,-122.14836,2164.2
2295,42.91223,-122.14867,2161.2
2296,42.912224,-122.148668,2161.2
2297,42.91244,-122.14903,2155.9
2298,42.91321,-122.15014,2150.1
2299,42.91344,-122.15054,2144.4
2300,42.91365,-122.15099,2140.6
2301,42.91382,-122.15139,2147.9
2302,42.91406,-122.15213,2153.1
2303,42.91422,-122.15286,2157.2
2304,42.91434,-122.15375,2156.7
2305,42.91438,-122.15474,2158.1
2306,42.91435,-122.15793,2140.9
2307,42.91437,-122.15825,2140.7
2308,42.91442,-122.15865,2141.0
2309,42.91453,-122.15912,2142.3
2310,42.91466,-122.15947,2144.1
2311,42.91478,-122.15978,2145.0
2312,42.91505,-122.16027,2146.7
2313,42.91527,-122.16055,2148.9
2314,42.91554,-122.16078,2155.6
2315,42.91601,-122.16112,2153.7
2316,42.91621,-122.16122,2153.6
2317,42.9165,-122.16134,2154.1
2318,42.91672,-122.1614,2154.5
2319,42.91694,-122.1614,2153.9
2320,42.91723,-122.16136,2151.0
2321,42.91791,-122.1612,2150.5
2322,42.91816,-122.16117,2152.6
2323,42.91839,-122.16119,2154.7
2324,42.91865,-122.16128,2156.2
2325,42.91881,-122.16137,2155.5
2326,42.91948,-122.16198,2159.1
2327,42.92016,-122.16255,2165.1
2328,42.92042,-122.1628,2167.7
2329,42.92063,-122.16311,2170.3
2330,42.92079,-122.16343,2174.0
2331,42.92091,-122.16384,2181.0
2332,42.92104,-122.16444,2182.1
2333,42.92121,-122.16485,2182.1
2334,42.92144,-122.16522,2181.4
2335,42.92184,-122.16558,2179.2
2336,42.9221,-122.1657,2176.7
2337,42.92268,-122.16597,2170.2
2338,42.92316,-122.16612,2170.6
2339,42.92618,-122.16727,2162.7
2340,42.92644,-122.16742,2163.2
2341,42.92686,-122.16771,2166.4
2342,42.92725,-122.16805,2170.9
2343,42.92758,-122.16845,2173.0
2344,42.92779,-122.16874,2174.5
2345,42.92819,-122.16946,2179.7
2346,42.92857,-122.17037,2184.1
2347,42.92876,-122.17071,2183.5
2348,42.929,-122.171,2183.8
2349,42.92931,-122.17121,2187.1
2350,42.92951,-122.17132,2187.9
2351,42.92983,-122.17139,2188.8
2352,42.93006,-122.1714,2189.9
2353,42.93034,-122.17136,2189.5
2354,42.93095,-122.1711,2176.4
2355,42.93144,-122.17077,2176.5
2356,42.93288,-122.16973,2177.8
2357,42.93319,-122.16964,2176.6
2358,42.93345,-122.16962,2176.8
2359,42.93377,-122.16969,2180.7
2360,42.93424,-122.16989,2186.3
2361,42.93662,-122.17117,2196.4
2362,42.93699,-122.1714,2202.1
2363,42.93736,-122.17169,2205.2
2364,42.93792,-122.17224,2214.3
2365,42.93818,-122.17254,2219.1
2366,42.93846,-122.17294,2220.3
2367,42.93891,-122.17378,2218.5
2368,42.93931,-122.17477,2229.4
2369,42.93987,-122.17635,2246.0
2370,42.94007,-122.17715,2250.6
2371,42.94015,-122.17774,2255.4
2372,42.94021,-122.17856,2258.9
2373,42.94022,-122.17919,2258.1
2374,42.94031,-122.17994,2254.6
2375,42.94038,-122.18017,2254.3
2376,42.94054,-122.18037,2254.7
2377,42.94064,-122.18045,2255.0
2378,42.9408,-122.18054,2255.4
2379,42.94111,-122.18067,2258.3
2380,42.94133,-122.18071,2259.8
2381,42.94156,-122.18069,2259.7
2382,42.94179,-122.18056,2260.4
2383,42.94195,-122.18044,2260.7
2384,42.9421,-122.18029,2261.0
2385,42.94265,-122.17957,2270.0
2386,42.94356,-122.17831,2267.8
2387,42.94376,-122.17799,2269.5
2388,42.94392,-122.17764,2266.8
2389,42.94404,-122.1772,2274.2
2390,42.94417,-122.17663,2283.2
2391,42.9445,-122.17507,2299.6
2392,42.94484,-122.17387,2299.4
2393,42.94491,-122.17347,2298.3
2394,42.94494,-122.1731,2301.1
2395,42.94494,-122.17265,2302.2
2396,42.94487,-122.17201,2305.0
2397,42.94479,-122.17141,2306.8
2398,42.9448,-122.1709,2307.1
2399,42.94491,-122.17043,2308.2
2400,42.945,-122.17021,2308.3
2401,42.94505,-122.17011,2308.0
2402,42.94524,-122.16983,2308.0
2403,42.94538,-122.16969,2309.0
2404,42.9455,-122.16959,2310.5
2405,42.94586,-122.16944,2314.1
2406,42.94618,-122.16943,2317.1
2407,42.94641,-122.16947,2321.2
2408,42.94655,-122.16944,2324.1
2409,42.94667,-122.1695,2325.4
2410,42.94689,-122.16968,2326.3
2411,42.94699,-122.1698,2326.5
2412,42.94718,-122.17005,2328.5
2413,42.94722,-122.17014,2329.3
2414,42.94728,-122.17036,2330.6
2415,42.94738,-122.17057,2332.0
2416,42.94764,-122.17098,2332.2
2417,42.94793,-122.17132,2329.8
2418,42.94833,-122.17171,2328.0
2419,42.94876,-122.17206,2326.9
2420,42.9499,-122.17304,2327.0
2421,42.9505,-122.17348,2327.0
2422,42.95135,-122.17392,2325.0
2423,42.95168,-122.17407,2322.7
2424,42.95195,-122.17412,2326.2
2425,42.95252,-122.17419,2334.3
2426,42.95302,-122.17421,2337.7
2427,42.95326,-122.17418,2339.6
2428,42.95345,-122.17413,2340.2
2429,42.95368,-122.17401,2339.5
2430,42.95399,-122.1738,2333.7
2431,42.95417,-122.17362,2329.6
2432,42.95433,-122.17341,2325.9
2433,42.9545,-122.17303,2322.2
2434,42.95462,-122.17246,2318.9
2435,42.95472,-122.17168,2316.2
2436,42.95479,-122.17137,2315.1
2437,42.95496,-122.1709,2310.6
2438,42.95518,-122.17041,2310.8
2439,42.95552,-122.16992,2311.3
2440,42.95571,-122.1697,2309.8
2441,42.9561,-122.16942,2302.8
2442,42.95645,-122.16924,2298.7
2443,42.95742,-122.16884,2295.0
2444,42.9578,-122.16862,2286.1
2445,42.95796,-122.16847,2285.6
2446,42.95823,-122.16809,2284.4
2447,42.95839,-122.16773,2281.3
2448,42.95848,-122.16738,2279.1
2449,42.95854,-122.16687,2279.3
2450,42.95866,-122.16515,2269.4
2451,42.95874,-122.16475,2269.0
2452,42.95881,-122.16452,2269.0
2453,42.95891,-122.16427,2268.8
2454,42.95906,-122.164,2267.4
2455,42.95925,-122.16374,2265.8
2456,42.96023,-122.1629,2263.2
2457,42.96043,-122.16266,2260.1
2458,42.96064,-122.16229,2258.3
2459,42.96079,-122.16192,2259.8
2460,42.96086,-122.16164,2261.9
2461,42.96095,-122.1611,2262.5
2462,42.96101,-122.16013,2254.5
2463,42.96107,-122.15978,2251.9
2464,42.96123,-122.15931,2249.7
2465,42.96148,-122.1587,2248.8
2466,42.96159,-122.15835,2247.9
2467,42.9618,-122.15737,2244.5
2468,42.96195,-122.15694,2240.3
2469,42.96207,-122.15667,2237.4
2470,42.96239,-122.15622,2234.6
2471,42.96278,-122.15582,2232.7
2472,42.96328,-122.15537,2228.2
2473,42.96367,-122.15485,2223.7
2474,42.96402,-122.15422,2221.2
2475,42.96429,-122.15353,2220.0
2476,42.96441,-122.15327,2219.5
2477,42.96457,-122.153,2218.0
2478,42.96487,-122.15256,2215.9
2479,42.96523,-122.15217,2214.5
2480,42.96571,-122.1518,2212.2
2481,42.96605,-122.1516,2211.6
2482,42.9664,-122.15148,2210.3
2483,42.96665,-122.15144,2208.7
2484,42.96706,-122.15142,2205.1
2485,42.96795,-122.15155,2198.2
2486,42.96871,-122.1517,2192.8
2487,42.96922,-122.1519,2190.5
2488,42.96994,-122.15231,2185.7
2489,42.972,-122.15357,2170.8
2490,42.97229,-122.1537,2167.7
2491,42.9726,-122.15376,2164.1
2492,42.97298,-122.15373,2160.8
2493,42.97341,-122.15353,2157.3
2494,42.97374,-122.15328,2157.0
2495,42.97421,-122.15298,2155.7
2496,42.97445,-122.15287,2154.1
2497,42.97476,-122.15278,2151.5
2498,42.97518,-122.15276,2146.9
2499,42.97735,-122.15301,2133.7
2500,42.97791,-122.15304,2133.1
2501,42.9784,-122.15302,2131.9
2502,42.97967,-122.15287,2117.4
2503,42.98191,-122.15257,2104.5
2504,42.9822,-122.15247,2102.7
2505,42.98249,-122.15233,2100.5
2506,42.98283,-122.15198,2097.1
2507,42.98316,-122.1515,2090.5
2508,42.98349,-122.15061,2087.2
2509,42.98382,-122.15006,2082.1
2510,42.98473,-122.14907,2075.8
2511,42.98497,-122.14871,2074.3
2512,42.98528,-122.14808,2066.9
2513,42.98558,-122.14708,2063.4
2514,42.98584,-122.14646,2061.8
2515,42.98616,-122.14602,2057.0
2516,42.98663,-122.14561,2054.8
2517,42.98823,-122.14443,2044.1
2518,42.98923,-122.14386,2039.1
2519,42.99033,-122.14339,2030.1
2520,42.99131,-122.14301,2020.8
2521,42.99165,-122.1428,2018.0
2522,42.99194,-122.14255,2016.5
2523,42.99223,-122.14224,2014.5
2524,42.99249,-122.14187,2011.4
2525,42.99271,-122.14141,2007.2
2526,42.99288,-122.14093,2004.7
2527,42.99302,-122.14026,2002.3
2528,42.99317,-122.13864,1996.1
2529,42.99327,-122.13816,1994.5
2530,42.99343,-122.13775,1993.0
2531,42.99381,-122.13701,1991.4
2532,42.99426,-122.13646,1989.2
2533,42.99468,-122.1361,1986.8
2534,42.99501,-122.13592,1985.1
2535,42.9953,-122.13582,1983.5
2536,42.99919,-122.13497,1959.3
2537,43.00058,-122.13467,1950.3
2538,43.000584,-122.134674,1950.2
2539,43.00059,-122.13468,1950.2
2540,43.0014,-122.1345,1945.3
2541,43.00221,-122.13433,1940.5
2542,43.00302,-122.13415,1936.0
2543,43.00383,-122.13397,1929.9
2544,43.00462,-122.13374,1924.0
2545,43.00541,-122.1335,1918.7
2546,43.006,-122.1332,1915.4
2547,43.0066,-122.1329,1912.5
2548,43.00715,-122.13258,1910.4
2549,43.00769,-122.13227,1907.1
2550,43.00829,-122.13186,1903.3
2551,43.00888,-122.13145,1900.8
2552,43.00947,-122.13105,1896.9
2553,43.01004,-122.13064,1892.0
2554,43.01061,-122.13024,1889.7
2555,43.01118,-122.12984,1887.8
2556,43.0119,-122.12935,1885.1
2557,43.01262,-122.12886,1881.9
2558,43.01334,-122.12838,1878.0
2559,43.01405,-122.12789,1874.2
2560,43.01477,-122.1274,1869.8
2561,43.01538,-122.12698,1866.7
2562,43.01599,-122.12655,1862.9
2563,43.01661,-122.12612,1859.0
2564,43.0174,-122.12559,1853.0
2565,43.0182,-122.12505,1849.8
2566,43.01899,-122.12451,1849.6
2567,43.01979,-122.12398,1845.7
2568,43.02058,-122.12344,1843.3
2569,43.02137,-122.1229,1842.3
2570,43.02217,-122.12237,1839.0
2571,43.02296,-122.12183,1837.8
2572,43.02376,-122.1213,1837.0
2573,43.02455,-122.12076,1833.9
2574,43.02538,-122.12031,1829.9
2575,43.0262,-122.11987,1827.2
2576,43.02685,-122.11957,1825.8
2577,43.0275,-122.11928,1825.1
2578,43.02816,-122.11898,1824.0
2579,43.02861,-122.11881,1822.7
2580,43.02905,-122.11864,1821.7
2581,43.0295,-122.11849,1821.1
2582,43.02994,-122.11833,1819.4
2583,43.03058,-122.11816,1818.2
2584,43.03121,-122.11798,1818.7
2585,43.03187,-122.11782,1819.3
2586,43.03252,-122.11767,1819.8
2587,43.03323,-122.11756,1821.4
2588,43.03393,-122.11745,1822.6
2589,43.03464,-122.11734,1824.8
2590,43.03535,-122.11729,1828.8
2591,43.03607,-122.11723,1831.1
2592,43.03678,-122.11723,1837.4
2593,43.03749,-122.11722,1842.7
2594,43.03822,-122.11725,1848.1
2595,43.03894,-122.11729,1849.8
2596,43.03966,-122.11735,1850.1
2597,43.04039,-122.11742,1849.6
2598,43.04104,-122.11754,1849.1
2599,43.0417,-122.11767,1847.8
2600,43.04235,-122.11779,1845.8
2601,43.04313,-122.11802,1844.8
2602,43.0439,-122.11824,1843.0
2603,43.04467,-122.11847,1842.2
2604,43.04515,-122.11864,1842.1
2605,43.04563,-122.11882,1841.5
2606,43.04611,-122.11901,1839.8
2607,43.04659,-122.1192,1838.8
2608,43.04729,-122.11953,1838.9
2609,43.04799,-122.11986,1840.4
2610,43.04869,-122.12019,1845.8
2611,43.04937,-122.12059,1853.4
2612,43.05006,-122.12098,1852.2
2613,43.05075,-122.12137,1850.5
2614,43.05143,-122.12177,1849.2
2615,43.05217,-122.12208,1846.6
2616,43.05291,-122.1224,1844.4
2617,43.05379,-122.12255,1843.0
2618,43.05458,-122.12256,1840.2
2619,43.05529,-122.12246,1837.5
2620,43.05613,-122.12227,1835.4
2621,43.05696,-122.12208,1831.7
2622,43.0578,-122.1219,1833.0
2623,43.05864,-122.12171,1836.5
2624,43.05948,-122.12152,1838.8
2625,43.06032,-122.12134,1840.8
2626,43.06115,-122.12115,1838.1
2627,43.06199,-122.12096,1831.9
2628,43.06283,-122.12077,1833.2
2629,43.06367,-122.12059,1833.1
2630,43.0645,-122.1204,1832.5
2631,43.06534,-122.12021,1830.9
2632,43.06618,-122.12002,1828.0
2633,43.06702,-122.11984,1826.9
2634,43.06786,-122.11965,1824.6
2635,43.068,-122.11964,1823.8
2636,43.06862,-122.11952,1821.1
2637,43.06923,-122.1194,1818.3
2638,43.06985,-122.11928,1816.2
2639,43.07072,-122.11912,1812.7
2640,43.0716,-122.11897,1807.2
2641,43.07248,-122.11881,1801.4
2642,43.07335,-122.11866,1794.9
2643,43.07423,-122.1185,1789.1
2644,43.07511,-122.11835,1786.8
2645,43.07598,-122.11819,1785.8
2646,43.07653,-122.1181,1785.5
2647,43.07702,-122.11807,1785.0
2648,43.0778,-122.11791,1783.2
2649,43.07859,-122.11775,1781.8
2650,43.07938,-122.11759,1779.0
2651,43.08017,-122.11744,1777.0
2652,43.08103,-122.11729,1774.8
2653,43.08189,-122.11715,1771.5
2654,43.08274,-122.11701,1769.5
2655,43.0836,-122.11686,1768.4
2656,43.08446,-122.11672,1767.5
2657,43.08532,-122.11658,1767.1
2658,43.08618,-122.11643,1765.5
2659,43.08704,-122.11629,1764.7
2660,43.08739,-122.1163,1765.0
2661,43.08771,-122.11637,1765.4
2662,43.08837,-122.11666,1766.1
2663,43.08882,-122.11706,1766.5
2664,43.08924,-122.11758,1767.9
2665,43.08956,-122.11831,1766.5
2666,43.08989,-122.11903,1765.2
2667,43.09022,-122.11976,1763.4
2668,43.09058,-122.12039,1762.4
2669,43.09098,-122.12092,1760.9
2670,43.09132,-122.12121,1757.4
2671,43.09167,-122.12143,1758.4
2672,43.09206,-122.12161,1757.6
2673,43.0925,-122.1217,1757.3
2674,43.09323,-122.12168,1754.7
2675,43.09374,-122.12158,1754.0
2676,43.09426,-122.12154,1752.5
2677,43.09471,-122.12163,1751.0
2678,43.09539,-122.12196,1745.9
2679,43.09577,-122.12229,1744.1
2680,43.09612,-122.1227,1739.4
2681,43.09666,-122.12341,1735.7
2682,43.09721,-122.12413,1731.9
2683,43.09775,-122.12485,1727.0
2684,43.0983,-122.12557,1722.3
2685,43.09884,-122.12629,1719.5
2686,43.0992,-122.12696,1714.8
2687,43.09944,-122.12752,1711.7
2688,43.09979,-122.12859,1707.5
2689,43.10006,-122.12914,1703.7
2690,43.10062,-122.12986,1698.1
2691,43.10089,-122.13009,1696.7
2692,43.10124,-122.13028,1692.9
2693,43.1016,-122.13038,1690.6
2694,43.1022,-122.13041,1687.9
2695,43.10302,-122.13024,1688.0
2696,43.10353,-122.13006,1688.2
2697,43.10405,-122.12989,1688.1
2698,43.10482,-122.12965,1686.9
2699,43.1056,-122.12941,1683.9
2700,43.10617,-122.12929,1680.7
2701,43.10688,-122.12935,1677.8
2702,43.10744,-122.12956,1672.1
2703,43.10821,-122.12996,1665.6
2704,43.10898,-122.13037,1660.2
2705,43.10975,-122.13077,1654.6
2706,43.11052,-122.13118,1650.3
2707,43.11129,-122.13158,1646.6
2708,43.11195,-122.1319,1643.9
2709,43.1126,-122.13222,1640.1
2710,43.1132,-122.13247,1637.2
2711,43.1138,-122.13272,1634.7
2712,43.1144,-122.13296,1633.8
2713,43.11503,-122.13317,1632.1
2714,43.11565,-122.13337,1629.6
2715,43.11627,-122.13357,1626.8
2716,43.11711,-122.13374,1623.7
2717,43.11794,-122.13391,1620.9
2718,43.11878,-122.13407,1616.1
2719,43.11962,-122.13424,1615.1
2720,43.12045,-122.13441,1610.4
2721,43.12129,-122.13457,1608.4
2722,43.12212,-122.13474,1606.7
2723,43.12264,-122.13472,1606.4
2724,43.12317,-122.1347,1605.7
2725,43.12362,-122.13455,1605.7
2726,43.12407,-122.1344,1605.7
2727,43.12457,-122.13415,1606.1
2728,43.12499,-122.13386,1606.8
2729,43.12553,-122.13335,1607.6
2730,43.12606,-122.13285,1607.9
2731,43.1266,-122.13234,1607.6
2732,43.1269,-122.13308,1603.8
2733,43.12703,-122.13364,1601.7
2734,43.12705,-122.13399,1600.8
2735,43.12702,-122.13435,1600.0
2736,43.12688,-122.13501,1598.6
2737,43.12674,-122.13568,1597.6
2738,43.12733,-122.13579,1596.7
2739,43.12793,-122.1359,1595.5
2740,43.12876,-122.13607,1593.8
2741,43.1296,-122.13624,1593.8
2742,43.13043,-122.13641,1595.2
2743,43.13127,-122.13658,1595.2
2744,43.13211,-122.13676,1589.8
2745,43.13294,-122.13693,1586.3
2746,43.13382,-122.1371,1586.2
2747,43.13469,-122.13726,1588.8
2748,43.13557,-122.13743,1588.8
2749,43.13628,-122.13759,1588.9
2750,43.13672,-122.13762,1588.7
2751,43.13698,-122.13763,1588.2
2752,43.13721,-122.1376,1587.7
2753,43.13781,-122.13746,1584.8
2754,43.13847,-122.13715,1581.9
2755,43.1389,-122.13691,1581.8
2756,43.13957,-122.13653,1582.6
2757,43.14024,-122.13614,1584.3
2758,43.14076,-122.13583,1585.1
2759,43.14128,-122.13551,1585.7
2760,43.14192,-122.13519,1587.0
2761,43.14256,-122.13486,1583.6
2762,43.14306,-122.13464,1585.9
2763,43.14357,-122.13441,1588.5
2764,43.1443,-122.13413,1591.3
2765,43.14491,-122.13397,1595.3
2766,43.14552,-122.1338,1600.5
2767,43.14613,-122.13364,1605.1
2768,43.14662,-122.13355,1606.3
2769,43.14711,-122.13346,1607.3
2770,43.14763,-122.1334,1608.1
2771,43.14815,-122.13334,1608.5
2772,43.14867,-122.13332,1608.3
2773,43.14918,-122.1333,1607.6
2774,43.15005,-122.13332,1606.4
2775,43.15065,-122.13336,1605.5
2776,43.15126,-122.13341,1607.0
2777,43.15178,-122.13349,1607.5
2778,43.1523,-122.13356,1608.7
2779,43.15303,-122.13375,1610.8
2780,43.15377,-122.13393,1615.5
2781,43.15453,-122.13418,1617.5
2782,43.15525,-122.13435,1617.5
2783,43.15559,-122.13437,1617.7
2784,43.15616,-122.13433,1614.9
2785,43.15637,-122.13429,1613.2
2786,43.15675,-122.13418,1609.6
2787,43.15733,-122.13394,1608.1
2788,43.15811,-122.13357,1601.1
2789,43.15888,-122.1332,1594.6
2790,43.15966,-122.13284,1595.5
2791,43.16044,-122.13247,1596.3
2792,43.16121,-122.1321,1596.4
2793,43.16167,-122.1319,1596.1
2794,43.16229,-122.13166,1593.5
2795,43.16278,-122.13151,1591.2
2796,43.16314,-122.13143,1589.9
2797,43.16397,-122.1313,1588.9
2798,43.16442,-122.13128,1589.8
2799,43.16487,-122.13125,1590.7
2800,43.16543,-122.13131,1591.4
2801,43.16599,-122.13136,1592.8
2802,43.1668,-122.13153,1593.0
2803,43.16704,-122.1316,1592.5
2804,43.16749,-122.13176,1590.1
2805,43.16793,-122.13192,1592.2
2806,43.16873,-122.13224,1592.1
2807,43.16954,-122.13256,1591.2
2808,43.16954,-122.13256,1591.2
2809,43.17036,-122.13289,1590.1
2810,43.17119,-122.13322,1586.3
2811,43.17146,-122.13338,1585.8
2812,43.17204,-122.13381,1585.5
2813,43.17222,-122.13399,1585.3
2814,43.17248,-122.1343,1585.5
2815,43.17273,-122.13464,1586.6
2816,43.17288,-122.1349,1589.8
2817,43.17336,-122.13584,1591.9
2818,43.17366,-122.13631,1591.1
2819,43.17395,-122.13666,1590.2
2820,43.17432,-122.13695,1589.3
2821,43.17458,-122.1371,1588.2
2822,43.17485,-122.13721,1585.7
2823,43.17507,-122.13726,1585.2
2824,43.17504,-122.13753,1584.2
2825,43.17506,-122.13764,1583.7
2826,43.17516,-122.13777,1583.2
2827,43.17522,-122.1378,1583.1
2828,43.17529,-122.13781,1583.0
2829,43.17556,-122.13772,1583.2
2830,43.17585,-122.13758,1583.8
2831,43.17585,-122.13758,1583.8
2832,43.17644,-122.13729,1585.5
2833,43.17653,-122.13727,1585.5
2834,43.17677,-122.13725,1585.7
2835,43.17705,-122.13729,1585.8
2836,43.17719,-122.13735,1585.7
2837,43.17746,-122.1375,1585.3
2838,43.17758,-122.13768,1584.9
2839,43.1777,-122.13796,1584.9
2840,43.17775,-122.13801,1585.0
2841,43.17783,-122.13805,1585.3
2842,43.1779,-122.13806,1585.4
2843,43.17845,-122.13789,1592.0
2844,43.17876,-122.13782,1595.9
2845,43.17876,-122.13782,1595.9
2846,43.17876,-122.13782,1595.9
2847,43.17883,-122.1378,1596.4
2848,43.17902,-122.13771,1597.1
2849,43.17963,-122.13722,1598.6
2850,43.17974,-122.13711,1601.0
2851,43.18005,-122.13671,1606.2
2852,43.18066,-122.13586,1613.5
2853,43.18128,-122.135,1615.2
2854,43.18149,-122.13482,1615.6
2855,43.18169,-122.13471,1616.3
2856,43.18194,-122.13467,1617.3
2857,43.1821,-122.13468,1617.7
2858,43.18215,-122.13471,1617.8
2859,43.18219,-122.13452,1617.8
2860,43.18249,-122.13461,1618.4
2861,43.18312,-122.13491,1618.7
2862,43.18356,-122.13506,1618.9
2863,43.1838,-122.13511,1619.3
2864,43.18404,-122.13512,1619.7
2865,43.1842,-122.13509,1620.2
2866,43.18444,-122.13502,1621.0
2867,43.18467,-122.13488,1622.1
2868,43.18499,-122.13459,1624.4
2869,43.18515,-122.13435,1626.5
2870,43.18523,-122.13421,1627.7
2871,43.18541,-122.13381,1630.4
2872,43.18547,-122.13353,1631.5
2873,43.1855,-122.13335,1632.0
2874,43.18553,-122.13304,1632.9
2875,43.18554,-122.13273,1633.6
2876,43.18548,-122.13169,1635.4
2877,43.18542,-122.13065,1640.3
2878,43.18615,-122.13055,1640.7
2879,43.18688,-122.13046,1638.3
2880,43.18761,-122.13036,1636.3
2881,43.1881,-122.13033,1631.5
2882,43.1886,-122.13029,1627.0
2883,43.18909,-122.13032,1625.7
2884,43.18959,-122.13035,1623.1
2885,43.19031,-122.13054,1621.6
2886,43.19104,-122.13074,1620.3
2887,43.19181,-122.13105,1618.4
2888,43.19258,-122.13136,1616.3
2889,43.19336,-122.13167,1614.0
2890,43.19413,-122.13198,1611.6
2891,43.1949,-122.13229,1610.1
2892,43.19568,-122.13261,1608.9
2893,43.19624,-122.13278,1608.0
2894,43.1968,-122.13296,1607.0
2895,43.19752,-122.13315,1605.7
2896,43.19825,-122.13335,1604.5
2897,43.19888,-122.1335,1603.6
2898,43.19952,-122.13365,1603.0
2899,43.20029,-122.13374,1602.3
2900,43.20106,-122.13384,1599.8
2901,43.20183,-122.13393,1597.1
2902,43.20269,-122.13395,1595.8
2903,43.20354,-122.13396,1595.0
2904,43.2044,-122.13398,1592.8
2905,43.20467,-122.13403,1591.7
2906,43.20492,-122.13409,1590.4
2907,43.20515,-122.1342,1588.7
2908,43.20542,-122.13436,1586.3
2909,43.20609,-122.13487,1583.3
2910,43.20677,-122.13537,1581.8
2911,43.20716,-122.1356,1581.3
2912,43.20759,-122.13576,1581.1
2913,43.2084,-122.13598,1580.4
2914,43.20921,-122.13621,1573.8
2915,43.21001,-122.13643,1573.4
2916,43.21082,-122.13665,1573.1
2917,43.21163,-122.13687,1571.8
2918,43.21243,-122.13709,1568.6
2919,43.21324,-122.13731,1562.1
2920,43.21384,-122.13756,1558.8
2921,43.21444,-122.13781,1556.4
2922,43.21513,-122.13797,1553.0
2923,43.21578,-122.13806,1549.3
2924,43.21642,-122.13814,1546.3
2925,43.21707,-122.13823,1540.4
2926,43.21793,-122.13832,1536.3
2927,43.2188,-122.13842,1533.4
2928,43.21967,-122.13851,1532.3
2929,43.22046,-122.13861,1532.1
2930,43.22126,-122.1387,1531.0
2931,43.22205,-122.13879,1530.1
2932,43.22285,-122.13889,1523.6
2933,43.22364,-122.13898,1518.4
2934,43.22444,-122.13908,1513.0
2935,43.22524,-122.13917,1511.1
2936,43.22603,-122.13927,1509.5
2937,43.22685,-122.13937,1506.9
2938,43.22767,-122.13948,1503.7
2939,43.2285,-122.13959,1499.9
2940,43.22932,-122.13969,1497.8
2941,43.23018,-122.13978,1495.3
2942,43.23104,-122.13987,1493.3
2943,43.23191,-122.14005,1491.2
2944,43.23272,-122.14033,1487.9
2945,43.23317,-122.14055,1487.2
2946,43.23363,-122.14077,1486.4
2947,43.23429,-122.14114,1484.8
2948,43.23495,-122.14152,1483.1
2949,43.23519,-122.14177,1481.5
2950,43.2357,-122.14253,1476.1
2951,43.23621,-122.14329,1474.5
2952,43.23672,-122.14406,1472.7
2953,43.23721,-122.14475,1471.7
2954,43.23771,-122.14544,1467.9
2955,43.2382,-122.14613,1463.0
2956,43.23877,-122.14671,1462.6
2957,43.23934,-122.14729,1460.4
2958,43.23991,-122.14787,1455.2
2959,43.2399,-122.14788,1455.1
2960,43.23991,-122.14787,1455.2
2961,43.24063,-122.14861,1451.2
2962,43.24123,-122.14921,1449.4
2963,43.24184,-122.14981,1447.1
2964,43.24245,-122.15041,1443.9
2965,43.24305,-122.15101,1440.0
2966,43.24344,-122.15153,1439.4
2967,43.24382,-122.15206,1439.1
2968,43.2441,-122.15255,1438.0
2969,43.24438,-122.15305,1435.5
2970,43.24486,-122.15384,1430.2
2971,43.24541,-122.15435,1427.3
2972,43.24582,-122.15465,1426.0
2973,43.24623,-122.15495,1422.4
2974,43.24697,-122.15547,1417.1
2975,43.24771,-122.156,1414.1
2976,43.24845,-122.15652,1411.6
2977,43.24919,-122.15704,1408.0
2978,43.24993,-122.15756,1404.5
2979,43.25057,-122.15805,1403.7
2980,43.25122,-122.15854,1401.7
2981,43.25187,-122.15903,1399.5
2982,43.25252,-122.15952,1397.2
2983,43.25317,-122.16001,1394.9
2984,43.25341,-122.16031,1393.8
2985,43.25378,-122.15989,1392.7
2986,43.25415,-122.15948,1391.7
2987,43.25458,-122.15904,1390.8
2988,43.255,-122.15861,1390.2
2989,43.25576,-122.15802,1389.5
2990,43.25653,-122.15743,1388.9
2991,43.25729,-122.15684,1389.6
2992,43.25805,-122.15625,1389.7
2993,43.25837,-122.15716,1387.4
2994,43.25868,-122.15808,1385.0
2995,43.259,-122.15899,1383.3
2996,43.25981,-122.15878,1381.1
2997,43.26062,-122.15856,1378.8
2998,43.26143,-122.15835,1377.9
2999,43.26223,-122.15813,1377.0
3000,43.26304,-122.15792,1375.9
3001,43.26379,-122.15749,1374.2
3002,43.26453,-122.15706,1371.5
3003,43.26528,-122.15663,1368.6
3004,43.26603,-122.1562,1366.8
3005,43.26677,-122.15577,1366.0
3006,43.26759,-122.15587,1365.6
3007,43.26841,-122.15596,1364.0
3008,43.26923,-122.15606,1360.7
3009,43.27005,-122.15616,1356.4
3010,43.27065,-122.15589,1354.5
3011,43.27124,-122.15563,1354.2
3012,43.27183,-122.15541,1354.0
3013,43.27242,-122.1552,1354.0
3014,43.27303,-122.15488,1353.6
3015,43.27364,-122.15456,1352.5
3016,43.27426,-122.15425,1351.0
3017,43.2751,-122.15389,1348.1
3018,43.27595,-122.15354,1344.0
3019,43.27679,-122.15318,1342.0
3020,43.27752,-122.15262,1341.6
3021,43.27826,-122.15206,1340.3
3022,43.2787,-122.15174,1339.2
3023,43.27915,-122.15143,1337.4
3024,43.27991,-122.15104,1333.7
3025,43.28067,-122.15065,1331.2
3026,43.28144,-122.15027,1328.9
3027,43.28194,-122.15009,1328.4
3028,43.28244,-122.14991,1327.8
3029,43.28315,-122.14917,1327.2
3030,43.28342,-122.14903,1326.7
3031,43.28342,-122.14903,1326.7
3032,43.28365,-122.14892,1326.5
3033,43.2844,-122.14879,1325.7
3034,43.28514,-122.14867,1324.5
3035,43.28561,-122.14843,1323.9
3036,43.28608,-122.1482,1322.6
3037,43.28647,-122.14788,1321.3
3038,43.28707,-122.14826,1317.7
3039,43.28768,-122.14864,1316.6
3040,43.28833,-122.14879,1316.1
3041,43.28898,-122.14895,1316.1
3042,43.28951,-122.14892,1316.4
3043,43.28999,-122.14873,1316.7
3044,43.29056,-122.14835,1316.6
3045,43.29097,-122.14776,1316.8
3046,43.2915,-122.14772,1315.7
3047,43.29189,-122.14754,1315.3
3048,43.29219,-122.14782,1314.5
3049,43.29284,-122.14833,1312.2
3050,43.2935,-122.14884,1308.2
3051,43.29415,-122.14935,1305.4
3052,43.29477,-122.14943,1305.0
3053,43.29539,-122.14951,1305.2
3054,43.29608,-122.14979,1304.8
3055,43.29678,-122.15007,1304.3
3056,43.29748,-122.15035,1304.1
3057,43.29818,-122.15063,1306.1
3058,43.2985,-122.1506,1305.9
3059,43.2991,-122.15023,1303.8
3060,43.29958,-122.15043,1302.1
3061,43.29985,-122.15083,1300.7
3062,43.29996,-122.15144,1298.8
3063,43.30008,-122.15206,1296.4
3064,43.30046,-122.15287,1293.2
3065,43.30097,-122.15297,1292.2
3066,43.30147,-122.15307,1292.1
3067,43.30172,-122.15395,1288.5
3068,43.30188,-122.15489,1285.1
3069,43.30227,-122.15536,1283.4
3070,43.30285,-122.15573,1281.1
3071,43.30333,-122.15586,1279.7
3072,43.30385,-122.15586,1279.3
3073,43.30454,-122.15608,1278.8
3074,43.30495,-122.15639,1278.4
3075,43.30536,-122.1567,1277.9
3076,43.30577,-122.15723,1277.7
3077,43.30577,-122.15723,1277.7
3078,43.30612,-122.15767,1277.3
3079,43.30641,-122.15822,1277.3
3080,43.30671,-122.15877,1277.8
3081,43.30717,-122.15933,1277.0
3082,43.30784,-122.15949,1271.5
3083,43.30825,-122.15886,1270.9
3084,43.30889,-122.1584,1270.5
3085,43.30953,-122.15794,1271.2
3086,43.30978,-122.15755,1271.1
3087,43.30993,-122.15715,1271.7
3088,43.31003,-122.15654,1270.8
3089,43.31001,-122.15618,1270.8
3090,43.30992,-122.15577,1272.5
3091,43.30991,-122.15549,1272.8
3092,43.31002,-122.15521,1270.7
3093,43.31025,-122.15503,1269.5
3094,43.31073,-122.15485,1267.3
3095,43.31121,-122.15487,1265.3
3096,43.31146,-122.15493,1265.5
3097,43.31204,-122.15524,1267.4
3098,43.31262,-122.15554,1279.3
3099,43.31272,-122.15481,1280.9
3100,43.31282,-122.15407,1278.9
3101,43.31287,-122.15308,1279.3
3102,43.31293,-122.1521,1279.0
3103,43.31299,-122.15111,1280.4
3104,43.31293,-122.1502,1280.2
3105,43.31269,-122.14909,1279.9
3106,43.31256,-122.14818,1278.7
3107,43.31257,-122.14786,1280.4
3108,43.31266,-122.14699,1285.2
3109,43.31263,-122.14639,1288.4
3110,43.31279,-122.1454,1290.6
3111,43.31296,-122.14441,1292.9
3112,43.31307,-122.14363,1292.4
3113,43.31313,-122.14264,1291.6
3114,43.31314,-122.14144,1287.2
3115,43.31331,-122.14188,1290.0
3116,43.31347,-122.14263,1298.6
3117,43.31363,-122.14338,1306.5
3118,43.31364,-122.14451,1310.3
3119,43.31384,-122.14501,1313.1
3120,43.31416,-122.14551,1318.6
3121,43.31481,-122.14622,1329.7
3122,43.3151,-122.14643,1333.8
3123,43.31516,-122.14657,1334.1
3124,43.31535,-122.1468,1336.3
3125,43.31571,-122.14737,1342.4
3126,43.31575,-122.14746,1343.2
3127,43.31582,-122.14768,1345.4
3128,43.31583,-122.1478,1347.5
3129,43.3158,-122.14789,1348.5
3130,43.31568,-122.14818,1351.1
3131,43.3156,-122.14843,1353.5
3132,43.31535,-122.14886,1354.9
3133,43.31529,-122.14904,1358.1
3134,43.31525,-122.1493,1361.0
3135,43.31524,-122.14946,1362.2
3136,43.31543,-122.15027,1371.0
3137,43.31561,-122.15108,1374.5
3138,43.3158,-122.15145,1377.2
3139,43.31601,-122.15183,1380.5
3140,43.3163,-122.15216,1383.0
3141,43.31648,-122.15232,1384.3
3142,43.31687,-122.15262,1387.6
3143,43.3171,-122.15276,1389.8
3144,43.31752,-122.15298,1395.7
3145,43.31795,-122.15321,1399.7
3146,43.31841,-122.15348,1404.9
3147,43.31862,-122.15356,1406.6
3148,43.3189,-122.15361,1409.7
3149,43.31918,-122.15349,1413.7
3150,43.31943,-122.15331,1418.1
3151,43.31953,-122.15326,1420.1
3152,43.31965,-122.15324,1422.3
3153,43.31975,-122.15325,1423.7
3154,43.31995,-122.15342,1426.9
3155,43.32005,-122.15354,1429.7
3156,43.32015,-122.15372,1433.5
3157,43.32019,-122.15381,1435.0
3158,43.32029,-122.15425,1437.5
3159,43.32044,-122.15467,1439.4
3160,43.32052,-122.15484,1441.0
3161,43.32067,-122.15524,1444.0
3162,43.32088,-122.15554,1446.3
3163,43.32107,-122.15577,1448.5
3164,43.3213,-122.15595,1452.0
3165,43.32164,-122.15612,1457.1
3166,43.32174,-122.15616,1458.3
3167,43.32229,-122.15605,1467.2
3168,43.32264,-122.1561,1472.2
3169,43.32276,-122.15616,1473.6
3170,43.32307,-122.15645,1476.4
3171,43.32354,-122.15702,1483.8
3172,43.32402,-122.1576,1489.8
3173,43.3242,-122.15795,1494.6
3174,43.32426,-122.15809,1496.0
3175,43.32437,-122.15853,1498.2
3176,43.32462,-122.15925,1504.9
3177,43.32465,-122.1594,1506.4
3178,43.32469,-122.15972,1508.7
3179,43.3249,-122.16058,1515.6
3180,43.32495,-122.16098,1518.2
3181,43.32504,-122.16144,1521.2
3182,43.32512,-122.16167,1522.6
3183,43.32528,-122.16198,1524.2
3184,43.32568,-122.16257,1527.4
3185,43.32618,-122.16326,1530.7
3186,43.32669,-122.16395,1533.4
3187,43.3272,-122.16465,1535.0
3188,43.32754,-122.16505,1535.2
3189,43.32789,-122.16544,1535.0
3190,43.32835,-122.16581,1534.5
3191,43.32902,-122.16618,1534.0
3192,43.32969,-122.16656,1533.2
3193,43.33037,-122.16693,1532.0
3194,43.33104,-122.1673,1530.9
3195,43.33174,-122.16772,1529.5
3196,43.33244,-122.16813,1528.2
3197,43.33314,-122.16854,1526.8
3198,43.33385,-122.16893,1527.8
3199,43.33455,-122.16931,1528.3
3200,43.33535,-122.16978,1530.6
3201,43.33615,-122.17025,1533.5
3202,43.33694,-122.17071,1535.9
3203,43.33774,-122.17118,1543.5
3204,43.33854,-122.17165,1552.9
3205,43.33934,-122.17212,1554.9
3206,43.34013,-122.17259,1551.0
3207,43.3409,-122.17294,1550.8
3208,43.34164,-122.17337,1554.9
3209,43.34238,-122.1738,1560.0
3210,43.34312,-122.17423,1566.8
3211,43.34386,-122.17466,1574.3
3212,43.3446,-122.17509,1578.3
3213,43.34534,-122.17552,1577.8
3214,43.34567,-122.17554,1578.1
3215,43.34596,-122.17543,1579.6
3216,43.34675,-122.17502,1585.0
3217,43.34706,-122.17498,1588.7
3218,43.34732,-122.17503,1591.0
3219,43.34799,-122.17544,1596.9
3220,43.34857,-122.17588,1604.5
3221,43.34928,-122.17624,1613.3
3222,43.34994,-122.17641,1620.0
3223,43.35059,-122.17658,1627.4
3224,43.35089,-122.1767,1630.4
3225,43.35144,-122.17726,1635.9
3226,43.35171,-122.17763,1641.1
3227,43.3519,-122.17815,1643.4
3228,43.35233,-122.17882,1646.7
3229,43.35299,-122.17943,1657.0
3230,43.3534,-122.17975,1662.9
3231,43.3538,-122.18006,1666.8
3232,43.35406,-122.18014,1666.9
3233,43.35423,-122.18014,1666.7
3234,43.35459,-122.17967,1668.6
3235,43.35488,-122.17919,1670.4
3236,43.3553,-122.17844,1675.3
3237,43.35562,-122.17798,1676.1
3238,43.35593,-122.17753,1677.5
3239,43.35623,-122.1768,1685.1
3240,43.35672,-122.17634,1687.6
3241,43.35718,-122.17586,1690.6
3242,43.35771,-122.17544,1695.2
3243,43.35824,-122.17503,1696.6
3244,43.35883,-122.17462,1696.1
3245,43.35904,-122.17426,1696.1
3246,43.35918,-122.17385,1696.2
3247,43.35922,-122.17347,1696.3
3248,43.35925,-122.17234,1696.9
3249,43.35927,-122.17122,1697.9
3250,43.3593,-122.17009,1696.3
3251,43.35932,-122.16897,1696.7
3252,43.35934,-122.16833,1697.7
3253,43.35936,-122.16769,1698.3
3254,43.35945,-122.16713,1698.0
3255,43.35965,-122.16675,1697.6
3256,43.35998,-122.16648,1698.0
3257,43.36052,-122.16618,1695.4
3258,43.36097,-122.16576,1695.6
3259,43.36143,-122.16529,1696.9
3260,43.36203,-122.16507,1705.1
3261,43.36263,-122.16485,1706.0
3262,43.36299,-122.16462,1703.2
3263,43.36303,-122.16457,1703.4
3264,43.363028,-122.164566,1703.4
3265,43.36307,-122.16451,1703.5
3266,43.3633,-122.16423,1704.6
3267,43.36334,-122.16418,1704.9
3268,43.3635,-122.16399,1706.2
3269,43.36361,-122.16374,1708.0
3270,43.36368,-122.16363,1708.9
3271,43.36374,-122.16338,1710.2
3272,43.36375,-122.16335,1710.3
3273,43.36389,-122.16241,1714.1
3274,43.36392,-122.16226,1714.5
3275,43.36404,-122.16165,1715.2
3276,43.3642,-122.16066,1716.1
3277,43.36421,-122.16049,1716.2
3278,43.36425,-122.15967,1717.5
3279,43.36426,-122.15924,1719.2
3280,43.36432,-122.15906,1720.1
3281,43.36447,-122.15886,1720.2
3282,43.36451,-122.1588,1720.2
3283,43.36477,-122.15848,1722.6
3284,43.36512,-122.15802,1727.8
3285,43.36527,-122.15783,1729.5
3286,43.36536,-122.15764,1730.7
3287,43.36551,-122.15732,1732.4
3288,43.36575,-122.15653,1732.3
3289,43.36628,-122.15447,1735.8
3290,43.36629,-122.15444,1735.9
3291,43.36637,-122.15423,1736.9
3292,43.36655,-122.15404,1738.5
3293,43.36702,-122.1538,1740.5
3294,43.36717,-122.15373,1740.9
3295,43.36788,-122.15345,1744.0
3296,43.36788,-122.15345,1744.0
3297,43.36804,-122.15354,1745.0
3298,43.36852,-122.15357,1746.9
3299,43.36873,-122.15358,1747.0
3300,43.3689,-122.15354,1746.9
3301,43.3693,-122.15331,1746.4
3302,43.36972,-122.15309,1749.2
3303,43.36978,-122.15306,1749.6
3304,43.36997,-122.15306,1749.9
3305,43.37019,-122.15312,1749.1
3306,43.3704,-122.15329,1747.1
3307,43.37062,-122.15345,1744.8
3308,43.3709,-122.15353,1743.6
3309,43.37098,-122.15355,1744.0
3310,43.37118,-122.1535,1748.3
3311,43.37125,-122.15347,1749.8
3312,43.37151,-122.15332,1752.3
3313,43.37178,-122.15306,1750.3
3314,43.37202,-122.15286,1748.5
3315,43.37203,-122.15286,1748.4
3316,43.3722,-122.15285,1747.2
3317,43.3723,-122.15287,1746.6
3318,43.37238,-122.1529,1746.2
3319,43.3724,-122.1529,1746.0
3320,43.37254,-122.1531,1745.7
3321,43.37267,-122.15326,1745.0
3322,43.3728,-122.15335,1743.3
3323,43.37289,-122.15342,1742.0
3324,43.37297,-122.15344,1741.6
3325,43.37311,-122.15349,1741.3
3326,43.37334,-122.1534,1743.2
3327,43.37347,-122.15328,1743.7
3328,43.37363,-122.15316,1744.3
3329,43.37374,-122.15308,1744.6
3330,43.37407,-122.1528,1744.6
3331,43.37436,-122.15248,1733.7
3332,43.37469,-122.15214,1731.7
3333,43.37488,-122.152,1732.3
3334,43.37507,-122.15197,1733.3
3335,43.37516,-122.15198,1733.7
3336,43.37545,-122.152,1734.4
3337,43.37581,-122.15217,1738.7
3338,43.37585,-122.15221,1739.0
3339,43.37619,-122.15253,1741.1
3340,43.37661,-122.15288,1740.8
3341,43.37676,-122.15301,1739.5
3342,43.37687,-122.1531,1737.7
3343,43.37726,-122.15333,1731.2
3344,43.37743,-122.15329,1731.7
3345,43.37768,-122.1532,1737.5
3346,43.37776,-122.15321,1738.8
3347,43.37778,-122.15322,1739.0
3348,43.37786,-122.15326,1739.8
3349,43.37793,-122.15335,1739.7
3350,43.378,-122.15346,1739.6
3351,43.37826,-122.15374,1735.3
3352,43.37848,-122.1538,1732.1
3353,43.37868,-122.15368,1731.5
3354,43.37887,-122.15361,1735.1
3355,43.37895,-122.15358,1737.1
3356,43.37904,-122.15363,1737.9
3357,43.37923,-122.15375,1738.6
3358,43.37964,-122.15408,1739.6
3359,43.37967,-122.1541,1739.9
3360,43.37987,-122.15431,1741.2
3361,43.37994,-122.15443,1741.0
3362,43.37999,-122.1545,1741.1
3363,43.38011,-122.15473,1741.4
3364,43.38022,-122.15509,1743.5
3365,43.3803,-122.15566,1740.5
3366,43.38043,-122.15604,1735.5
3367,43.38073,-122.15675,1734.0
3368,43.38083,-122.1571,1729.6
3369,43.38084,-122.15715,1729.2
3370,43.38086,-122.15759,1724.9
3371,43.38092,-122.15776,1723.3
3372,43.38094,-122.15781,1722.7
3373,43.381,-122.15795,1721.2
3374,43.38131,-122.15818,1720.0
3375,43.38151,-122.15843,1717.7
3376,43.38159,-122.15863,1717.5
3377,43.38168,-122.15884,1718.3
3378,43.38171,-122.15909,1718.4
3379,43.38172,-122.15914,1718.4
3380,43.38168,-122.15965,1717.2
3381,43.38168,-122.16004,1716.2
3382,43.3817,-122.1603,1715.0
3383,43.38181,-122.16052,1715.6
3384,43.38186,-122.16062,1716.0
3385,43.38209,-122.16115,1716.8
3386,43.3821,-122.16118,1716.7
3387,43.38243,-122.16195,1713.0
3388,43.38259,-122.1623,1711.0
3389,43.38269,-122.16236,1710.9
3390,43.38277,-122.16242,1710.7
3391,43.38303,-122.1623,1711.4
3392,43.38323,-122.16213,1711.9
3393,43.38344,-122.16184,1712.8
3394,43.38368,-122.16153,1713.6
3395,43.38396,-122.16115,1713.9
3396,43.38399,-122.1611,1713.9
3397,43.38429,-122.16073,1712.3
3398,43.38467,-122.16022,1711.2
3399,43.38474,-122.16012,1711.1
3400,43.38501,-122.15968,1710.9
3401,43.38517,-122.15934,1712.1
3402,43.38518,-122.15931,1712.3
3403,43.38525,-122.15912,1713.7
3404,43.38535,-122.15887,1715.0
3405,43.38552,-122.15867,1715.6
3406,43.38579,-122.15852,1715.9
3407,43.3858,-122.15851,1716.0
3408,43.38617,-122.15848,1716.3
3409,43.38647,-122.15843,1716.9
3410,43.3865,-122.15842,1716.9
3411,43.38686,-122.15837,1717.4
3412,43.3869,-122.15837,1717.5
3413,43.38722,-122.15839,1717.9
3414,43.38725,-122.15839,1718.0
3415,43.38743,-122.15848,1718.0
3416,43.38761,-122.15877,1716.7
3417,43.38779,-122.15926,1712.7
3418,43.38793,-122.15965,1709.2
3419,43.38813,-122.16014,1704.7
3420,43.38816,-122.16022,1703.8
3421,43.38827,-122.16033,1702.7
3422,43.38843,-122.16043,1702.6
3423,43.38852,-122.16057,1701.9
3424,43.38858,-122.16071,1701.1
3425,43.38867,-122.16138,1695.7
3426,43.38872,-122.16154,1695.2
3427,43.38881,-122.16184,1694.6
3428,43.3889,-122.16197,1694.6
3429,43.38914,-122.16233,1694.3
3430,43.38934,-122.16264,1694.7
3431,43.3894,-122.16267,1694.9
3432,43.38968,-122.16286,1695.6
3433,43.3899,-122.16293,1695.5
3434,43.39007,-122.16298,1695.3
3435,43.39042,-122.16309,1694.5
3436,43.39049,-122.16311,1694.3
3437,43.39084,-122.16312,1693.4
3438,43.39095,-122.1632,1692.7
3439,43.39109,-122.16332,1692.0
3440,43.39122,-122.16351,1691.2
3441,43.3913,-122.16362,1690.9
3442,43.39146,-122.16403,1689.1
3443,43.3916,-122.16418,1688.3
3444,43.39185,-122.16426,1687.6
3445,43.39203,-122.16416,1688.1
3446,43.39212,-122.16412,1688.2
3447,43.39246,-122.16388,1690.6
3448,43.39266,-122.16383,1691.8
3449,43.39281,-122.16386,1692.2
3450,43.39287,-122.16392,1691.9
3451,43.39298,-122.16402,1692.0
3452,43.39322,-122.16421,1693.4
3453,43.39346,-122.16448,1696.4
3454,43.39444,-122.16562,1699.4
3455,43.39469,-122.16574,1699.3
3456,43.39528,-122.16551,1701.1
3457,43.39527,-122.16546,1701.6
3458,43.39546,-122.16542,1703.6
3459,43.39572,-122.16551,1704.8
3460,43.39602,-122.16596,1706.1
3461,43.3964,-122.16686,1705.5
3462,43.39668,-122.16716,1706.7
3463,43.39691,-122.16719,1708.8
3464,43.39707,-122.16714,1709.1
3465,43.39719,-122.16697,1707.6
3466,43.39731,-122.16674,1705.2
3467,43.39762,-122.16636,1701.5
3468,43.3978,-122.16625,1699.6
3469,43.39832,-122.16603,1693.5
3470,43.39866,-122.16583,1687.9
3471,43.3988,-122.16578,1687.2
3472,43.39891,-122.16576,1687.2
3473,43.39899,-122.16577,1687.0
3474,43.39907,-122.16581,1686.7
3475,43.39915,-122.16588,1686.3
3476,43.39935,-122.16621,1682.2
3477,43.39949,-122.16639,1678.5
3478,43.39958,-122.1665,1676.5
3479,43.3997,-122.16658,1675.3
3480,43.39981,-122.16662,1674.6
3481,43.39998,-122.16665,1674.2
3482,43.40031,-122.16665,1673.4
3483,43.4006,-122.16663,1673.0
3484,43.40073,-122.16665,1672.8
3485,43.40084,-122.16668,1672.6
3486,43.401,-122.16677,1670.1
3487,43.40169,-122.16722,1665.1
3488,43.40178,-122.16724,1665.3
3489,43.40267,-122.16777,1657.9
3490,43.4035,-122.16822,1649.5
3491,43.40353,-122.16822,1649.4
3492,43.40384,-122.16827,1648.7
3493,43.40434,-122.1682,1645.0
3494,43.40478,-122.16816,1640.8
3495,43.40505,-122.16814,1639.9
3496,43.40545,-122.16806,1638.7
3497,43.4055,-122.16805,1638.5
3498,43.40609,-122.16794,1636.2
3499,43.40621,-122.16792,1635.9
3500,43.40657,-122.16785,1635.6
3501,43.406629,-122.167857,1635.4
3502,43.40663,-122.16788,1635.3
3503,43.40704,-122.16791,1632.6
3504,43.4076,-122.16802,1629.8
3505,43.40816,-122.16813,1626.2
3506,43.40834,-122.16811,1625.3
3507,43.40843,-122.16808,1625.0
3508,43.408589,-122.16798,1624.6
3509,43.40875,-122.16775,1623.6
3510,43.40881,-122.16762,1622.2
3511,43.40885,-122.16739,1619.8
3512,43.40884,-122.16726,1619.1
3513,43.40879,-122.16701,1617.8
3514,43.40851,-122.16642,1610.2
3515,43.40849,-122.16628,1609.2
3516,43.40848,-122.16606,1608.1
3517,43.408589,-122.16581,1605.0
3518,43.40861,-122.16571,1603.9
3519,43.4086,-122.16554,1602.7
3520,43.40828,-122.16492,1603.9
3521,43.40795,-122.1643,1604.7
3522,43.40747,-122.16343,1607.0
3523,43.40697,-122.16274,1607.1
3524,43.40681,-122.16246,1606.7
3525,43.4065,-122.16165,1605.0
3526,43.40619,-122.16083,1606.0
3527,43.40607,-122.16042,1606.2
3528,43.40592,-122.15966,1606.1
3529,43.405769,-122.15891,1604.8
3530,43.40566,-122.15866,1605.1
3531,43.40549,-122.15833,1604.9
3532,43.40499,-122.15767,1604.8
3533,43.40487,-122.15745,1604.9
3534,43.40477,-122.15721,1605.7
3535,43.40447,-122.15612,1605.3
3536,43.40432,-122.1558,1605.0
3537,43.40416,-122.15555,1605.3
3538,43.40396,-122.15536,1606.6
3539,43.40361,-122.15514,1609.1
3540,43.40349,-122.155,1609.0
3541,43.40341,-122.15487,1608.8
3542,43.40335,-122.15471,1608.0
3543,43.403239,-122.15449,1607.9
3544,43.40311,-122.1543,1608.3
3545,43.40263,-122.15376,1607.9
3546,43.40251,-122.15359,1607.8
3547,43.40216,-122.15286,1607.8
3548,43.40172,-122.15205,1607.2
3549,43.401269,-122.15128,1605.3
3550,43.4012,-122.15102,1603.4
3551,43.40119,-122.15084,1601.8
3552,43.40121,-122.15015,1597.2
3553,43.401269,-122.14942,1595.3
3554,43.40134,-122.1487,1595.1
3555,43.40137,-122.14774,1596.4
3556,43.40137,-122.14743,1599.1
3557,43.40134,-122.1472,1600.9
3558,43.40129,-122.14698,1601.4
3559,43.40117,-122.14659,1602.1
3560,43.40108,-122.14641,1603.7
3561,43.40078,-122.14594,1612.4
3562,43.40065,-122.1457,1613.9
3563,43.40059,-122.14553,1614.5
3564,43.40057,-122.14535,1614.2
3565,43.40059,-122.14516,1613.7
3566,43.40063,-122.14502,1613.5
3567,43.4007,-122.14487,1614.3
3568,43.40081,-122.14471,1615.9
3569,43.40102,-122.1445,1618.7
3570,43.40153,-122.14409,1623.0
3571,43.4017,-122.144,1625.0
3572,43.401829,-122.14398,1625.3
3573,43.40255,-122.14404,1626.7
3574,43.402679,-122.144,1625.9
3575,43.4028,-122.14389,1625.7
3576,43.40288,-122.14378,1625.6
3577,43.40293,-122.14365,1626.0
3578,43.40305,-122.14275,1624.3
3579,43.40311,-122.14247,1619.6
3580,43.4032,-122.14226,1618.4
3581,43.40365,-122.14153,1618.8
3582,43.40404,-122.14102,1617.5
3583,43.40416,-122.14082,1617.0
3584,43.40425,-122.14059,1617.8
3585,43.40433,-122.14036,1618.3
3586,43.40448,-122.13965,1619.3
3587,43.40464,-122.13909,1618.4
3588,43.40491,-122.13855,1620.9
3589,43.40537,-122.13785,1623.3
3590,43.40576,-122.13733,1629.2
3591,43.4059,-122.13716,1631.2
3592,43.4062,-122.13694,1635.9
3593,43.40655,-122.13671,1641.0
3594,43.40681,-122.13657,1644.4
3595,43.40696,-122.13643,1647.3
3596,43.40714,-122.13624,1649.9
3597,43.40735,-122.13593,1651.4
3598,43.40744,-122.13575,1651.3
3599,43.4075,-122.13563,1651.0
3600,43.40753,-122.13544,1650.4
3601,43.40757,-122.13484,1649.2
3602,43.4076,-122.13466,1649.4
3603,43.407649,-122.13445,1649.9
3604,43.40785,-122.13392,1650.6
3605,43.40796,-122.13358,1650.9
3606,43.40801,-122.13336,1650.7
3607,43.408029,-122.13321,1650.4
3608,43.40801,-122.13294,1650.2
3609,43.40793,-122.13272,1650.9
3610,43.40787,-122.1326,1651.5
3611,43.40757,-122.13215,1652.5
3612,43.40747,-122.13195,1652.4
3613,43.40741,-122.13181,1652.2
3614,43.40733,-122.1314,1651.1
3615,43.40733,-122.13108,1649.3
3616,43.40741,-122.13076,1646.4
3617,43.40748,-122.13063,1645.8
3618,43.40789,-122.12999,1644.1
3619,43.40796,-122.12988,1644.0
3620,43.40801,-122.12973,1644.0
3621,43.40807,-122.12943,1644.3
3622,43.40807,-122.12928,1644.4
3623,43.408029,-122.12888,1644.3
3624,43.40802,-122.12865,1644.1
3625,43.40805,-122.12823,1643.1
3626,43.40809,-122.12808,1642.8
3627,43.40816,-122.12793,1642.4
3628,43.40823,-122.12782,1642.0
3629,43.40833,-122.12772,1641.5
3630,43.40853,-122.12758,1640.6
3631,43.40895,-122.12733,1638.2
3632,43.40902,-122.12723,1637.4
3633,43.40916,-122.12695,1635.5
3634,43.40932,-122.12636,1629.3
3635,43.40942,-122.12607,1628.2
3636,43.40954,-122.12582,1627.9
3637,43.409999,-122.12519,1631.2
3638,43.41053,-122.12461,1628.5
3639,43.41062,-122.12446,1627.6
3640,43.41066,-122.12434,1627.1
3641,43.41071,-122.12405,1625.8
3642,43.41071,-122.12391,1624.9
3643,43.41058,-122.12286,1620.0
3644,43.41057,-122.12262,1620.6
3645,43.41058,-122.12249,1620.4
3646,43.41062,-122.12229,1619.4
3647,43.41067,-122.1221,1618.3
3648,43.410739,-122.12193,1616.7
3649,43.41083,-122.1218,1614.9
3650,43.41096,-122.12165,1612.8
3651,43.41117,-122.1215,1610.0
3652,43.41136,-122.12142,1610.1
3653,43.41221,-122.12138,1618.4
3654,43.41229,-122.12136,1618.4
3655,43.41237,-122.1213,1618.7
3656,43.41246,-122.12121,1618.8
3657,43.41263,-122.12097,1617.5
3658,43.41275,-122.12068,1616.5
3659,43.4128,-122.12042,1618.0
3660,43.41292,-122.12016,1618.0
3661,43.412999,-122.12008,1617.6
3662,43.41319,-122.12001,1616.3
3663,43.4134,-122.12002,1614.8
3664,43.41382,-122.12014,1613.2
3665,43.41395,-122.12019,1613.2
3666,43.41407,-122.12018,1613.5
3667,43.41413,-122.12012,1613.8
3668,43.41418,-122.11994,1614.7
3669,43.4142,-122.11949,1617.2
3670,43.41421,-122.11916,1618.8
3671,43.41426,-122.11899,1619.8
3672,43.41435,-122.11877,1621.1
3673,43.414409,-122.11851,1622.0
3674,43.41446,-122.11822,1624.4
3675,43.41447,-122.11784,1625.7
3676,43.41443,-122.11761,1625.1
3677,43.41428,-122.11763,1622.2
3678,43.41417,-122.1176,1620.9
3679,43.41408,-122.11752,1620.1
3680,43.414,-122.1174,1619.2
3681,43.41384,-122.11672,1616.0
3682,43.41353,-122.11645,1610.6
3683,43.4135,-122.11678,1610.7
3684,43.41342,-122.11693,1610.8
3685,43.4133,-122.11709,1610.9
3686,43.41305,-122.11729,1611.0
3687,43.41287,-122.1174,1610.9
3688,43.41249,-122.11754,1610.7
3689,43.41239,-122.11754,1610.6
3690,43.41216,-122.1175,1610.4
3691,43.41208,-122.11745,1610.3
3692,43.411679,-122.11713,1610.0
3693,43.41158,-122.11698,1609.4
3694,43.41152,-122.1169,1609.1
3695,43.41099,-122.11656,1610.0
3696,43.4109,-122.11641,1609.9
3697,43.41081,-122.11631,1610.0
3698,43.410739,-122.11628,1610.2
3699,43.4106,-122.11628,1611.1
3700,43.41032,-122.11639,1613.4
3701,43.4102,-122.11648,1614.3
3702,43.4099,-122.11686,1616.0
3703,43.40982,-122.11708,1616.4
3704,43.40978,-122.11746,1615.0
3705,43.4097,-122.11801,1615.1
3706,43.40975,-122.11821,1611.5
3707,43.40972,-122.11843,1611.0
3708,43.40963,-122.11873,1614.0
3709,43.40964,-122.11894,1612.7
3710,43.4097,-122.11917,1610.8
3711,43.40976,-122.11928,1610.5
3712,43.410089,-122.11978,1611.1
3713,43.4104,-122.1201,1610.0
3714,43.41085,-122.12044,1609.9
3715,43.41098,-122.12065,1609.9
3716,43.41105,-122.1208,1610.0
3717,43.41113,-122.12107,1610.0
3718,43.41117,-122.12129,1610.1
3719,43.41117,-122.1215,1610.0
3720,43.41125,-122.12205,1606.7
3721,43.41125,-122.12233,1600.7
3722,43.4112,-122.12241,1601.5
3723,43.41108,-122.12248,1605.1
3724,43.41105,-122.12283,1603.4
3725,43.41106,-122.12311,1599.8
3726,43.41106,-122.12311,1599.8
3727,43.41108,-122.1236,1590.8
3728,43.41106,-122.12462,1600.9
3729,43.4111,-122.12516,1597.5
3730,43.4111,-122.12546,1595.0
3731,43.411119,-122.12572,1590.6
3732,43.41137,-122.12528,1583.1
3733,43.41152,-122.12552,1575.9
3734,43.41164,-122.12543,1570.9
3735,43.411679,-122.12524,1567.6
3736,43.411679,-122.12491,1562.7
3737,43.41182,-122.12522,1562.7
3738,43.4122,-122.12555,1553.5
3739,43.412529,-122.12575,1549.9
3740,43.41301,-122.12593,1547.5
3741,43.41334,-122.12601,1545.8
3742,43.41362,-122.12613,1543.4
3743,43.41414,-122.12616,1540.1
3744,43.414409,-122.12633,1537.3
3745,43.41452,-122.12644,1537.0
3746,43.41457,-122.12652,1537.3
3747,43.41474,-122.12683,1537.6
3748,43.4148,-122.12693,1537.3
3749,43.41509,-122.12727,1534.6
3750,43.4152,-122.12745,1534.4
3751,43.415439,-122.128,1535.8
3752,43.41552,-122.12811,1535.7
3753,43.41592,-122.12841,1531.0
3754,43.41603,-122.12855,1528.7
3755,43.41612,-122.1287,1526.8
3756,43.41618,-122.12884,1526.3
3757,43.41627,-122.12936,1523.1
3758,43.4163,-122.12945,1521.8
3759,43.41634,-122.12953,1520.2
3760,43.41641,-122.12958,1518.6
3761,43.41683,-122.12965,1517.9
3762,43.41687,-122.1297,1517.1
3763,43.41688,-122.12976,1516.2
3764,43.416759,-122.12997,1510.6
3765,43.41724,-122.13009,1505.5
3766,43.41679,-122.1303,1494.9
3767,43.41701,-122.13041,1492.1
3768,43.41719,-122.13058,1485.0
3769,43.417589,-122.13072,1479.6
3770,43.41696,-122.13077,1474.0
3771,43.4174,-122.13115,1466.5
3772,43.41697,-122.13121,1461.0
3773,43.41718,-122.13158,1452.2
3774,43.41744,-122.13186,1440.0
3775,43.4171,-122.13179,1439.9
3776,43.41706,-122.13199,1431.2
3777,43.41705,-122.13214,1426.9
3778,43.41712,-122.1325,1418.4
3779,43.41713,-122.13272,1414.3
3780,43.41706,-122.13324,1402.6
3781,43.41707,-122.13357,1400.0
3782,43.41705,-122.13374,1398.5
3783,43.41675,-122.13449,1384.0
3784,43.41659,-122.13502,1377.9
3785,43.41657,-122.13518,1376.5
3786,43.4166,-122.13548,1374.7
3787,43.4166,-122.13565,1373.3
3788,43.41657,-122.13575,1372.1
3789,43.41643,-122.13604,1367.5
3790,43.41636,-122.13624,1365.0
3791,43.41633,-122.13637,1363.9
3792,43.41626,-122.13723,1357.9
3793,43.41631,-122.13776,1354.2
3794,43.41631,-122.13792,1353.0
3795,43.41628,-122.13806,1351.5
3796,43.41612,-122.13858,1345.0
3797,43.41611,-122.1387,1343.8
3798,43.41613,-122.13909,1342.7
3799,43.41602,-122.13975,1338.2
3800,43.41595,-122.14047,1334.6
3801,43.41585,-122.14122,1329.5
3802,43.41586,-122.14194,1326.1
3803,43.41588,-122.14222,1324.8
3804,43.41583,-122.14267,1319.2
3805,43.41583,-122.14278,1318.0
3806,43.41586,-122.14295,1317.1
3807,43.4159,-122.14305,1317.2
3808,43.41604,-122.14328,1319.6
3809,43.41627,-122.14378,1321.8
3810,43.41658,-122.14418,1327.5
3811,43.41665,-122.14431,1328.9
3812,43.416849,-122.1452,1319.8
3813,43.41698,-122.14556,1316.9
3814,43.41702,-122.14574,1314.7
3815,43.41702,-122.14591,1311.9
3816,43.41699,-122.146,1309.6
3817,43.41677,-122.14628,1298.1
3818,43.41674,-122.14641,1295.1
3819,43.41675,-122.14671,1291.1
3820,43.4167,-122.14683,1287.6
3821,43.41654,-122.14695,1280.2
3822,43.41646,-122.14705,1276.0
3823,43.41644,-122.14714,1273.7
3824,43.41648,-122.14765,1267.4
3825,43.416469,-122.14826,1265.5
3826,43.41645,-122.14847,1264.9
3827,43.41639,-122.14876,1263.6
3828,43.41636,-122.14886,1263.0
3829,43.41618,-122.14924,1259.8
3830,43.41615,-122.14935,1259.2
3831,43.41616,-122.14998,1256.5
3832,43.41619,-122.1502,1256.1
3833,43.41644,-122.15069,1256.5
3834,43.41677,-122.15114,1257.1
3835,43.416849,-122.15131,1256.5
3836,43.417029,-122.15189,1254.6
3837,43.41712,-122.15231,1251.8
3838,43.41715,-122.1526,1249.2
3839,43.41717,-122.1532,1243.8
3840,43.41729,-122.15402,1239.8
3841,43.41729,-122.1543,1237.3
3842,43.41733,-122.15449,1236.4
3843,43.41761,-122.15538,1231.0
3844,43.41775,-122.15604,1225.7
3845,43.41791,-122.15643,1223.3
3846,43.41798,-122.15652,1223.5
3847,43.41808,-122.15659,1224.1
3848,43.41816,-122.15662,1224.9
3849,43.418259,-122.15665,1225.6
3850,43.41855,-122.15662,1228.8
3851,43.41875,-122.1567,1228.3
3852,43.41887,-122.15678,1227.3
3853,43.41892,-122.15683,1226.5
3854,43.41898,-122.15693,1224.8
3855,43.4191,-122.15738,1213.6
3856,43.41919,-122.15759,1209.4
3857,43.41946,-122.15813,1204.4
3858,43.41981,-122.15857,1204.3
3859,43.41977,-122.15876,1199.4
3860,43.41991,-122.15894,1198.0
3861,43.42007,-122.15911,1195.6
3862,43.41988,-122.15926,1187.9
3863,43.42011,-122.1595,1182.7
3864,43.41997,-122.15974,1178.5
3865,43.420229,-122.16004,1176.1
3866,43.42027,-122.16015,1175.2
3867,43.42026,-122.1603,1173.7
3868,43.42012,-122.16087,1168.2
3869,43.42001,-122.16137,1164.5
3870,43.41992,-122.16166,1162.3
3871,43.4199,-122.16182,1161.2
3872,43.41993,-122.16196,1160.4
3873,43.41998,-122.16206,1159.9
3874,43.42012,-122.16219,1159.6
3875,43.42051,-122.16236,1159.0
3876,43.42083,-122.16254,1158.3
3877,43.42096,-122.16266,1158.0
3878,43.42113,-122.16291,1157.5
3879,43.42119,-122.16296,1157.4
3880,43.421259,-122.163,1157.4
3881,43.42136,-122.16298,1157.7
3882,43.42142,-122.16295,1158.0
3883,43.42165,-122.16269,1159.8
3884,43.42181,-122.16255,1161.1
3885,43.421909,-122.16251,1161.4
3886,43.42198,-122.16252,1161.3
3887,43.4221,-122.16259,1160.4
3888,43.42282,-122.16324,1156.7
3889,43.42296,-122.16331,1156.4
3890,43.42336,-122.16341,1156.2
3891,43.42363,-122.16354,1156.1
3892,43.42396,-122.16376,1156.2
3893,43.42412,-122.1639,1156.2
3894,43.424259,-122.16405,1156.1
3895,43.42463,-122.16455,1155.7
3896,43.42489,-122.16482,1156.3
3897,43.42507,-122.16508,1156.2
3898,43.42519,-122.16539,1155.6
3899,43.42534,-122.16603,1155.6
3900,43.42542,-122.16621,1156.0
3901,43.42549,-122.16632,1156.3
3902,43.42562,-122.16645,1156.9
3903,43.42595,-122.16665,1158.5
3904,43.42628,-122.16691,1161.1
3905,43.42648,-122.1671,1161.4
3906,43.427079,-122.16774,1161.9
3907,43.42716,-122.16789,1160.7
3908,43.42724,-122.16811,1158.7
3909,43.427259,-122.16824,1157.6
3910,43.427259,-122.16867,1156.3
3911,43.42728,-122.16879,1156.6
3912,43.427349,-122.16894,1157.7
3913,43.42745,-122.16906,1159.5
3914,43.42754,-122.16914,1161.3
3915,43.42808,-122.16954,1166.8
3916,43.42846,-122.16989,1165.4
3917,43.42864,-122.17021,1164.3
3918,43.42886,-122.17093,1157.3
3919,43.42906,-122.17134,1156.9
3920,43.42916,-122.17147,1157.8
3921,43.42954,-122.17191,1157.5
3922,43.42992,-122.17235,1155.9
3923,43.43001,-122.17249,1156.1
3924,43.43022,-122.17292,1156.5
3925,43.43032,-122.17307,1156.7
3926,43.43051,-122.17328,1156.6
3927,43.4306,-122.17341,1156.0
3928,43.43072,-122.17367,1154.7
3929,43.43082,-122.17396,1153.9
3930,43.43087,-122.17414,1153.4
3931,43.43092,-122.17446,1151.9
3932,43.43098,-122.17465,1151.1
3933,43.43131,-122.17546,1148.2
3934,43.43152,-122.17603,1146.5
3935,43.43191,-122.17666,1146.0
3936,43.432229,-122.17712,1146.4
3937,43.43231,-122.17731,1145.9
3938,43.432429,-122.17765,1144.6
3939,43.43247,-122.17785,1143.7
3940,43.43248,-122.17805,1143.0
3941,43.43245,-122.17823,1142.3
3942,43.43228,-122.17861,1141.1
3943,43.43213,-122.17917,1140.1
3944,43.43207,-122.17926,1140.1
3945,43.43201,-122.1793,1140.2
3946,43.43175,-122.17938,1141.3
3947,43.43169,-122.17947,1141.7
3948,43.43168,-122.17961,1141.8
3949,43.43173,-122.17979,1141.6
3950,43.43186,-122.18002,1141.0
3951,43.431959,-122.18014,1140.5
3952,43.43208,-122.18023,1140.1
3953,43.4322,-122.18029,1139.5
3954,43.43242,-122.18035,1138.4
3955,43.43255,-122.1804,1137.9
3956,43.43265,-122.18051,1137.5
3957,43.432989,-122.1813,1136.8
3958,43.43336,-122.18187,1134.9
3959,43.43362,-122.18209,1133.9
3960,43.43372,-122.18221,1133.5
3961,43.43396,-122.18257,1132.6
3962,43.43409,-122.18283,1132.0
3963,43.43431,-122.1831,1130.9
3964,43.43441,-122.18335,1130.3
3965,43.43452,-122.18348,1129.9
3966,43.43472,-122.18368,1128.8
3967,43.43485,-122.18373,1128.1
3968,43.43527,-122.18386,1125.8
3969,43.43568,-122.18406,1123.4
3970,43.43619,-122.18441,1123.0
3971,43.4366,-122.18462,1122.9
3972,43.43674,-122.18468,1122.8
3973,43.437109,-122.1847,1122.4
3974,43.4372,-122.18476,1122.3
3975,43.43724,-122.18482,1122.3
3976,43.4373,-122.18494,1122.1
3977,43.43735,-122.18513,1121.9
3978,43.43737,-122.18537,1121.5
3979,43.437399,-122.18613,1121.0
3980,43.43743,-122.18624,1120.9
3981,43.43748,-122.18636,1120.8
3982,43.43772,-122.18673,1120.3
3983,43.43792,-122.18717,1119.5
3984,43.43806,-122.18738,1118.8
3985,43.438249,-122.18762,1117.6
3986,43.43858,-122.1879,1114.1
3987,43.43889,-122.18839,1111.4
3988,43.4392,-122.18888,1111.0
3989,43.439459,-122.18922,1111.8
3990,43.439549,-122.18937,1111.6
3991,43.43963,-122.18956,1111.1
3992,43.43969,-122.18985,1110.2
3993,43.43977,-122.19003,1109.5
3994,43.44001,-122.19028,1108.3
3995,43.44013,-122.19044,1107.9
3996,43.44025,-122.19057,1107.4
3997,43.44073,-122.19101,1105.4
3998,43.44082,-122.19112,1104.7
3999,43.44095,-122.19153,1102.7
4000,43.44103,-122.19172,1101.4
4001,43.44119,-122.19202,1099.6
4002,43.4414,-122.1925,1099.5
4003,43.44147,-122.1927,1099.5
4004,43.44149,-122.19284,1099.6
4005,43.4415,-122.19339,1099.0
4006,43.44152,-122.19357,1098.5
4007,43.441719,-122.19359,1097.6
4008,43.44185,-122.19357,1097.2
4009,43.44195,-122.19351,1097.0
4010,43.44223,-122.19326,1096.8
4011,43.44254,-122.19292,1096.5
4012,43.442659,-122.19281,1096.5
4013,43.44272,-122.19307,1096.4
4014,43.44274,-122.19323,1096.2
4015,43.4427,-122.19355,1096.0
4016,43.44277,-122.19414,1095.6
4017,43.44277,-122.19455,1095.2
4018,43.44282,-122.19487,1094.7
4019,43.44286,-122.19497,1094.5
4020,43.44292,-122.19506,1094.3
4021,43.44305,-122.19514,1094.0
4022,43.44349,-122.19532,1093.1
4023,43.44382,-122.19557,1091.7
4024,43.44406,-122.19565,1091.1
4025,43.44428,-122.19578,1090.2
4026,43.44437,-122.19587,1089.7
4027,43.44449,-122.19605,1088.6
4028,43.44462,-122.19643,1087.5
4029,43.44466,-122.19652,1087.4
4030,43.44474,-122.19663,1087.6
4031,43.44491,-122.19677,1086.5
4032,43.44506,-122.19695,1086.4
4033,43.44516,-122.19704,1086.4
4034,43.44544,-122.19719,1086.4
4035,43.44561,-122.19739,1085.2
4036,43.44601,-122.1976,1084.6
4037,43.44619,-122.19778,1084.7
4038,43.44642,-122.1982,1085.0
4039,43.446599,-122.19838,1085.0
4040,43.446689,-122.19849,1084.7
4041,43.44673,-122.1986,1084.6
4042,43.44697,-122.19926,1084.6
4043,43.44721,-122.19992,1084.6
4044,43.44728,-122.20007,1084.6
4045,43.447539,-122.20052,1084.6
4046,43.44768,-122.20095,1084.6
4047,43.447719,-122.2012,1084.6
4048,43.44777,-122.20138,1084.6
4049,43.44782,-122.20147,1084.9
4050,43.44809,-122.20171,1087.2
4051,43.448189,-122.20182,1088.2
4052,43.44827,-122.20196,1088.8
4053,43.44842,-122.20229,1089.5
4054,43.44849,-122.20256,1089.2
4055,43.4485,-122.20284,1088.4
4056,43.4485,-122.20312,1087.5
4057,43.44852,-122.20327,1087.3
4058,43.44859,-122.20351,1087.6
4059,43.44862,-122.20374,1087.6
4060,43.44862,-122.20386,1087.4
4061,43.44855,-122.20431,1086.6
4062,43.44853,-122.20447,1086.3
4063,43.44855,-122.20482,1086.0
4064,43.44858,-122.20504,1085.9
4065,43.44863,-122.20516,1086.1
4066,43.44877,-122.2054,1086.5
4067,43.4489,-122.20571,1086.5
4068,43.44899,-122.20585,1086.5
4069,43.44927,-122.20622,1086.9
4070,43.4493,-122.2063,1086.7
4071,43.44939,-122.20661,1085.6
4072,43.44943,-122.20686,1083.8
4073,43.44947,-122.20701,1083.1
4074,43.449599,-122.20726,1082.6
4075,43.449689,-122.2075,1082.3
4076,43.44971,-122.20766,1081.9
4077,43.44972,-122.20819,1080.5
4078,43.44975,-122.20852,1080.6
4079,43.44991,-122.20936,1074.2
4080,43.45018,-122.21015,1069.3
4081,43.450249,-122.21029,1068.9
4082,43.45037,-122.21047,1069.0
4083,43.45079,-122.21096,1068.1
4084,43.4512,-122.21133,1064.6
4085,43.4516,-122.2117,1062.1
4086,43.4517,-122.21175,1061.6
4087,43.45197,-122.21177,1063.1
4088,43.4521,-122.21186,1063.2
4089,43.45225,-122.21209,1062.0
4090,43.45235,-122.2123,1060.7
4091,43.45241,-122.21245,1059.8
4092,43.45247,-122.21282,1057.4
4093,43.45254,-122.21302,1056.5
4094,43.45264,-122.21316,1056.0
4095,43.45302,-122.21353,1052.8
4096,43.45346,-122.21407,1049.6
4097,43.45365,-122.21434,1048.5
4098,43.45391,-122.21475,1046.7
4099,43.454,-122.21485,1046.2
4100,43.4544,-122.21506,1045.2
4101,43.45503,-122.21558,1041.9
4102,43.45524,-122.21572,1041.4
4103,43.45582,-122.21596,1043.2
4104,43.45639,-122.216,1046.0
4105,43.45679,-122.21607,1044.8
4106,43.45704,-122.21614,1043.1
4107,43.45728,-122.21625,1040.9
4108,43.45743,-122.21628,1039.7
4109,43.45805,-122.21629,1034.1
4110,43.45824,-122.21626,1032.2
4111,43.45846,-122.21617,1030.7
4112,43.45876,-122.21611,1028.9
4113,43.459359,-122.21609,1025.9
4114,43.45942,-122.21601,1026.0
4115,43.45941,-122.21569,1027.7
4116,43.45949,-122.21553,1028.3
4117,43.45966,-122.21563,1027.0
4118,43.45973,-122.21565,1026.7
4119,43.46028,-122.21595,1024.3
4120,43.46042,-122.21606,1023.7
4121,43.4605,-122.21622,1023.1
4122,43.46056,-122.21641,1022.3
4123,43.46064,-122.21656,1021.6
4124,43.460859,-122.21676,1020.7
4125,43.46101,-122.21683,1020.3
4126,43.4612,-122.21687,1020.1
4127,43.46135,-122.21693,1019.9
4128,43.46184,-122.21726,1019.4
4129,43.46193,-122.21738,1019.2
4130,43.46197,-122.21747,1018.8
4131,43.46214,-122.2179,1016.8
4132,43.4623,-122.21818,1015.6
4133,43.46251,-122.21865,1013.4
4134,43.4626,-122.21881,1012.7
4135,43.4628,-122.21905,1011.7
4136,43.46289,-122.21915,1011.2
4137,43.46303,-122.21925,1010.9
4138,43.463389,-122.21935,1010.1
4139,43.46349,-122.21941,1009.9
4140,43.46362,-122.21952,1009.5
4141,43.463859,-122.21978,1008.4
4142,43.46443,-122.2202,1006.3
4143,43.46456,-122.22032,1005.9
4144,43.4646,-122.22039,1005.5
4145,43.46483,-122.22095,1003.3
4146,43.4649,-122.22109,1002.6
4147,43.46499,-122.22119,1002.0
4148,43.46528,-122.22147,1000.8
4149,43.46552,-122.22173,1000.5
4150,43.46567,-122.22195,1000.0
4151,43.46591,-122.22245,999.0
4152,43.46601,-122.22255,999.0
4153,43.46614,-122.22262,999.3
4154,43.46646,-122.2227,1000.3
4155,43.46658,-122.22279,1001.2
4156,43.46662,-122.22286,1001.6
4157,43.46663,-122.22293,1001.6
4158,43.46662,-122.22303,1001.3
4159,43.46655,-122.22325,1000.5
4160,43.46652,-122.22345,1000.1
4161,43.46649,-122.22421,999.0
4162,43.46651,-122.22444,999.0
4163,43.46655,-122.22462,999.1
4164,43.46661,-122.22481,999.4
4165,43.46688,-122.22542,1000.4
4166,43.4671,-122.22625,999.8
4167,43.46711,-122.22648,999.4
4168,43.467149,-122.22664,999.3
4169,43.46722,-122.22678,999.2
4170,43.46728,-122.22686,999.2
4171,43.4675,-122.2271,999.1
4172,43.4676,-122.22726,998.9
4173,43.46767,-122.22734,998.8
4174,43.46791,-122.22743,999.1
4175,43.46803,-122.2275,999.2
4176,43.468089,-122.22757,999.2
4177,43.46849,-122.2283,996.9
4178,43.46871,-122.22862,994.9
4179,43.468829,-122.22891,992.1
4180,43.46892,-122.22905,991.2
4181,43.46952,-122.22971,982.3
4182,43.4697,-122.22975,981.6
4183,43.46964,-122.23015,976.8
4184,43.46967,-122.23025,976.7
4185,43.469769,-122.23039,976.9
4186,43.46986,-122.23043,976.9
4187,43.47036,-122.23042,975.0
4188,43.4705,-122.23047,974.3
4189,43.47067,-122.23064,973.5
4190,43.4709,-122.23093,973.2
4191,43.47155,-122.2313,973.2
4192,43.47183,-122.23151,973.2
4193,43.47198,-122.23164,973.3
4194,43.47211,-122.23185,973.4
4195,43.47237,-122.23245,973.4
4196,43.47249,-122.2328,973.6
4197,43.47257,-122.23314,974.9
4198,43.4726,-122.23331,976.1
4199,43.47261,-122.23352,977.0
4200,43.472499,-122.23458,971.1
4201,43.472499,-122.23481,968.6
4202,43.47257,-122.23497,968.2
4203,43.47267,-122.23515,967.9
4204,43.47271,-122.23525,967.2
4205,43.47286,-122.23569,961.6
4206,43.47293,-122.23584,959.7
4207,43.47309,-122.23609,958.4
4208,43.47319,-122.2363,956.9
4209,43.47333,-122.23654,954.9
4210,43.47339,-122.23666,954.4
4211,43.47346,-122.23687,953.7
4212,43.47354,-122.23701,953.5
4213,43.47384,-122.2373,952.9
4214,43.47411,-122.23768,951.6
4215,43.47422,-122.23779,952.1
4216,43.47431,-122.23784,953.0
4217,43.47455,-122.23789,956.3
4218,43.47461,-122.23797,956.7
4219,43.47487,-122.23842,959.0
4220,43.47508,-122.23873,962.7
4221,43.47518,-122.2389,964.8
4222,43.47523,-122.23903,965.3
4223,43.47527,-122.23915,965.4
4224,43.47534,-122.23955,963.8
4225,43.47544,-122.24001,963.1
4226,43.47551,-122.24049,960.7
4227,43.475589,-122.24092,959.2
4228,43.47561,-122.24116,958.3
4229,43.47561,-122.24159,955.7
4230,43.47563,-122.2418,955.2
4231,43.4757,-122.24216,954.9
4232,43.47576,-122.24267,952.9
4233,43.47581,-122.24288,952.4
4234,43.47603,-122.24343,953.5
4235,43.47638,-122.2442,955.5
4236,43.4765,-122.24478,952.7
4237,43.47657,-122.24497,952.7
4238,43.47703,-122.24596,952.3
4239,43.47723,-122.24658,950.1
4240,43.47743,-122.24694,950.3
4241,43.47764,-122.24713,952.1
4242,43.47772,-122.24726,952.1
4243,43.47792,-122.24788,949.4
4244,43.478029,-122.24815,947.9
4245,43.47857,-122.24892,944.2
4246,43.4786,-122.24933,941.6
4247,43.47872,-122.24964,941.6
4248,43.47871,-122.25008,941.0
4249,43.47861,-122.25032,927.8
4250,43.47864,-122.25048,926.0
4251,43.47868,-122.25056,926.8
4252,43.47885,-122.25076,933.4
4253,43.47902,-122.25104,933.5
4254,43.47913,-122.25131,935.1
4255,43.4792,-122.2514,935.2
4256,43.47936,-122.25153,937.0
4257,43.47973,-122.25217,932.0
4258,43.47974,-122.25239,930.3
4259,43.47986,-122.25241,931.1
4260,43.47978,-122.25274,926.9
4261,43.47994,-122.25316,924.4
4262,43.48005,-122.25351,919.7
4263,43.48018,-122.25368,918.9
4264,43.48037,-122.25383,918.7
4265,43.48058,-122.25394,918.7
4266,43.48069,-122.25395,919.2
4267,43.48079,-122.25392,920.0
4268,43.481,-122.25372,922.3
4269,43.4811,-122.2537,922.2
4270,43.481409,-122.25377,921.0
4271,43.48154,-122.25384,920.4
4272,43.4816,-122.25389,920.0
4273,43.48175,-122.2541,918.5
4274,43.48206,-122.25463,911.6
4275,43.4821,-122.2548,908.6
4276,43.48225,-122.2549,905.8
4277,43.48234,-122.2551,902.3
4278,43.4825,-122.2553,900.4
4279,43.48263,-122.25541,898.8
4280,43.48275,-122.25537,900.4
4281,43.4828,-122.25541,899.8
4282,43.48281,-122.25551,897.6
4283,43.48295,-122.25579,892.2
4284,43.48302,-122.25585,891.5
4285,43.48361,-122.25618,888.6
4286,43.48371,-122.25628,885.8
4287,43.48383,-122.25671,876.4
4288,43.48388,-122.25703,867.0
4289,43.48407,-122.25718,866.7
4290,43.48422,-122.25726,867.2
4291,43.48474,-122.25741,869.8
4292,43.4849,-122.25748,867.5
4293,43.48503,-122.25757,868.9
4294,43.48514,-122.25774,869.7
4295,43.485349,-122.25797,875.0
4296,43.485439,-122.2581,875.4
4297,43.4857,-122.25867,866.2
4298,43.48608,-122.25926,862.4
4299,43.486579,-122.25982,858.3
4300,43.48709,-122.26037,849.0
4301,43.48719,-122.26045,848.6
4302,43.487319,-122.26044,850.5
4303,43.48766,-122.26076,849.7
4304,43.4878,-122.26093,848.2
4305,43.48792,-122.26105,846.4
4306,43.48806,-122.26115,845.1
4307,43.48868,-122.26147,843.3
4308,43.48944,-122.26194,840.9
4309,43.48984,-122.26182,858.1
4310,43.48995,-122.26185,859.2
4311,43.49024,-122.26213,852.9
4312,43.4905,-122.2622,851.1
4313,43.49106,-122.26257,845.8
4314,43.49141,-122.26276,841.5
4315,43.49174,-122.26282,838.9
4316,43.49239,-122.26283,853.6
4317,43.49269,-122.26295,853.5
4318,43.493,-122.26321,845.1
4319,43.49318,-122.26331,842.4
4320,43.49333,-122.26341,843.8
4321,43.49359,-122.26366,843.7
4322,43.49387,-122.26385,844.6
4323,43.49397,-122.26397,842.7
4324,43.49411,-122.26425,835.5
4325,43.49423,-122.26434,837.7
4326,43.49429,-122.26447,834.0
4327,43.49431,-122.26466,827.7
4328,43.49436,-122.26489,826.6
4329,43.49442,-122.26502,826.8
4330,43.49457,-122.26507,828.4
4331,43.49498,-122.26568,834.3
4332,43.49514,-122.26602,836.8
4333,43.49518,-122.26614,836.4
4334,43.49525,-122.26662,830.1
4335,43.49527,-122.26742,827.9
4336,43.4953,-122.26758,827.5
4337,43.495399,-122.2678,826.7
4338,43.49566,-122.26828,821.5
4339,43.49575,-122.2684,820.9
4340,43.49611,-122.26878,820.3
4341,43.49678,-122.26958,818.0
4342,43.49697,-122.27006,818.0
4343,43.49703,-122.27026,818.5
4344,43.49707,-122.27051,818.3
4345,43.49705,-122.2707,817.8
4346,43.49698,-122.2711,816.0
4347,43.49697,-122.27137,815.1
4348,43.497,-122.27156,815.1
4349,43.49709,-122.27191,815.8
4350,43.49732,-122.27234,816.6
4351,43.49741,-122.27257,816.8
4352,43.49748,-122.27287,816.7
4353,43.4975,-122.27309,816.4
4354,43.49749,-122.27321,816.2
4355,43.497459,-122.27332,815.9
4356,43.49736,-122.27354,815.3
4357,43.49731,-122.27368,815.0
4358,43.4973,-122.27377,814.8
4359,43.49731,-122.27387,814.8
4360,43.49743,-122.27439,814.3
4361,43.49747,-122.27458,814.1
4362,43.49758,-122.27487,813.6
4363,43.49766,-122.27502,813.3
4364,43.49778,-122.27518,812.6
4365,43.49787,-122.27525,812.1
4366,43.49822,-122.27545,809.0
4367,43.49875,-122.27582,807.5
4368,43.49923,-122.27611,808.7
4369,43.4995,-122.27637,810.0
4370,43.49992,-122.27683,810.2
4371,43.50002,-122.27697,809.7
4372,43.5001,-122.27714,808.8
4373,43.50014,-122.27734,807.7
4374,43.50016,-122.278,805.5
4375,43.5002,-122.27817,805.6
4376,43.50025,-122.27831,805.6
4377,43.50029,-122.27839,805.6
4378,43.50038,-122.27852,805.7
4379,43.50054,-122.2787,805.9
4380,43.50064,-122.27884,805.9
4381,43.500749,-122.27904,805.8
4382,43.50085,-122.27918,805.7
4383,43.50094,-122.27924,805.8
4384,43.50101,-122.27925,805.9
4385,43.50125,-122.2792,805.9
4386,43.50139,-122.27919,806.3
4387,43.5015,-122.27922,807.1
4388,43.50157,-122.27927,807.5
4389,43.50167,-122.2794,807.7
4390,43.50182,-122.27985,806.8
4391,43.50202,-122.2804,805.2
4392,43.50223,-122.28095,802.9
4393,43.50226,-122.2811,802.1
4394,43.50227,-122.28149,799.4
4395,43.5023,-122.28185,797.0
4396,43.50236,-122.28218,795.0
4397,43.50245,-122.28252,793.5
4398,43.50257,-122.28281,792.7
4399,43.50264,-122.28292,792.5
4400,43.50269,-122.28297,792.5
4401,43.50302,-122.28317,792.8
4402,43.50313,-122.28329,792.6
4403,43.50321,-122.2834,792.4
4404,43.50344,-122.28402,791.3
4405,43.50367,-122.28454,791.0
4406,43.50381,-122.28493,790.6
4407,43.50403,-122.28523,790.6
4408,43.50409,-122.28538,790.5
4409,43.50419,-122.28577,790.2
4410,43.50424,-122.28613,789.8
4411,43.50426,-122.2864,789.4
4412,43.50413,-122.28735,787.4
4413,43.50413,-122.28765,786.7
4414,43.50417,-122.28835,784.8
4415,43.50418,-122.28929,783.4
4416,43.50421,-122.28966,783.0
4417,43.50435,-122.29065,782.4
4418,43.504309,-122.29092,782.5
4419,43.50419,-122.29129,782.4
4420,43.50417,-122.2915,782.5
4421,43.50419,-122.29159,782.5
4422,43.50423,-122.29168,782.6
4423,43.50458,-122.29203,783.3
4424,43.50462,-122.29211,783.4
4425,43.50464,-122.29219,783.4
4426,43.50463,-122.29229,783.2
4427,43.50458,-122.29247,782.7
4428,43.50436,-122.29313,782.0
4429,43.50435,-122.29363,782.8
4430,43.50442,-122.29415,783.3
4431,43.50441,-122.29449,783.3
4432,43.50443,-122.29464,783.4
4433,43.50456,-122.29522,783.4
4434,43.50462,-122.29534,783.4
4435,43.50479,-122.29559,783.5
4436,43.50484,-122.29571,783.5
4437,43.50492,-122.29598,783.3
4438,43.50506,-122.29636,782.9
4439,43.50507,-122.29686,781.8
4440,43.50504,-122.29695,781.4
4441,43.50497,-122.29704,781.0
4442,43.50448,-122.2972,778.5
4443,43.50434,-122.2973,777.2
4444,43.50426,-122.29738,776.3
4445,43.50409,-122.29763,774.0
4446,43.50396,-122.29794,771.6
4447,43.50376,-122.29847,769.1
4448,43.50373,-122.29872,768.8
4449,43.50372,-122.29898,768.7
4450,43.50368,-122.29909,768.7
4451,43.5033,-122.29945,767.9
4452,43.50315,-122.29956,767.6
4453,43.50274,-122.2998,766.6
4454,43.50257,-122.29993,766.1
4455,43.5025,-122.30003,765.9
4456,43.50246,-122.30014,765.8
4457,43.50245,-122.30024,765.7
4458,43.50253,-122.30097,765.5
4459,43.50268,-122.30149,765.7
4460,43.50271,-122.30189,765.6
4461,43.50276,-122.30208,765.7
4462,43.50282,-122.30217,765.9
4463,43.50289,-122.30222,766.1
4464,43.50307,-122.30233,766.9
4465,43.50334,-122.30246,768.3
4466,43.5034,-122.30252,768.5
4467,43.50356,-122.30278,769.2
4468,43.50368,-122.3029,769.6
4469,43.50396,-122.30306,770.7
4470,43.50408,-122.30315,771.1
4471,43.50416,-122.30328,771.1
4472,43.504219,-122.30347,770.7
4473,43.50423,-122.30367,769.9
4474,43.50414,-122.30449,769.2
4475,43.50412,-122.3051,768.9
4476,43.50407,-122.30529,768.5
4477,43.50399,-122.30547,768.0
4478,43.5039,-122.30561,767.3
4479,43.50345,-122.30615,764.3
4480,43.50334,-122.30638,763.4
4481,43.50321,-122.30685,761.9
4482,43.50313,-122.30761,760.6
4483,43.50305,-122.30811,760.1
4484,43.50304,-122.30865,760.5
4485,43.5031,-122.30925,761.4
4486,43.50314,-122.30945,761.8
4487,43.50338,-122.31007,763.8
4488,43.50352,-122.31013,764.8
4489,43.50369,-122.31096,766.3
4490,43.50374,-122.31137,766.5
4491,43.5039,-122.31179,767.3
4492,43.50391,-122.31188,767.3
4493,43.5039,-122.31206,767.0
4494,43.50385,-122.31235,766.5
4495,43.50376,-122.31261,766.0
4496,43.50365,-122.3133,766.0
4497,43.50361,-122.31345,765.8
4498,43.50353,-122.31371,765.6
4499,43.50317,-122.3145,763.7
4500,43.50303,-122.31488,763.0
4501,43.50289,-122.31542,762.6
4502,43.50277,-122.31617,762.4
4503,43.50276,-122.31657,762.7
4504,43.50278,-122.31679,763.0
4505,43.50287,-122.31713,764.0
4506,43.50305,-122.31753,765.8
4507,43.50313,-122.31778,767.1
4508,43.50317,-122.31802,768.4
4509,43.50316,-122.31817,768.9
4510,43.50312,-122.31831,769.2
4511,43.50305,-122.31844,769.1
4512,43.50291,-122.31861,768.5
4513,43.50282,-122.3187,768.0
4514,43.50259,-122.31886,766.8
4515,43.50247,-122.31897,766.8
4516,43.5024,-122.31906,767.0
4517,43.50236,-122.31915,767.3
4518,43.50218,-122.31971,770.8
4519,43.5021,-122.3199,772.4
4520,43.50192,-122.32017,774.7
4521,43.50173,-122.32034,775.0
4522,43.50125,-122.32069,772.7
4523,43.50101,-122.3209,771.2
4524,43.50071,-122.32125,769.9
4525,43.500459,-122.32163,769.0
4526,43.50005,-122.32242,769.0
4527,43.49998,-122.32271,770.9
4528,43.49989,-122.32338,774.1
4529,43.4998,-122.32379,775.0
4530,43.499519,-122.32447,776.1
4531,43.49925,-122.32515,775.3
4532,43.49915,-122.3253,774.7
4533,43.49898,-122.32548,773.5
4534,43.49882,-122.32559,772.2
4535,43.49798,-122.32601,764.4
4536,43.49773,-122.32617,764.0
4537,43.49759,-122.32633,765.3
4538,43.49706,-122.32733,776.7
4539,43.49696,-122.3276,777.5
4540,43.496899,-122.32789,777.4
4541,43.49688,-122.32817,777.2
4542,43.49687,-122.32893,774.6
4543,43.49687,-122.32969,770.0
4544,43.49692,-122.33031,767.7
4545,43.496989,-122.33065,767.4
4546,43.49698,-122.33077,766.3
4547,43.49689,-122.33079,764.2
4548,43.49679,-122.33087,761.9
4549,43.49677,-122.33092,761.3
4550,43.49676,-122.33101,760.7
4551,43.49691,-122.33202,757.5
4552,43.49695,-122.33232,757.5
4553,43.49692,-122.33269,756.6
4554,43.49693,-122.33303,756.3
4555,43.49703,-122.33345,756.4
4556,43.49703,-122.33351,756.4
4557,43.49701,-122.33357,756.2
4558,43.49678,-122.33396,754.6
4559,43.49671,-122.3342,754.2
4560,43.4967,-122.33448,754.2
4561,43.49665,-122.33467,754.0
4562,43.49626,-122.3351,752.7
4563,43.49571,-122.33605,752.8
4564,43.49553,-122.33632,752.9
4565,43.49544,-122.33649,753.0
4566,43.49529,-122.33652,752.0
4567,43.49514,-122.33661,750.9
4568,43.49505,-122.33668,750.3
4569,43.494729,-122.33705,748.2
4570,43.49434,-122.33757,744.2
4571,43.49422,-122.33767,743.5
4572,43.49407,-122.33774,742.6
4573,43.49382,-122.33779,740.9
4574,43.49363,-122.33779,739.5
4575,43.49354,-122.33777,738.8
4576,43.49332,-122.33763,737.3
4577,43.49297,-122.33722,735.0
4578,43.49292,-122.33719,734.7
4579,43.49283,-122.33716,734.1
4580,43.49269,-122.33721,733.2
4581,43.49237,-122.33742,729.3
4582,43.4923,-122.3375,728.3
4583,43.49224,-122.33768,727.3
4584,43.49213,-122.33825,724.6
4585,43.49205,-122.33889,721.6
4586,43.49198,-122.33953,717.9
4587,43.49196,-122.33978,716.8
4588,43.492019,-122.34056,716.2
4589,43.49196,-122.34114,709.0
4590,43.49197,-122.34147,710.8
4591,43.49205,-122.34212,713.8
4592,43.49218,-122.34256,717.1
4593,43.49223,-122.34307,719.7
4594,43.49221,-122.34359,723.1
4595,43.49214,-122.34423,725.7
4596,43.49201,-122.34483,725.6
4597,43.4919,-122.34546,724.4
4598,43.491729,-122.34606,718.1
4599,43.491549,-122.34654,715.5
4600,43.49129,-122.34704,711.3
4601,43.49121,-122.34722,710.4
4602,43.49092,-122.34821,708.5
4603,43.49084,-122.3484,707.5
4604,43.49053,-122.34908,700.1
4605,43.49046,-122.34932,700.5
4606,43.49033,-122.35036,702.5
4607,43.4902,-122.35127,706.6
4608,43.49008,-122.35187,706.1
4609,43.48996,-122.35236,703.6
4610,43.48978,-122.35322,701.3
4611,43.48975,-122.35356,701.8
4612,43.48974,-122.35394,701.3
4613,43.48977,-122.35435,701.7
4614,43.489759,-122.35455,703.3
4615,43.48971,-122.35473,704.1
4616,43.48965,-122.35487,703.9
4617,43.48934,-122.35545,699.4
4618,43.489289,-122.35564,699.5
4619,43.48927,-122.35637,699.7
4620,43.48925,-122.35657,700.6
4621,43.48913,-122.35729,699.8
4622,43.489109,-122.3575,699.1
4623,43.48914,-122.35779,698.7
4624,43.48926,-122.35832,699.4
4625,43.48948,-122.35905,702.1
4626,43.48955,-122.35945,700.9
4627,43.48955,-122.3596,698.9
4628,43.48951,-122.36051,690.0
4629,43.48944,-122.36106,687.4
4630,43.48939,-122.3616,685.8
4631,43.48935,-122.36189,683.4
4632,43.48924,-122.3623,683.0
4633,43.48885,-122.3631,679.7
4634,43.48872,-122.36322,678.6
4635,43.48845,-122.36332,676.4
4636,43.48834,-122.36338,675.4
4637,43.488259,-122.36346,674.6
4638,43.48792,-122.36401,672.0
4639,43.48757,-122.36437,672.6
4640,43.4875,-122.36446,672.7
4641,43.487319,-122.36483,672.8
4642,43.487229,-122.36514,672.6
4643,43.48717,-122.36601,671.7
4644,43.48716,-122.36636,670.9
4645,43.48721,-122.36677,670.7
4646,43.4873,-122.36737,670.8
4647,43.48734,-122.3675,670.9
4648,43.487609,-122.36803,671.4
4649,43.48781,-122.36851,673.0
4650,43.48784,-122.36862,673.3
4651,43.48785,-122.36884,673.3
4652,43.48785,-122.36964,672.3
4653,43.48787,-122.36979,672.3
4654,43.48792,-122.37008,672.6
4655,43.48802,-122.37053,672.6
4656,43.48814,-122.37097,671.8
4657,43.48818,-122.37118,671.6
4658,43.48818,-122.37163,669.9
4659,43.48813,-122.37213,667.8
4660,43.48823,-122.37267,667.1
4661,43.48827,-122.3728,667.1
4662,43.48832,-122.37286,667.4
4663,43.48838,-122.37291,667.9
4664,43.48884,-122.37304,672.2
4665,43.48897,-122.37311,674.0
4666,43.48907,-122.37321,675.2
4667,43.48923,-122.37354,676.6
4668,43.48931,-122.37373,677.7
4669,43.48936,-122.3739,678.1
4670,43.48938,-122.37405,678.0
4671,43.48939,-122.37421,677.8
4672,43.48937,-122.3744,676.7
4673,43.489289,-122.37484,673.4
4674,43.48927,-122.37586,673.0
4675,43.48922,-122.37629,671.7
4676,43.489109,-122.37685,667.9
4677,43.48904,-122.37738,665.3
4678,43.48899,-122.37761,663.6
4679,43.48891,-122.37787,660.9
4680,43.48898,-122.37812,662.3
4681,43.48897,-122.37825,661.7
4682,43.48897,-122.37868,661.0
4683,43.48901,-122.37937,660.5
4684,43.48909,-122.37956,662.9
4685,43.48893,-122.37959,658.4
4686,43.48886,-122.37965,657.4
4687,43.48881,-122.37972,656.8
4688,43.48879,-122.37982,656.6
4689,43.48879,-122.38001,656.7
4690,43.48877,-122.38017,656.7
4691,43.488639,-122.38062,656.2
4692,43.48862,-122.38084,656.1
4693,43.48863,-122.381,656.2
4694,43.48871,-122.38132,656.4
4695,43.48875,-122.3814,656.5
4696,43.48883,-122.38148,656.9
4697,43.48903,-122.3816,658.3
4698,43.4891,-122.38169,658.7
4699,43.48935,-122.38225,658.9
4700,43.48957,-122.38281,658.1
4701,43.4897,-122.3837,656.3
4702,43.48972,-122.38388,655.9
4703,43.48969,-122.38407,655.4
4704,43.48957,-122.3845,653.6
4705,43.48956,-122.38471,652.8
4706,43.48957,-122.3848,652.6
4707,43.48963,-122.38491,652.6
4708,43.48984,-122.38506,653.5
4709,43.49006,-122.38533,654.3
4710,43.4902,-122.38543,655.4
4711,43.49028,-122.38551,656.0
4712,43.49046,-122.38584,656.9
4713,43.4906,-122.38603,657.9
4714,43.49097,-122.38695,659.4
4715,43.49104,-122.38716,660.2
4716,43.49106,-122.38731,660.8
4717,43.491079,-122.38749,661.8
4718,43.49105,-122.3877,661.9
4719,43.49101,-122.38786,661.6
4720,43.49089,-122.3882,660.9
4721,43.49081,-122.3886,662.9
4722,43.49076,-122.38877,663.1
4723,43.49056,-122.38934,663.0
4724,43.49029,-122.38992,660.1
4725,43.49027,-122.39009,660.7
4726,43.4903,-122.39023,662.7
4727,43.49038,-122.39048,667.1
4728,43.49041,-122.39067,668.7
4729,43.49041,-122.39097,669.3
4730,43.49038,-122.39145,668.3
4731,43.49045,-122.39225,663.9
4732,43.49043,-122.39306,660.5
4733,43.49045,-122.39325,660.5
4734,43.49056,-122.39359,662.1
4735,43.49058,-122.39372,662.3
4736,43.49058,-122.39391,662.2
4737,43.490519,-122.39409,660.9
4738,43.490319,-122.39461,654.4
4739,43.49017,-122.39491,649.9
4740,43.49012,-122.39505,648.8
4741,43.49011,-122.3952,648.9
4742,43.49012,-122.39548,649.0
4743,43.49016,-122.39575,648.4
4744,43.49025,-122.39593,649.3
4745,43.49034,-122.39616,649.1
4746,43.49036,-122.39629,647.7
4747,43.49039,-122.39667,643.3
4748,43.49043,-122.39684,642.2
4749,43.49049,-122.3969,642.9
4750,43.49065,-122.39702,644.6
4751,43.49075,-122.39715,644.6
4752,43.49109,-122.39748,643.4
4753,43.49135,-122.39779,637.8
4754,43.49148,-122.39788,637.3
4755,43.49169,-122.398,636.1
4756,43.49192,-122.39804,636.0
4757,43.49242,-122.39808,635.8
4758,43.4928,-122.39803,637.4
4759,43.49295,-122.39804,637.6
4760,43.49317,-122.3981,636.8
4761,43.49337,-122.39812,636.5
4762,43.49412,-122.39802,636.8
4763,43.49487,-122.39792,637.0
4764,43.49533,-122.39802,637.0
4765,43.49546,-122.39807,637.2
4766,43.49559,-122.39819,636.8
4767,43.49564,-122.39829,636.3
4768,43.49575,-122.39857,635.0
4769,43.49581,-122.39881,633.8
4770,43.49582,-122.39897,633.2
4771,43.49575,-122.39923,632.1
4772,43.49577,-122.39932,631.9
4773,43.49586,-122.39948,631.5
4774,43.49603,-122.39961,631.6
4775,43.49611,-122.39961,631.9
4776,43.49625,-122.39955,633.1
4777,43.49636,-122.39955,633.8
4778,43.49646,-122.3996,634.0
4779,43.49682,-122.40001,632.7
4780,43.49739,-122.4005,630.6
4781,43.49752,-122.40059,630.4
4782,43.49775,-122.40066,630.8
4783,43.49782,-122.4007,630.5
4784,43.4981,-122.40107,628.6
4785,43.49833,-122.40132,627.7
4786,43.498579,-122.40173,627.1
4787,43.49865,-122.40179,627.0
4788,43.49864,-122.40192,626.9
4789,43.49826,-122.40236,626.3
4790,43.49803,-122.40267,625.9
4791,43.498019,-122.40333,627.6
4792,43.49807,-122.40396,624.7
4793,43.49812,-122.4046,623.1
4794,43.49815,-122.40543,621.1
4795,43.49818,-122.40627,624.6
4796,43.49821,-122.4071,625.8
4797,43.49826,-122.40788,624.3
4798,43.498309,-122.4083,622.9
4799,43.49852,-122.40918,619.2
4800,43.49889,-122.41015,618.0
4801,43.49927,-122.41112,617.9
4802,43.49937,-122.41144,617.5
4803,43.49942,-122.41163,617.4
4804,43.49944,-122.41188,617.6
4805,43.49944,-122.41215,617.7
4806,43.49936,-122.41277,619.9
4807,43.49933,-122.41323,620.0
4808,43.49932,-122.41381,619.4
4809,43.499339,-122.41419,618.1
4810,43.49954,-122.41521,616.8
4811,43.49974,-122.41624,615.8
4812,43.49995,-122.41726,614.5
4813,43.50001,-122.41768,614.0
4814,43.50018,-122.41766,613.3
4815,43.50024,-122.41776,612.9
4816,43.50026,-122.41783,612.7
4817,43.50021,-122.41812,612.6
4818,43.50025,-122.41831,612.1
4819,43.50025,-122.41844,611.9
4820,43.50019,-122.41862,611.8
4821,43.50004,-122.41884,612.0
4822,43.50002,-122.41892,611.9
4823,43.50004,-122.41909,611.4
4824,43.5,-122.4192,611.3
4825,43.49992,-122.4192,611.6
4826,43.49973,-122.41941,611.6
4827,43.49936,-122.42012,610.4
4828,43.4993,-122.42026,610.4
4829,43.49926,-122.4205,610.0
4830,43.49927,-122.42078,609.5
4831,43.49927,-122.42087,609.5
4832,43.49931,-122.42102,609.8
4833,43.49938,-122.42111,610.0
4834,43.49945,-122.42114,610.1
4835,43.49956,-122.42115,610.5
4836,43.49973,-122.42112,610.7
4837,43.50023,-122.42097,609.8
4838,43.50071,-122.42097,609.0
4839,43.50118,-122.42097,609.3
4840,43.50195,-122.42115,609.7
4841,43.50208,-122.42122,609.8
4842,43.50214,-122.42128,609.9
4843,43.502429,-122.42189,609.9
4844,43.50271,-122.42214,608.7
4845,43.50295,-122.42248,609.6
4846,43.5031,-122.42262,609.4
4847,43.50321,-122.42273,609.1
4848,43.50333,-122.42277,608.2
4849,43.50363,-122.42275,604.7
4850,43.50389,-122.42285,601.8
4851,43.50416,-122.42301,599.0
4852,43.50428,-122.42313,598.1
4853,43.50441,-122.42332,598.0
4854,43.50447,-122.42367,598.9
4855,43.50457,-122.42394,598.9
4856,43.50471,-122.42418,598.6
4857,43.50495,-122.42451,597.7
4858,43.50536,-122.42556,594.9
4859,43.50542,-122.42603,595.9
4860,43.5057,-122.42667,596.1
4861,43.5058,-122.42704,596.5
4862,43.50592,-122.42762,596.6
4863,43.506,-122.42813,594.0
4864,43.50607,-122.42877,586.6
4865,43.50614,-122.42942,586.0
4866,43.50624,-122.42999,587.1
4867,43.50633,-122.4306,585.7
4868,43.50633,-122.43123,591.4
4869,43.50634,-122.43186,595.3
4870,43.50638,-122.43243,592.6
4871,43.50642,-122.4327,592.5
4872,43.506659,-122.43379,589.0
4873,43.50696,-122.43473,586.1
4874,43.50717,-122.43517,587.4
4875,43.50747,-122.43559,586.0
4876,43.507599,-122.43576,584.6
4877,43.50785,-122.43616,583.0
4878,43.50806,-122.43641,581.5
4879,43.50837,-122.43669,580.4
4880,43.50882,-122.43731,580.2
4881,43.50925,-122.43779,580.1
4882,43.50969,-122.43827,581.0
4883,43.50985,-122.43855,584.0
4884,43.510039,-122.43896,592.8
4885,43.51038,-122.43942,598.9
4886,43.51062,-122.4397,598.7
4887,43.51088,-122.43994,594.1
4888,43.51109,-122.44008,586.4
4889,43.5114,-122.44025,581.7
4890,43.51169,-122.44043,575.2
4891,43.51182,-122.44054,572.5
4892,43.51195,-122.44068,571.5
4893,43.51235,-122.44122,572.7
4894,43.51293,-122.44184,573.6
4895,43.51305,-122.442,574.0
4896,43.513599,-122.44289,574.9
4897,43.51375,-122.4431,574.1
4898,43.51403,-122.44344,572.3
4899,43.51439,-122.444,570.8
4900,43.51471,-122.44456,570.5
4901,43.51487,-122.44491,570.6
4902,43.51505,-122.44551,571.0
4903,43.51522,-122.44611,572.2
4904,43.51533,-122.44675,576.6
4905,43.5154,-122.44702,579.3
4906,43.51561,-122.44745,580.1
4907,43.516039,-122.44816,574.7
4908,43.51627,-122.4488,572.9
4909,43.51628,-122.449,572.6
4910,43.51627,-122.44938,571.5
4911,43.51624,-122.44953,571.1
4912,43.516129,-122.44983,570.6
4913,43.51608,-122.45,570.7
4914,43.51599,-122.45015,571.7
4915,43.515949,-122.45033,571.2
4916,43.51609,-122.45037,570.7
4917,43.51639,-122.45022,571.1
4918,43.51668,-122.45029,572.3
4919,43.51695,-122.45043,573.8
4920,43.51708,-122.45056,575.0
4921,43.51726,-122.45081,582.3
4922,43.51732,-122.45088,584.6
4923,43.517449,-122.45093,585.5
4924,43.51765,-122.45096,584.0
4925,43.51806,-122.45109,584.0
4926,43.51841,-122.45126,586.9
4927,43.51836,-122.45108,581.7
4928,43.5182,-122.45092,577.4
4929,43.5182,-122.45078,573.8
4930,43.51809,-122.45069,572.6
4931,43.51813,-122.45055,570.5
4932,43.51825,-122.45049,568.9
4933,43.51836,-122.45056,569.1
4934,43.51851,-122.45057,567.8
4935,43.51865,-122.45062,568.5
4936,43.51937,-122.45108,577.8
4937,43.51977,-122.45125,575.0
4938,43.52032,-122.45139,565.1
4939,43.52103,-122.45144,560.1
4940,43.52152,-122.45155,562.1
4941,43.522,-122.45166,564.0
4942,43.52219,-122.45168,564.0
4943,43.52236,-122.45167,563.0
4944,43.52286,-122.45155,560.4
4945,43.523359,-122.45148,558.7
4946,43.52364,-122.45148,559.9
4947,43.52396,-122.45144,561.7
4948,43.5242,-122.45138,562.4
4949,43.52473,-122.45117,561.7
4950,43.52519,-122.45103,561.3
4951,43.52563,-122.45075,560.4
4952,43.52584,-122.45066,560.1
4953,43.526449,-122.45058,560.8
4954,43.52668,-122.45049,561.6
4955,43.52689,-122.45035,561.4
4956,43.52755,-122.44968,555.6
4957,43.52779,-122.44941,552.8
4958,43.52825,-122.44899,551.2
4959,43.52855,-122.44883,550.5
4960,43.52883,-122.4488,552.2
4961,43.5289,-122.44876,552.1
4962,43.52913,-122.44854,551.0
4963,43.52958,-122.44819,547.2
4964,43.52975,-122.44815,546.6
4965,43.53,-122.44816,546.2
4966,43.530119,-122.44815,546.2
4967,43.53041,-122.44802,546.0
4968,43.53065,-122.44784,545.7
4969,43.53093,-122.44775,545.5
4970,43.53103,-122.44774,545.4
4971,43.53128,-122.44778,545.2
4972,43.53159,-122.44777,544.9
4973,43.53208,-122.4479,544.6
4974,43.53254,-122.4479,544.6
4975,43.5327,-122.44793,544.6
4976,43.53315,-122.44809,544.6
4977,43.533589,-122.44825,544.6
4978,43.533769,-122.4483,544.6
4979,43.53401,-122.44832,544.6
4980,43.53441,-122.44821,544.6
4981,43.534529,-122.44815,544.6
4982,43.53479,-122.44791,544.6
4983,43.53491,-122.44783,544.6
4984,43.53524,-122.4477,544.7
4985,43.53555,-122.4475,545.1
4986,43.53572,-122.44743,545.3
4987,43.53607,-122.4474,545.5
4988,43.53666,-122.4475,545.1
4989,43.537439,-122.44751,545.2
4990,43.53769,-122.44755,545.3
4991,43.53808,-122.44769,545.4
4992,43.53868,-122.44774,546.0
4993,43.53882,-122.44777,546.0
4994,43.5389,-122.4478,546.0
4995,43.53895,-122.44793,545.8
4996,43.53897,-122.44814,545.3
4997,43.539029,-122.44823,545.2
4998,43.53917,-122.44829,545.2
4999,43.53951,-122.44805,547.1
5000,43.54007,-122.44769,550.2
5001,43.54027,-122.44772,551.3
5002,43.54072,-122.44822,548.6
5003,43.54076,-122.4485,547.7
5004,43.54098,-122.44889,546.9
5005,43.5413,-122.44921,546.1
5006,43.54212,-122.44968,547.1
5007,43.54237,-122.44967,548.3
5008,43.54314,-122.45026,546.9
5009,43.54351,-122.45063,547.3
5010,43.54388,-122.45099,547.5
5011,43.54425,-122.45145,547.0
5012,43.54479,-122.45214,546.6
5013,43.54533,-122.45283,547.6
5014,43.545409,-122.45319,546.1
5015,43.54552,-122.45339,545.7
5016,43.54554,-122.45361,545.1
5017,43.54553,-122.45372,544.8
5018,43.54561,-122.45407,544.3
5019,43.54557,-122.45447,543.4
5020,43.54557,-122.4548,542.8
5021,43.5456,-122.45496,542.7
5022,43.54563,-122.45504,542.6
5023,43.54569,-122.45514,542.6
5024,43.54599,-122.4554,542.9
5025,43.54662,-122.45586,542.8
5026,43.5468,-122.45595,542.8
5027,43.54715,-122.45603,542.9
5028,43.54765,-122.45627,542.9
5029,43.54815,-122.45651,542.8
5030,43.548319,-122.45663,542.7
5031,43.54874,-122.45701,542.2
5032,43.54911,-122.45722,542.1
5033,43.54921,-122.45733,541.8
5034,43.54928,-122.4575,541.5
5035,43.54941,-122.458,540.4
5036,43.54954,-122.45831,539.9
5037,43.5496,-122.45842,539.8
5038,43.54989,-122.45874,539.4
5039,43.55035,-122.459,539.1
5040,43.5505,-122.4591,538.9
5041,43.55074,-122.45946,538.1
5042,43.550849,-122.45957,537.8
5043,43.55099,-122.45966,537.6
5044,43.55125,-122.4597,537.5
5045,43.5514,-122.4597,537.5
5046,43.55156,-122.45964,537.5
5047,43.55184,-122.45955,537.3
5048,43.55216,-122.45949,536.9
5049,43.55223,-122.45945,536.8
5050,43.55231,-122.45933,536.7
5051,43.55242,-122.45913,536.8
5052,43.55247,-122.45907,536.7
5053,43.55279,-122.45891,536.1
5054,43.55333,-122.45857,535.6
5055,43.55341,-122.45852,535.6
5056,43.55361,-122.45828,535.8
5057,43.55369,-122.45823,535.9
5058,43.553759,-122.45823,535.9
5059,43.55389,-122.45829,535.7
5060,43.554139,-122.45849,535.0
5061,43.55429,-122.45858,534.6
5062,43.554609,-122.45872,534.0
5063,43.55473,-122.45874,533.9
5064,43.55481,-122.45872,533.9
5065,43.55503,-122.45858,534.0
5066,43.55513,-122.45857,534.0
5067,43.55522,-122.45861,533.8
5068,43.55534,-122.45871,533.5
5069,43.55548,-122.45888,532.9
5070,43.55578,-122.4593,531.6
5071,43.55588,-122.45942,531.2
5072,43.55601,-122.45954,530.8
5073,43.55638,-122.45984,529.7
5074,43.55647,-122.45989,529.5
5075,43.55657,-122.4599,529.3
5076,43.55698,-122.45978,528.7
5077,43.55719,-122.45964,528.4
5078,43.55734,-122.45946,528.2
5079,43.55787,-122.45857,526.2
5080,43.55797,-122.45845,526.0
5081,43.55818,-122.45832,525.4
5082,43.5585,-122.45823,525.3
5083,43.55874,-122.45822,525.6
5084,43.55939,-122.45842,524.9
5085,43.55953,-122.45843,524.8
5086,43.55962,-122.4584,524.8
5087,43.56031,-122.45803,527.3
5088,43.5604,-122.45802,527.4
5089,43.5606,-122.45806,527.3
5090,43.56087,-122.45806,527.6
5091,43.5611,-122.45809,527.5
5092,43.56144,-122.45807,527.6
5093,43.56167,-122.45815,527.0
5094,43.56204,-122.45842,524.9
5095,43.56217,-122.45846,524.8
5096,43.56238,-122.45847,526.0
5097,43.56244,-122.45849,526.6
5098,43.56252,-122.45856,527.2
5099,43.56259,-122.45863,527.7
5100,43.56286,-122.45906,528.7
5101,43.56292,-122.45923,528.3
5102,43.56309,-122.45991,527.2
5103,43.56315,-122.46008,527.1
5104,43.56324,-122.46024,527.2
5105,43.56357,-122.46067,527.4
5106,43.56376,-122.46089,527.3
5107,43.56387,-122.46098,527.4
5108,43.5641,-122.46111,527.5
5109,43.56417,-122.46119,527.3
5110,43.56425,-122.46136,526.7
5111,43.56439,-122.4618,525.1
5112,43.56449,-122.46199,524.5
5113,43.56461,-122.46215,523.8
5114,43.56481,-122.46235,523.0
5115,43.56489,-122.4624,522.9
5116,43.56509,-122.4625,522.5
5117,43.56548,-122.4626,521.7
5118,43.56619,-122.46261,520.6
5119,43.56659,-122.46255,519.8
5120,43.56702,-122.46232,519.5
5121,43.56717,-122.46231,519.0
5122,43.5674,-122.46238,517.9
5123,43.56755,-122.46239,517.3
5124,43.5678,-122.46238,516.5
5125,43.56798,-122.46246,515.7
5126,43.56829,-122.4627,514.1
5127,43.56855,-122.46293,513.0
5128,43.56866,-122.46298,512.8
5129,43.56882,-122.46299,512.4
5130,43.56889,-122.46293,512.4
5131,43.56893,-122.46283,512.5
5132,43.56898,-122.46258,512.8
5133,43.56903,-122.46252,512.8
5134,43.56909,-122.46248,512.7
5135,43.56946,-122.46233,511.8
5136,43.569809,-122.46223,511.0
5137,43.57006,-122.46207,510.5
5138,43.57013,-122.46204,510.4
5139,43.57038,-122.46205,509.9
5140,43.57053,-122.46202,509.7
5141,43.57078,-122.4619,509.3
5142,43.57091,-122.46188,509.1
5143,43.5713,-122.46188,508.6
5144,43.57147,-122.46183,508.4
5145,43.57179,-122.4617,508.1
5146,43.57194,-122.46169,508.0
5147,43.572249,-122.46177,507.6
5148,43.57233,-122.46176,507.5
5149,43.57266,-122.46161,507.3
5150,43.57303,-122.46148,507.2
5151,43.5736,-122.46146,506.7
5152,43.573749,-122.46151,506.6
5153,43.57409,-122.46179,506.3
5154,43.57427,-122.4619,506.2
5155,43.575,-122.46207,506.0
5156,43.57508,-122.46207,506.0
5157,43.57518,-122.46202,505.9
5158,43.5753,-122.46194,505.8
5159,43.57537,-122.46186,505.8
5160,43.5755,-122.46161,505.6
5161,43.57558,-122.46149,505.6
5162,43.57566,-122.46145,505.6
5163,43.57573,-122.46144,505.5
5164,43.57623,-122.46159,504.8
5165,43.57653,-122.46189,504.2
5166,43.5766,-122.46192,504.0
5167,43.57674,-122.46193,503.8
5168,43.57681,-122.46192,503.6
5169,43.57696,-122.46184,503.5
5170,43.57714,-122.46168,503.5
5171,43.57736,-122.46154,503.4
5172,43.57765,-122.46142,503.2
5173,43.57779,-122.4614,503.0
5174,43.5779,-122.46141,502.9
5175,43.57852,-122.4615,501.6
5176,43.57867,-122.46148,501.3
5177,43.57902,-122.46137,500.7
5178,43.5794,-122.46135,500.0
5179,43.57952,-122.46129,499.8
5180,43.579569,-122.46121,499.8
5181,43.57968,-122.46092,499.7
5182,43.57975,-122.46084,499.6
5183,43.580039,-122.46062,498.6
5184,43.58062,-122.45984,497.1
5185,43.58075,-122.45969,496.9
5186,43.58094,-122.45958,496.4
5187,43.58126,-122.4595,495.8
5188,43.5815,-122.45931,495.4
5189,43.58165,-122.45914,495.2
5190,43.5817,-122.45903,495.1
5191,43.58188,-122.45801,495.4
5192,43.581919,-122.45726,495.9
5193,43.582009,-122.45698,496.1
5194,43.58214,-122.45676,496.1
5195,43.58246,-122.45631,496.3
5196,43.58301,-122.45568,496.4
5197,43.58354,-122.45521,496.7
5198,43.58393,-122.45495,496.8
5199,43.58423,-122.45483,496.8
5200,43.58449,-122.45486,496.4
5201,43.58466,-122.45486,496.3
5202,43.58534,-122.45476,495.7
5203,43.58552,-122.45471,495.5
5204,43.5859,-122.45455,495.2
5205,43.5859,-122.45455,495.2
5206,43.58617,-122.45438,495.0
5207,43.58629,-122.45427,495.0
5208,43.58652,-122.45397,494.9
5209,43.58667,-122.45386,494.5
5210,43.58697,-122.45369,493.1
5211,43.58708,-122.45361,492.5
5212,43.58729,-122.45339,490.9
5213,43.58743,-122.4533,489.9
5214,43.58794,-122.4531,488.4
5215,43.58836,-122.45278,488.8
5216,43.58888,-122.4526,488.1
5217,43.5894,-122.45242,487.6
5218,43.59002,-122.45227,487.6
5219,43.59016,-122.45228,487.5
5220,43.59047,-122.45243,486.9
5221,43.59076,-122.45244,487.3
5222,43.59103,-122.45259,486.8
5223,43.59117,-122.45264,486.8
5224,43.59124,-122.45264,487.0
5225,43.59145,-122.45259,487.5
5226,43.59157,-122.45258,488.0
5227,43.59165,-122.45262,488.7
5228,43.59191,-122.45286,490.0
5229,43.59232,-122.45338,489.8
5230,43.59243,-122.45357,488.9
5231,43.59247,-122.4537,487.9
5232,43.59251,-122.45395,486.3
5233,43.59252,-122.45422,485.2
5234,43.5925,-122.45451,484.4
5235,43.59254,-122.45481,484.0
5236,43.59257,-122.45493,484.0
5237,43.59261,-122.455,484.0
5238,43.59274,-122.45516,484.0
5239,43.593089,-122.45545,484.1
5240,43.59331,-122.45567,484.3
5241,43.59369,-122.4559,484.6
5242,43.59378,-122.45598,484.6
5243,43.59387,-122.45614,484.5
5244,43.59405,-122.45668,483.7
5245,43.59414,-122.45682,483.5
5246,43.5942,-122.45687,483.4
5247,43.59454,-122.457,482.9
5248,43.59507,-122.45737,481.7
5249,43.59523,-122.45743,481.3
5250,43.5954,-122.45756,480.9
5251,43.595529,-122.45759,480.6
5252,43.59573,-122.45754,479.9
5253,43.59592,-122.45744,479.1
5254,43.59625,-122.45716,477.5
5255,43.59646,-122.45693,477.0
5256,43.59672,-122.45655,476.2
5257,43.59713,-122.45617,476.2
5258,43.59722,-122.45612,476.2
5259,43.59786,-122.45588,476.2
5260,43.59805,-122.45578,476.2
5261,43.59852,-122.45547,476.3
5262,43.59881,-122.45526,475.9
5263,43.59899,-122.45507,475.8
5264,43.59932,-122.455,475.8
5265,43.59953,-122.45491,475.9
5266,43.59964,-122.45483,476.1
5267,43.59979,-122.45468,476.4
5268,43.59991,-122.4545,476.7
5269,43.60005,-122.45423,477.4
5270,43.6001,-122.45408,477.8
5271,43.60026,-122.45336,479.9
5272,43.60034,-122.45314,480.8
5273,43.60034,-122.45314,480.8
5274,43.60057,-122.45268,482.9
5275,43.60108,-122.45193,485.4
5276,43.60133,-122.45163,484.0
5277,43.60148,-122.4514,482.5
5278,43.6015,-122.4513,481.9
5279,43.60148,-122.45117,481.4
5280,43.60139,-122.45091,480.3
5281,43.60208,-122.45039,474.7
5282,43.60277,-122.44988,473.1
5283,43.60345,-122.44937,472.6
5284,43.60414,-122.44886,472.5
5285,43.60465,-122.44847,472.5
5286,43.60517,-122.44808,472.8
5287,43.60587,-122.4475,473.7
5288,43.60638,-122.44706,474.8
5289,43.60688,-122.44662,474.8
5290,43.60706,-122.4464,475.4
5291,43.60727,-122.44607,475.6
5292,43.60744,-122.44587,474.8
5293,43.60762,-122.44572,473.3
5294,43.608,-122.44549,474.6
5295,43.60819,-122.44543,474.6
5296,43.60853,-122.44543,474.8
5297,43.60879,-122.44549,474.8
5298,43.60932,-122.44573,473.0
5299,43.60943,-122.44575,473.3
5300,43.60956,-122.44577,473.5
5301,43.60986,-122.44577,472.6
5302,43.61006,-122.4457,472.2
5303,43.6103,-122.44558,471.9
5304,43.61078,-122.44516,473.3
5305,43.61133,-122.44471,473.3
5306,43.61178,-122.44437,475.0
5307,43.61212,-122.4442,475.2
5308,43.61228,-122.44415,475.3
5309,43.61259,-122.4441,475.0
5310,43.61274,-122.4441,474.8
5311,43.61295,-122.44413,474.2
5312,43.6133,-122.44424,474.2
5313,43.61373,-122.4445,473.0
5314,43.61406,-122.44474,472.3
5315,43.61418,-122.44488,472.5
5316,43.61437,-122.44529,472.4
5317,43.61467,-122.44596,472.3
5318,43.61497,-122.44663,472.3
5319,43.6151,-122.44694,472.3
5320,43.61527,-122.44722,472.7
5321,43.6155,-122.44747,473.0
5322,43.61561,-122.44755,473.0
5323,43.61581,-122.44766,473.2
5324,43.61625,-122.44788,474.3
5325,43.6166,-122.448,476.5
5326,43.61678,-122.44803,477.1
5327,43.61696,-122.44804,477.6
5328,43.61721,-122.44801,477.3
5329,43.61764,-122.44783,474.4
5330,43.6179,-122.44768,475.0
5331,43.61799,-122.4476,476.4
5332,43.61824,-122.44736,479.9
5333,43.61841,-122.44713,483.2
5334,43.61863,-122.4467,486.9
5335,43.61903,-122.44585,488.7
5336,43.61942,-122.445,486.6
5337,43.61954,-122.44479,485.3
5338,43.6197,-122.44458,484.3
5339,43.61982,-122.44444,483.8
5340,43.61993,-122.44434,484.1
5341,43.6201,-122.44423,485.1
5342,43.62038,-122.44399,484.6
5343,43.62056,-122.44376,482.3
5344,43.62068,-122.44352,482.2
5345,43.62089,-122.4429,484.5
5346,43.6212,-122.44227,485.3
5347,43.62148,-122.44154,488.5
5348,43.62154,-122.4414,487.8
5349,43.62168,-122.44124,488.3
5350,43.62176,-122.44117,488.4
5351,43.62253,-122.44063,485.2
5352,43.62322,-122.44008,483.9
5353,43.62331,-122.44003,483.8
5354,43.62352,-122.44,483.6
5355,43.62363,-122.44001,483.4
5356,43.62394,-122.44012,482.9
5357,43.62419,-122.44035,484.2
5358,43.6247,-122.44089,486.1
5359,43.62501,-122.44114,487.2
5360,43.6251,-122.44119,487.2
5361,43.62525,-122.44123,485.9
5362,43.62554,-122.44126,484.8
5363,43.62633,-122.44123,483.4
5364,43.62683,-122.44129,483.1
5365,43.62732,-122.44136,481.8
5366,43.62807,-122.44142,482.4
5367,43.62835,-122.4414,483.1
5368,43.62895,-122.44122,482.7
5369,43.62928,-122.44116,482.6
5370,43.62996,-122.44113,481.1
5371,43.63131,-122.44116,482.0
5372,43.63169,-122.44108,484.4
5373,43.63217,-122.44093,484.3
5374,43.63235,-122.44089,484.0
5375,43.63303,-122.44081,482.9
5376,43.63375,-122.4407,483.6
5377,43.63434,-122.44057,481.9
5378,43.63463,-122.44047,480.1
5379,43.63541,-122.43996,483.3
5380,43.63558,-122.43988,483.7
5381,43.63603,-122.43973,483.3
5382,43.63649,-122.43964,483.3
5383,43.63662,-122.43964,483.5
5384,43.637,-122.43966,482.8
5385,43.63757,-122.43972,481.7
5386,43.63775,-122.43971,482.3
5387,43.63795,-122.43968,483.8
5388,43.63812,-122.43963,484.0
5389,43.63842,-122.43947,480.5
5390,43.63866,-122.43934,479.5
5391,43.6393,-122.43887,473.9
5392,43.63962,-122.43867,473.3
5393,43.63976,-122.43858,473.1
5394,43.64009,-122.43845,474.1
5395,43.6406,-122.43828,473.6
5396,43.642,-122.43815,471.9
5397,43.64218,-122.43811,471.0
5398,43.64256,-122.43792,476.5
5399,43.64278,-122.43776,480.9
5400,43.64294,-122.43761,483.6
5401,43.64314,-122.43727,483.4
5402,43.6434,-122.43677,482.2
5403,43.64362,-122.43649,482.4
5404,43.64383,-122.43627,481.6
5405,43.64405,-122.43614,481.4
5406,43.64413,-122.43611,481.3
5407,43.64424,-122.43611,482.0
5408,43.64446,-122.43615,482.3
5409,43.64512,-122.43658,482.3
5410,43.64537,-122.43669,483.0
5411,43.64548,-122.43671,483.0
5412,43.64572,-122.43672,482.4
5413,43.64619,-122.4367,483.6
5414,43.6466,-122.43665,484.4
5415,43.64687,-122.43657,483.6
5416,43.64713,-122.43644,484.1
5417,43.64798,-122.43591,482.0
5418,43.64842,-122.4356,484.3
5419,43.64873,-122.43532,483.4
5420,43.6494,-122.43467,482.0
5421,43.64972,-122.43433,483.3
5422,43.65027,-122.43362,481.9
5423,43.65044,-122.43345,481.9
5424,43.6511,-122.43286,483.7
5425,43.65152,-122.43239,483.1
5426,43.65183,-122.43196,482.1
5427,43.65213,-122.43147,483.9
5428,43.65287,-122.42981,481.6
5429,43.65321,-122.42921,481.2
5430,43.65329,-122.4291,480.7
5431,43.65346,-122.42895,481.1
5432,43.65366,-122.42886,481.2
5433,43.65392,-122.42887,480.0
5434,43.65403,-122.4289,480.0
5435,43.65423,-122.42901,480.7
5436,43.65444,-122.42918,480.7
5437,43.65475,-122.42948,480.5
5438,43.65497,-122.42962,483.9
5439,43.65513,-122.42965,485.3
5440,43.65577,-122.42963,483.8
5441,43.65621,-122.4297,483.8
5442,43.65698,-122.42987,484.4
5443,43.6571,-122.42991,484.0
5444,43.65722,-122.42998,484.8
5445,43.65745,-122.43017,493.5
5446,43.6576,-122.43027,494.4
5447,43.65784,-122.43036,495.7
5448,43.658,-122.43037,496.9
5449,43.65825,-122.43034,497.9
5450,43.65838,-122.43032,498.3
5451,43.65864,-122.43024,499.6
5452,43.65881,-122.43011,499.8
5453,43.65923,-122.42968,497.0
5454,43.65938,-122.42959,496.9
5455,43.65956,-122.42953,496.5
5456,43.65971,-122.42952,496.0
5457,43.6603,-122.42968,497.1
5458,43.66045,-122.42969,497.5
5459,43.66066,-122.42965,497.2
5460,43.66118,-122.42943,496.4
5461,43.66132,-122.4294,496.1
5462,43.66144,-122.4294,496.1
5463,43.66157,-122.42944,496.3
5464,43.66183,-122.42958,496.3
5465,43.6621,-122.42976,496.3
5466,43.66233,-122.42984,496.1
5467,43.66251,-122.42983,492.0
5468,43.66288,-122.42965,485.6
5469,43.66297,-122.42963,485.9
5470,43.66309,-122.42961,486.3
5471,43.66324,-122.42962,486.0
5472,43.66337,-122.42969,489.7
5473,43.66358,-122.42997,493.9
5474,43.66365,-122.43012,493.4
5475,43.66369,-122.43033,493.4
5476,43.6637,-122.43061,493.5
5477,43.66367,-122.43091,493.6
5478,43.66362,-122.43127,493.3
5479,43.66359,-122.43137,493.7
5480,43.6635,-122.43159,494.6
5481,43.66336,-122.43185,493.5
5482,43.66317,-122.43203,492.0
5483,43.66285,-122.43216,490.6
5484,43.66259,-122.43215,492.0
5485,43.66216,-122.43219,493.2
5486,43.66186,-122.43228,494.6
5487,43.66178,-122.43234,494.6
5488,43.66172,-122.43239,494.4
5489,43.66106,-122.43334,481.9
5490,43.66099,-122.43342,481.5
5491,43.66084,-122.43351,481.8
5492,43.66061,-122.43355,483.3
5493,43.66054,-122.43359,483.3
5494,43.66039,-122.43371,483.2
5495,43.66018,-122.43394,482.8
5496,43.66001,-122.43418,481.6
5497,43.65967,-122.43474,479.1
5498,43.6594,-122.43522,481.6
5499,43.65911,-122.43581,484.9
5500,43.65901,-122.43624,484.2
5501,43.65894,-122.437,480.4
5502,43.65895,-122.43742,478.4
5503,43.65898,-122.43763,478.3
5504,43.65906,-122.43796,478.2
5505,43.65926,-122.4385,473.9
5506,43.6594,-122.43874,472.3
5507,43.65955,-122.43893,472.3
5508,43.6598,-122.43912,472.3
5509,43.65997,-122.4392,472.6
5510,43.66006,-122.43921,472.7
5511,43.66017,-122.43923,473.2
5512,43.66035,-122.4392,473.4
5513,43.66083,-122.43896,476.7
5514,43.6619,-122.4383,481.1
5515,43.66257,-122.43791,479.4
5516,43.6637,-122.4372,481.1
5517,43.66391,-122.43705,482.4
5518,43.66428,-122.43672,483.5
5519,43.66504,-122.43591,484.0
5520,43.66522,-122.43579,484.2
5521,43.66578,-122.43551,484.6
5522,43.66609,-122.4354,484.3
5523,43.66623,-122.43538,484.6
5524,43.66834,-122.43536,491.5
5525,43.66859,-122.43529,492.1
5526,43.66873,-122.43522,492.7
5527,43.669,-122.43503,494.0
5528,43.66914,-122.43488,494.3
5529,43.66925,-122.43475,494.4
5530,43.66971,-122.43413,496.7
5531,43.67024,-122.4335,497.7
5532,43.67039,-122.43338,497.2
5533,43.67054,-122.43329,497.0
5534,43.67084,-122.43317,496.9
5535,43.67112,-122.43309,496.6
5536,43.67186,-122.43294,494.8
5537,43.67225,-122.43282,491.8
5538,43.67317,-122.43237,493.3
5539,43.67359,-122.43222,494.3
5540,43.67388,-122.43215,494.2
5541,43.67403,-122.4321,494.2
5542,43.67456,-122.43174,493.9
5543,43.67476,-122.43168,494.7
5544,43.67488,-122.43167,495.2
5545,43.67503,-122.4317,495.5
5546,43.67528,-122.43183,495.0
5547,43.6755,-122.43208,494.0
5548,43.67558,-122.43223,493.8
5549,43.67593,-122.43297,487.1
5550,43.6762,-122.43358,484.9
5551,43.67628,-122.43371,484.0
5552,43.67636,-122.4338,483.2
5553,43.67659,-122.43393,480.4
5554,43.67673,-122.43397,479.3
5555,43.67694,-122.43393,481.1
5556,43.67718,-122.43376,483.2
5557,43.6774,-122.43345,483.9
5558,43.67788,-122.43203,483.3
5559,43.67796,-122.43188,487.6
5560,43.67807,-122.43174,490.9
5561,43.67819,-122.43164,491.8
5562,43.6783,-122.43157,491.5
5563,43.67852,-122.43153,491.7
5564,43.67862,-122.43155,492.5
5565,43.6788,-122.43161,494.2
5566,43.6792,-122.43183,483.1
5567,43.67929,-122.43191,488.3
5568,43.67963,-122.43246,496.1
5569,43.67973,-122.43261,495.5
5570,43.67986,-122.43273,494.9
5571,43.67997,-122.4328,494.2
5572,43.68032,-122.43293,493.5
5573,43.68055,-122.43298,493.8
5574,43.68088,-122.43294,494.4
5575,43.68099,-122.4329,494.4
5576,43.68126,-122.43272,493.7
5577,43.68144,-122.43263,492.8
5578,43.68156,-122.43261,492.5
5579,43.68184,-122.43267,493.3
5580,43.68221,-122.43287,496.0
5581,43.68239,-122.43292,496.4
5582,43.68327,-122.433,496.1
5583,43.68352,-122.43311,495.8
5584,43.68359,-122.43318,496.0
5585,43.68367,-122.43331,497.0
5586,43.68377,-122.43357,497.6
5587,43.6838,-122.43375,497.2
5588,43.6838,-122.4339,496.5
5589,43.68378,-122.43402,495.6
5590,43.68374,-122.43415,494.8
5591,43.68364,-122.43438,493.8
5592,43.68327,-122.43501,495.5
5593,43.68311,-122.43531,496.7
5594,43.68303,-122.43555,496.9
5595,43.68297,-122.43588,496.5
5596,43.68292,-122.43643,495.8
5597,43.68277,-122.43708,495.6
5598,43.68274,-122.43732,495.0
5599,43.68273,-122.43746,495.4
5600,43.68275,-122.4376,495.6
5601,43.68302,-122.43839,495.8
5602,43.68306,-122.43858,495.2
5603,43.68306,-122.43872,495.0
5604,43.68306,-122.43891,494.2
5605,43.68302,-122.43909,494.1
5606,43.68285,-122.4396,493.9
5607,43.68282,-122.43975,494.5
5608,43.68284,-122.44006,495.8
5609,43.68288,-122.44023,496.5
5610,43.68325,-122.44091,485.7
5611,43.6833,-122.44104,484.7
5612,43.68342,-122.44178,485.0
5613,43.68348,-122.44201,485.5
5614,43.68353,-122.44218,485.7
5615,43.6837,-122.44246,484.9
5616,43.68394,-122.44268,485.4
5617,43.68406,-122.44273,485.8
5618,43.68442,-122.44278,486.0
5619,43.6852,-122.44282,481.8
5620,43.68541,-122.44281,478.2
5621,43.68561,-122.44276,475.2
5622,43.68597,-122.44258,472.3
5623,43.68619,-122.44244,472.3
5624,43.68649,-122.44218,472.3
5625,43.68665,-122.44202,472.3
5626,43.6868,-122.4418,472.3
5627,43.68695,-122.44155,472.3
5628,43.68705,-122.44135,472.3
5629,43.68714,-122.44112,472.3
5630,43.68723,-122.44088,472.3
5631,43.68728,-122.44068,472.3
5632,43.68744,-122.43976,473.8
5633,43.68755,-122.43891,478.0
5634,43.68757,-122.43843,482.0
5635,43.68756,-122.43819,482.8
5636,43.6875,-122.43788,482.4
5637,43.68742,-122.4376,480.8
5638,43.68722,-122.437,480.4
5639,43.68719,-122.43684,480.6
5640,43.68718,-122.43666,480.9
5641,43.68721,-122.4363,480.7
5642,43.68726,-122.4361,480.7
5643,43.6875,-122.43562,481.3
5644,43.68765,-122.43526,479.0
5645,43.68775,-122.43497,480.6
5646,43.68782,-122.43472,482.1
5647,43.68819,-122.43282,482.0
5648,43.68826,-122.43264,481.8
5649,43.68834,-122.43247,481.3
5650,43.68846,-122.43233,480.9
5651,43.68858,-122.43224,480.6
5652,43.6887,-122.43218,480.4
5653,43.68891,-122.43212,481.4
5654,43.68937,-122.43207,492.5
5655,43.68968,-122.43198,494.0
5656,43.68991,-122.43186,494.2
5657,43.69047,-122.43143,493.4
5658,43.69063,-122.43136,493.5
5659,43.69089,-122.43133,493.8
5660,43.69099,-122.43134,493.9
5661,43.69124,-122.43142,493.3
5662,43.69139,-122.43152,493.1
5663,43.69176,-122.43196,482.0
5664,43.69196,-122.43217,479.2
5665,43.69209,-122.43227,480.1
5666,43.69221,-122.43232,480.4
5667,43.69248,-122.43234,483.1
5668,43.69305,-122.43222,492.9
5669,43.69327,-122.43219,493.6
5670,43.69339,-122.4322,494.3
5671,43.69349,-122.43224,495.1
5672,43.69372,-122.43247,495.6
5673,43.69383,-122.43262,495.2
5674,43.6942,-122.43341,495.3
5675,43.6943,-122.43354,494.1
5676,43.6944,-122.43363,492.9
5677,43.6947,-122.43382,492.5
5678,43.69501,-122.43392,495.7
5679,43.69558,-122.43405,495.9
5680,43.69594,-122.43408,494.4
5681,43.69607,-122.43404,494.4
5682,43.69619,-122.43398,494.7
5683,43.69628,-122.43389,494.4
5684,43.69642,-122.43374,494.7
5685,43.69651,-122.4336,494.9
5686,43.69666,-122.43329,488.7
5687,43.69676,-122.43312,491.6
5688,43.69692,-122.43296,493.4
5689,43.69713,-122.43279,495.6
5690,43.6973,-122.4327,495.8
5691,43.69745,-122.43265,494.8
5692,43.6976,-122.43262,495.2
5693,43.69775,-122.43262,495.2
5694,43.69788,-122.43265,495.2
5695,43.69828,-122.43286,495.6
5696,43.69841,-122.43291,495.2
5697,43.69853,-122.43293,494.3
5698,43.69874,-122.43289,493.4
5699,43.69885,-122.43283,493.3
5700,43.69898,-122.43269,492.2
5701,43.69918,-122.43242,492.1
5702,43.6994,-122.43209,492.7
5703,43.69951,-122.43195,492.7
5704,43.69964,-122.43186,492.5
5705,43.69977,-122.43182,492.5
5706,43.69988,-122.43182,492.8
5707,43.69999,-122.43186,493.3
5708,43.70009,-122.43191,493.6
5709,43.70053,-122.4323,493.9
5710,43.70063,-122.43236,493.7
5711,43.70086,-122.43237,493.8
5712,43.70108,-122.43229,495.0
5713,43.70121,-122.43216,494.0
5714,43.70137,-122.43195,492.1
5715,43.70262,-122.4301,479.6
5716,43.70275,-122.42995,479.7
5717,43.70289,-122.42986,480.7
5718,43.70302,-122.4298,480.9
5719,43.70357,-122.42973,480.5
5720,43.70374,-122.42968,479.2
5721,43.70387,-122.42961,479.6
5722,43.70395,-122.42956,480.2
5723,43.70414,-122.42937,480.1
5724,43.70454,-122.42893,479.2
5725,43.70467,-122.4288,478.4
5726,43.70482,-122.42871,478.3
5727,43.70503,-122.42865,478.0
5728,43.70519,-122.42867,478.6
5729,43.70596,-122.42899,479.8
5730,43.70611,-122.42901,479.6
5731,43.70643,-122.42897,479.0
5732,43.70678,-122.42897,478.5
5733,43.70694,-122.42901,478.2
5734,43.70711,-122.42909,477.9
5735,43.70752,-122.42944,474.2
5736,43.70883,-122.43066,464.9
5737,43.70906,-122.43094,462.1
5738,43.70916,-122.43109,462.0
5739,43.70953,-122.43176,461.3
5740,43.71006,-122.43295,456.0
5741,43.71022,-122.43317,450.6
5742,43.71036,-122.43333,448.7
5743,43.71069,-122.43364,444.3
5744,43.71082,-122.43373,443.0
5745,43.71093,-122.43376,442.0
5746,43.71107,-122.43375,440.5
5747,43.71143,-122.43369,432.8
5748,43.71143,-122.43369,432.8
5749,43.71186,-122.43355,432.8
5750,43.71236,-122.43337,432.9
5751,43.71268,-122.43329,432.6
5752,43.71287,-122.43329,432.8
5753,43.71301,-122.43332,433.2
5754,43.71344,-122.4335,432.6
5755,43.7141,-122.43381,422.7
5756,43.71458,-122.43401,419.2
5757,43.71533,-122.43426,413.1
5758,43.71608,-122.43451,410.9
5759,43.71636,-122.43463,409.2
5760,43.71682,-122.43493,403.9
5761,43.71699,-122.43509,400.4
5762,43.71722,-122.43542,398.5
5763,43.71773,-122.43633,393.9
5764,43.71788,-122.43648,391.0
5765,43.71852,-122.43685,383.8
5766,43.71876,-122.43705,383.4
5767,43.71901,-122.4373,382.9
5768,43.71909,-122.4374,382.6
5769,43.7194,-122.43798,385.2
5770,43.7197,-122.43855,386.9
5771,43.71994,-122.43888,386.8
5772,43.72005,-122.43895,386.8
5773,43.72017,-122.43898,386.8
5774,43.72038,-122.43896,386.2
5775,43.72048,-122.43892,385.2
5776,43.72058,-122.43883,383.2
5777,43.72069,-122.439,385.0
5778,43.72086,-122.43919,386.0
5779,43.72099,-122.43925,385.3
5780,43.72132,-122.43934,383.1
5781,43.72152,-122.43947,383.6
5782,43.72167,-122.43961,384.8
5783,43.72187,-122.43975,385.1
5784,43.72201,-122.43981,384.6
5785,43.72219,-122.43986,383.6
5786,43.72243,-122.43987,382.7
5787,43.72287,-122.43981,382.8
5788,43.72344,-122.43962,381.4
5789,43.72361,-122.4396,381.2
5790,43.72379,-122.43964,380.9
5791,43.72426,-122.4398,372.8
5792,43.72494,-122.44012,372.5
5793,43.72503,-122.44019,372.6
5794,43.72526,-122.44045,371.9
5795,43.72585,-122.4412,371.9
5796,43.72605,-122.44154,373.2
5797,43.7265,-122.44258,385.4
5798,43.72669,-122.44293,385.2
5799,43.72712,-122.4436,384.5
5800,43.72755,-122.44417,383.5
5801,43.72775,-122.44434,382.5
5802,43.72803,-122.44454,384.6
5803,43.72862,-122.44491,384.5
5804,43.72902,-122.44534,385.2
5805,43.72929,-122.44569,384.9
5806,43.72959,-122.44624,385.0
5807,43.7299,-122.44679,383.4
5808,43.73011,-122.44722,381.0
5809,43.73022,-122.44751,378.5
5810,43.73056,-122.44851,378.0
5811,43.73089,-122.4495,377.7
5812,43.73111,-122.45011,377.4
5813,43.73133,-122.45072,377.6
5814,43.73146,-122.45108,377.4
5815,43.73158,-122.45099,375.9
5816,43.73182,-122.45095,372.7
5817,43.73211,-122.45085,369.6
5818,43.73243,-122.45079,367.2
5819,43.73263,-122.45073,366.6
5820,43.73286,-122.45058,366.9
5821,43.73322,-122.45028,367.3
5822,43.73344,-122.45013,366.9
5823,43.73358,-122.45009,366.6
5824,43.73366,-122.45011,366.5
5825,43.73372,-122.45016,366.3
5826,43.73403,-122.45058,364.5
5827,43.7341,-122.45072,364.1
5828,43.73426,-122.4513,363.1
5829,43.73432,-122.45181,362.7
5830,43.73436,-122.45196,362.6
5831,43.73436,-122.45196,362.6
5832,43.73439,-122.45209,362.5
5833,43.73466,-122.4528,361.9
5834,43.73486,-122.45314,361.6
5835,43.7349,-122.45323,361.6
5836,43.73492,-122.45337,361.5
5837,43.73491,-122.45381,361.4
5838,43.73493,-122.45398,361.3
5839,43.73501,-122.45432,361.2
5840,43.73512,-122.45466,361.0
5841,43.73518,-122.45479,360.9
5842,43.73526,-122.45491,360.7
5843,43.73526,-122.45497,360.8
5844,43.7354,-122.45503,360.0
5845,43.73554,-122.45523,359.6
5846,43.73569,-122.45527,359.3
5847,43.73631,-122.455,358.1
5848,43.73657,-122.45505,357.7
5849,43.7372,-122.45444,363.7
5850,43.7375,-122.45453,364.1
5851,43.7376,-122.4546,363.8
5852,43.7377,-122.45473,363.2
5853,43.73775,-122.45487,362.6
5854,43.73803,-122.45593,358.4
5855,43.73808,-122.45649,356.9
5856,43.73814,-122.45676,356.4
5857,43.73856,-122.45651,357.6
5858,43.73873,-122.45705,356.9
5859,43.73889,-122.45745,356.7
5860,43.73908,-122.45781,356.5
5861,43.73931,-122.45815,356.3
5862,43.73952,-122.45841,356.1
5863,43.73977,-122.45869,355.8
5864,43.7401,-122.45902,356.0
5865,43.74073,-122.45966,356.6
5866,43.7411,-122.46005,357.0
5867,43.74148,-122.46044,358.4
5868,43.74182,-122.46087,359.4
5869,43.74229,-122.46151,360.7
5870,43.74284,-122.46248,361.1
5871,43.7432,-122.46324,361.2
5872,43.74353,-122.4641,362.9
5873,43.74384,-122.465,362.4
5874,43.74414,-122.4659,360.5
5875,43.74445,-122.4668,359.0
5876,43.74445,-122.4668,359.0
5877,43.7446,-122.46726,359.0
5878,43.74473,-122.46717,361.5
5879,43.74491,-122.46711,364.9
5880,43.74515,-122.46709,367.0
5881,43.74577,-122.46708,367.5
5882,43.74639,-122.46708,367.2
5883,43.74696,-122.46708,367.0
5884,43.74753,-122.46708,366.8
5885,43.74753,-122.46708,366.8
5886,43.74776,-122.46708,366.7
5887,43.74785,-122.46704,366.7
5888,43.74795,-122.46695,366.7
5889,43.74799,-122.46688,366.7
5890,43.74806,-122.4666,366.9
5891,43.74802,-122.46551,370.1
5892,43.74798,-122.46442,374.6
5893,43.74794,-122.46333,376.4
5894,43.7479,-122.46224,376.3
5895,43.74786,-122.46125,376.2
5896,43.74784,-122.46109,376.2
5897,43.7478,-122.46015,376.7
5898,43.74777,-122.45921,377.1
5899,43.74773,-122.45827,377.3
5900,43.74857,-122.4582,385.5
5901,43.74862,-122.45817,386.3
5902,43.74867,-122.45813,387.3
5903,43.7487,-122.45808,387.9
5904,43.74871,-122.45799,388.5
5905,43.74869,-122.45721,396.0
5906,43.74877,-122.45629,400.0
5907,43.74884,-122.45536,403.6
5908,43.74896,-122.45471,407.3
5909,43.7492,-122.45389,412.2
5910,43.74943,-122.45307,414.7
5911,43.74951,-122.45269,415.6
5912,43.74955,-122.4523,417.5
5913,43.74955,-122.45153,424.1
5914,43.74957,-122.45131,425.4
5915,43.74964,-122.451,427.2
5916,43.74971,-122.45082,428.1
5917,43.74977,-122.45064,428.7
5918,43.74991,-122.4504,431.2
5919,43.75005,-122.45039,434.6
5920,43.75011,-122.45042,436.2
5921,43.75015,-122.45047,437.3
5922,43.75025,-122.45093,438.7
5923,43.75034,-122.45126,438.5
5924,43.7504,-122.45139,439.1
5925,43.75059,-122.45167,443.9
5926,43.75076,-122.45184,445.8
5927,43.75116,-122.45211,449.8
5928,43.75116,-122.45211,449.8
5929,43.75188,-122.45264,458.5
5930,43.75238,-122.45319,462.6
5931,43.75253,-122.45326,463.5
5932,43.75269,-122.45329,465.1
5933,43.75296,-122.45329,469.5
5934,43.75319,-122.45321,472.5
5935,43.75335,-122.45308,473.5
5936,43.75401,-122.45238,475.8
5937,43.75413,-122.45226,478.6
5938,43.75434,-122.45213,486.0
5939,43.75442,-122.45212,488.2
5940,43.75459,-122.45212,490.0
5941,43.75468,-122.45215,489.3
5942,43.75478,-122.45221,487.4
5943,43.75491,-122.45233,483.9
5944,43.75502,-122.4525,480.8
5945,43.7551,-122.45275,478.1
5946,43.75516,-122.45323,474.7
5947,43.75526,-122.45435,468.3
5948,43.75537,-122.45514,463.8
5949,43.75547,-122.45593,461.1
5950,43.75555,-122.45669,458.8
5951,43.75563,-122.45745,457.1
5952,43.75572,-122.45793,455.8
5953,43.75578,-122.45818,455.1
5954,43.75595,-122.45866,453.5
5955,43.75634,-122.45956,451.2
5956,43.75672,-122.46045,449.2
5957,43.75711,-122.46135,447.6
5958,43.7576,-122.4623,445.7
5959,43.75801,-122.463,445.7
5960,43.75817,-122.46318,445.8
5961,43.75824,-122.46322,445.8
5962,43.75852,-122.46335,445.7
5963,43.75924,-122.46357,446.6
5964,43.75951,-122.4637,446.0
5965,43.76016,-122.46424,445.6
5966,43.76081,-122.46478,441.6
5967,43.76101,-122.46499,441.8
5968,43.76139,-122.46562,442.3
5969,43.76162,-122.46604,439.5
5970,43.76175,-122.46631,438.6
5971,43.76183,-122.46656,436.9
5972,43.76198,-122.46732,435.4
5973,43.76213,-122.46803,431.5
5974,43.76235,-122.46919,427.3
5975,43.76245,-122.46958,425.8
5976,43.7627,-122.47032,419.5
5977,43.76276,-122.47054,419.6
5978,43.7628,-122.47074,418.2
5979,43.76281,-122.47089,416.6
5980,43.7628,-122.47117,414.2
5981,43.76272,-122.47159,413.0
5982,43.76267,-122.47178,412.1
5983,43.76252,-122.47211,407.7
5984,43.76231,-122.47247,402.2
5985,43.76216,-122.47271,401.1
5986,43.76196,-122.47296,400.2
5987,43.76187,-122.47305,399.9
5988,43.76172,-122.47316,399.5
5989,43.76157,-122.47322,399.0
5990,43.7615,-122.47323,398.5
5991,43.76098,-122.47323,393.0
5992,43.76077,-122.47326,390.7
5993,43.76065,-122.47329,389.8
5994,43.76054,-122.47334,389.6
5995,43.76037,-122.47346,389.3
5996,43.76022,-122.47359,389.5
5997,43.76013,-122.47369,389.5
5998,43.76005,-122.4738,389.5
5999,43.75992,-122.47402,389.3
6000,43.75983,-122.47423,388.8
6001,43.7596,-122.47489,387.3
6002,43.75952,-122.47507,387.0
6003,43.75944,-122.47521,386.5
6004,43.75937,-122.47532,386.3
6005,43.7592,-122.47549,385.9
6006,43.75879,-122.47579,382.2
6007,43.75873,-122.47586,381.5
6008,43.75857,-122.47606,380.3
6009,43.75843,-122.47636,379.1
6010,43.75835,-122.47657,377.5
6011,43.75816,-122.47727,379.5
6012,43.75797,-122.47797,376.6
6013,43.7579,-122.47838,376.2
6014,43.75779,-122.47947,376.5
6015,43.75768,-122.48057,377.9
6016,43.75763,-122.48097,377.8
6017,43.7575,-122.48164,376.3
6018,43.7574,-122.482,378.2
6019,43.75724,-122.48251,376.6
6020,43.75719,-122.48268,374.3
6021,43.75714,-122.4829,368.9
6022,43.7571,-122.48325,365.7
6023,43.75703,-122.48411,363.7
6024,43.75702,-122.48431,363.6
6025,43.75703,-122.48451,363.7
6026,43.75704,-122.48468,363.8
6027,43.75707,-122.48487,364.4
6028,43.75722,-122.48538,364.0
6029,43.75725,-122.48564,361.1
6030,43.75725,-122.48597,359.9
6031,43.75722,-122.48671,355.3
6032,43.75722,-122.48698,355.5
6033,43.75724,-122.48744,356.3
6034,43.75735,-122.48842,352.3
6035,43.75747,-122.4894,347.8
6036,43.75751,-122.48963,345.8
6037,43.75761,-122.48999,343.5
6038,43.75795,-122.49086,341.0
6039,43.75799,-122.49101,340.5
6040,43.758,-122.49118,339.7
6041,43.75799,-122.49162,337.7
6042,43.75796,-122.49217,335.1
6043,43.75793,-122.49243,334.0
6044,43.75784,-122.49276,332.9
6045,43.75774,-122.4931,330.6
6046,43.75767,-122.49343,327.8
6047,43.75763,-122.49364,326.7
6048,43.75762,-122.49385,325.8
6049,43.75763,-122.49401,325.3
6050,43.75767,-122.49421,325.2
6051,43.75774,-122.49439,325.1
6052,43.75783,-122.4946,325.2
6053,43.75826,-122.49533,328.2
6054,43.75832,-122.49546,328.7
6055,43.75864,-122.49602,331.0
6056,43.75871,-122.49613,331.5
6057,43.75886,-122.49641,332.7
6058,43.75899,-122.49654,333.7
6059,43.75907,-122.49656,334.3
6060,43.75914,-122.49653,334.6
6061,43.75921,-122.49648,335.0
6062,43.75926,-122.49626,334.5
6063,43.75931,-122.49602,333.9
6064,43.75938,-122.49567,333.0
6065,43.75942,-122.49551,332.6
6066,43.75951,-122.49525,331.7
6067,43.75969,-122.49486,329.8
6068,43.75974,-122.49476,329.3
6069,43.75985,-122.49463,329.1
6070,43.75994,-122.49456,329.3
6071,43.76004,-122.49452,330.2
6072,43.76011,-122.49453,331.6
6073,43.7602,-122.49463,334.9
6074,43.76024,-122.49472,337.0
6075,43.76027,-122.4949,339.4
6076,43.76033,-122.49501,341.8
6077,43.76049,-122.49495,346.1
6078,43.76059,-122.49478,347.5
6079,43.76088,-122.49405,343.9
6080,43.76097,-122.49391,343.6
6081,43.76111,-122.49383,346.9
6082,43.76126,-122.49371,348.6
6083,43.76136,-122.49363,348.8
6084,43.76144,-122.49353,346.8
6085,43.76159,-122.49318,342.2
6086,43.76171,-122.49311,345.1
6087,43.76186,-122.49304,349.1
6088,43.762,-122.49293,351.3
6089,43.76213,-122.49274,351.3
6090,43.7622,-122.49259,350.3
6091,43.7623,-122.49231,347.1
6092,43.76235,-122.49213,344.2
6093,43.76237,-122.49189,338.0
6094,43.76241,-122.49173,334.7
6095,43.76248,-122.49154,331.6
6096,43.76255,-122.49142,330.3
6097,43.76269,-122.49126,329.0
6098,43.7628,-122.49117,328.5
6099,43.7634,-122.49083,328.8
6100,43.76393,-122.49046,328.7
6101,43.76447,-122.49016,328.5
6102,43.76481,-122.49005,328.3
6103,43.76515,-122.48999,327.5
6104,43.76593,-122.49,326.7
6105,43.76656,-122.49012,326.8
6106,43.76736,-122.49048,327.9
6107,43.76755,-122.49054,328.1
6108,43.76764,-122.49055,327.6
6109,43.7681,-122.49044,328.3
6110,43.76865,-122.49014,329.2
6111,43.7689,-122.48986,329.1
6112,43.76916,-122.48965,330.9
6113,43.76924,-122.48952,330.9
6114,43.76944,-122.48908,329.9
6115,43.76989,-122.4883,329.1
6116,43.77021,-122.48781,328.5
6117,43.77056,-122.48728,328.2
6118,43.77091,-122.48676,329.7
6119,43.77126,-122.48614,330.6
6120,43.77185,-122.48536,329.9
6121,43.77235,-122.48488,331.0
6122,43.77293,-122.48419,330.6
6123,43.77325,-122.48367,329.7
6124,43.77333,-122.48357,329.6
6125,43.77361,-122.48329,329.4
6126,43.77384,-122.48298,330.2
6127,43.77405,-122.48276,332.8
6128,43.77422,-122.48255,333.6
6129,43.77441,-122.48225,332.5
6130,43.77483,-122.48169,331.2
6131,43.77504,-122.48135,332.1
6132,43.77559,-122.48062,332.8
6133,43.77576,-122.48047,334.6
6134,43.776,-122.48018,335.7
6135,43.77633,-122.47972,334.6
6136,43.7768,-122.47893,343.1
6137,43.7771,-122.47823,339.5
6138,43.77734,-122.4776,341.1
6139,43.77741,-122.47731,339.8
6140,43.77754,-122.47657,339.2
6141,43.77758,-122.47606,339.4
6142,43.77767,-122.47565,340.2
6143,43.77775,-122.47507,341.5
6144,43.77778,-122.4749,341.6
6145,43.77806,-122.47408,340.4
6146,43.7781,-122.47387,340.0
6147,43.77814,-122.47351,339.8
6148,43.77819,-122.47296,339.4
6149,43.77829,-122.47251,339.1
6150,43.77834,-122.47213,339.0
6151,43.77833,-122.4717,338.9
6152,43.77824,-122.47105,339.1
6153,43.77824,-122.47074,339.5
6154,43.77821,-122.47046,339.9
6155,43.77821,-122.47024,340.2
6156,43.77815,-122.46979,340.6
6157,43.77815,-122.46916,341.5
6158,43.77823,-122.46849,342.2
6159,43.7783,-122.46813,342.1
6160,43.77837,-122.46784,341.8
6161,43.77854,-122.46734,341.7
6162,43.77873,-122.46702,341.7
6163,43.77894,-122.46673,341.4
6164,43.7791,-122.46662,341.2
6165,43.77931,-122.46653,341.1
6166,43.77975,-122.46641,340.9
6167,43.77995,-122.46641,341.0
6168,43.78018,-122.46637,340.9
6169,43.78077,-122.46637,341.4
6170,43.7812,-122.46628,341.5
6171,43.78171,-122.46628,344.1
6172,43.78186,-122.46625,344.6
6173,43.78221,-122.46609,343.7
6174,43.78239,-122.46603,343.3
6175,43.78297,-122.46579,342.1
6176,43.78345,-122.46568,344.6
6177,43.78369,-122.46561,346.7
6178,43.78398,-122.46545,350.8
6179,43.7842,-122.46536,352.4
6180,43.78442,-122.4653,353.6
6181,43.7847,-122.46523,354.8
6182,43.78507,-122.46506,353.6
6183,43.78553,-122.46494,353.6
6184,43.78571,-122.46491,354.2
6185,43.78589,-122.46491,354.9
6186,43.78602,-122.46487,355.2
6187,43.78626,-122.46477,355.2
6188,43.78686,-122.46442,352.9
6189,43.78724,-122.46414,350.9
6190,43.78757,-122.464,351.1
6191,43.7878,-122.46383,351.1
6192,43.78817,-122.46365,350.6
6193,43.78843,-122.46341,349.6
6194,43.78895,-122.46306,350.1
6195,43.78904,-122.46304,350.8
6196,43.78927,-122.46307,354.8
6197,43.78933,-122.46306,356.2
6198,43.78944,-122.46296,357.1
6199,43.78951,-122.46269,353.9
6200,43.78956,-122.46259,353.3
6201,43.78967,-122.4624,352.6
6202,43.78979,-122.46224,351.7
6203,43.7899,-122.46215,351.9
6204,43.78996,-122.46198,351.8
6205,43.79001,-122.4619,351.6
6206,43.79016,-122.46186,352.9
6207,43.79028,-122.46174,352.7
6208,43.79028,-122.46166,351.6
6209,43.79033,-122.4616,351.5
6210,43.79046,-122.46152,352.0
6211,43.79056,-122.46144,352.3
6212,43.79074,-122.46131,352.8
6213,43.79081,-122.46129,353.9
6214,43.79087,-122.46118,354.0
6215,43.79098,-122.46105,355.6
6216,43.79108,-122.46097,356.9
6217,43.79125,-122.46075,357.6
6218,43.79136,-122.46048,357.3
6219,43.79178,-122.45983,355.9
6220,43.79189,-122.45969,354.8
6221,43.79224,-122.45938,357.4
6222,43.79244,-122.45924,359.9
6223,43.79251,-122.45921,361.0
6224,43.79263,-122.45921,363.9
6225,43.79272,-122.45919,365.9
6226,43.79294,-122.45897,365.7
6227,43.79316,-122.45869,371.5
6228,43.79321,-122.45859,372.6
6229,43.79328,-122.45837,372.9
6230,43.79338,-122.45823,374.7
6231,43.7934,-122.4581,373.0
6232,43.79338,-122.45769,362.0
6233,43.79339,-122.4576,359.8
6234,43.79343,-122.45747,357.6
6235,43.79377,-122.45693,364.9
6236,43.79397,-122.4567,369.2
6237,43.79405,-122.45652,367.7
6238,43.79414,-122.4562,362.3
6239,43.79427,-122.45594,368.1
6240,43.79436,-122.4556,368.1
6241,43.79447,-122.45528,365.0
6242,43.79462,-122.45501,372.7
6243,43.79473,-122.45457,379.8
6244,43.79473,-122.45437,378.5
6245,43.79476,-122.45406,378.5
6246,43.79484,-122.45358,381.9
6247,43.79488,-122.45351,384.1
6248,43.795,-122.45339,389.2
6249,43.7951,-122.45327,388.9
6250,43.79523,-122.45315,386.9
6251,43.79533,-122.45312,388.6
6252,43.79538,-122.45312,390.4
6253,43.79538,-122.45312,390.4
6254,43.79555,-122.45315,397.3
6255,43.79564,-122.45315,398.2
6256,43.79587,-122.45308,395.4
6257,43.79602,-122.45307,396.0
6258,43.79623,-122.45297,392.4
6259,43.79631,-122.45292,391.6
6260,43.79641,-122.45278,390.8
6261,43.79656,-122.4525,383.8
6262,43.79663,-122.45233,377.9
6263,43.79668,-122.45227,376.5
6264,43.79692,-122.45217,377.8
6265,43.79705,-122.45203,373.8
6266,43.79729,-122.45192,372.6
6267,43.7974,-122.45181,368.9
6268,43.79742,-122.45175,366.6
6269,43.79744,-122.45161,361.4
6270,43.79749,-122.4515,357.7
6271,43.79755,-122.45144,355.8
6272,43.79765,-122.4514,354.2
6273,43.79802,-122.45147,353.1
6274,43.79834,-122.45162,353.8
6275,43.79882,-122.45161,353.1
6276,43.79919,-122.4517,354.8
6277,43.79942,-122.45167,360.8
6278,43.79963,-122.45157,366.9
6279,43.79989,-122.45132,366.6
6280,43.79992,-122.45127,366.4
6281,43.80007,-122.45092,372.9
6282,43.80028,-122.45031,373.0
6283,43.8003,-122.45021,372.0
6284,43.80032,-122.44985,369.8
6285,43.80027,-122.44944,366.6
6286,43.80023,-122.44929,364.8
6287,43.80022,-122.44911,364.0
6288,43.80028,-122.44876,364.0
6289,43.8003,-122.44851,364.8
6290,43.80026,-122.44826,365.8
6291,43.80025,-122.44787,370.5
6292,43.80022,-122.4476,372.5
6293,43.80011,-122.44707,373.0
6294,43.80001,-122.44669,370.3
6295,43.79999,-122.44658,369.5
6296,43.8,-122.4464,369.1
6297,43.80024,-122.44582,368.6
6298,43.8003,-122.44562,366.8
6299,43.8004,-122.44533,364.1
6300,43.80065,-122.44494,362.9
6301,43.80081,-122.4446,362.5
6302,43.80092,-122.44442,362.4
6303,43.80121,-122.44412,362.9
6304,43.80148,-122.44388,362.6
6305,43.80163,-122.44369,362.9
6306,43.80201,-122.44336,367.1
6307,43.80221,-122.44312,370.3
6308,43.80231,-122.44297,371.2
6309,43.80249,-122.44259,369.8
6310,43.8027,-122.44228,375.4
6311,43.80273,-122.44219,376.8
6312,43.80275,-122.44201,375.9
6313,43.8028,-122.44185,376.2
6314,43.80299,-122.44095,371.2
6315,43.80299,-122.44095,371.2
6316,43.80307,-122.44044,376.2
6317,43.80311,-122.44009,381.8
6318,43.8031,-122.43989,382.2
6319,43.80311,-122.43975,382.5
6320,43.80318,-122.43936,386.0
6321,43.80323,-122.4392,390.7
6322,43.80329,-122.43892,397.7
6323,43.80332,-122.4387,401.7
6324,43.80339,-122.43793,408.7
6325,43.80345,-122.43773,415.2
6326,43.80347,-122.43732,410.5
6327,43.80344,-122.43712,404.2
6328,43.80345,-122.43703,403.8
6329,43.80354,-122.43682,405.4
6330,43.80361,-122.43653,399.8
6331,43.80369,-122.43633,396.8
6332,43.8039,-122.43603,390.9
6333,43.80391,-122.43594,388.8
6334,43.80385,-122.43596,387.3
6335,43.80363,-122.43621,390.6
6336,43.80339,-122.43639,386.9
6337,43.80334,-122.43637,384.2
6338,43.80327,-122.43626,379.4
6339,43.80303,-122.43652,375.4
6340,43.80249,-122.43716,366.1
6341,43.80235,-122.43732,363.8
6342,43.80228,-122.43685,364.5
6343,43.80223,-122.43649,365.3
6344,43.80223,-122.43618,366.1
6345,43.80227,-122.43593,366.0
6346,43.80234,-122.43567,362.9
6347,43.80246,-122.43541,363.3
6348,43.80269,-122.43511,365.9
6349,43.80291,-122.43491,365.8
6350,43.80308,-122.4348,363.9
6351,43.8036,-122.43457,362.4
6352,43.80383,-122.43436,362.7
6353,43.80441,-122.43374,370.0
6354,43.804558,-122.433623,370.6
6355,43.8046,-122.43359,370.6
6356,43.80493,-122.43339,368.6
6357,43.80514,-122.43322,367.8
6358,43.80525,-122.43306,368.1
6359,43.80536,-122.43283,368.8
6360,43.80543,-122.43262,369.0
6361,43.80545,-122.43236,368.6
6362,43.80545,-122.43194,367.9
6363,43.80539,-122.43117,372.9
6364,43.80541,-122.43089,376.1
6365,43.80549,-122.4307,376.2
6366,43.80572,-122.43031,376.7
6367,43.806,-122.42993,375.3
6368,43.80639,-122.42959,372.8
6369,43.80684,-122.42924,370.6
6370,43.80727,-122.42896,373.9
6371,43.80746,-122.42888,374.1
6372,43.8077,-122.42885,374.3
6373,43.80832,-122.42896,370.4
6374,43.80853,-122.42893,371.5
6375,43.80886,-122.4288,373.0
6376,43.80903,-122.42867,375.6
6377,43.80915,-122.42853,376.3
6378,43.80926,-122.42837,376.0
6379,43.80938,-122.42803,376.0
6380,43.80942,-122.42732,375.5
6381,43.80947,-122.42704,375.7
6382,43.80963,-122.4267,375.1
6383,43.80987,-122.42587,376.4
6384,43.80995,-122.42569,376.5
6385,43.81032,-122.42499,376.3
6386,43.81069,-122.42429,376.0
6387,43.81107,-122.4236,376.9
6388,43.81154,-122.42267,375.5
6389,43.81167,-122.42235,374.8
6390,43.81175,-122.42204,374.6
6391,43.81186,-122.42142,374.7
6392,43.81189,-122.42108,374.6
6393,43.8119,-122.42082,374.8
6394,43.81188,-122.41981,375.1
6395,43.8119,-122.41925,374.9
6396,43.81205,-122.41805,374.1
6397,43.81204,-122.41783,374.1
6398,43.81202,-122.41763,374.2
6399,43.81174,-122.41652,376.0
6400,43.81169,-122.41617,377.9
6401,43.81168,-122.41598,379.2
6402,43.81169,-122.41581,380.1
6403,43.81172,-122.41561,381.3
6404,43.81179,-122.41542,381.5
6405,43.81204,-122.41499,379.5
6406,43.81214,-122.41475,378.8
6407,43.81225,-122.41436,378.4
6408,43.81239,-122.41373,378.2
6409,43.81254,-122.41311,379.6
6410,43.81271,-122.41204,386.4
6411,43.81283,-122.41161,387.5
6412,43.81294,-122.41139,387.7
6413,43.81317,-122.41107,389.0
6414,43.81346,-122.41081,392.3
6415,43.81399,-122.41043,392.7
6416,43.81421,-122.41023,392.3
6417,43.81447,-122.4099,391.9
6418,43.81508,-122.40922,389.3
6419,43.81583,-122.40862,386.8
6420,43.81595,-122.40849,388.5
6421,43.81609,-122.4083,390.5
6422,43.81622,-122.408,393.6
6423,43.81642,-122.40743,396.6
6424,43.81665,-122.40665,396.1
6425,43.81689,-122.40586,395.3
6426,43.817,-122.40559,396.6
6427,43.81723,-122.40524,397.1
6428,43.81759,-122.40482,394.6
6429,43.81796,-122.40439,391.4
6430,43.81853,-122.40385,388.4
6431,43.8187,-122.40373,389.8
6432,43.81884,-122.40368,390.4
6433,43.81919,-122.40363,390.3
6434,43.82003,-122.40362,393.3
6435,43.82086,-122.40361,399.9
6436,43.82158,-122.40372,408.4
6437,43.82194,-122.40385,407.3
6438,43.82222,-122.40392,406.4
6439,43.82256,-122.40395,406.1
6440,43.82315,-122.40388,406.3
6441,43.8237,-122.40376,407.3
6442,43.82427,-122.40361,407.3
6443,43.82456,-122.40347,406.9
6444,43.82516,-122.40312,406.9
6445,43.82556,-122.40296,408.8
6446,43.82583,-122.40291,409.3
6447,43.82626,-122.40296,406.6
6448,43.82642,-122.4029,406.0
6449,43.82663,-122.40275,405.9
6450,43.82726,-122.40206,408.3
6451,43.82755,-122.40181,411.2
6452,43.82805,-122.40152,411.2
6453,43.82856,-122.40123,409.5
6454,43.82899,-122.40093,408.8
6455,43.82949,-122.40054,410.8
6456,43.82989,-122.40032,411.9
6457,43.83066,-122.40003,410.9
6458,43.83144,-122.39975,409.3
6459,43.83222,-122.39947,410.8
6460,43.83246,-122.39945,411.1
6461,43.83278,-122.3995,411.7
6462,43.83321,-122.3996,412.1
6463,43.8339,-122.39983,410.2
6464,43.83458,-122.40005,408.0
6465,43.8352,-122.40023,407.7
6466,43.83582,-122.40042,409.3
6467,43.83609,-122.40057,410.2
6468,43.83679,-122.4012,410.5
6469,43.83703,-122.40138,412.4
6470,43.83755,-122.4016,419.2
6471,43.83806,-122.40182,422.5
6472,43.83841,-122.40218,415.2
6473,43.83906,-122.40298,415.6
6474,43.83942,-122.40347,415.2
6475,43.83979,-122.40396,416.2
6476,43.84002,-122.40418,416.0
6477,43.84069,-122.4044,416.1
6478,43.84139,-122.40458,416.4
6479,43.84207,-122.4048,416.7
6480,43.84232,-122.40489,416.9
6481,43.84246,-122.40491,419.0
6482,43.84317,-122.40444,416.3
6483,43.84334,-122.40439,416.0
6484,43.84353,-122.40438,416.0
6485,43.84372,-122.40444,417.0
6486,43.84436,-122.40473,421.1
6487,43.84463,-122.40474,421.7
6488,43.84493,-122.40466,421.0
6489,43.84519,-122.40463,419.8
6490,43.84555,-122.40467,420.0
6491,43.84596,-122.40465,427.9
6492,43.84609,-122.40458,429.6
6493,43.84671,-122.40402,429.6
6494,43.84688,-122.40397,428.8
6495,43.84724,-122.40402,429.1
6496,43.84778,-122.40417,429.4
6497,43.84833,-122.40432,429.6
6498,43.84892,-122.40452,429.4
6499,43.84926,-122.40466,429.7
6500,43.84946,-122.40478,429.9
6501,43.84964,-122.40491,430.3
6502,43.85038,-122.40561,431.3
6503,43.85077,-122.40593,429.0
6504,43.85101,-122.4062,429.5
6505,43.85137,-122.40674,430.7
6506,43.85151,-122.40692,432.3
6507,43.85157,-122.40695,432.9
6508,43.85212,-122.40713,437.9
6509,43.85233,-122.40728,440.0
6510,43.85246,-122.40744,440.9
6511,43.85275,-122.40791,440.0
6512,43.85305,-122.40838,439.7
6513,43.85356,-122.40909,437.8
6514,43.85391,-122.40972,437.9
6515,43.85425,-122.41035,438.3
6516,43.85445,-122.41064,438.1
6517,43.85505,-122.41117,437.5
6518,43.85528,-122.4113,436.0
6519,43.85547,-122.41136,435.3
6520,43.85575,-122.41137,434.7
6521,43.85635,-122.41121,435.5
6522,43.85681,-122.41102,435.4
6523,43.85727,-122.41083,436.3
6524,43.85746,-122.4108,439.5
6525,43.85766,-122.41083,439.3
6526,43.85825,-122.41121,435.8
6527,43.85885,-122.41158,434.3
6528,43.85955,-122.41178,434.0
6529,43.86043,-122.41183,433.3
6530,43.86066,-122.41172,433.2
6531,43.86091,-122.41155,433.0
6532,43.86122,-122.41127,433.6
6533,43.8617,-122.41071,435.8
6534,43.8619,-122.41058,435.0
6535,43.86237,-122.41036,433.2
6536,43.8628,-122.41017,433.2
6537,43.86324,-122.40998,433.6
6538,43.86339,-122.40988,434.0
6539,43.86385,-122.4093,436.2
6540,43.86431,-122.40872,436.7
6541,43.86477,-122.40814,436.2
6542,43.86514,-122.4077,436.6
6543,43.86552,-122.40727,439.0
6544,43.86569,-122.40704,442.7
6545,43.86587,-122.40673,447.5
6546,43.86618,-122.40601,456.1
6547,43.8665,-122.40529,459.3
6548,43.86706,-122.40452,460.4
6549,43.8672,-122.40427,460.4
6550,43.86733,-122.40393,459.2
6551,43.8674,-122.40365,456.3
6552,43.86743,-122.40344,453.8
6553,43.86733,-122.4023,456.3
6554,43.86734,-122.40202,459.9
6555,43.86738,-122.40185,460.1
6556,43.86748,-122.40164,458.1
6557,43.86765,-122.40135,460.4
6558,43.86786,-122.4011,460.8
6559,43.86805,-122.40097,459.7
6560,43.86853,-122.40083,456.7
6561,43.86901,-122.40069,456.8
6562,43.86934,-122.40054,457.7
6563,43.86958,-122.40039,458.0
6564,43.87014,-122.39981,458.9
6565,43.87037,-122.39962,459.2
6566,43.87102,-122.3993,461.0
6567,43.87167,-122.39899,460.5
6568,43.87203,-122.3987,464.0
6569,43.87271,-122.39807,464.8
6570,43.8733,-122.39749,468.2
6571,43.87389,-122.39691,470.5
6572,43.87455,-122.39638,469.0
6573,43.87512,-122.39596,466.2
6574,43.87553,-122.39563,466.2
6575,43.87594,-122.39531,465.8
6576,43.87644,-122.39487,473.6
6577,43.87695,-122.39443,478.9
6578,43.8772,-122.39416,487.8
6579,43.87749,-122.39377,489.3
6580,43.87758,-122.39354,489.5
6581,43.87775,-122.39286,489.6
6582,43.8779,-122.39215,488.7
6583,43.87801,-122.39152,489.0
6584,43.87809,-122.39082,486.4
6585,43.87811,-122.38984,490.3
6586,43.87814,-122.38885,495.6
6587,43.87816,-122.38787,502.5
6588,43.87821,-122.38736,505.2
6589,43.87825,-122.38707,505.7
6590,43.87847,-122.38625,502.6
6591,43.87862,-122.38578,503.3
6592,43.87883,-122.38519,507.4
6593,43.87904,-122.3846,513.0
6594,43.87937,-122.38377,519.7
6595,43.87965,-122.3826,529.4
6596,43.87978,-122.38192,531.7
6597,43.87992,-122.38125,538.7
6598,43.88001,-122.38097,539.1
6599,43.8801,-122.38073,538.6
6600,43.88013,-122.3806,538.5
6601,43.88014,-122.38046,539.4
6602,43.88014,-122.3803,540.9
6603,43.88013,-122.38019,542.1
6604,43.88009,-122.38002,545.6
6605,43.88008,-122.37989,548.6
6606,43.88009,-122.3797,551.5
6607,43.8802,-122.37914,549.8
6608,43.88028,-122.37849,550.4
6609,43.88036,-122.37784,551.4
6610,43.88046,-122.3772,553.3
6611,43.88058,-122.37669,554.1
6612,43.88077,-122.37603,553.5
6613,43.88087,-122.37583,554.2
6614,43.88098,-122.37569,555.6
6615,43.88106,-122.3756,556.7
6616,43.88118,-122.37551,557.7
6617,43.88176,-122.37515,566.4
6618,43.88204,-122.37491,568.8
6619,43.88231,-122.37466,569.2
6620,43.88248,-122.37454,568.5
6621,43.88262,-122.37441,568.9
6622,43.88288,-122.37415,570.5
6623,43.88297,-122.37404,571.9
6624,43.88311,-122.37395,572.3
6625,43.88327,-122.37388,572.3
6626,43.88386,-122.37369,572.4
6627,43.88433,-122.37352,579.9
6628,43.88459,-122.37344,582.5
6629,43.88487,-122.37338,584.4
6630,43.88498,-122.37338,584.0
6631,43.88525,-122.3734,581.3
6632,43.88535,-122.37337,580.6
6633,43.88542,-122.37332,580.2
6634,43.88557,-122.37327,577.8
6635,43.88572,-122.37316,569.2
6636,43.88624,-122.37252,567.3
6637,43.88633,-122.37238,568.9
6638,43.88635,-122.37219,568.8
6639,43.88634,-122.37202,569.2
6640,43.88631,-122.37173,570.4
6641,43.88625,-122.37145,570.8
6642,43.88605,-122.37073,570.8
6643,43.88576,-122.36994,582.7
6644,43.88547,-122.36915,583.0
6645,43.88541,-122.36892,582.6
6646,43.88538,-122.36871,582.9
6647,43.88537,-122.36853,583.3
6648,43.88539,-122.36834,585.3
6649,43.88544,-122.36813,587.2
6650,43.8855,-122.36792,587.5
6651,43.88557,-122.36778,587.8
6652,43.88567,-122.36765,588.3
6653,43.88611,-122.3673,590.6
6654,43.88621,-122.36718,591.2
6655,43.88628,-122.36704,591.5
6656,43.88643,-122.3666,591.5
6657,43.88663,-122.36594,591.4
6658,43.88673,-122.36573,592.4
6659,43.88684,-122.36555,593.9
6660,43.88714,-122.36514,596.0
6661,43.88745,-122.3648,596.6
6662,43.88787,-122.36424,601.5
6663,43.88827,-122.36347,607.7
6664,43.88835,-122.36326,608.5
6665,43.88841,-122.36295,608.3
6666,43.88852,-122.36217,609.8
6667,43.88863,-122.36139,616.0
6668,43.88866,-122.36117,617.1
6669,43.88867,-122.3609,617.8
6670,43.88869,-122.35994,625.3
6671,43.88876,-122.35885,630.7
6672,43.88876,-122.35866,631.4
6673,43.88876,-122.35852,632.0
6674,43.88868,-122.35799,637.7
6675,43.88865,-122.35778,638.2
6676,43.88865,-122.3576,638.4
6677,43.88866,-122.3574,638.7
6678,43.8887,-122.35722,639.3
6679,43.88878,-122.35699,640.4
6680,43.88888,-122.35679,641.3
6681,43.88901,-122.35661,643.0
6682,43.88929,-122.35627,652.2
6683,43.88934,-122.35619,654.1
6684,43.88938,-122.35608,655.5
6685,43.88939,-122.35595,655.8
6686,43.88938,-122.35568,654.6
6687,43.88939,-122.35541,653.4
6688,43.88943,-122.35528,653.6
6689,43.88953,-122.35516,655.1
6690,43.89002,-122.35459,658.6
6691,43.8901,-122.35447,661.8
6692,43.89042,-122.35382,679.5
6693,43.89094,-122.35284,686.9
6694,43.89145,-122.35186,687.4
6695,43.89176,-122.35132,686.7
6696,43.89185,-122.35121,687.2
6697,43.89197,-122.35112,688.2
6698,43.89226,-122.35096,690.9
6699,43.89242,-122.35094,692.5
6700,43.89292,-122.35093,697.9
6701,43.89311,-122.35087,700.7
6702,43.89327,-122.35079,703.1
6703,43.8934,-122.3507,705.1
6704,43.89352,-122.35058,707.5
6705,43.89361,-122.35046,710.4
6706,43.8937,-122.35022,712.8
6707,43.89389,-122.34965,714.5
6708,43.89398,-122.34945,714.9
6709,43.89409,-122.34927,715.5
6710,43.89441,-122.34888,721.8
6711,43.89457,-122.34875,724.4
6712,43.89471,-122.34869,726.3
6713,43.89485,-122.34863,729.3
6714,43.89496,-122.34855,732.7
6715,43.89507,-122.34843,736.1
6716,43.89531,-122.34807,737.6
6717,43.89564,-122.34765,738.2
6718,43.89591,-122.34731,736.7
6719,43.896,-122.34724,736.6
6720,43.89609,-122.3472,736.9
6721,43.89638,-122.34715,745.1
6722,43.89649,-122.34711,747.7
6723,43.89658,-122.34705,749.0
6724,43.89668,-122.34696,749.9
6725,43.89698,-122.34661,749.1
6726,43.89705,-122.34656,748.7
6727,43.89717,-122.3465,748.5
6728,43.8973,-122.34648,749.0
6729,43.8974,-122.34648,749.4
6730,43.89756,-122.34651,750.4
6731,43.8983,-122.34673,758.6
6732,43.89842,-122.34675,761.4
6733,43.89856,-122.34674,764.0
6734,43.89867,-122.34669,765.6
6735,43.89876,-122.34663,768.1
6736,43.89888,-122.34652,774.0
6737,43.899,-122.34634,777.1
6738,43.89916,-122.34603,775.6
6739,43.89929,-122.34577,775.3
6740,43.89961,-122.34498,798.9
6741,43.89982,-122.34432,802.1
6742,43.90003,-122.34367,808.0
6743,43.9001,-122.34355,808.4
6744,43.90022,-122.34343,809.7
6745,43.9005,-122.34319,813.2
6746,43.90071,-122.34295,816.9
6747,43.90076,-122.34285,819.5
6748,43.90083,-122.34265,822.2
6749,43.90101,-122.34195,824.4
6750,43.90104,-122.34178,825.4
6751,43.90105,-122.34165,825.9
6752,43.90105,-122.34143,826.6
6753,43.90102,-122.34102,828.5
6754,43.90099,-122.34086,829.1
6755,43.90095,-122.34073,828.8
6756,43.90085,-122.34053,828.0
6757,43.9007,-122.34029,827.9
6758,43.90061,-122.3401,829.3
6759,43.90051,-122.33984,835.5
6760,43.90046,-122.33964,839.5
6761,43.9004,-122.33935,842.1
6762,43.90038,-122.33901,848.6
6763,43.90038,-122.33885,850.1
6764,43.90041,-122.33868,852.7
6765,43.90069,-122.33751,863.7
6766,43.90082,-122.33705,868.1
6767,43.90089,-122.33691,868.7
6768,43.90095,-122.33681,869.2
6769,43.90103,-122.33674,869.9
6770,43.90117,-122.33666,870.9
6771,43.90129,-122.33662,871.9
6772,43.90145,-122.33659,873.0
6773,43.902,-122.33657,875.3
6774,43.9027,-122.33653,880.1
6775,43.90339,-122.33649,882.2
6776,43.90363,-122.33649,883.3
6777,43.90382,-122.3365,884.5
6778,43.90394,-122.33652,885.5
6779,43.90437,-122.33666,890.7
6780,43.90454,-122.33668,891.4
6781,43.90475,-122.33667,891.8
6782,43.90492,-122.33663,891.9
6783,43.90533,-122.33648,892.1
6784,43.90545,-122.33646,892.3
6785,43.90557,-122.33645,892.4
6786,43.90576,-122.33647,892.6
6787,43.90595,-122.33654,893.0
6788,43.90624,-122.33668,893.6
6789,43.90637,-122.33671,893.9
6790,43.90649,-122.33673,894.2
6791,43.90665,-122.33673,894.7
6792,43.90693,-122.33668,895.8
6793,43.90715,-122.33663,897.2
6794,43.90725,-122.33663,897.9
6795,43.90736,-122.33666,898.7
6796,43.90753,-122.33672,899.7
6797,43.90776,-122.33683,900.5
6798,43.90789,-122.33663,901.4
6799,43.90798,-122.33648,902.1
6800,43.90804,-122.33631,902.7
6801,43.90812,-122.336,904.6
6802,43.90818,-122.33557,907.1
6803,43.90822,-122.33498,909.5
6804,43.90823,-122.33416,912.1
6805,43.90824,-122.33333,913.7
6806,43.90826,-122.33306,914.5
6807,43.90839,-122.33241,922.5
6808,43.90851,-122.33174,925.4
6809,43.90862,-122.33108,928.0
6810,43.90869,-122.33037,929.7
6811,43.90877,-122.32966,930.2
6812,43.90886,-122.3285,929.8
6813,43.90893,-122.32823,929.7
6814,43.90903,-122.32809,929.8
6815,43.90916,-122.32798,930.2
6816,43.9096,-122.32767,931.6
6817,43.90972,-122.32753,932.2
6818,43.90977,-122.32735,932.5
6819,43.90977,-122.32716,932.4
6820,43.90975,-122.32699,932.2
6821,43.90963,-122.32671,931.1
6822,43.90941,-122.32625,930.4
6823,43.90931,-122.32594,930.3
6824,43.90925,-122.32566,930.0
6825,43.90924,-122.32542,929.9
6826,43.90927,-122.32521,930.0
6827,43.90942,-122.32459,930.6
6828,43.90945,-122.32429,930.5
6829,43.90949,-122.32306,930.9
6830,43.90956,-122.32238,935.5
6831,43.90955,-122.32205,936.5
6832,43.9095,-122.32174,937.7
6833,43.90943,-122.32142,939.0
6834,43.90941,-122.32101,940.7
6835,43.9094,-122.32021,944.7
6836,43.90935,-122.32003,944.9
6837,43.90924,-122.31982,944.5
6838,43.90912,-122.31954,944.3
6839,43.909,-122.31899,944.9
6840,43.90885,-122.31804,945.2
6841,43.90881,-122.31753,945.5
6842,43.90881,-122.31718,946.3
6843,43.90888,-122.31663,948.7
6844,43.90899,-122.31611,950.5
6845,43.90911,-122.31582,951.4
6846,43.90926,-122.31561,952.7
6847,43.90966,-122.31526,956.2
6848,43.91005,-122.31491,960.1
6849,43.91035,-122.31462,961.8
6850,43.91051,-122.3144,962.4
6851,43.91072,-122.31404,962.8
6852,43.91091,-122.31357,963.0
6853,43.91105,-122.31314,963.1
6854,43.91123,-122.31232,963.0
6855,43.91147,-122.31133,962.9
6856,43.91175,-122.31066,962.9
6857,43.91212,-122.31006,963.1
6858,43.91263,-122.30932,963.3
6859,43.91308,-122.30879,962.9
6860,43.9134,-122.30853,962.5
6861,43.91356,-122.3083,962.1
6862,43.91364,-122.30813,961.9
6863,43.91372,-122.30781,961.5
6864,43.91376,-122.30751,961.3
6865,43.91375,-122.30711,960.9
6866,43.91368,-122.3067,960.8
6867,43.9136,-122.30647,961.0
6868,43.91343,-122.30615,961.5
6869,43.91307,-122.30566,962.5
6870,43.91297,-122.30546,962.8
6871,43.91296,-122.30524,962.6
6872,43.91305,-122.30458,961.5
6873,43.91315,-122.30392,960.5
6874,43.91325,-122.30351,959.8
6875,43.91356,-122.30247,958.5
6876,43.9137,-122.30215,958.1
6877,43.91382,-122.30194,957.8
6878,43.91395,-122.30182,957.4
6879,43.91432,-122.30163,956.3
6880,43.91476,-122.30144,954.9
6881,43.91521,-122.30126,953.0
6882,43.91542,-122.30109,952.3
6883,43.91587,-122.30054,953.4
6884,43.91632,-122.30005,953.6
6885,43.91649,-122.29995,953.8
6886,43.91664,-122.29991,953.9
6887,43.91746,-122.29983,954.9
6888,43.91828,-122.29976,952.4
6889,43.91901,-122.2997,952.1
6890,43.91974,-122.29964,956.6
6891,43.92046,-122.29958,958.7
6892,43.9209,-122.29956,958.6
6893,43.92109,-122.29952,958.5
6894,43.92123,-122.29944,958.2
6895,43.92147,-122.29921,958.1
6896,43.92197,-122.29871,957.2
6897,43.92247,-122.2982,956.3
6898,43.92303,-122.29763,956.2
6899,43.92359,-122.29705,955.6
6900,43.92416,-122.29648,954.0
6901,43.92455,-122.29604,948.9
6902,43.92482,-122.29562,940.2
6903,43.92494,-122.29538,935.9
6904,43.92498,-122.29519,933.5
6905,43.92497,-122.29496,931.6
6906,43.9249,-122.29473,931.4
6907,43.92473,-122.29436,932.4
6908,43.92459,-122.29403,933.1
6909,43.92446,-122.29352,932.2
6910,43.92432,-122.29308,931.6
6911,43.9242,-122.29279,931.4
6912,43.92398,-122.29243,932.3
6913,43.92384,-122.29217,932.5
6914,43.92375,-122.29191,932.4
6915,43.92364,-122.29147,931.7
6916,43.92358,-122.29127,931.3
6917,43.92321,-122.29078,930.9
6918,43.92314,-122.29054,930.2
6919,43.92312,-122.2904,930.4
6920,43.92315,-122.29023,929.8
6921,43.9232,-122.29006,928.8
6922,43.92321,-122.28986,928.7
6923,43.92318,-122.28936,929.1
6924,43.92311,-122.28848,928.1
6925,43.92307,-122.28809,926.5
6926,43.92296,-122.28742,925.5
6927,43.92294,-122.28716,925.4
6928,43.92297,-122.28691,925.8
6929,43.92304,-122.28677,926.6
6930,43.92321,-122.28662,930.4
6931,43.92335,-122.28658,933.9
6932,43.9235,-122.28664,936.6
6933,43.92358,-122.28672,937.5
6934,43.9238,-122.28727,937.0
6935,43.92403,-122.28781,936.4
6936,43.92417,-122.2882,935.0
6937,43.92428,-122.28846,934.1
6938,43.92441,-122.28864,933.9
6939,43.92476,-122.289,934.1
6940,43.92496,-122.28923,934.0
6941,43.92505,-122.2894,933.6
6942,43.92549,-122.29034,926.4
6943,43.92584,-122.29097,925.4
6944,43.9262,-122.29153,924.4
6945,43.92637,-122.29177,923.4
6946,43.92667,-122.29197,922.4
6947,43.92687,-122.29202,921.4
6948,43.92702,-122.29202,920.5
6949,43.92712,-122.29196,920.0
6950,43.92719,-122.29181,920.0
6951,43.92732,-122.2914,919.2
6952,43.92756,-122.29034,917.9
6953,43.92773,-122.2897,917.4
6954,43.92797,-122.28876,915.4
6955,43.92818,-122.28817,913.9
6956,43.92838,-122.28758,912.7
6957,43.92863,-122.28701,912.7
6958,43.92888,-122.28643,912.7
6959,43.92927,-122.28565,911.8
6960,43.92951,-122.2852,911.9
6961,43.92967,-122.28486,913.3
6962,43.92986,-122.28434,915.9
6963,43.9301,-122.28376,918.9
6964,43.93035,-122.28333,921.0
6965,43.93058,-122.28313,921.1
6966,43.93098,-122.28292,920.6
6967,43.93141,-122.28266,920.8
6968,43.93165,-122.28254,919.9
6969,43.93181,-122.28234,920.2
6970,43.93189,-122.28212,921.1
6971,43.93191,-122.28189,922.2
6972,43.9319,-122.28168,923.1
6973,43.93184,-122.28138,924.4
6974,43.93182,-122.28111,925.5
6975,43.93184,-122.28094,926.2
6976,43.93192,-122.28077,927.0
6977,43.93203,-122.28069,927.8
6978,43.93217,-122.28068,927.4
6979,43.93239,-122.28072,926.3
6980,43.93272,-122.28079,924.4
6981,43.93293,-122.28077,923.3
6982,43.9334,-122.28061,922.2
6983,43.93386,-122.28042,923.0
6984,43.93432,-122.28023,924.3
6985,43.93452,-122.28018,924.4
6986,43.93466,-122.28019,924.3
6987,43.9348,-122.28027,925.4
6988,43.935,-122.28042,927.9
6989,43.93529,-122.28069,931.5
6990,43.93545,-122.28079,933.6
6991,43.93566,-122.28074,935.4
6992,43.93588,-122.28062,936.5
6993,43.93641,-122.28023,940.6
6994,43.93657,-122.28015,941.4
6995,43.93677,-122.28012,942.0
6996,43.93701,-122.28013,942.4
6997,43.93745,-122.28018,943.2
6998,43.93791,-122.28027,944.6
6999,43.9384,-122.2804,946.3
7000,43.93864,-122.28046,947.2
7001,43.93928,-122.28054,952.3
7002,43.93968,-122.28062,954.4
7003,43.93979,-122.28062,954.7
7004,43.94057,-122.28075,959.4
7005,43.94135,-122.28087,968.8
7006,43.94212,-122.281,979.7
7007,43.9429,-122.28113,985.3
7008,43.94329,-122.28115,989.7
7009,43.9438,-122.28119,992.3
7010,43.9443,-122.28123,994.4
7011,43.94448,-122.28126,996.6
7012,43.94462,-122.28133,1000.2
7013,43.94484,-122.28147,1004.0
7014,43.94503,-122.28166,1006.4
7015,43.94546,-122.28213,1010.0
7016,43.94565,-122.28231,1011.5
7017,43.94591,-122.28248,1014.3
7018,43.9466,-122.2828,1019.3
7019,43.94727,-122.28299,1026.0
7020,43.94807,-122.28311,1030.4
7021,43.94825,-122.28312,1031.6
7022,43.94842,-122.28308,1032.3
7023,43.94866,-122.28296,1032.9
7024,43.94897,-122.28271,1033.2
7025,43.94936,-122.28234,1035.2
7026,43.94957,-122.2821,1041.1
7027,43.94957,-122.2821,1041.1
7028,43.94977,-122.28187,1043.7
7029,43.95026,-122.28121,1048.5
7030,43.95038,-122.28107,1050.7
7031,43.95053,-122.28095,1051.7
7032,43.95084,-122.28078,1053.1
7033,43.95111,-122.28069,1054.2
7034,43.95136,-122.28064,1055.6
7035,43.95183,-122.28058,1060.1
7036,43.95224,-122.28042,1064.7
7037,43.95244,-122.28031,1067.7
7038,43.95249,-122.28022,1068.5
7039,43.95254,-122.27999,1069.1
7040,43.95263,-122.27922,1066.9
7041,43.95269,-122.27904,1065.8
7042,43.95278,-122.27893,1065.5
7043,43.95293,-122.27887,1065.9
7044,43.95314,-122.27889,1066.7
7045,43.9535,-122.27906,1070.9
7046,43.95363,-122.27909,1071.8
7047,43.95373,-122.27909,1072.2
7048,43.9538,-122.27903,1072.3
7049,43.95383,-122.27895,1072.8
7050,43.95386,-122.2788,1073.9
7051,43.95383,-122.27776,1072.8
7052,43.95384,-122.27748,1073.4
7053,43.95388,-122.2773,1075.3
7054,43.95398,-122.27711,1076.3
7055,43.95407,-122.27702,1076.8
7056,43.95431,-122.27689,1078.2
7057,43.95457,-122.2767,1080.0
7058,43.95472,-122.27654,1081.7
7059,43.95484,-122.27637,1083.5
7060,43.95523,-122.27532,1094.1
7061,43.9555,-122.27477,1101.9
7062,43.95573,-122.27439,1103.9
7063,43.95587,-122.27422,1104.8
7064,43.95598,-122.27415,1105.4
7065,43.95614,-122.27412,1106.9
7066,43.95626,-122.27416,1108.5
7067,43.95679,-122.27455,1110.7
7068,43.95732,-122.27495,1113.4
7069,43.95759,-122.27511,1114.2
7070,43.95777,-122.27519,1118.9
7071,43.95789,-122.27527,1120.2
7072,43.95811,-122.27548,1123.8
7073,43.95843,-122.27584,1125.5
7074,43.95855,-122.27597,1128.8
7075,43.95883,-122.27626,1137.5
7076,43.95893,-122.2764,1138.9
7077,43.95897,-122.27654,1140.3
7078,43.95897,-122.27682,1143.7
7079,43.95894,-122.27706,1147.1
7080,43.95886,-122.2773,1153.0
7081,43.95867,-122.27767,1157.0
7082,43.95821,-122.27849,1161.4
7083,43.95815,-122.27868,1164.9
7084,43.95813,-122.27895,1167.6
7085,43.95813,-122.27918,1169.1
7086,43.95819,-122.27942,1170.5
7087,43.9583,-122.27962,1173.3
7088,43.95845,-122.27975,1179.1
7089,43.95871,-122.27995,1186.5
7090,43.95882,-122.28008,1189.4
7091,43.9589,-122.28024,1191.4
7092,43.95893,-122.28046,1192.3
7093,43.95894,-122.28071,1192.8
7094,43.95882,-122.2816,1192.0
7095,43.95882,-122.28182,1191.9
7096,43.95884,-122.28206,1191.9
7097,43.95893,-122.28234,1191.8
7098,43.95903,-122.28255,1191.2
7099,43.95917,-122.28268,1190.9
7100,43.9593,-122.28274,1190.9
7101,43.95951,-122.28277,1191.3
7102,43.95975,-122.28269,1192.3
7103,43.96023,-122.28251,1192.6
7104,43.96071,-122.28234,1192.5
7105,43.9611,-122.28224,1192.2
7106,43.9617,-122.28215,1191.1
7107,43.96249,-122.28221,1189.5
7108,43.96306,-122.28221,1190.9
7109,43.96364,-122.28221,1191.4
7110,43.96386,-122.28218,1191.3
7111,43.96407,-122.28209,1191.5
7112,43.96452,-122.28171,1193.7
7113,43.96463,-122.28167,1194.8
7114,43.96475,-122.28169,1195.5
7115,43.96523,-122.28189,1194.1
7116,43.96547,-122.28192,1193.8
7117,43.96594,-122.28197,1193.8
7118,43.96607,-122.282,1193.5
7119,43.96617,-122.28208,1193.0
7120,43.96621,-122.28221,1192.6
7121,43.96637,-122.28299,1191.6
7122,43.96643,-122.2832,1191.2
7123,43.96648,-122.28334,1191.2
7124,43.9666,-122.28348,1191.8
7125,43.96671,-122.28356,1192.1
7126,43.96678,-122.28357,1192.6
7127,43.96688,-122.28359,1193.1
7128,43.96734,-122.28355,1193.5
7129,43.96754,-122.28347,1193.4
7130,43.96807,-122.28318,1192.4
7131,43.96849,-122.28289,1190.5
7132,43.96873,-122.28262,1190.2
7133,43.96908,-122.28216,1190.8
7134,43.96939,-122.28188,1190.2
7135,43.96993,-122.28153,1191.3
7136,43.97006,-122.28141,1194.0
7137,43.97029,-122.28135,1201.1
7138,43.97044,-122.28135,1202.5
7139,43.9707,-122.28142,1202.4
7140,43.97101,-122.28158,1202.5
7141,43.97118,-122.28163,1203.1
7142,43.97187,-122.28162,1212.6
7143,43.97202,-122.28156,1212.9
7144,43.97212,-122.28149,1213.0
7145,43.97225,-122.28129,1213.5
7146,43.97271,-122.28049,1213.6
7147,43.97292,-122.28018,1220.6
7148,43.97341,-122.27969,1227.5
7149,43.97354,-122.27963,1227.9
7150,43.97368,-122.27964,1228.9
7151,43.97439,-122.27985,1241.1
7152,43.97486,-122.28001,1242.8
7153,43.975,-122.2801,1243.0
7154,43.97513,-122.28025,1241.9
7155,43.97521,-122.28045,1240.3
7156,43.97524,-122.28068,1240.6
7157,43.97522,-122.28088,1241.9
7158,43.97515,-122.28109,1243.5
7159,43.97505,-122.28119,1242.8
7160,43.97477,-122.28128,1240.5
7161,43.97414,-122.2814,1246.2
7162,43.97402,-122.28145,1246.4
7163,43.97395,-122.28153,1247.1
7164,43.97388,-122.28169,1248.1
7165,43.97377,-122.28256,1254.8
7166,43.9737,-122.28281,1259.5
7167,43.97349,-122.28337,1261.7
7168,43.97327,-122.28392,1262.1
7169,43.97322,-122.2842,1268.1
7170,43.9732,-122.2852,1285.8
7171,43.97314,-122.28574,1289.7
7172,43.97302,-122.28627,1298.1
7173,43.97287,-122.28664,1298.6
7174,43.97255,-122.28733,1299.6
7175,43.97249,-122.2875,1300.3
7176,43.97248,-122.28773,1302.8
7177,43.97253,-122.28791,1306.4
7178,43.97264,-122.28804,1312.3
7179,43.97279,-122.28811,1318.1
7180,43.97298,-122.28811,1322.3
7181,43.97312,-122.28804,1324.2
7182,43.97324,-122.2879,1324.9
7183,43.97332,-122.2877,1324.2
7184,43.9736,-122.28667,1322.5
7185,43.97382,-122.28592,1322.5
7186,43.97392,-122.28568,1322.8
7187,43.974,-122.28552,1322.8
7188,43.9741,-122.2854,1322.8
7189,43.97423,-122.28533,1323.1
7190,43.97439,-122.28532,1323.6
7191,43.97454,-122.28536,1323.7
7192,43.9747,-122.28548,1323.7
7193,43.97503,-122.28584,1328.4
7194,43.97541,-122.28633,1334.5
7195,43.97579,-122.28683,1337.9
7196,43.97591,-122.28699,1338.5
7197,43.97599,-122.28719,1339.7
7198,43.97611,-122.28763,1344.5
7199,43.97626,-122.28837,1345.9
7200,43.97634,-122.28861,1346.6
7201,43.97665,-122.28928,1349.0
7202,43.97691,-122.28993,1349.5
7203,43.97718,-122.29058,1350.8
7204,43.97727,-122.29092,1351.9
7205,43.97743,-122.29162,1352.5
7206,43.97757,-122.29204,1352.7
7207,43.97769,-122.29237,1354.6
7208,43.97777,-122.29265,1357.2
7209,43.97783,-122.2931,1359.6
7210,43.97787,-122.29332,1361.6
7211,43.97795,-122.29348,1363.6
7212,43.9781,-122.29368,1368.1
7213,43.97827,-122.29379,1372.8
7214,43.97856,-122.29388,1375.7
7215,43.97872,-122.29388,1376.8
7216,43.97886,-122.29384,1377.0
7217,43.97905,-122.29375,1376.6
7218,43.97919,-122.29362,1376.5
7219,43.97938,-122.29338,1380.5
7220,43.97955,-122.29304,1386.5
7221,43.97969,-122.29281,1389.2
7222,43.98012,-122.29223,1401.0
7223,43.98055,-122.29165,1411.6
7224,43.98084,-122.29117,1413.0
7225,43.98114,-122.29069,1412.7
7226,43.98152,-122.29006,1413.2
7227,43.98191,-122.28943,1416.9
7228,43.98219,-122.28901,1424.6
7229,43.98233,-122.28873,1427.4
7230,43.9824,-122.28857,1427.7
7231,43.98266,-122.28757,1426.8
7232,43.98271,-122.28757,1425.5
7233,43.98277,-122.28754,1423.6
7234,43.98284,-122.28741,1421.3
7235,43.98312,-122.28649,1412.7
7236,43.98331,-122.28606,1413.5
7237,43.9835,-122.28575,1413.6
7238,43.98398,-122.28506,1414.9
7239,43.98446,-122.28457,1414.7
7240,43.98483,-122.28427,1415.3
7241,43.98518,-122.28418,1414.3
7242,43.98583,-122.28408,1411.6
7243,43.98616,-122.28413,1413.3
7244,43.98656,-122.28425,1414.2
7245,43.98698,-122.2844,1415.4
7246,43.98735,-122.28463,1415.7
7247,43.98773,-122.28499,1413.8
7248,43.98827,-122.28553,1412.2
7249,43.98865,-122.28577,1413.5
7250,43.9892,-122.28601,1412.2
7251,43.98937,-122.28613,1412.1
7252,43.98954,-122.28639,1413.2
7253,43.98963,-122.28668,1414.0
7254,43.98979,-122.28739,1412.4
7255,43.98993,-122.28788,1411.7
7256,43.99003,-122.28816,1412.1
7257,43.99026,-122.28858,1414.9
7258,43.99032,-122.2888,1414.5
7259,43.99035,-122.28904,1413.4
7260,43.99033,-122.28936,1410.5
7261,43.99023,-122.2899,1406.9
7262,43.99019,-122.29029,1405.7
7263,43.9902,-122.29049,1405.3
7264,43.99045,-122.29144,1401.6
7265,43.99067,-122.29219,1396.1
7266,43.99085,-122.29274,1390.0
7267,43.99101,-122.29304,1389.1
7268,43.99116,-122.29327,1387.6
7269,43.99124,-122.29343,1387.1
7270,43.99132,-122.29369,1387.6
7271,43.99136,-122.29408,1387.0
7272,43.99144,-122.29511,1383.4
7273,43.99149,-122.29587,1376.1
7274,43.99155,-122.29631,1371.9
7275,43.99161,-122.29658,1368.4
7276,43.99171,-122.29682,1363.3
7277,43.99186,-122.29707,1359.7
7278,43.99192,-122.29711,1359.1
7279,43.99201,-122.29708,1359.4
7280,43.99213,-122.29699,1360.1
7281,43.99222,-122.29688,1361.0
7282,43.9923,-122.29673,1362.4
7283,43.99241,-122.29664,1362.7
7284,43.99256,-122.29661,1362.6
7285,43.99274,-122.29663,1362.0
7286,43.99308,-122.29674,1360.2
7287,43.99342,-122.29697,1356.4
7288,43.99393,-122.29721,1348.1
7289,43.9944,-122.29734,1341.8
7290,43.99471,-122.29739,1333.4
7291,43.99511,-122.29741,1319.9
7292,43.99534,-122.29739,1314.5
7293,43.99543,-122.29735,1312.0
7294,43.99557,-122.29726,1310.4
7295,43.99567,-122.29722,1309.5
7296,43.99583,-122.29719,1306.3
7297,43.9959,-122.29716,1305.1
7298,43.99596,-122.29704,1306.3
7299,43.99603,-122.29685,1307.1
7300,43.99623,-122.29597,1304.9
7301,43.99628,-122.29582,1304.2
7302,43.99635,-122.29573,1304.6
7303,43.99645,-122.29569,1305.0
7304,43.99656,-122.29568,1305.1
7305,43.99663,-122.29572,1304.3
7306,43.99669,-122.29581,1302.8
7307,43.99673,-122.29593,1300.8
7308,43.99673,-122.29607,1298.4
7309,43.99671,-122.29624,1295.7
7310,43.9965,-122.29708,1286.3
7311,43.99645,-122.29719,1285.4
7312,43.99623,-122.29751,1277.6
7313,43.99613,-122.29762,1277.0
7314,43.99603,-122.29766,1277.9
7315,43.99586,-122.29765,1281.3
7316,43.99576,-122.29767,1282.1
7317,43.99564,-122.29773,1281.2
7318,43.99519,-122.29806,1275.2
7319,43.995,-122.29828,1272.0
7320,43.99485,-122.29837,1270.6
7321,43.99465,-122.29845,1270.0
7322,43.9943,-122.29855,1270.9
7323,43.99404,-122.29859,1272.0
7324,43.99335,-122.29864,1276.1
7325,43.99318,-122.29869,1275.9
7326,43.99305,-122.2988,1272.0
7327,43.99286,-122.29909,1265.5
7328,43.99266,-122.2993,1262.6
7329,43.99243,-122.29941,1261.4
7330,43.99213,-122.29945,1260.3
7331,43.9918,-122.29952,1255.3
7332,43.99139,-122.29963,1245.7
7333,43.99113,-122.29963,1240.0
7334,43.99083,-122.29949,1235.8
7335,43.99042,-122.29916,1224.1
7336,43.99006,-122.2988,1217.7
7337,43.98971,-122.29828,1217.6
7338,43.98933,-122.29764,1217.6
7339,43.98905,-122.29731,1216.2
7340,43.98882,-122.2971,1212.0
7341,43.98863,-122.29704,1207.6
7342,43.98846,-122.29704,1204.5
7343,43.98832,-122.2971,1200.2
7344,43.9882,-122.29723,1195.6
7345,43.9881,-122.29743,1192.8
7346,43.98806,-122.29755,1191.6
7347,43.98807,-122.29781,1190.3
7348,43.98824,-122.29884,1182.9
7349,43.98838,-122.29959,1179.6
7350,43.98851,-122.30033,1169.3
7351,43.98862,-122.3006,1167.9
7352,43.98892,-122.30115,1167.2
7353,43.98907,-122.30134,1165.9
7354,43.98925,-122.30148,1162.5
7355,43.99005,-122.30174,1155.9
7356,43.99022,-122.30175,1154.9
7357,43.99039,-122.30169,1154.5
7358,43.99087,-122.30142,1153.2
7359,43.99104,-122.3014,1152.3
7360,43.99125,-122.30142,1146.4
7361,43.9919,-122.30166,1131.4
7362,43.99258,-122.30172,1130.3
7363,43.9928,-122.30181,1127.9
7364,43.99305,-122.30194,1123.8
7365,43.99318,-122.30208,1122.0
7366,43.99325,-122.30223,1119.6
7367,43.99328,-122.30246,1114.3
7368,43.99327,-122.30289,1107.7
7369,43.99316,-122.30349,1102.5
7370,43.99316,-122.30373,1100.8
7371,43.99321,-122.30388,1099.3
7372,43.99332,-122.30401,1097.3
7373,43.99346,-122.30411,1094.6
7374,43.99363,-122.30415,1092.5
7375,43.99403,-122.30417,1089.4
7376,43.99423,-122.30416,1087.2
7377,43.99437,-122.30424,1085.9
7378,43.99449,-122.30441,1084.3
7379,43.99461,-122.30466,1081.7
7380,43.99478,-122.30523,1075.0
7381,43.99484,-122.30536,1073.7
7382,43.99494,-122.30542,1073.5
7383,43.99578,-122.30557,1067.8
7384,43.99596,-122.30559,1065.2
7385,43.99605,-122.30553,1065.0
7386,43.99612,-122.30541,1065.5
7387,43.99627,-122.30498,1065.4
7388,43.99632,-122.30485,1065.2
7389,43.99642,-122.30474,1064.3
7390,43.99663,-122.30458,1060.5
7391,43.99687,-122.30446,1058.7
7392,43.99732,-122.30415,1057.9
7393,43.99777,-122.30384,1060.2
7394,43.99828,-122.30357,1061.7
7395,43.99905,-122.30321,1058.0
7396,43.99935,-122.30303,1062.6
7397,43.99948,-122.30293,1055.3
7398,43.9997,-122.30261,1055.7
7399,43.99984,-122.30235,1058.2
7400,43.99986,-122.30217,1062.8
7401,43.99989,-122.30183,1073.9
7402,43.99993,-122.30167,1083.6
7403,44.00001,-122.30157,1081.0
7404,44.00012,-122.30152,1082.9
7405,44.00025,-122.30154,1080.8
7406,44.00039,-122.30163,1074.7
7407,44.00061,-122.30189,1061.9
7408,44.00093,-122.30223,1052.9
7409,44.00123,-122.30246,1050.3
7410,44.00169,-122.30276,1045.3
7411,44.00194,-122.3029,1044.4
7412,44.00219,-122.30299,1042.0
7413,44.00238,-122.303,1035.9
7414,44.00254,-122.30298,1031.5
7415,44.00263,-122.30293,1030.2
7416,44.00276,-122.30276,1030.6
7417,44.00298,-122.30249,1029.7
7418,44.00311,-122.30237,1026.9
7419,44.00318,-122.30225,1025.8
7420,44.00321,-122.30213,1025.9
7421,44.00323,-122.30165,1029.0
7422,44.00324,-122.30154,1029.6
7423,44.0033,-122.30145,1029.7
7424,44.00339,-122.30135,1030.2
7425,44.0035,-122.30131,1030.6
7426,44.00376,-122.30131,1028.6
7427,44.00409,-122.30129,1021.1
7428,44.00457,-122.30122,1002.2
7429,44.00479,-122.30113,994.9
7430,44.00485,-122.30102,994.0
7431,44.00489,-122.30088,993.4
7432,44.00488,-122.30072,994.8
7433,44.00482,-122.30032,999.0
7434,44.0048,-122.30013,1000.6
7435,44.00492,-122.29931,994.3
7436,44.00497,-122.29878,991.5
7437,44.005,-122.29857,992.4
7438,44.00505,-122.29846,994.0
7439,44.00512,-122.29837,996.2
7440,44.00521,-122.29832,997.1
7441,44.00534,-122.29832,996.1
7442,44.00542,-122.29836,994.7
7443,44.00593,-122.29878,984.9
7444,44.00609,-122.29885,984.7
7445,44.00625,-122.2989,984.4
7446,44.00679,-122.29887,983.9
7447,44.00692,-122.29895,982.7
7448,44.00724,-122.29924,979.1
7449,44.00736,-122.29932,976.0
7450,44.00756,-122.29937,972.8
7451,44.00822,-122.29937,969.7
7452,44.00837,-122.29933,969.6
7453,44.00877,-122.29911,966.6
7454,44.00891,-122.29907,967.2
7455,44.00903,-122.29908,967.7
7456,44.00914,-122.29914,966.6
7457,44.00934,-122.29936,963.1
7458,44.00977,-122.29968,960.0
7459,44.00988,-122.2997,959.9
7460,44.00999,-122.29969,959.7
7461,44.0101,-122.29962,960.0
7462,44.01034,-122.2994,963.9
7463,44.01045,-122.29933,967.2
7464,44.01081,-122.2992,967.2
7465,44.01091,-122.29911,967.3
7466,44.01115,-122.29871,972.2
7467,44.01123,-122.29865,972.5
7468,44.01137,-122.29862,972.0
7469,44.01175,-122.29858,970.4
7470,44.01186,-122.29852,970.6
7471,44.01196,-122.29843,971.6
7472,44.01221,-122.29824,972.2
7473,44.01252,-122.29804,971.8
7474,44.01283,-122.29786,965.2
7475,44.01301,-122.29783,961.1
7476,44.01347,-122.29786,949.3
7477,44.01361,-122.29782,945.2
7478,44.01375,-122.29775,941.5
7479,44.01385,-122.29763,937.9
7480,44.01391,-122.29748,935.6
7481,44.01402,-122.29686,925.1
7482,44.0141,-122.29622,917.9
7483,44.01425,-122.29555,911.4
7484,44.01439,-122.29521,910.3
7485,44.01456,-122.29496,907.5
7486,44.01462,-122.2948,905.9
7487,44.01465,-122.29461,903.1
7488,44.01463,-122.29404,904.7
7489,44.01465,-122.29386,903.5
7490,44.01479,-122.29323,894.6
7491,44.0149,-122.29289,886.2
7492,44.01515,-122.29238,876.4
7493,44.01518,-122.29224,878.3
7494,44.01518,-122.29208,881.0
7495,44.01516,-122.29196,881.5
7496,44.01502,-122.29167,882.4
7497,44.01468,-122.29105,876.5
7498,44.01435,-122.29043,876.6
7499,44.0143,-122.2903,877.8
7500,44.01431,-122.29015,877.5
7501,44.01435,-122.28998,875.0
7502,44.01442,-122.2898,869.2
7503,44.01456,-122.28964,865.6
7504,44.01463,-122.28959,864.7
7505,44.01475,-122.28954,863.6
7506,44.0149,-122.28957,862.2
7507,44.01506,-122.28965,860.8
7508,44.01525,-122.2898,859.0
7509,44.0154,-122.28996,857.3
7510,44.01561,-122.29036,850.8
7511,44.01569,-122.29054,848.9
7512,44.01575,-122.29076,848.4
7513,44.01577,-122.29096,848.6
7514,44.01577,-122.29123,848.9
7515,44.01573,-122.29143,849.7
7516,44.01572,-122.29154,849.8
7517,44.01575,-122.2917,848.8
7518,44.01582,-122.29198,845.6
7519,44.01587,-122.29224,840.4
7520,44.01587,-122.29251,838.5
7521,44.01573,-122.29374,832.6
7522,44.01567,-122.29439,827.2
7523,44.01569,-122.2947,828.5
7524,44.01573,-122.29492,828.3
7525,44.01585,-122.29541,823.5
7526,44.01589,-122.29567,821.7
7527,44.01589,-122.29578,819.9
7528,44.01585,-122.29613,813.9
7529,44.01584,-122.29639,814.0
7530,44.01585,-122.29655,813.9
7531,44.0159,-122.29674,812.8
7532,44.01618,-122.29757,805.4
7533,44.01647,-122.2984,802.2
7534,44.01675,-122.29924,785.6
7535,44.01682,-122.29955,784.7
7536,44.01685,-122.29984,784.4
7537,44.01684,-122.30017,783.5
7538,44.01679,-122.30046,778.2
7539,44.01668,-122.30098,775.0
7540,44.01665,-122.30122,771.7
7541,44.01665,-122.30139,768.8
7542,44.01667,-122.3015,767.7
7543,44.01671,-122.3016,766.8
7544,44.01679,-122.30169,765.3
7545,44.01695,-122.30181,763.1
7546,44.01707,-122.30186,762.1
7547,44.01719,-122.30185,761.9
7548,44.0173,-122.3018,761.6
7549,44.01738,-122.30172,761.2
7550,44.01743,-122.30157,760.9
7551,44.01743,-122.30136,760.3
7552,44.01732,-122.30043,754.6
7553,44.01733,-122.30024,754.4
7554,44.01738,-122.30009,753.8
7555,44.01746,-122.29997,753.0
7556,44.01759,-122.29991,752.5
7557,44.01772,-122.29991,752.8
7558,44.0178,-122.29996,753.3
7559,44.01788,-122.30004,753.7
7560,44.01816,-122.30053,752.8
7561,44.01857,-122.30135,753.7
7562,44.01868,-122.30159,752.8
7563,44.01882,-122.30175,754.1
7564,44.01955,-122.30244,742.6
7565,44.01984,-122.30271,741.8
7566,44.02012,-122.30288,742.2
7567,44.02071,-122.30315,738.7
7568,44.02124,-122.30344,738.1
7569,44.02177,-122.30373,726.0
7570,44.02244,-122.30407,720.9
7571,44.02312,-122.30454,717.0
7572,44.0234,-122.30475,717.1
7573,44.02357,-122.30492,717.4
7574,44.02382,-122.30525,708.9
7575,44.024,-122.30545,705.8
7576,44.02416,-122.30559,705.7
7577,44.0246,-122.3059,705.7
7578,44.02504,-122.30621,716.0
7579,44.02537,-122.30647,720.2
7580,44.02595,-122.30707,708.4
7581,44.02654,-122.30767,685.8
7582,44.02713,-122.30826,678.6
7583,44.02734,-122.30839,678.4
7584,44.02745,-122.3084,678.7
7585,44.02761,-122.30836,679.3
7586,44.02783,-122.30824,680.3
7587,44.02834,-122.30789,678.8
7588,44.02884,-122.30754,668.9
7589,44.02908,-122.30742,667.7
7590,44.02929,-122.30739,666.4
7591,44.02972,-122.30743,663.6
7592,44.0306,-122.30756,654.3
7593,44.03148,-122.30769,644.1
7594,44.03202,-122.30778,644.7
7595,44.03256,-122.30788,644.3
7596,44.03331,-122.30808,631.6
7597,44.03406,-122.30829,628.7
7598,44.03489,-122.30856,632.2
7599,44.03518,-122.30867,637.5
7600,44.03535,-122.30882,636.4
7601,44.03575,-122.30932,630.7
7602,44.03575,-122.30932,630.7
7603,44.03582,-122.3094,630.1
7604,44.03599,-122.30957,629.0
7605,44.03641,-122.30982,623.3
7606,44.03668,-122.30996,619.6
7607,44.03687,-122.3101,619.2
7608,44.03718,-122.31049,618.0
7609,44.03733,-122.3107,618.4
7610,44.03741,-122.31089,617.7
7611,44.03747,-122.3112,616.3
7612,44.03748,-122.31163,609.1
7613,44.03751,-122.31197,606.1
7614,44.03759,-122.31226,605.0
7615,44.03766,-122.3125,605.0
7616,44.03781,-122.3127,605.8
7617,44.03799,-122.31284,606.4
7618,44.03854,-122.3131,604.8
7619,44.03931,-122.31341,595.1
7620,44.04008,-122.31372,593.5
7621,44.04082,-122.31398,594.2
7622,44.04156,-122.31425,584.4
7623,44.04197,-122.31446,582.8
7624,44.04247,-122.31481,583.5
7625,44.04297,-122.31516,581.0
7626,44.04337,-122.31551,579.5
7627,44.04354,-122.31573,580.4
7628,44.04367,-122.31599,581.6
7629,44.04385,-122.31653,581.3
7630,44.04411,-122.31744,574.2
7631,44.04436,-122.31835,569.1
7632,44.04465,-122.31934,568.1
7633,44.04493,-122.32033,567.2
7634,44.04522,-122.32132,564.8
7635,44.04532,-122.32184,558.7
7636,44.04548,-122.32293,558.8
7637,44.04557,-122.32322,558.0
7638,44.04576,-122.32366,557.0
7639,44.04593,-122.32394,556.5
7640,44.04634,-122.32444,556.3
7641,44.04676,-122.32511,547.4
7642,44.04694,-122.3255,544.0
7643,44.04725,-122.32646,543.1
7644,44.0474,-122.32675,543.0
7645,44.04765,-122.32706,543.0
7646,44.04807,-122.32743,545.9
7647,44.04842,-122.32769,553.5
7648,44.04893,-122.32806,563.1
7649,44.04943,-122.32843,559.1
7650,44.04991,-122.32884,548.7
7651,44.05004,-122.32904,545.6
7652,44.05016,-122.32935,542.6
7653,44.05034,-122.32974,542.3
7654,44.05042,-122.32988,542.0
7655,44.05073,-122.33023,540.6
7656,44.05098,-122.33047,535.0
7657,44.05127,-122.3307,531.8
7658,44.05198,-122.33114,525.4
7659,44.05237,-122.33136,519.8
7660,44.05257,-122.33152,519.5
7661,44.05271,-122.33169,519.5
7662,44.05313,-122.33241,519.5
7663,44.0534,-122.33298,519.1
7664,44.05368,-122.33355,519.1
7665,44.05404,-122.3346,517.5
7666,44.05431,-122.3355,511.1
7667,44.05459,-122.3364,510.1
7668,44.05469,-122.33663,510.0
7669,44.05477,-122.33674,509.9
7670,44.05491,-122.33683,509.8
7671,44.05506,-122.33686,508.7
7672,44.05549,-122.33689,509.2
7673,44.05572,-122.33696,509.3
7674,44.05627,-122.33732,508.2
7675,44.05666,-122.3376,506.4
7676,44.05697,-122.33794,506.8
7677,44.05726,-122.3382,506.5
7678,44.0576,-122.33839,504.9
7679,44.05802,-122.3386,501.5
7680,44.05838,-122.33875,498.7
7681,44.0586,-122.3388,498.1
7682,44.05874,-122.33879,497.6
7683,44.05912,-122.33865,496.1
7684,44.05969,-122.33831,495.6
7685,44.05997,-122.33808,495.1
7686,44.06068,-122.33746,492.9
7687,44.06083,-122.33738,493.2
7688,44.06142,-122.33722,494.7
7689,44.06202,-122.33706,492.2
7690,44.06261,-122.33687,487.0
7691,44.063,-122.33676,486.0
7692,44.06327,-122.33663,486.1
7693,44.06345,-122.33649,485.7
7694,44.06361,-122.33629,484.9
7695,44.06389,-122.33594,484.6
7696,44.06411,-122.33574,484.5
7697,44.06426,-122.33565,484.9
7698,44.06447,-122.33554,485.4
7699,44.06469,-122.33541,485.1
7700,44.06488,-122.33528,485.0
7701,44.06522,-122.33496,483.4
7702,44.06553,-122.33469,481.2
7703,44.06594,-122.33444,476.9
7704,44.06663,-122.33407,471.8
7705,44.06689,-122.33392,471.7
7706,44.06704,-122.33391,471.8
7707,44.06716,-122.33395,472.0
7708,44.06732,-122.33405,472.3
7709,44.06783,-122.33439,471.9
7710,44.06803,-122.33449,473.0
7711,44.06829,-122.33453,472.9
7712,44.06849,-122.33453,473.1
7713,44.06863,-122.3345,472.8
7714,44.06878,-122.33444,472.2
7715,44.06959,-122.33396,469.6
7716,44.0704,-122.33349,459.2
7717,44.07105,-122.33318,459.3
7718,44.0712,-122.33318,459.5
7719,44.07131,-122.33321,459.7
7720,44.07148,-122.3333,459.9
7721,44.07212,-122.33379,459.8
7722,44.07248,-122.33399,461.3
7723,44.0727,-122.33406,462.1
7724,44.07293,-122.33407,461.1
7725,44.07332,-122.334,457.8
7726,44.07365,-122.33393,451.7
7727,44.07394,-122.3338,449.9
7728,44.07412,-122.33367,449.8
7729,44.07429,-122.33348,449.4
7730,44.07445,-122.33325,449.1
7731,44.07469,-122.33282,448.9
7732,44.07502,-122.33234,448.5
7733,44.0755,-122.33182,446.4
7734,44.07597,-122.3313,446.8
7735,44.07645,-122.33078,447.4
7736,44.07699,-122.33038,445.8
7737,44.07752,-122.32998,442.1
7738,44.07805,-122.32972,436.0
7739,44.07845,-122.32958,436.0
7740,44.07909,-122.32951,436.0
7741,44.07972,-122.32943,435.9
7742,44.08036,-122.32935,434.9
7743,44.08074,-122.32922,435.2
7744,44.08099,-122.32909,435.6
7745,44.08115,-122.32896,435.8
7746,44.08148,-122.32853,435.2
7747,44.08168,-122.32817,434.9
7748,44.08176,-122.32795,434.8
7749,44.08189,-122.32714,434.8
7750,44.08195,-122.32688,436.0
7751,44.08208,-122.32661,438.0
7752,44.08222,-122.32644,439.9
7753,44.08246,-122.32625,443.3
7754,44.08262,-122.32616,445.9
7755,44.08333,-122.32599,439.6
7756,44.08354,-122.32599,438.3
7757,44.08371,-122.32601,437.9
7758,44.08397,-122.3261,439.2
7759,44.08422,-122.32621,441.5
7760,44.08441,-122.32637,441.4
7761,44.08462,-122.32669,440.6
7762,44.08479,-122.32685,439.1
7763,44.08492,-122.32696,436.5
7764,44.08503,-122.32698,435.0
7765,44.08529,-122.32693,434.3
7766,44.08559,-122.32682,436.3
7767,44.0861,-122.32667,433.4
7768,44.08635,-122.32659,426.2
7769,44.08673,-122.32644,423.5
7770,44.08717,-122.32616,425.1
7771,44.08737,-122.32603,427.2
7772,44.08756,-122.32594,428.1
7773,44.08784,-122.32592,427.2
7774,44.08821,-122.32592,427.3
7775,44.08876,-122.32601,425.1
7776,44.0891,-122.32613,426.3
7777,44.08935,-122.32619,427.7
7778,44.08958,-122.32617,427.0
7779,44.08992,-122.32606,422.7
7780,44.09031,-122.32588,412.9
7781,44.09076,-122.32573,410.8
7782,44.09096,-122.32576,410.4
7783,44.09109,-122.32581,409.8
7784,44.09122,-122.32593,409.4
7785,44.09135,-122.32607,408.9
7786,44.09145,-122.32624,408.1
7787,44.09159,-122.32651,407.7
7788,44.09178,-122.32693,405.6
7789,44.09209,-122.32775,399.9
7790,44.0924,-122.32857,398.9
7791,44.09271,-122.32957,397.9
7792,44.09301,-122.33057,398.5
7793,44.0931,-122.33071,398.1
7794,44.09321,-122.3308,398.4
7795,44.09384,-122.33129,398.9
7796,44.09447,-122.33177,398.9
7797,44.09511,-122.33226,399.2
7798,44.09574,-122.33274,399.6
7799,44.0959,-122.33288,399.7
7800,44.09602,-122.33305,399.2
7801,44.0961,-122.33321,398.8
7802,44.09618,-122.33342,398.2
7803,44.09623,-122.33359,397.5
7804,44.09647,-122.33468,392.4
7805,44.09671,-122.33576,392.3
7806,44.09679,-122.33611,392.6
7807,44.09694,-122.33664,392.9
7808,44.09711,-122.33711,392.6
7809,44.09723,-122.33741,392.6
7810,44.0976,-122.3381,388.4
7811,44.09788,-122.33854,385.0
7812,44.09815,-122.33888,379.8
7813,44.09869,-122.3394,374.4
7814,44.09903,-122.33966,374.3
7815,44.09928,-122.33983,374.7
7816,44.09972,-122.34004,375.7
7817,44.10016,-122.34025,375.3
7818,44.10036,-122.34036,374.8
7819,44.10103,-122.34086,373.4
7820,44.1013,-122.34108,372.8
7821,44.10175,-122.3415,376.0
7822,44.10229,-122.342,373.0
7823,44.10284,-122.34251,364.6
7824,44.10296,-122.34257,363.1
7825,44.10324,-122.34264,362.5
7826,44.10381,-122.34282,362.7
7827,44.10404,-122.34292,361.9
7828,44.1042,-122.34303,361.4
7829,44.10431,-122.34313,360.9
7830,44.1044,-122.34325,360.7
7831,44.10457,-122.3436,360.8
7832,44.10469,-122.34394,360.5
7833,44.10492,-122.34461,360.2
7834,44.10513,-122.34526,359.8
7835,44.1055,-122.34633,360.3
7836,44.10587,-122.3474,359.4
7837,44.10615,-122.34801,360.6
7838,44.10648,-122.34854,361.3
7839,44.10708,-122.34932,353.6
7840,44.10729,-122.34963,353.3
7841,44.10743,-122.3499,354.2
7842,44.10753,-122.35019,356.9
7843,44.10752,-122.35049,356.8
7844,44.10748,-122.35084,354.2
7845,44.10743,-122.35112,353.2
7846,44.10735,-122.35172,351.8
7847,44.10737,-122.35216,350.9
7848,44.10743,-122.35291,348.2
7849,44.10748,-122.35323,347.3
7850,44.10754,-122.35343,346.7
7851,44.1076,-122.35352,346.8
7852,44.10771,-122.35365,347.1
7853,44.10786,-122.35379,347.6
7854,44.10804,-122.35392,348.3
7855,44.10848,-122.35412,349.5
7856,44.10891,-122.35432,350.4
7857,44.10948,-122.35455,355.8
7858,44.11004,-122.35479,358.5
7859,44.1103,-122.35492,357.5
7860,44.11061,-122.35512,354.7
7861,44.1109,-122.35532,353.4
7862,44.11103,-122.35543,352.6
7863,44.1112,-122.35565,351.8
7864,44.11136,-122.35589,352.0
7865,44.11158,-122.35639,346.8
7866,44.11174,-122.35661,341.5
7867,44.11195,-122.35688,341.5
7868,44.11222,-122.35713,340.4
7869,44.11275,-122.35755,338.8
7870,44.11333,-122.35799,338.9
7871,44.11391,-122.35844,338.4
7872,44.1145,-122.35889,337.9
7873,44.11476,-122.35912,335.2
7874,44.11499,-122.35935,330.6
7875,44.11518,-122.35958,328.5
7876,44.11545,-122.35993,327.7
7877,44.11558,-122.36011,328.2
7878,44.11568,-122.3603,328.4
7879,44.1158,-122.36059,327.6
7880,44.11615,-122.3615,327.2
7881,44.11649,-122.3624,327.4
7882,44.11661,-122.36267,327.6
7883,44.11671,-122.36285,327.7
7884,44.11688,-122.36306,328.5
7885,44.11703,-122.36323,329.1
7886,44.11749,-122.36378,329.1
7887,44.11795,-122.36433,328.5
7888,44.11815,-122.36459,327.8
7889,44.11835,-122.36489,328.5
7890,44.11855,-122.36523,328.5
7891,44.11881,-122.36582,325.8
7892,44.11907,-122.36642,323.6
7893,44.11952,-122.3673,327.0
7894,44.11977,-122.3677,325.3
7895,44.1202,-122.36825,327.7
7896,44.12069,-122.36893,327.0
7897,44.12119,-122.3696,326.5
7898,44.12168,-122.37027,325.3
7899,44.12189,-122.37062,325.2
7900,44.12206,-122.37089,326.1
7901,44.12232,-122.3714,326.7
7902,44.12259,-122.37191,327.1
7903,44.12305,-122.37287,327.7
7904,44.12351,-122.37383,318.5
7905,44.12398,-122.37486,316.4
7906,44.12431,-122.37569,317.1
7907,44.12464,-122.37653,310.2
7908,44.12497,-122.37736,311.6
7909,44.12523,-122.37785,310.2
7910,44.12539,-122.37808,308.9
7911,44.12546,-122.37815,308.8
7912,44.12561,-122.37825,308.8
7913,44.12577,-122.37832,308.9
7914,44.12613,-122.37836,310.2
7915,44.12649,-122.37839,310.7
7916,44.12685,-122.37835,311.2
7917,44.12763,-122.37826,312.5
7918,44.12777,-122.37826,312.5
7919,44.1279,-122.37831,312.1
7920,44.12798,-122.37837,311.6
7921,44.12805,-122.37844,311.0
7922,44.1281,-122.3783,312.0
7923,44.12818,-122.37826,312.2
7924,44.12829,-122.37828,311.8
7925,44.12847,-122.37843,310.6
7926,44.12854,-122.37848,310.2
7927,44.12861,-122.37848,310.1
7928,44.12871,-122.37845,310.0
7929,44.12879,-122.37839,310.1
7930,44.12886,-122.37825,310.7
7931,44.12895,-122.378,311.7
7932,44.12902,-122.37776,312.8
7933,44.12907,-122.37753,313.9
7934,44.1291,-122.37727,315.1
7935,44.12916,-122.37704,316.0
7936,44.12923,-122.37691,316.1
7937,44.12957,-122.37641,315.3
7938,44.12992,-122.37592,314.9
7939,44.13049,-122.3752,314.1
7940,44.13117,-122.3744,315.3
7941,44.13186,-122.3736,315.7
7942,44.13214,-122.37331,315.5
7943,44.13234,-122.37304,315.7
7944,44.13281,-122.37245,316.0
7945,44.13329,-122.37186,316.2
7946,44.13386,-122.37128,316.5
7947,44.13459,-122.37071,316.5
7948,44.13487,-122.37051,316.2
7949,44.13537,-122.37017,315.8
7950,44.13567,-122.36996,315.6
7951,44.13619,-122.36962,315.3
7952,44.13671,-122.36928,314.8
7953,44.13702,-122.36873,315.6
7954,44.13733,-122.36818,316.2
7955,44.13793,-122.36726,315.7
7956,44.13836,-122.36675,315.0
7957,44.13878,-122.36624,314.6
7958,44.13913,-122.36565,314.8
7959,44.13948,-122.36507,315.1
7960,44.13975,-122.36444,315.8
7961,44.14002,-122.36381,316.4
7962,44.14051,-122.36316,316.5
7963,44.14096,-122.36266,316.6
7964,44.1414,-122.36216,316.2
7965,44.14188,-122.36126,315.7
7966,44.14236,-122.36035,316.2
7967,44.14285,-122.35945,316.5
7968,44.14329,-122.35895,315.8
7969,44.14372,-122.35845,315.3
7970,44.14419,-122.35789,315.1
7971,44.14466,-122.35733,315.6
7972,44.14524,-122.35689,315.3
7973,44.14582,-122.35645,314.8
7974,44.14596,-122.35575,316.2
7975,44.14638,-122.35518,316.5
7976,44.14646,-122.35414,317.7
7977,44.14653,-122.35311,317.8
7978,44.14661,-122.35208,317.9
7979,44.1471,-122.35148,317.7
7980,44.14736,-122.35097,317.7
7981,44.14741,-122.34989,317.9
7982,44.14745,-122.3488,317.9
7983,44.1475,-122.34771,317.9
7984,44.14755,-122.34663,317.8
7985,44.1476,-122.34554,317.7
7986,44.14731,-122.34485,318.0
7987,44.14702,-122.344,318.1
7988,44.14673,-122.34315,318.0
7989,44.1467,-122.34273,317.8
7990,44.14638,-122.34229,317.7
7991,44.14606,-122.34184,317.6
7992,44.14613,-122.34086,317.6
7993,44.1462,-122.33988,317.4
7994,44.14627,-122.3389,317.3
7995,44.14629,-122.33797,317.3
7996,44.1463,-122.33704,317.3
7997,44.14631,-122.3361,317.4
7998,44.1465,-122.33538,317.5
7999,44.14668,-122.33466,317.7
8000,44.14721,-122.33376,317.7
8001,44.14774,-122.33285,317.9
8002,44.14823,-122.33221,318.0
8003,44.14871,-122.33156,319.1
8004,44.1487,-122.33064,320.4
8005,44.14868,-122.32971,321.5
8006,44.14891,-122.32956,321.3
8007,44.14907,-122.32907,321.3
8008,44.14871,-122.32807,321.7
8009,44.14834,-122.32706,322.2
8010,44.14807,-122.32587,322.9
8011,44.14807,-122.32587,322.9
8012,44.14791,-122.32516,323.6
8013,44.14774,-122.32445,324.4
8014,44.14785,-122.32344,324.5
8015,44.14796,-122.32242,324.8
8016,44.14807,-122.32141,325.3
8017,44.14818,-122.3204,326.0
8018,44.14853,-122.31935,326.4
8019,44.14888,-122.31831,327.2
8020,44.14924,-122.31727,328.3
8021,44.14978,-122.31628,328.2
8022,44.15032,-122.31529,327.6
8023,44.15086,-122.3143,327.2
8024,44.15129,-122.31357,327.2
8025,44.15172,-122.31284,327.5
8026,44.15215,-122.3121,327.9
8027,44.15259,-122.31137,327.9
8028,44.15292,-122.31089,327.5
8029,44.15344,-122.31003,327.3
8030,44.15397,-122.30917,327.4
8031,44.15449,-122.30831,327.7
8032,44.15501,-122.30745,328.1
8033,44.15521,-122.30655,329.5
8034,44.15541,-122.30565,330.6
8035,44.15539,-122.30457,331.7
8036,44.15536,-122.30348,333.0
8037,44.15534,-122.3024,334.0
8038,44.15531,-122.30131,334.9
8039,44.15529,-122.30023,335.6
8040,44.15526,-122.29914,336.2
8041,44.15527,-122.29837,336.6
8042,44.15528,-122.2976,337.0
8043,44.15515,-122.29739,337.3
8044,44.15437,-122.29712,338.7
8045,44.15395,-122.29708,339.4
8046,44.15367,-122.29675,339.9
8047,44.15358,-122.29574,340.8
8048,44.15371,-122.29484,341.5
8049,44.15363,-122.29415,342.1
8050,44.15377,-122.29328,342.2
8051,44.15382,-122.29269,343.1
8052,44.15377,-122.29202,344.9
8053,44.15355,-122.29092,347.5
8054,44.15332,-122.28982,350.0
8055,44.15357,-122.28899,350.2
8056,44.15371,-122.28833,350.9
8057,44.15368,-122.28798,351.7
8058,44.15368,-122.28792,351.8
8059,44.15368,-122.28792,351.8
8060,44.15374,-122.28702,353.3
8061,44.15395,-122.28673,352.9
8062,44.15437,-122.28575,352.5
8063,44.1545,-122.2847,355.0
8064,44.15446,-122.28386,358.3
8065,44.15437,-122.28319,359.8
8066,44.15445,-122.28303,359.2
8067,44.15483,-122.2828,356.9
8068,44.15519,-122.28215,357.2
8069,44.15521,-122.28116,360.8
8070,44.15512,-122.28055,366.1
8071,44.15493,-122.28007,369.5
8072,44.15485,-122.27916,373.2
8073,44.15477,-122.27825,376.1
8074,44.15518,-122.27728,375.1
8075,44.15524,-122.27643,376.8
8076,44.1553,-122.27558,383.1
8077,44.15565,-122.27478,385.5
8078,44.15599,-122.27399,385.4
8079,44.15634,-122.27319,382.9
8080,44.1564,-122.27228,384.1
8081,44.15646,-122.27138,384.9
8082,44.15648,-122.27079,384.9
8083,44.15639,-122.26957,385.7
8084,44.1563,-122.26835,385.0
8085,44.15585,-122.26743,390.0
8086,44.1554,-122.26651,390.8
8087,44.15496,-122.26559,390.2
8088,44.15481,-122.26487,389.3
8089,44.15466,-122.26414,388.6
8090,44.15426,-122.26376,391.7
8091,44.15399,-122.26312,394.8
8092,44.15371,-122.26249,396.8
8093,44.15342,-122.2617,396.6
8094,44.15314,-122.26091,395.2
8095,44.15286,-122.26021,393.6
8096,44.15258,-122.2595,388.6
8097,44.15257,-122.25906,385.8
8098,44.15265,-122.25881,382.5
8099,44.15311,-122.25948,384.4
8100,44.15326,-122.25963,384.4
8101,44.15341,-122.25975,383.7
8102,44.15377,-122.25997,378.7
8103,44.15397,-122.26014,373.8
8104,44.15439,-122.26069,371.2
8105,44.15481,-122.26123,371.0
8106,44.15526,-122.26177,368.2
8107,44.15572,-122.26231,363.5
8108,44.15618,-122.26284,361.9
8109,44.15635,-122.26295,361.3
8110,44.15653,-122.26295,360.0
8111,44.1567,-122.26284,357.9
8112,44.15678,-122.26272,356.6
8113,44.1569,-122.26245,356.3
8114,44.15718,-122.26171,355.7
8115,44.15753,-122.26085,355.1
8116,44.15787,-122.25998,355.6
8117,44.15822,-122.25912,356.2
8118,44.15857,-122.25826,357.2
8119,44.1589,-122.25747,358.2
8120,44.15903,-122.25706,358.7
8121,44.15905,-122.2569,359.0
8122,44.15903,-122.25674,359.2
8123,44.15898,-122.25659,359.5
8124,44.15895,-122.25653,359.7
8125,44.15886,-122.25642,360.0
8126,44.15827,-122.25601,361.3
8127,44.15768,-122.25559,362.6
8128,44.15735,-122.25537,363.4
8129,44.15655,-122.25481,364.9
8130,44.15623,-122.25459,365.3
8131,44.15618,-122.25455,365.4
8132,44.15607,-122.25447,365.5
8133,44.15559,-122.25411,366.4
8134,44.15512,-122.25375,367.4
8135,44.15512,-122.25375,367.4
8136,44.15517,-122.25313,367.7
8137,44.15518,-122.25295,367.8
8138,44.15519,-122.2527,368.0
8139,44.1552,-122.25245,368.2
8140,44.1552,-122.25237,368.2
8141,44.15519,-122.25195,368.6
8142,44.15518,-122.2518,368.9
8143,44.15515,-122.25164,369.1
8144,44.15513,-122.25148,369.5
8145,44.15514,-122.25145,369.5
8146,44.15515,-122.25139,369.7
8147,44.15518,-122.25127,370.0
8148,44.15525,-122.25108,370.5
8149,44.15528,-122.251,370.7
8150,44.15536,-122.25081,371.2
8151,44.1556,-122.25039,372.3
8152,44.15579,-122.25004,373.4
8153,44.15615,-122.2494,375.4
8154,44.15638,-122.24901,376.0
8155,44.15646,-122.24887,376.1
8156,44.1566,-122.24862,376.2
8157,44.15683,-122.24824,376.3
8158,44.15695,-122.24805,376.3
8159,44.15707,-122.24785,376.3
8160,44.15716,-122.24771,376.3
8161,44.15719,-122.24767,376.3
8162,44.15732,-122.2475,376.3
8163,44.15745,-122.24732,376.2
8164,44.15761,-122.24711,376.3
8165,44.15774,-122.24692,376.4
8166,44.15787,-122.24674,376.4
8167,44.15796,-122.24665,376.2
8168,44.15797,-122.24664,376.2
8169,44.15802,-122.2466,376.2
8170,44.15816,-122.24648,376.0
8171,44.15831,-122.24631,375.9
8172,44.15839,-122.24623,375.7
8173,44.15844,-122.24614,375.7
8174,44.15852,-122.24601,375.6
8175,44.15856,-122.24595,375.6
8176,44.15867,-122.24575,375.5
8177,44.15869,-122.24572,375.5
8178,44.15875,-122.24553,375.6
8179,44.15876,-122.24551,375.6
8180,44.15881,-122.24529,375.7
8181,44.15883,-122.24523,375.8
8182,44.15885,-122.24505,375.9
8183,44.15888,-122.2448,376.0
8184,44.15889,-122.24465,376.1
8185,44.15891,-122.24455,376.2
8186,44.15898,-122.24414,376.5
8187,44.159,-122.24407,376.6
8188,44.15906,-122.24383,376.7
8189,44.15911,-122.24359,377.0
8190,44.15913,-122.24352,377.0
8191,44.15913,-122.24352,377.0
8192,44.15939,-122.2424,377.8
8193,44.1595,-122.24191,378.0
8194,44.15986,-122.24055,378.1
8195,44.16008,-122.23933,378.3
8196,44.16014,-122.239,378.6
8197,44.16019,-122.23886,378.5
8198,44.16034,-122.2384,378.6
8199,44.16041,-122.23817,378.5
8200,44.16052,-122.23783,378.6
8201,44.16065,-122.2375,378.6
8202,44.16069,-122.23741,378.6
8203,44.16075,-122.23729,378.6
8204,44.16086,-122.23709,378.5
8205,44.16094,-122.23693,378.5
8206,44.16097,-122.23689,378.4
8207,44.16119,-122.2366,378.0
8208,44.16138,-122.23641,377.9
8209,44.16153,-122.23628,377.8
8210,44.16164,-122.23618,377.8
8211,44.16196,-122.23587,377.8
8212,44.16225,-122.23566,377.5
8213,44.16238,-122.23563,377.1
8214,44.16328,-122.23567,373.5
8215,44.16331,-122.23567,373.4
8216,44.16381,-122.23567,371.3
8217,44.16411,-122.23566,370.2
8218,44.16417,-122.23563,370.0
8219,44.16446,-122.23563,368.9
8220,44.16453,-122.23562,368.8
8221,44.16471,-122.23556,368.3
8222,44.1648,-122.23551,368.1
8223,44.16485,-122.23547,368.1
8224,44.16492,-122.23536,368.1
8225,44.16498,-122.23531,368.0
8226,44.16503,-122.23525,368.0
8227,44.16518,-122.23505,368.0
8228,44.16526,-122.23488,368.1
8229,44.16542,-122.23444,368.2
8230,44.16548,-122.23427,368.2
8231,44.16564,-122.23379,368.0
8232,44.16578,-122.23335,368.0
8233,44.16586,-122.23314,367.9
8234,44.16586,-122.23312,368.0
8235,44.16604,-122.23272,368.0
8236,44.16639,-122.23189,368.7
8237,44.16654,-122.23153,369.2
8238,44.16669,-122.2312,369.5
8239,44.16676,-122.23098,369.9
8240,44.1668,-122.23082,370.3
8241,44.16688,-122.23048,371.2
8242,44.16691,-122.23031,371.6
8243,44.16692,-122.23014,372.1
8244,44.16694,-122.22996,372.7
8245,44.16694,-122.22976,373.2
8246,44.16693,-122.22965,373.6
8247,44.1669,-122.22937,374.4
8248,44.16689,-122.22924,374.8
8249,44.16691,-122.2289,375.7
8250,44.16695,-122.22878,375.8
8251,44.16702,-122.22862,376.0
8252,44.16715,-122.22835,376.0
8253,44.16717,-122.22831,376.0
8254,44.1673,-122.22795,376.0
8255,44.1673,-122.22795,376.0
8256,44.16747,-122.22805,375.3
8257,44.16781,-122.22828,374.5
8258,44.16798,-122.22836,374.2
8259,44.16819,-122.22845,373.8
8260,44.16835,-122.22853,373.5
8261,44.16835,-122.22853,373.5
8262,44.16844,-122.22799,372.8
8263,44.16846,-122.22788,372.8
8264,44.16849,-122.2278,372.9
8265,44.16861,-122.22738,373.1
8266,44.1689,-122.22649,373.6
8267,44.16935,-122.22512,374.3
8268,44.16971,-122.22404,375.0
8269,44.16973,-122.22399,375.0
8270,44.17033,-122.22227,375.9
8271,44.1708,-122.22141,376.2
8272,44.17094,-122.22122,376.2
8273,44.1713,-122.22072,376.6
8274,44.17154,-122.22045,376.7
8275,44.17187,-122.22005,377.3
8276,44.17229,-122.21934,378.0
8277,44.17263,-122.21864,378.8
8278,44.17268,-122.21853,378.8
8279,44.17282,-122.21822,379.1
8280,44.17305,-122.21758,379.4
8281,44.17316,-122.21718,379.4
8282,44.17326,-122.2168,379.5
8283,44.17327,-122.21671,379.5
8284,44.17331,-122.21645,379.6
8285,44.17331,-122.21621,379.6
8286,44.17331,-122.21596,379.6
8287,44.17326,-122.21547,379.5
8288,44.17323,-122.21522,379.5
8289,44.17321,-122.215,379.5
8290,44.17321,-122.21497,379.5
8291,44.17318,-122.21472,379.5
8292,44.1731,-122.21398,379.6
8293,44.17307,-122.21368,379.6
8294,44.17305,-122.21348,379.6
8295,44.17298,-122.21281,379.7
8296,44.17294,-122.21249,379.8
8297,44.1728,-122.21104,380.9
8298,44.17276,-122.21075,381.5
8299,44.17255,-122.20886,384.4
8300,44.17249,-122.20827,385.2
8301,44.17244,-122.20777,385.8
8302,44.1724,-122.20728,386.4
8303,44.17239,-122.20704,386.7
8304,44.17241,-122.20653,387.3
8305,44.17243,-122.20573,388.1
8306,44.17258,-122.20505,388.7
8307,44.17265,-122.20473,389.0
8308,44.1727,-122.20458,389.0
8309,44.17296,-122.20392,389.6
8310,44.17307,-122.20373,389.7
8311,44.17357,-122.20288,390.4
8312,44.17385,-122.20235,391.1
8313,44.1739,-122.20226,391.1
8314,44.17409,-122.20171,391.1
8315,44.17429,-122.20096,390.9
8316,44.17457,-122.1994,392.0
8317,44.17487,-122.19654,394.3
8318,44.17493,-122.19605,394.7
8319,44.17506,-122.19481,395.5
8320,44.17508,-122.19455,395.7
8321,44.17515,-122.19413,396.0
8322,44.17516,-122.19407,396.1
8323,44.17527,-122.19359,396.7
8324,44.17549,-122.19264,398.2
8325,44.17571,-122.19168,399.8
8326,44.17593,-122.19073,401.6
8327,44.17598,-122.19049,402.2
8328,44.17628,-122.1893,405.1
8329,44.17639,-122.18883,405.7
8330,44.17645,-122.18859,405.9
8331,44.17651,-122.18835,406.1
8332,44.17662,-122.18794,406.5
8333,44.17664,-122.18789,406.6
8334,44.17676,-122.18768,407.3
8335,44.17702,-122.18742,408.9
8336,44.17702,-122.18742,408.9
8337,44.17708,-122.18673,407.7
8338,44.17714,-122.18608,407.9
8339,44.1772,-122.1854,408.5
8340,44.17725,-122.18484,409.1
8341,44.17727,-122.1842,409.1
8342,44.17728,-122.18415,409.2
8343,44.17728,-122.1839,409.1
8344,44.17729,-122.18365,409.0
8345,44.17729,-122.18355,409.0
8346,44.17728,-122.18283,409.0
8347,44.17724,-122.18211,409.3
8348,44.17718,-122.18129,408.8
8349,44.17712,-122.18065,407.8
8350,44.17698,-122.17916,406.5
8351,44.17688,-122.17799,407.3
8352,44.17684,-122.17671,408.6
8353,44.17684,-122.17641,408.9
8354,44.17685,-122.17641,409.0
8355,44.17685,-122.17616,409.2
8356,44.17687,-122.17535,410.0
8357,44.17689,-122.1749,410.5
8358,44.17691,-122.17466,410.7
8359,44.17691,-122.17465,410.7
8360,44.17698,-122.17346,411.3
8361,44.17702,-122.17219,411.9
8362,44.17699,-122.17155,412.3
8363,44.17692,-122.17091,413.0
8364,44.17683,-122.17035,413.9
8365,44.1766,-122.1694,415.3
8366,44.1765,-122.16906,415.3
8367,44.17643,-122.16883,415.5
8368,44.1764,-122.16872,415.5
8369,44.1761,-122.16784,416.4
8370,44.17601,-122.16754,416.6
8371,44.17557,-122.16616,417.5
8372,44.17524,-122.1651,418.1
8373,44.17495,-122.1642,418.1
8374,44.17482,-122.16379,418.0
8375,44.17464,-122.16321,417.7
8376,44.1746,-122.1631,417.6
8377,44.17448,-122.16271,417.2
8378,44.17444,-122.16259,417.1
8379,44.17446,-122.16258,417.1
8380,44.17422,-122.16185,417.1
8381,44.17392,-122.1609,417.1
8382,44.17369,-122.16012,417.1
8383,44.17356,-122.15948,418.0
8384,44.17349,-122.15891,418.8
8385,44.17349,-122.15823,419.6
8386,44.17355,-122.15757,420.5
8387,44.17363,-122.15702,421.3
8388,44.17373,-122.1563,422.4
8389,44.17384,-122.15559,423.4
8390,44.17384,-122.15559,423.4
8391,44.174,-122.15447,424.5
8392,44.17417,-122.15334,425.6
8393,44.17433,-122.15222,426.6
8394,44.1745,-122.1511,428.0
8395,44.17466,-122.14998,430.6
8396,44.17483,-122.14886,432.6
8397,44.175,-122.14773,434.1
8398,44.17516,-122.14661,435.1
8399,44.17533,-122.14549,435.8
8400,44.17548,-122.14451,436.0
8401,44.17564,-122.14354,435.6
8402,44.17579,-122.14256,435.0
8403,44.17594,-122.14159,435.4
8404,44.17616,-122.14047,436.5
8405,44.17637,-122.13936,437.2
8406,44.17654,-122.13843,436.8
8407,44.17671,-122.13749,436.0
8408,44.17688,-122.13656,436.5
8409,44.17706,-122.13563,436.3
8410,44.17706,-122.13563,436.3
8411,44.17706,-122.13563,436.3
8412,44.17715,-122.13566,435.6
8413,44.17715,-122.13566,435.6
8414,44.17785,-122.13199,437.0
8415,44.17785,-122.13198,437.0
8416,44.17786,-122.13198,437.0
8417,44.17802,-122.13135,437.9
8418,44.17818,-122.13072,438.4
8419,44.17859,-122.1298,439.0
8420,44.17896,-122.12892,440.2
8421,44.17944,-122.12797,440.6
8422,44.17961,-122.12753,440.9
8423,44.17993,-122.12648,441.7
8424,44.18016,-122.12607,441.6
8425,44.1803,-122.12592,441.3
8426,44.1804,-122.12585,441.1
8427,44.18048,-122.12575,441.0
8428,44.1806,-122.12565,440.8
8429,44.18068,-122.12554,440.8
8430,44.18077,-122.12547,440.6
8431,44.18089,-122.12528,440.6
8432,44.18102,-122.12504,440.7
8433,44.18108,-122.12498,440.6
8434,44.18134,-122.12445,440.7
8435,44.18147,-122.1241,440.7
8436,44.18158,-122.12364,440.4
8437,44.18171,-122.12327,440.0
8438,44.18172,-122.12312,440.2
8439,44.1817,-122.12297,440.6
8440,44.18139,-122.12193,444.3
8441,44.18132,-122.12176,444.6
8442,44.18128,-122.12162,444.9
8443,44.18098,-122.12104,446.0
8444,44.18078,-122.12051,446.9
8445,44.18065,-122.12005,447.7
8446,44.18057,-122.11945,448.5
8447,44.18051,-122.11917,448.9
8448,44.18052,-122.11848,449.6
8449,44.18039,-122.11823,449.8
8450,44.18039,-122.11775,450.1
8451,44.18037,-122.11762,450.2
8452,44.18036,-122.11731,450.3
8453,44.18045,-122.11678,450.5
8454,44.1805,-122.11638,450.7
8455,44.18053,-122.11608,450.7
8456,44.18062,-122.11587,450.8
8457,44.18065,-122.11573,450.8
8458,44.18072,-122.11562,450.9
8459,44.18084,-122.11551,450.9
8460,44.18097,-122.11533,450.9
8461,44.18103,-122.11521,450.9
8462,44.18118,-122.11487,451.0
8463,44.18122,-122.11473,451.0
8464,44.18131,-122.11451,451.1
8465,44.18134,-122.11437,451.1
8466,44.18143,-122.11415,451.2
8467,44.1815,-122.11392,451.5
8468,44.18168,-122.11355,451.9
8469,44.18193,-122.11319,452.2
8470,44.18202,-122.1131,452.1
8471,44.18206,-122.11302,452.2
8472,44.18213,-122.11298,452.2
8473,44.1822,-122.11288,452.2
8474,44.18236,-122.11276,452.1
8475,44.1824,-122.11268,452.1
8476,44.18248,-122.11259,452.0
8477,44.18256,-122.11242,452.0
8478,44.18264,-122.11214,452.1
8479,44.18271,-122.1118,452.2
8480,44.18275,-122.11172,452.2
8481,44.1829,-122.11126,452.2
8482,44.18295,-122.11092,452.3
8483,44.18302,-122.11069,452.2
8484,44.18308,-122.1104,452.3
8485,44.18313,-122.11021,452.3
8486,44.18328,-122.10949,452.2
8487,44.18332,-122.10914,452.3
8488,44.18331,-122.10869,452.3
8489,44.18334,-122.10819,452.4
8490,44.18335,-122.10784,452.3
8491,44.1833,-122.10729,452.4
8492,44.1833,-122.10644,454.9
8493,44.18333,-122.10579,457.3
8494,44.18331,-122.10544,457.8
8495,44.18326,-122.10514,458.3
8496,44.18316,-122.10477,458.6
8497,44.183,-122.10444,458.9
8498,44.18294,-122.10437,459.0
8499,44.18285,-122.10422,459.2
8500,44.18273,-122.10386,459.7
8501,44.1827,-122.10366,460.0
8502,44.18268,-122.10303,460.9
8503,44.18266,-122.10241,461.9
8504,44.18267,-122.10221,462.2
8505,44.1827,-122.10201,462.5
8506,44.18283,-122.10149,463.2
8507,44.18292,-122.10127,463.5
8508,44.18298,-122.10093,463.9
8509,44.18296,-122.10063,464.4
8510,44.18297,-122.10048,464.6
8511,44.18302,-122.10024,465.2
8512,44.18309,-122.0998,465.8
8513,44.1832,-122.09943,466.4
8514,44.18326,-122.0993,466.7
8515,44.1834,-122.09908,467.3
8516,44.18346,-122.09903,467.5
8517,44.18353,-122.09891,468.1
8518,44.18359,-122.09886,468.3
8519,44.18366,-122.09875,469.0
8520,44.18376,-122.0987,469.4
8521,44.18387,-122.09857,470.3
8522,44.18397,-122.09853,470.8
8523,44.18408,-122.0984,471.8
8524,44.18415,-122.09836,472.1
8525,44.18422,-122.09825,473.0
8526,44.18431,-122.09817,473.6
8527,44.18438,-122.09806,474.4
8528,44.18444,-122.09801,474.6
8529,44.18451,-122.0979,475.1
8530,44.18464,-122.09782,474.9
8531,44.18477,-122.09765,475.0
8532,44.18489,-122.09734,475.1
8533,44.185,-122.09697,475.0
8534,44.18512,-122.09634,474.4
8535,44.18514,-122.09609,474.0
8536,44.18514,-122.09564,472.9
8537,44.18511,-122.09544,472.5
8538,44.18504,-122.09516,472.2
8539,44.18491,-122.0948,472.1
8540,44.18477,-122.09445,472.3
8541,44.18468,-122.09429,472.6
8542,44.18451,-122.09404,473.3
8543,44.18445,-122.09391,473.6
8544,44.18441,-122.09372,474.1
8545,44.1844,-122.09329,475.4
8546,44.18443,-122.09287,476.1
8547,44.18443,-122.09222,477.2
8548,44.18445,-122.09157,477.6
8549,44.18443,-122.09112,477.6
8550,44.18443,-122.09066,477.8
8551,44.18441,-122.09022,478.0
8552,44.18447,-122.08937,478.3
8553,44.18441,-122.08862,478.6
8554,44.18431,-122.08788,479.0
8555,44.18429,-122.08758,479.3
8556,44.1843,-122.08738,479.4
8557,44.18436,-122.08714,479.5
8558,44.18439,-122.08695,479.5
8559,44.1844,-122.08584,481.8
8560,44.18442,-122.08559,482.5
8561,44.18461,-122.08497,483.9
8562,44.18479,-122.08434,485.7
8563,44.18489,-122.08413,486.2
8564,44.18499,-122.08399,486.6
8565,44.18507,-122.0839,486.8
8566,44.18515,-122.0838,487.1
8567,44.18528,-122.08373,487.2
8568,44.18544,-122.08353,488.0
8569,44.18563,-122.08323,489.2
8570,44.18577,-122.08294,489.9
8571,44.18586,-122.08286,489.8
8572,44.18591,-122.08279,489.8
8573,44.18604,-122.0827,489.5
8574,44.18611,-122.08259,489.5
8575,44.18621,-122.08252,489.2
8576,44.18633,-122.08234,488.8
8577,44.1865,-122.08201,488.4
8578,44.18662,-122.08165,488.5
8579,44.18671,-122.08122,488.8
8580,44.18678,-122.08047,489.6
8581,44.18684,-122.08024,489.1
8582,44.18691,-122.0799,488.8
8583,44.18703,-122.07953,488.1
8584,44.18709,-122.07941,487.8
8585,44.18717,-122.07931,487.3
8586,44.18752,-122.07906,485.1
8587,44.18765,-122.07877,484.2
8588,44.18779,-122.0783,483.0
8589,44.18786,-122.07813,482.5
8590,44.18806,-122.07778,481.2
8591,44.18812,-122.07772,480.9
8592,44.18828,-122.07745,480.0
8593,44.18837,-122.07736,479.6
8594,44.18849,-122.07718,479.0
8595,44.18857,-122.07702,478.6
8596,44.1887,-122.07666,477.9
8597,44.18874,-122.07611,479.1
8598,44.18894,-122.0752,482.2
8599,44.18895,-122.075,482.5
8600,44.18893,-122.07486,482.5
8601,44.18881,-122.07455,482.5
8602,44.18867,-122.07431,482.5
8603,44.18862,-122.07418,482.5
8604,44.18854,-122.07378,482.7
8605,44.18853,-122.0735,482.9
8606,44.1884,-122.07312,483.1
8607,44.18828,-122.07295,483.2
8608,44.18821,-122.07291,483.3
8609,44.18813,-122.07281,483.4
8610,44.18797,-122.07281,483.6
8611,44.18791,-122.07278,483.7
8612,44.18772,-122.07242,484.3
8613,44.18742,-122.07193,485.4
8614,44.18731,-122.07167,486.1
8615,44.18727,-122.07153,486.4
8616,44.18726,-122.07123,486.7
8617,44.18728,-122.07088,487.0
8618,44.18736,-122.07045,487.1
8619,44.1874,-122.07005,487.7
8620,44.18746,-122.06971,487.4
8621,44.18747,-122.06951,487.4
8622,44.18755,-122.06923,486.7
8623,44.18784,-122.0686,486.2
8624,44.18805,-122.06802,486.8
8625,44.18812,-122.06797,486.6
8626,44.18813,-122.06782,487.3
8627,44.18808,-122.06771,488.4
8628,44.18807,-122.06761,489.4
8629,44.18838,-122.0673,489.1
8630,44.18852,-122.06713,488.1
8631,44.18858,-122.06698,487.9
8632,44.1887,-122.0668,487.2
8633,44.18873,-122.06586,490.2
8634,44.18877,-122.06579,489.7
8635,44.18881,-122.06579,489.2
8636,44.18891,-122.0661,487.6
8637,44.18901,-122.06617,487.5
8638,44.18912,-122.06602,488.0
8639,44.18914,-122.06608,488.2
8640,44.18922,-122.06607,488.4
8641,44.18924,-122.06607,488.5
8642,44.18934,-122.06581,489.3
8643,44.18934,-122.06574,489.4
8644,44.18933,-122.06538,489.6
8645,44.18934,-122.06529,489.9
8646,44.18938,-122.06526,490.6
8647,44.18947,-122.06559,491.1
8648,44.18954,-122.06573,491.4
8649,44.18958,-122.06577,491.4
8650,44.18967,-122.06576,491.7
8651,44.18979,-122.06561,492.6
8652,44.19012,-122.06542,494.3
8653,44.19023,-122.06544,494.0
8654,44.19036,-122.06552,492.6
8655,44.19047,-122.06553,492.1
8656,44.19074,-122.06537,493.9
8657,44.19083,-122.06523,496.2
8658,44.19087,-122.06514,497.8
8659,44.19086,-122.06504,499.9
8660,44.19078,-122.06482,503.3
8661,44.19074,-122.06468,505.5
8662,44.19076,-122.06449,508.9
8663,44.19086,-122.06433,512.2
8664,44.19087,-122.06429,512.8
8665,44.19089,-122.06399,514.8
8666,44.19087,-122.06384,515.1
8667,44.19075,-122.06365,515.1
8668,44.19064,-122.06339,514.7
8669,44.19051,-122.06298,512.2
8670,44.19023,-122.06247,507.1
8671,44.19013,-122.06219,506.1
8672,44.19011,-122.06205,505.8
8673,44.1901,-122.06165,505.3
8674,44.19013,-122.0613,505.4
8675,44.19022,-122.06076,506.2
8676,44.19027,-122.06057,506.5
8677,44.19031,-122.06007,509.1
8678,44.19029,-122.05982,511.2
8679,44.19022,-122.05954,512.7
8680,44.19014,-122.05937,513.0
8681,44.19012,-122.05923,513.2
8682,44.19013,-122.05908,513.4
8683,44.19019,-122.05884,513.8
8684,44.19021,-122.05864,513.8
8685,44.19022,-122.05834,514.0
8686,44.1902,-122.05729,514.1
8687,44.19023,-122.05684,514.0
8688,44.19031,-122.05635,513.9
8689,44.19035,-122.0553,513.8
8690,44.19037,-122.0551,513.6
8691,44.19042,-122.05486,513.6
8692,44.19045,-122.05441,513.3
8693,44.19044,-122.05421,512.6
8694,44.19041,-122.05406,511.4
8695,44.19015,-122.05352,509.7
8696,44.19013,-122.05338,509.5
8697,44.19005,-122.05315,509.4
8698,44.19003,-122.05286,509.1
8699,44.19007,-122.05232,508.7
8700,44.19011,-122.05191,508.5
8701,44.19014,-122.05182,508.4
8702,44.19037,-122.05144,507.5
8703,44.19043,-122.05115,507.2
8704,44.19044,-122.05095,507.1
8705,44.19043,-122.05039,507.0
8706,44.19045,-122.04964,506.2
8707,44.19048,-122.04889,504.5
8708,44.19044,-122.04855,505.4
8709,44.19044,-122.0482,506.1
8710,44.19052,-122.04755,506.6
8711,44.1906,-122.04691,507.1
8712,44.19085,-122.04597,510.1
8713,44.19101,-122.04552,510.4
8714,44.19118,-122.04514,510.9
8715,44.19128,-122.04499,511.1
8716,44.1914,-122.04489,511.5
8717,44.19149,-122.0448,511.9
8718,44.19162,-122.04473,511.9
8719,44.19184,-122.04448,512.3
8720,44.19197,-122.04439,512.0
8721,44.19205,-122.04429,512.1
8722,44.19214,-122.04421,512.0
8723,44.19223,-122.04412,512.1
8724,44.19236,-122.04405,512.0
8725,44.19245,-122.04396,512.2
8726,44.19261,-122.04386,512.2
8727,44.1927,-122.04378,512.3
8728,44.19287,-122.0437,512.4
8729,44.19296,-122.04361,512.7
8730,44.19316,-122.04352,512.9
8731,44.19325,-122.04343,513.2
8732,44.19357,-122.04336,513.3
8733,44.19369,-122.04326,513.6
8734,44.19397,-122.04318,513.7
8735,44.19406,-122.04309,513.8
8736,44.19423,-122.04299,514.0
8737,44.19436,-122.04282,514.5
8738,44.19449,-122.04258,515.2
8739,44.19461,-122.04241,515.6
8740,44.19471,-122.04234,515.6
8741,44.19482,-122.04232,515.7
8742,44.1949,-122.04228,515.8
8743,44.19515,-122.04213,516.0
8744,44.19537,-122.04189,516.6
8745,44.19558,-122.04181,516.8
8746,44.19571,-122.04171,517.0
8747,44.19599,-122.04163,517.0
8748,44.19608,-122.04155,517.2
8749,44.19632,-122.04147,517.3
8750,44.19644,-122.04136,517.5
8751,44.19669,-122.04132,517.5
8752,44.19715,-122.04142,516.8
8753,44.19758,-122.04141,516.6
8754,44.19787,-122.04148,516.2
8755,44.19805,-122.04165,515.5
8756,44.19815,-122.0417,515.3
8757,44.19823,-122.04179,514.9
8758,44.1984,-122.04189,514.5
8759,44.19862,-122.04214,513.7
8760,44.19879,-122.04224,513.2
8761,44.19888,-122.04232,513.2
8762,44.19901,-122.04239,513.3
8763,44.19951,-122.04251,513.5
8764,44.19961,-122.04256,513.5
8765,44.19973,-122.04267,513.4
8766,44.19993,-122.04277,513.4
8767,44.20002,-122.04285,513.3
8768,44.2003,-122.04292,513.5
8769,44.2004,-122.043,513.3
8770,44.20053,-122.04307,513.2
8771,44.20078,-122.04312,513.1
8772,44.20089,-122.04312,513.2
8773,44.2011,-122.04307,513.2
8774,44.2012,-122.04303,513.3
8775,44.20145,-122.04282,513.5
8776,44.20164,-122.04246,515.0
8777,44.20176,-122.0421,517.1
8778,44.20181,-122.0418,518.2
8779,44.20184,-122.0412,519.8
8780,44.20188,-122.04107,520.2
8781,44.20194,-122.04096,520.6
8782,44.20199,-122.04087,520.9
8783,44.20219,-122.04064,521.7
8784,44.20221,-122.04048,522.0
8785,44.20234,-122.0403,522.5
8786,44.20245,-122.04018,522.8
8787,44.20261,-122.04007,523.1
8788,44.20284,-122.03983,523.6
8789,44.20297,-122.03974,523.6
8790,44.20305,-122.03965,523.9
8791,44.20318,-122.03958,523.9
8792,44.20327,-122.03949,524.0
8793,44.20344,-122.03941,524.1
8794,44.20377,-122.03934,524.2
8795,44.20388,-122.03923,524.6
8796,44.20404,-122.03911,524.8
8797,44.2041,-122.03909,524.8
8798,44.20418,-122.03907,524.9
8799,44.20422,-122.03905,525.0
8800,44.20479,-122.03924,525.7
8801,44.205,-122.03934,525.8
8802,44.20523,-122.03951,526.0
8803,44.2054,-122.03972,525.4
8804,44.20543,-122.03986,525.1
8805,44.20526,-122.04018,524.3
8806,44.20512,-122.04043,523.8
8807,44.2051,-122.04059,523.8
8808,44.20514,-122.0407,523.9
8809,44.20522,-122.04077,523.9
8810,44.20546,-122.04085,523.8
8811,44.20558,-122.04117,524.0
8812,44.20562,-122.04161,524.3
8813,44.20569,-122.04174,524.4
8814,44.20594,-122.04182,524.0
8815,44.20637,-122.04282,524.3
8816,44.20671,-122.04336,524.4
8817,44.20705,-122.0439,524.7
8818,44.2076,-122.04459,525.1
8819,44.20815,-122.04529,525.4
8820,44.20882,-122.0459,525.6
8821,44.20949,-122.0465,526.0
8822,44.21018,-122.04696,525.6
8823,44.21091,-122.0475,526.0
8824,44.21164,-122.04804,525.7
8825,44.21238,-122.04857,526.5
8826,44.21302,-122.0492,527.1
8827,44.21338,-122.04946,526.8
8828,44.21335,-122.04951,527.2
8829,44.21337,-122.04953,527.2
8830,44.21351,-122.04968,527.3
8831,44.21357,-122.04975,527.3
8832,44.21364,-122.04986,527.6
8833,44.21376,-122.05004,528.0
8834,44.21388,-122.05023,529.0
8835,44.214,-122.05042,530.3
8836,44.21406,-122.05051,530.8
8837,44.21413,-122.05058,531.3
8838,44.21428,-122.05072,532.4
8839,44.21443,-122.05086,533.1
8840,44.21446,-122.05088,533.2
8841,44.2145,-122.05093,533.4
8842,44.21454,-122.05099,533.7
8843,44.21456,-122.05103,533.8
8844,44.21466,-122.05124,534.4
8845,44.21472,-122.05135,534.6
8846,44.21475,-122.05146,534.9
8847,44.21481,-122.05169,535.2
8848,44.21487,-122.05193,535.3
8849,44.21493,-122.05217,535.5
8850,44.21499,-122.0524,535.7
8851,44.21505,-122.05264,535.9
8852,44.21511,-122.05285,536.1
8853,44.21511,-122.05288,536.1
8854,44.21513,-122.05312,536.3
8855,44.21515,-122.05335,536.6
8856,44.21515,-122.05337,536.7
8857,44.2152,-122.05362,537.0
8858,44.21521,-122.05367,537.1
8859,44.21521,-122.05387,537.4
8860,44.21521,-122.05397,537.6
8861,44.21524,-122.05411,537.8
8862,44.2153,-122.05435,538.1
8863,44.2153,-122.05438,538.2
8864,44.21531,-122.05442,538.2
8865,44.2153,-122.05445,538.3
8866,44.21529,-122.05448,538.5
8867,44.21525,-122.05457,538.9
8868,44.21524,-122.05458,538.9
8869,44.21522,-122.05462,539.1
8870,44.2152,-122.05465,539.2
8871,44.21517,-122.05466,539.4
8872,44.21514,-122.05465,539.5
8873,44.2151,-122.05463,539.7
8874,44.21492,-122.05456,540.3
8875,44.21475,-122.05448,540.7
8876,44.21458,-122.05441,541.1
8877,44.21451,-122.05438,541.3
8878,44.21448,-122.05438,541.4
8879,44.21446,-122.0544,541.6
8880,44.21442,-122.05444,541.8
8881,44.21429,-122.05461,542.9
8882,44.21423,-122.05468,543.3
8883,44.21422,-122.0547,543.5
8884,44.21421,-122.05473,543.6
8885,44.21422,-122.05476,543.7
8886,44.21423,-122.05479,543.7
8887,44.21424,-122.05481,543.8
8888,44.21433,-122.05503,544.1
8889,44.21442,-122.05525,544.6
8890,44.2145,-122.05547,545.1
8891,44.21459,-122.05569,545.7
8892,44.21468,-122.05591,546.4
8893,44.21474,-122.05607,546.9
8894,44.21474,-122.05607,546.9
8895,44.21488,-122.05623,547.2
8896,44.21502,-122.05639,547.5
8897,44.21515,-122.05656,547.6
8898,44.21529,-122.05672,547.4
8899,44.21543,-122.05688,546.9
8900,44.21556,-122.05705,546.3
8901,44.2157,-122.05721,544.3
8902,44.21572,-122.05724,544.1
8903,44.2158,-122.05742,543.3
8904,44.21583,-122.05747,542.8
8905,44.21591,-122.05761,541.3
8906,44.21602,-122.05781,540.0
8907,44.21614,-122.058,539.2
8908,44.21614,-122.05801,539.4
8909,44.21627,-122.05818,538.3
8910,44.21639,-122.05836,538.1
8911,44.21652,-122.05853,538.0
8912,44.21665,-122.05871,539.0
8913,44.21666,-122.05872,539.1
8914,44.21682,-122.0588,539.1
8915,44.21699,-122.05888,539.3
8916,44.21733,-122.05904,539.4
8917,44.2175,-122.05912,540.1
8918,44.21767,-122.0592,541.3
8919,44.21784,-122.05928,542.4
8920,44.21801,-122.05936,542.9
8921,44.21812,-122.05941,543.2
8922,44.21821,-122.05946,543.3
8923,44.21821,-122.05946,543.3
8924,44.21836,-122.05943,541.7
8925,44.21849,-122.0594,540.6
8926,44.21854,-122.0594,540.4
8927,44.21872,-122.05941,540.0
8928,44.2189,-122.05941,540.1
8929,44.21908,-122.05941,540.8
8930,44.21923,-122.05941,541.5
8931,44.21944,-122.05942,542.5
8932,44.21962,-122.05942,542.9
8933,44.2198,-122.05943,543.5
8934,44.21998,-122.05943,543.8
8935,44.22016,-122.05944,544.1
8936,44.22034,-122.05944,544.6
8937,44.22052,-122.05945,544.9
8938,44.22056,-122.05945,545.0
8939,44.2207,-122.05945,545.2
8940,44.22088,-122.05946,545.3
8941,44.22106,-122.05947,545.5
8942,44.22124,-122.05948,545.6
8943,44.22131,-122.05948,545.6
8944,44.22142,-122.05949,545.6
8945,44.2216,-122.05952,545.4
8946,44.22178,-122.05955,545.4
8947,44.22195,-122.05957,545.4
8948,44.22212,-122.0596,545.3
8949,44.22213,-122.0596,545.3
8950,44.2223,-122.05968,545.1
8951,44.22247,-122.05976,545.0
8952,44.22265,-122.05984,544.9
8953,44.22282,-122.05992,544.7
8954,44.22298,-122.05999,544.7
8955,44.22299,-122.05999,544.7
8956,44.22317,-122.06,544.8
8957,44.22335,-122.06001,545.0
8958,44.22344,-122.06002,545.0
8959,44.2237,-122.06008,544.9
8960,44.22388,-122.06013,545.0
8961,44.22394,-122.06014,545.0
8962,44.22405,-122.06019,545.0
8963,44.22422,-122.06026,545.0
8964,44.22427,-122.06028,545.0
8965,44.2244,-122.06032,545.1
8966,44.22458,-122.06037,545.2
8967,44.2248,-122.06043,545.5
8968,44.22493,-122.06047,545.6
8969,44.2251,-122.06052,546.0
8970,44.22528,-122.06058,546.7
8971,44.22546,-122.06063,547.4
8972,44.22563,-122.06068,548.1
8973,44.22567,-122.06069,548.1
8974,44.2258,-122.06075,548.5
8975,44.22598,-122.06083,548.7
8976,44.22615,-122.0609,548.8
8977,44.22632,-122.06098,548.8
8978,44.22649,-122.06105,548.7
8979,44.22666,-122.06113,548.7
8980,44.22683,-122.0612,548.5
8981,44.22685,-122.06121,548.5
8982,44.22688,-122.06122,548.5
8983,44.22719,-122.06118,547.7
8984,44.2272,-122.06118,547.7
8985,44.22723,-122.06118,547.7
8986,44.22726,-122.06119,547.8
8987,44.22737,-122.06122,548.1
8988,44.22754,-122.06128,548.5
8989,44.22757,-122.06129,548.6
8990,44.2276,-122.06132,548.8
8991,44.22769,-122.06142,549.5
8992,44.22778,-122.06154,550.1
8993,44.2278,-122.06155,550.1
8994,44.22783,-122.06157,550.0
8995,44.228,-122.06164,549.6
8996,44.22803,-122.06164,549.5
8997,44.22805,-122.06164,549.4
8998,44.22807,-122.06163,549.4
8999,44.22819,-122.06152,549.1
9000,44.2282,-122.06151,549.2
9001,44.22822,-122.06149,549.4
9002,44.22828,-122.06135,549.5
9003,44.22836,-122.06117,549.1
9004,44.22837,-122.06114,549.1
9005,44.22839,-122.06112,549.1
9006,44.22853,-122.06101,550.4
9007,44.22869,-122.06089,552.1
9008,44.22877,-122.06083,552.4
9009,44.2288,-122.06081,552.5
9010,44.22885,-122.0608,552.9
9011,44.22903,-122.06077,554.1
9012,44.22921,-122.06073,555.3
9013,44.22939,-122.0607,556.6
9014,44.22956,-122.06067,558.0
9015,44.22959,-122.06067,558.3
9016,44.2296,-122.06066,558.3
9017,44.22962,-122.06064,558.3
9018,44.22963,-122.06061,558.2
9019,44.22965,-122.06051,557.6
9020,44.22966,-122.06048,557.4
9021,44.22968,-122.06046,557.5
9022,44.22983,-122.0604,558.4
9023,44.23,-122.06032,559.1
9024,44.23012,-122.06027,559.5
9025,44.23017,-122.06023,559.6
9026,44.23032,-122.0601,559.7
9027,44.23035,-122.06008,559.8
9028,44.23059,-122.05994,560.8
9029,44.23064,-122.05989,561.0
9030,44.23079,-122.05973,561.6
9031,44.23089,-122.05962,561.9
9032,44.23093,-122.05959,562.1
9033,44.23109,-122.05948,562.7
9034,44.2311,-122.05947,562.7
9035,44.23125,-122.05936,563.4
9036,44.23127,-122.05933,563.4
9037,44.23129,-122.05929,563.4
9038,44.23135,-122.05915,563.1
9039,44.23139,-122.05906,562.8
9040,44.23141,-122.05901,562.7
9041,44.23143,-122.05898,562.7
9042,44.23146,-122.05896,562.8
9043,44.2316,-122.05886,563.5
9044,44.23161,-122.05883,563.4
9045,44.23172,-122.05864,563.4
9046,44.23173,-122.05862,563.4
9047,44.23188,-122.05852,564.0
9048,44.232,-122.05844,564.5
9049,44.23205,-122.05843,564.7
9050,44.23222,-122.05838,565.3
9051,44.23252,-122.05831,565.9
9052,44.23258,-122.05829,566.0
9053,44.23275,-122.05824,566.0
9054,44.23279,-122.05823,566.0
9055,44.23293,-122.05823,566.0
9056,44.23303,-122.05822,565.8
9057,44.23311,-122.05827,565.9
9058,44.23327,-122.05838,566.2
9059,44.23331,-122.05841,566.2
9060,44.23344,-122.05846,566.1
9061,44.23358,-122.05851,565.8
9062,44.23361,-122.05854,565.9
9063,44.23375,-122.05868,566.2
9064,44.23376,-122.05868,566.1
9065,44.23377,-122.05868,566.0
9066,44.23379,-122.05868,565.9
9067,44.2339,-122.05858,564.3
9068,44.23391,-122.05857,564.2
9069,44.23392,-122.05857,564.1
9070,44.23394,-122.05857,564.0
9071,44.23408,-122.05864,563.4
9072,44.23424,-122.05875,563.1
9073,44.2344,-122.05887,563.0
9074,44.23445,-122.0589,563.0
9075,44.23457,-122.05898,563.3
9076,44.23473,-122.05908,563.9
9077,44.23478,-122.05911,564.1
9078,44.2349,-122.05917,564.5
9079,44.23507,-122.05925,565.0
9080,44.23524,-122.05932,565.6
9081,44.23541,-122.0594,567.0
9082,44.23558,-122.05948,568.7
9083,44.23564,-122.05951,569.4
9084,44.23576,-122.05951,568.7
9085,44.23594,-122.05951,567.5
9086,44.23595,-122.05951,567.4
9087,44.23604,-122.05955,568.4
9088,44.23605,-122.05956,568.7
9089,44.23605,-122.05957,569.1
9090,44.23604,-122.05957,569.2
9091,44.23599,-122.05959,570.4
9092,44.23582,-122.05963,573.0
9093,44.23575,-122.05965,573.7
9094,44.23568,-122.05978,576.7
9095,44.23567,-122.0598,577.0
9096,44.23566,-122.05982,577.4
9097,44.23567,-122.05983,577.6
9098,44.23569,-122.05984,577.8
9099,44.23579,-122.05988,578.8
9100,44.23593,-122.05993,580.5
9101,44.23597,-122.05993,580.7
9102,44.23615,-122.05993,581.6
9103,44.23633,-122.05993,581.7
9104,44.23651,-122.05993,580.6
9105,44.23669,-122.05993,579.5
9106,44.23684,-122.05993,579.1
9107,44.23687,-122.05993,579.0
9108,44.23705,-122.05991,578.1
9109,44.23723,-122.05989,579.5
9110,44.23741,-122.05987,580.5
9111,44.23759,-122.05985,581.3
9112,44.23759,-122.05981,578.2
9113,44.23827,-122.0598,579.6
9114,44.23848,-122.05977,578.7
9115,44.23874,-122.05956,576.3
9116,44.23903,-122.05947,576.4
9117,44.23927,-122.05926,575.7
9118,44.23927,-122.05926,575.7
9119,44.23966,-122.05893,573.5
9120,44.239652,-122.05892,573.5
9121,44.2395,-122.05875,572.8
9122,44.23912,-122.05823,571.2
9123,44.23865,-122.05758,569.2
9124,44.23865,-122.05758,569.2
9125,44.238457,-122.057238,569.2
9126,44.239103,-122.057163,570.3
9127,44.239818,-122.056916,571.3
9128,44.240402,-122.056948,571.2
9129,44.240979,-122.057474,572.7
9130,44.24098,-122.05747,572.7
9131,44.24133,-122.05697,573.4
9132,44.24165,-122.05645,573.9
9133,44.24195,-122.05579,572.3
9134,44.24221,-122.0551,574.6
9135,44.2423,-122.0548,575.9
9136,44.2423,-122.0548,575.9
9137,44.24252,-122.05407,577.0
9138,44.2426,-122.05373,577.1
9139,44.24272,-122.05288,576.8
9140,44.24276,-122.05189,576.0
9141,44.24292,-122.05118,576.9
9142,44.24302,-122.05037,576.5
9143,44.24308,-122.05016,576.6
9144,44.24329,-122.0496,577.7
9145,44.24344,-122.04909,577.4
9146,44.24352,-122.0489,577.8
9147,44.2438,-122.04842,580.2
9148,44.24391,-122.04825,580.8
9149,44.24438,-122.04779,582.3
9150,44.24486,-122.04732,582.2
9151,44.24521,-122.04707,582.2
9152,44.24566,-122.04685,584.8
9153,44.2459,-122.04669,585.9
9154,44.24639,-122.04626,584.6
9155,44.24671,-122.04589,583.8
9156,44.24726,-122.04543,583.8
9157,44.24797,-122.04475,584.1
9158,44.24844,-122.04437,588.0
9159,44.24891,-122.04399,590.9
9160,44.24901,-122.04389,590.9
9161,44.24919,-122.04359,590.4
9162,44.2493,-122.04319,589.2
9163,44.2496,-122.04256,588.5
9164,44.2496,-122.04256,588.5
9165,44.2496,-122.04256,588.5
9166,44.24971,-122.04233,588.5
9167,44.24993,-122.04203,589.0
9168,44.25009,-122.04188,590.1
9169,44.25055,-122.04159,591.1
9170,44.25073,-122.04154,590.5
9171,44.25126,-122.04148,586.1
9172,44.25194,-122.04144,586.0
9173,44.2526,-122.04119,588.6
9174,44.25283,-122.04108,588.6
9175,44.25351,-122.0409,593.8
9176,44.25396,-122.04074,596.9
9177,44.25414,-122.04078,597.9
9178,44.25455,-122.0408,598.4
9179,44.25529,-122.04096,598.7
9180,44.25575,-122.04114,598.9
9181,44.25587,-122.04121,599.0
9182,44.25618,-122.04144,599.3
9183,44.25667,-122.0419,598.7
9184,44.25707,-122.04233,598.3
9185,44.25753,-122.04289,598.6
9186,44.25799,-122.04345,598.3
9187,44.25819,-122.04375,598.3
9188,44.25875,-122.04469,598.3
9189,44.25918,-122.04531,601.8
9190,44.25965,-122.04575,602.2
9191,44.26009,-122.04604,602.0
9192,44.26057,-122.04629,606.7
9193,44.26104,-122.04643,605.3
9194,44.2615,-122.04657,603.7
9195,44.26194,-122.04676,603.4
9196,44.26239,-122.04695,599.2
9197,44.26297,-122.04712,600.3
9198,44.26363,-122.04723,605.2
9199,44.26428,-122.04715,610.4
9200,44.26479,-122.04719,610.0
9201,44.26513,-122.04725,609.4
9202,44.26538,-122.04738,609.2
9203,44.26593,-122.04781,609.1
9204,44.26626,-122.04812,609.9
9205,44.26674,-122.04864,610.8
9206,44.26691,-122.04886,610.9
9207,44.26706,-122.04914,611.9
9208,44.26719,-122.04944,613.1
9209,44.26737,-122.04999,616.6
9210,44.26745,-122.05013,616.6
9211,44.26758,-122.0503,615.8
9212,44.26818,-122.05105,616.1
9213,44.26866,-122.05159,616.9
9214,44.26915,-122.05209,616.7
9215,44.26927,-122.05219,616.7
9216,44.26958,-122.05235,619.7
9217,44.26981,-122.05243,620.4
9218,44.27035,-122.05255,620.5
9219,44.271,-122.05279,639.1
9220,44.27115,-122.05281,644.7
9221,44.27154,-122.05272,643.0
9222,44.27219,-122.0524,642.3
9223,44.27243,-122.0522,645.2
9224,44.27277,-122.05194,643.7
9225,44.27289,-122.05191,643.3
9226,44.27311,-122.05193,642.6
9227,44.27365,-122.05214,645.1
9228,44.27379,-122.05217,645.8
9229,44.27386,-122.05216,645.9
9230,44.27392,-122.05211,645.8
9231,44.27407,-122.05188,648.2
9232,44.27419,-122.05177,650.7
9233,44.27426,-122.05175,651.8
9234,44.27452,-122.05174,657.8
9235,44.27466,-122.05171,663.7
9236,44.27476,-122.05163,666.5
9237,44.27505,-122.05128,659.3
9238,44.27522,-122.05115,654.2
9239,44.2757,-122.051,651.2
9240,44.27602,-122.05093,650.8
9241,44.27623,-122.05092,651.4
9242,44.27665,-122.051,656.4
9243,44.27711,-122.05102,661.2
9244,44.27755,-122.05109,667.4
9245,44.27813,-122.05109,662.6
9246,44.27828,-122.05111,660.8
9247,44.27846,-122.05116,660.7
9248,44.27892,-122.05142,659.1
9249,44.27938,-122.05168,653.5
9250,44.27953,-122.0518,654.4
9251,44.2799,-122.05215,667.3
9252,44.28023,-122.05243,667.6
9253,44.28032,-122.05256,670.1
9254,44.28055,-122.05249,660.1
9255,44.28094,-122.0525,665.0
9256,44.28119,-122.05235,662.9
9257,44.2813,-122.05234,662.2
9258,44.2813,-122.05236,662.7
9259,44.28143,-122.05235,661.8
9260,44.28144,-122.05236,662.0
9261,44.28162,-122.05236,660.6
9262,44.28167,-122.05236,660.2
9263,44.28179,-122.05231,656.8
9264,44.2818,-122.05231,656.6
9265,44.2819,-122.05231,655.3
9266,44.28191,-122.0523,654.8
9267,44.28192,-122.05229,654.7
9268,44.28193,-122.05227,654.5
9269,44.28194,-122.05222,654.3
9270,44.28198,-122.05207,653.5
9271,44.28199,-122.05198,653.0
9272,44.28201,-122.05174,651.8
9273,44.28202,-122.05148,650.5
9274,44.28202,-122.05123,654.0
9275,44.28202,-122.05115,655.2
9276,44.28202,-122.05115,655.2
9277,44.28199,-122.05114,655.1
9278,44.28194,-122.05111,655.0
9279,44.28177,-122.05102,654.3
9280,44.28161,-122.05093,653.6
9281,44.2816,-122.05092,653.6
9282,44.28143,-122.05084,652.7
9283,44.28136,-122.0508,652.6
9284,44.28127,-122.05073,652.5
9285,44.28112,-122.05059,652.2
9286,44.2811,-122.05058,652.2
9287,44.28102,-122.05039,652.7
9288,44.28102,-122.05039,652.7
9289,44.28103,-122.05035,652.9
9290,44.28109,-122.05017,654.1
9291,44.28114,-122.05002,655.0
9292,44.28118,-122.04968,656.2
9293,44.28121,-122.04944,656.9
9294,44.28124,-122.04919,657.5
9295,44.28126,-122.04902,657.9
9296,44.28126,-122.04898,657.9
9297,44.28128,-122.04895,658.1
9298,44.28138,-122.04874,658.9
9299,44.28146,-122.04857,660.7
9300,44.28147,-122.04852,660.9
9301,44.28147,-122.04851,660.9
9302,44.28151,-122.04828,661.9
9303,44.28154,-122.04803,661.7
9304,44.28155,-122.048,661.8
9305,44.28154,-122.04778,660.3
9306,44.28153,-122.04766,659.9
9307,44.28155,-122.04758,660.2
9308,44.28156,-122.04753,660.4
9309,44.28163,-122.0473,663.7
9310,44.28164,-122.04726,664.3
9311,44.28172,-122.04709,668.3
9312,44.28183,-122.04688,670.5
9313,44.28184,-122.04685,670.0
9314,44.28195,-122.0467,671.1
9315,44.28199,-122.04663,670.4
9316,44.28209,-122.04655,671.2
9317,44.28223,-122.04644,670.6
9318,44.28225,-122.04644,671.2
9319,44.28243,-122.04641,673.4
9320,44.28261,-122.04638,674.1
9321,44.28279,-122.04636,675.1
9322,44.28292,-122.04634,676.2
9323,44.28296,-122.04632,675.7
9324,44.28311,-122.04627,677.7
9325,44.28314,-122.04625,678.0
9326,44.28319,-122.0462,678.5
9327,44.28327,-122.04608,679.7
9328,44.28339,-122.0459,685.7
9329,44.28345,-122.04581,688.9
9330,44.2835,-122.0457,690.9
9331,44.28359,-122.04548,692.7
9332,44.28368,-122.04527,692.5
9333,44.28369,-122.04525,692.5
9334,44.28375,-122.04517,692.7
9335,44.28382,-122.04511,693.1
9336,44.28395,-122.04498,694.0
9337,44.28397,-122.04497,694.4
9338,44.28414,-122.04487,701.5
9339,44.2843,-122.04477,708.7
9340,44.28447,-122.04467,712.4
9341,44.28463,-122.04457,714.7
9342,44.2848,-122.04447,714.3
9343,44.28494,-122.04433,707.6
9344,44.28509,-122.04419,705.6
9345,44.28524,-122.04405,704.8
9346,44.28539,-122.04391,704.9
9347,44.28541,-122.04389,704.7
9348,44.28552,-122.04373,704.1
9349,44.28557,-122.04364,703.4
9350,44.2856,-122.04352,702.1
9351,44.28566,-122.04328,700.6
9352,44.28568,-122.04319,699.5
9353,44.2857,-122.04315,699.2
9354,44.28571,-122.04312,698.6
9355,44.28576,-122.04308,699.4
9356,44.2859,-122.04293,699.9
9357,44.28603,-122.04281,701.4
9358,44.28605,-122.04279,701.6
9359,44.28622,-122.0427,706.0
9360,44.28639,-122.04261,710.3
9361,44.28653,-122.04253,714.5
9362,44.28655,-122.04251,714.7
9363,44.28671,-122.04239,720.2
9364,44.28687,-122.04227,725.3
9365,44.28703,-122.04215,725.0
9366,44.28705,-122.04213,724.6
9367,44.28716,-122.04198,720.7
9368,44.2872,-122.04193,719.4
9369,44.28722,-122.04191,718.8
9370,44.28725,-122.04189,718.2
9371,44.28732,-122.04187,717.9
9372,44.28749,-122.04183,717.2
9373,44.28752,-122.04182,716.9
9374,44.28767,-122.04176,714.9
9375,44.28782,-122.04169,713.0
9376,44.28802,-122.04165,713.8
9377,44.2882,-122.04162,715.7
9378,44.28824,-122.04161,716.2
9379,44.28828,-122.0416,716.6
9380,44.28831,-122.04158,716.6
9381,44.28835,-122.04155,716.7
9382,44.28836,-122.04154,716.7
9383,44.28851,-122.04139,716.7
9384,44.28858,-122.0413,716.5
9385,44.28861,-122.04126,716.4
9386,44.28863,-122.04121,716.0
9387,44.28864,-122.0412,716.0
9388,44.2887,-122.04098,712.8
9389,44.28877,-122.04075,709.3
9390,44.28881,-122.04064,707.8
9391,44.28886,-122.04053,706.8
9392,44.28896,-122.04032,705.5
9393,44.28898,-122.0403,705.8
9394,44.28907,-122.04012,704.8
9395,44.28916,-122.03995,704.1
9396,44.28917,-122.03992,703.8
9397,44.28927,-122.03971,702.9
9398,44.28932,-122.0396,702.4
9399,44.28933,-122.03954,701.3
9400,44.28933,-122.0395,700.1
9401,44.28932,-122.03948,699.0
9402,44.28928,-122.03933,693.7
9403,44.28928,-122.03927,692.7
9404,44.28928,-122.03924,692.1
9405,44.28929,-122.03921,691.9
9406,44.28939,-122.03904,691.8
9407,44.28951,-122.03885,691.7
9408,44.28955,-122.03877,691.3
9409,44.28961,-122.03864,690.3
9410,44.2897,-122.03843,688.9
9411,44.28974,-122.03834,688.6
9412,44.28982,-122.03825,689.0
9413,44.28994,-122.03811,689.6
9414,44.28996,-122.03808,689.7
9415,44.29006,-122.03788,689.4
9416,44.29017,-122.03768,689.3
9417,44.29023,-122.03757,689.3
9418,44.29026,-122.03747,688.7
9419,44.29034,-122.03724,687.8
9420,44.29041,-122.03701,686.1
9421,44.29049,-122.03678,684.8
9422,44.29057,-122.03655,683.4
9423,44.29059,-122.03649,683.0
9424,44.29063,-122.03632,681.4
9425,44.29068,-122.03608,679.0
9426,44.29074,-122.03584,676.8
9427,44.29074,-122.03584,676.8
9428,44.29091,-122.0359,680.4
9429,44.29111,-122.03598,683.5
9430,44.29123,-122.03612,686.6
9431,44.29129,-122.0362,688.5
9432,44.2913,-122.03627,689.8
9433,44.2913,-122.03633,690.9
9434,44.29129,-122.03646,693.3
9435,44.29125,-122.03656,695.4
9436,44.29116,-122.03678,699.2
9437,44.29106,-122.03699,700.5
9438,44.29104,-122.03705,701.0
9439,44.29086,-122.0374,701.0
9440,44.29078,-122.03756,701.0
9441,44.29076,-122.03761,701.0
9442,44.29066,-122.03782,701.7
9443,44.29056,-122.03804,701.6
9444,44.29047,-122.03825,701.7
9445,44.29037,-122.03846,701.8
9446,44.29034,-122.03852,701.9
9447,44.29025,-122.03874,703.1
9448,44.29016,-122.03896,704.2
9449,44.29007,-122.03917,708.8
9450,44.28998,-122.03939,714.4
9451,44.28997,-122.03941,714.7
9452,44.28989,-122.0396,716.1
9453,44.28979,-122.03982,716.5
9454,44.2897,-122.04003,716.8
9455,44.2895,-122.04045,717.0
9456,44.28941,-122.04066,718.3
9457,44.28931,-122.04088,722.8
9458,44.2893,-122.04089,723.0
9459,44.28909,-122.04128,725.6
9460,44.28899,-122.04148,726.7
9461,44.28888,-122.04168,730.3
9462,44.28866,-122.04208,738.9
9463,44.28861,-122.04216,739.8
9464,44.28853,-122.04225,740.4
9465,44.28838,-122.04239,741.5
9466,44.2883,-122.04246,742.0
9467,44.28822,-122.04248,741.6
9468,44.28804,-122.04251,740.2
9469,44.28791,-122.04254,739.2
9470,44.28786,-122.04256,739.0
9471,44.2877,-122.04267,739.1
9472,44.2877,-122.04268,739.2
9473,44.28758,-122.04286,740.7
9474,44.28739,-122.04316,744.6
9475,44.28733,-122.04321,746.4
9476,44.28717,-122.04333,750.6
9477,44.28701,-122.04346,755.8
9478,44.28686,-122.04358,757.6
9479,44.2867,-122.04371,762.2
9480,44.28655,-122.04383,767.3
9481,44.28639,-122.04396,767.6
9482,44.28623,-122.04408,768.4
9483,44.28619,-122.04412,768.8
9484,44.28611,-122.04426,771.5
9485,44.28599,-122.04445,774.5
9486,44.28587,-122.04464,781.1
9487,44.28576,-122.04483,783.1
9488,44.28564,-122.04502,783.6
9489,44.28552,-122.04521,783.0
9490,44.28551,-122.04523,783.0
9491,44.28541,-122.04541,782.4
9492,44.28533,-122.04557,782.1
9493,44.28531,-122.04562,782.3
9494,44.28524,-122.04585,783.1
9495,44.28516,-122.04608,782.9
9496,44.28509,-122.0463,782.7
9497,44.28501,-122.04653,782.3
9498,44.28499,-122.04659,782.2
9499,44.285,-122.04678,782.8
9500,44.285,-122.04683,782.9
9501,44.28506,-122.047,783.8
9502,44.28508,-122.04703,784.1
9503,44.28515,-122.04707,784.8
9504,44.28517,-122.04707,784.9
9505,44.2852,-122.04707,785.2
9506,44.28524,-122.04705,785.4
9507,44.28528,-122.04702,785.7
9508,44.2853,-122.04694,785.9
9509,44.28531,-122.04684,786.0
9510,44.2853,-122.04676,786.0
9511,44.2853,-122.04669,786.0
9512,44.2853,-122.04663,786.0
9513,44.2853,-122.04652,785.9
9514,44.2853,-122.04644,785.8
9515,44.28536,-122.04627,786.3
9516,44.28539,-122.04622,786.6
9517,44.28542,-122.04617,787.0
9518,44.28549,-122.04601,788.2
9519,44.28551,-122.04598,788.6
9520,44.28555,-122.0459,789.7
9521,44.28559,-122.04583,790.8
9522,44.28561,-122.04579,791.5
9523,44.28566,-122.04572,793.2
9524,44.28572,-122.04563,795.7
9525,44.28574,-122.0456,796.5
9526,44.28585,-122.04548,800.7
9527,44.28586,-122.04547,801.2
9528,44.28599,-122.04534,807.3
9529,44.28612,-122.04517,808.9
9530,44.28614,-122.04515,809.0
9531,44.28642,-122.0449,808.8
9532,44.28644,-122.04488,808.3
9533,44.28658,-122.04479,807.6
9534,44.28661,-122.04478,808.0
9535,44.28672,-122.04472,808.8
9536,44.28678,-122.04472,810.1
9537,44.28685,-122.04472,811.8
9538,44.28696,-122.04473,816.6
9539,44.28714,-122.04476,823.4
9540,44.28721,-122.04477,824.9
9541,44.28732,-122.04477,825.3
9542,44.28743,-122.04477,825.7
9543,44.2875,-122.04476,826.0
9544,44.28763,-122.04475,828.0
9545,44.28768,-122.04475,829.6
9546,44.28775,-122.04474,832.8
9547,44.28785,-122.04472,836.0
9548,44.2879,-122.04472,837.1
9549,44.28798,-122.0447,837.6
9550,44.2881,-122.04459,836.0
9551,44.28818,-122.04454,835.2
9552,44.28822,-122.0445,834.3
9553,44.28833,-122.04449,834.9
9554,44.28835,-122.04449,835.1
9555,44.28845,-122.0445,836.8
9556,44.28853,-122.0445,838.8
9557,44.28859,-122.0445,841.2
9558,44.28871,-122.04452,845.6
9559,44.28883,-122.04453,847.7
9560,44.28889,-122.04453,848.8
9561,44.28908,-122.04454,853.3
9562,44.2892,-122.04453,856.0
9563,44.28929,-122.04451,857.8
9564,44.28936,-122.0445,859.3
9565,44.28942,-122.04445,860.4
9566,44.28944,-122.04443,860.7
9567,44.28956,-122.04438,862.9
9568,44.28959,-122.04437,863.5
9569,44.28973,-122.0443,866.0
9570,44.28976,-122.04429,866.5
9571,44.28983,-122.04427,867.8
9572,44.28993,-122.04421,869.8
9573,44.29001,-122.04418,871.3
9574,44.2901,-122.04413,873.1
9575,44.29019,-122.04409,874.8
9576,44.2903,-122.04403,876.9
9577,44.29041,-122.04395,878.8
9578,44.29043,-122.04393,879.1
9579,44.2905,-122.04388,879.7
9580,44.29058,-122.04378,880.5
9581,44.29058,-122.04377,880.5
9582,44.29064,-122.04369,881.1
9583,44.2907,-122.0436,881.6
9584,44.29073,-122.04356,881.9
9585,44.2908,-122.04349,882.3
9586,44.29084,-122.04345,882.5
9587,44.29085,-122.04344,882.6
9588,44.29101,-122.04339,883.1
9589,44.29101,-122.04338,883.2
9590,44.29119,-122.04333,884.3
9591,44.29137,-122.04328,885.4
9592,44.2914,-122.04327,885.6
9593,44.29159,-122.04325,887.3
9594,44.29173,-122.04324,888.3
9595,44.29173,-122.04324,888.3
9596,44.2919,-122.04322,888.4
9597,44.29208,-122.04321,888.5
9598,44.29226,-122.04319,888.8
9599,44.2925,-122.04317,889.4
9600,44.29262,-122.0432,889.1
9601,44.2928,-122.04324,888.5
9602,44.29298,-122.04328,887.9
9603,44.29316,-122.04332,887.4
9604,44.29329,-122.04335,887.0
9605,44.29333,-122.04334,887.3
9606,44.29351,-122.04329,888.6
9607,44.29369,-122.04325,889.5
9608,44.29381,-122.04321,890.5
9609,44.29386,-122.04318,891.3
9610,44.29417,-122.04293,906.3
9611,44.29435,-122.04292,907.7
9612,44.29453,-122.04291,907.3
9613,44.29471,-122.0429,906.7
9614,44.29474,-122.0429,906.5
9615,44.29507,-122.04288,905.8
9616,44.29525,-122.04288,905.0
9617,44.29543,-122.04287,905.0
9618,44.29597,-122.04285,913.3
9619,44.29599,-122.04285,913.4
9620,44.29615,-122.04284,914.0
9621,44.29633,-122.04284,913.8
9622,44.29669,-122.04283,913.8
9623,44.29687,-122.04282,916.4
9624,44.29705,-122.04282,920.5
9625,44.29721,-122.04281,921.4
9626,44.29723,-122.04281,921.5
9627,44.29758,-122.04284,921.3
9628,44.29776,-122.04285,921.9
9629,44.29782,-122.04285,922.2
9630,44.29794,-122.0429,921.8
9631,44.29811,-122.04297,921.5
9632,44.29829,-122.04303,921.9
9633,44.29848,-122.04311,922.4
9634,44.29864,-122.04316,923.5
9635,44.29881,-122.04321,924.3
9636,44.29899,-122.04326,924.3
9637,44.29901,-122.04326,924.4
9638,44.29917,-122.04327,924.3
9639,44.29935,-122.04327,924.7
9640,44.29971,-122.04327,925.5
9641,44.29984,-122.04328,925.7
9642,44.29988,-122.04326,926.0
9643,44.30006,-122.04319,932.2
9644,44.30023,-122.04313,936.5
9645,44.3004,-122.04306,938.0
9646,44.30058,-122.04299,939.1
9647,44.30075,-122.04292,941.1
9648,44.30084,-122.04289,943.5
9649,44.30128,-122.04275,950.7
9650,44.30145,-122.0427,951.4
9651,44.30163,-122.04263,951.3
9652,44.30184,-122.04255,951.2
9653,44.30226,-122.04238,950.5
9654,44.30232,-122.04236,950.3
9655,44.30277,-122.04219,949.3
9656,44.30337,-122.042,955.3
9657,44.30348,-122.04196,955.5
9658,44.30354,-122.04193,955.8
9659,44.3037,-122.04183,957.4
9660,44.30387,-122.04173,963.2
9661,44.30403,-122.04163,971.4
9662,44.30416,-122.04155,977.7
9663,44.3042,-122.04153,978.2
9664,44.30436,-122.04141,979.3
9665,44.30451,-122.04129,980.1
9666,44.30452,-122.04129,980.0
9667,44.30463,-122.0411,981.8
9668,44.30471,-122.04096,982.9
9669,44.30475,-122.04091,983.2
9670,44.30489,-122.04076,983.8
9671,44.30503,-122.0406,984.2
9672,44.30517,-122.04044,984.6
9673,44.30519,-122.04042,984.6
9674,44.30534,-122.04035,984.2
9675,44.3055,-122.04026,983.9
9676,44.30559,-122.04022,983.8
9677,44.30568,-122.04019,983.6
9678,44.30585,-122.04014,983.1
9679,44.30601,-122.0401,982.7
9680,44.3062,-122.04003,982.3
9681,44.30638,-122.03996,982.1
9682,44.30654,-122.03985,982.3
9683,44.3067,-122.03974,982.4
9684,44.30702,-122.0395,982.3
9685,44.30718,-122.03939,980.7
9686,44.30719,-122.03938,980.5
9687,44.30735,-122.03934,976.3
9688,44.30753,-122.0393,973.0
9689,44.30771,-122.03926,971.1
9690,44.30806,-122.03919,968.4
9691,44.30824,-122.03915,967.6
9692,44.3083,-122.03913,967.4
9693,44.30842,-122.03909,967.3
9694,44.30859,-122.03902,967.2
9695,44.30876,-122.03895,967.9
9696,44.30911,-122.03882,967.9
9697,44.30914,-122.03881,967.9
9698,44.30928,-122.03872,968.2
9699,44.30944,-122.03862,968.1
9700,44.30961,-122.03852,966.2
9701,44.30991,-122.03834,959.5
9702,44.30993,-122.03831,959.4
9703,44.31006,-122.03815,958.6
9704,44.3102,-122.03798,958.1
9705,44.31033,-122.03781,958.0
9706,44.31038,-122.03776,958.1
9707,44.3105,-122.03776,958.3
9708,44.31086,-122.03776,960.2
9709,44.31104,-122.03776,962.3
9710,44.31122,-122.03777,965.0
9711,44.3114,-122.03777,967.3
9712,44.31194,-122.03778,971.7
9713,44.3123,-122.03778,973.5
9714,44.31248,-122.03778,975.4
9715,44.31272,-122.03779,980.8
9716,44.31284,-122.03781,983.3
9717,44.31301,-122.03784,984.7
9718,44.31319,-122.03787,985.2
9719,44.31337,-122.0379,986.6
9720,44.31355,-122.03794,989.7
9721,44.31368,-122.03796,991.5
9722,44.31373,-122.03797,992.2
9723,44.3139,-122.03803,993.3
9724,44.31408,-122.03808,994.3
9725,44.31425,-122.03814,994.8
9726,44.31443,-122.03819,995.2
9727,44.3146,-122.03824,996.0
9728,44.31466,-122.03826,996.4
9729,44.31478,-122.0383,997.3
9730,44.31495,-122.03836,999.3
9731,44.31531,-122.03847,1004.5
9732,44.31534,-122.03848,1004.6
9733,44.31565,-122.03837,1006.7
9734,44.31583,-122.03831,1007.4
9735,44.31603,-122.03824,1008.1
9736,44.31617,-122.03817,1008.6
9737,44.31634,-122.03808,1009.5
9738,44.31651,-122.038,1011.3
9739,44.31668,-122.03791,1015.1
9740,44.31678,-122.03787,1017.0
9741,44.31685,-122.03785,1018.2
9742,44.31738,-122.0377,1021.4
9743,44.31754,-122.03766,1022.5
9744,44.31756,-122.03766,1022.6
9745,44.31823,-122.03766,1030.2
9746,44.31845,-122.03775,1031.8
9747,44.31862,-122.03783,1033.5
9748,44.31879,-122.0379,1035.8
9749,44.31885,-122.03793,1036.7
9750,44.3194,-122.03804,1040.0
9751,44.3195,-122.03802,1040.7
9752,44.32015,-122.03785,1047.2
9753,44.32091,-122.03761,1054.9
9754,44.32109,-122.03756,1056.8
9755,44.3212,-122.03752,1058.1
9756,44.32144,-122.03749,1060.9
9757,44.32162,-122.03747,1063.2
9758,44.32198,-122.03742,1067.9
9759,44.32212,-122.0374,1069.6
9760,44.32216,-122.03741,1070.0
9761,44.32233,-122.03746,1072.0
9762,44.32269,-122.03755,1076.0
9763,44.32271,-122.03756,1076.2
9764,44.32334,-122.03801,1082.2
9765,44.32341,-122.03823,1082.3
9766,44.32349,-122.03847,1082.7
9767,44.3236,-122.03881,1083.7
9768,44.32391,-122.03899,1087.8
9769,44.32401,-122.03898,1088.7
9770,44.32439,-122.03893,1091.2
9771,44.32467,-122.03867,1094.8
9772,44.32478,-122.03857,1096.2
9773,44.32531,-122.03819,1098.4
9774,44.32541,-122.03811,1101.6
9775,44.32565,-122.03804,1106.8
9776,44.32582,-122.03798,1108.8
9777,44.326,-122.03792,1111.9
9778,44.32617,-122.03787,1114.4
9779,44.32635,-122.03781,1116.6
9780,44.32641,-122.03779,1117.3
9781,44.32653,-122.03777,1118.4
9782,44.3267,-122.03774,1119.6
9783,44.32688,-122.03771,1120.6
9784,44.32706,-122.03768,1121.3
9785,44.32756,-122.0376,1122.4
9786,44.32778,-122.03757,1122.2
9787,44.32796,-122.03754,1122.3
9788,44.32827,-122.03749,1125.3
9789,44.32875,-122.03703,1127.3
9790,44.32905,-122.03675,1127.6
9791,44.3292,-122.0366,1127.4
9792,44.32921,-122.03659,1127.5
9793,44.32936,-122.03651,1127.4
9794,44.32987,-122.03625,1127.6
9795,44.33004,-122.03617,1128.3
9796,44.33021,-122.03608,1129.2
9797,44.33038,-122.03599,1130.3
9798,44.33047,-122.03595,1130.7
9799,44.33073,-122.03591,1132.1
9800,44.33091,-122.03588,1132.4
9801,44.33167,-122.03576,1135.5
9802,44.33233,-122.0356,1137.0
9803,44.33277,-122.03549,1137.0
9804,44.33315,-122.03515,1134.9
9805,44.33325,-122.03506,1132.4
9806,44.33331,-122.03505,1131.7
9807,44.33349,-122.035,1129.8
9808,44.33369,-122.03495,1128.6
9809,44.3342,-122.03491,1128.0
9810,44.33528,-122.03491,1126.3
9811,44.33546,-122.03485,1124.9
9812,44.33581,-122.03473,1122.1
9813,44.33634,-122.03456,1117.3
9814,44.33639,-122.03455,1117.0
9815,44.33702,-122.03427,1113.4
9816,44.3375,-122.03406,1111.8
9817,44.33771,-122.03395,1110.9
9818,44.33792,-122.03384,1109.9
9819,44.33801,-122.0337,1109.0
9820,44.33813,-122.03351,1108.3
9821,44.33817,-122.03343,1108.1
9822,44.3382,-122.03329,1107.9
9823,44.33824,-122.03304,1107.5
9824,44.33827,-122.03286,1107.4
9825,44.33828,-122.0328,1107.4
9826,44.33833,-122.03256,1108.4
9827,44.33837,-122.03239,1110.3
9828,44.33838,-122.03232,1111.7
9829,44.33846,-122.0319,1118.6
9830,44.33849,-122.03184,1118.4
9831,44.33858,-122.03163,1116.5
9832,44.33868,-122.03142,1114.7
9833,44.33878,-122.03121,1114.1
9834,44.33884,-122.03108,1114.4
9835,44.33889,-122.03101,1114.7
9836,44.33903,-122.03084,1115.9
9837,44.33916,-122.03068,1117.2
9838,44.33929,-122.03051,1118.5
9839,44.33943,-122.03034,1119.6
9840,44.33954,-122.03021,1120.4
9841,44.33957,-122.03018,1120.6
9842,44.34005,-122.02985,1123.7
9843,44.34008,-122.02983,1123.9
9844,44.34015,-122.02981,1124.3
9845,44.34015,-122.02989,1124.1
9846,44.34086,-122.0294,1128.3
9847,44.34156,-122.02891,1134.7
9848,44.34227,-122.02842,1136.2
9849,44.34297,-122.02793,1133.8
9850,44.34362,-122.02758,1131.7
9851,44.34427,-122.02723,1126.3
9852,44.34508,-122.02743,1120.7
9853,44.3459,-122.02764,1119.8
9854,44.34649,-122.02801,1119.1
9855,44.34708,-122.02839,1116.4
9856,44.34763,-122.02846,1112.7
9857,44.34819,-122.02853,1105.9
9858,44.34867,-122.02838,1101.4
9859,44.34915,-122.02824,1097.7
9860,44.3499,-122.02795,1097.0
9861,44.35049,-122.02756,1096.8
9862,44.35108,-122.02717,1096.6
9863,44.35166,-122.02679,1095.9
9864,44.35238,-122.02637,1093.6
9865,44.3531,-122.02595,1090.7
9866,44.35371,-122.02571,1089.1
9867,44.35433,-122.02548,1086.8
9868,44.35495,-122.02524,1084.1
9869,44.3554,-122.02499,1082.6
9870,44.35585,-122.02474,1080.7
9871,44.35637,-122.02457,1079.3
9872,44.3569,-122.02439,1076.9
9873,44.35753,-122.02428,1074.5
9874,44.35817,-122.02417,1072.9
9875,44.35871,-122.02411,1072.7
9876,44.35924,-122.02406,1072.3
9877,44.35997,-122.02423,1071.1
9878,44.36076,-122.02477,1068.3
9879,44.36131,-122.02524,1065.8
9880,44.36178,-122.02542,1065.0
9881,44.36224,-122.0256,1065.2
9882,44.36314,-122.02568,1064.5
9883,44.36378,-122.02584,1063.6
9884,44.36444,-122.02573,1061.7
9885,44.3651,-122.02563,1060.3
9886,44.36566,-122.02539,1059.7
9887,44.36641,-122.02493,1058.8
9888,44.36708,-122.02457,1057.2
9889,44.36774,-122.02421,1053.5
9890,44.3682,-122.02408,1053.0
9891,44.36865,-122.02394,1053.5
9892,44.36928,-122.02372,1054.7
9893,44.36991,-122.0235,1055.0
9894,44.37041,-122.02345,1056.0
9895,44.37092,-122.0234,1056.7
9896,44.37153,-122.02337,1058.1
9897,44.37214,-122.02333,1057.9
9898,44.37278,-122.02324,1057.2
9899,44.37332,-122.02292,1056.8
9900,44.37345,-122.0228,1056.5
9901,44.37346,-122.02269,1055.5
9902,44.37343,-122.02259,1054.4
9903,44.37327,-122.02254,1053.0
9904,44.37287,-122.02266,1052.8
9905,44.37253,-122.02241,1051.5
9906,44.37241,-122.02201,1049.6
9907,44.37238,-122.02146,1043.1
9908,44.37239,-122.02076,1037.3
9909,44.37241,-122.02006,1036.3
9910,44.37221,-122.01913,1034.6
9911,44.37184,-122.01838,1032.2
9912,44.37147,-122.0177,1029.9
9913,44.3711,-122.01703,1028.9
9914,44.37094,-122.0163,1028.4
9915,44.37079,-122.01558,1028.4
9916,44.3708,-122.01484,1028.2
9917,44.37091,-122.01364,1028.0
9918,44.37103,-122.01244,1027.3
9919,44.37114,-122.01123,1025.7
9920,44.371,-122.01048,1024.9
9921,44.37074,-122.00979,1024.1
9922,44.37048,-122.00911,1022.6
9923,44.37046,-122.00828,1020.6
9924,44.37066,-122.00766,1019.0
9925,44.37098,-122.00716,1017.6
9926,44.37129,-122.00666,1016.1
9927,44.37196,-122.00588,1013.4
9928,44.37232,-122.00541,1004.2
9929,44.37288,-122.00501,998.3
9930,44.37344,-122.00462,993.7
9931,44.37375,-122.00389,986.1
9932,44.37386,-122.00396,984.9
9933,44.37392,-122.00381,984.1
9934,44.37399,-122.00371,983.5
9935,44.37408,-122.00365,982.4
9936,44.3742,-122.00362,980.1
9937,44.37433,-122.00362,977.7
9938,44.37469,-122.00367,971.1
9939,44.37481,-122.00362,968.3
9940,44.3749,-122.00353,966.3
9941,44.37496,-122.00345,964.8
9942,44.37502,-122.00323,964.5
9943,44.37503,-122.00303,965.3
9944,44.37498,-122.00261,966.0
9945,44.37492,-122.00229,964.6
9946,44.37485,-122.0021,963.7
9947,44.3747,-122.00183,961.8
9948,44.3747,-122.00183,961.8
9949,44.37443,-122.00138,958.7
9950,44.37427,-122.00107,956.6
9951,44.37418,-122.00074,954.3
9952,44.37412,-122.00026,947.3
9953,44.37409,-121.99987,939.1
9954,44.37405,-121.99969,936.8
9955,44.37387,-121.9992,932.0
9956,44.37379,-121.99901,932.0
9957,44.37372,-121.99894,930.6
9958,44.37396,-121.99894,928.9
9959,44.37407,-121.99882,927.2
9960,44.37409,-121.99877,927.0
9961,44.37432,-121.99862,922.5
9962,44.37444,-121.99853,920.8
9963,44.37461,-121.99888,923.3
9964,44.37474,-121.99921,924.1
9965,44.37485,-121.99944,925.0
9966,44.3751,-121.99969,923.5
9967,44.37519,-121.99979,923.6
9968,44.37527,-121.99994,923.4
9969,44.37535,-122.0002,920.8
9970,44.37537,-122.00071,921.6
9971,44.37535,-122.00081,922.7
9972,44.375368,-122.000831,922.9
9973,44.37541,-122.00088,923.2
9974,44.37545,-122.00097,923.9
9975,44.37552,-122.00165,933.9
9976,44.37558,-122.00199,937.5
9977,44.37562,-122.00237,941.8
9978,44.37574,-122.00287,940.5
9979,44.3758,-122.00302,936.6
9980,44.37586,-122.00324,935.9
9981,44.37598,-122.00346,940.6
9982,44.37604,-122.00355,941.8
9983,44.37612,-122.00362,941.3
9984,44.37647,-122.00389,935.8
9985,44.37688,-122.00412,935.6
9986,44.37721,-122.00425,942.8
9987,44.3777,-122.00439,947.4
9988,44.3781,-122.00438,947.6
9989,44.37824,-122.00435,947.1
9990,44.37859,-122.00439,948.3
9991,44.37915,-122.0043,944.7
9992,44.37937,-122.00423,943.0
9993,44.3797,-122.00422,943.1
9994,44.37984,-122.00418,941.9
9995,44.38004,-122.00408,939.3
9996,44.38016,-122.004,936.1
9997,44.38035,-122.00395,933.1
9998,44.38058,-122.00393,931.3
9999,44.3813,-122.00411,935.1
10000,44.38183,-122.00418,937.1
10001,44.38217,-122.00432,938.1
10002,44.38229,-122.00431,940.1
10003,44.3824,-122.00425,942.1
10004,44.38245,-122.00397,945.7
10005,44.38245,-122.00377,948.1
10006,44.38242,-122.00367,949.5
10007,44.38232,-122.00349,953.2
10008,44.38229,-122.00328,954.0
10009,44.38224,-122.0032,954.0
10010,44.38211,-122.00315,954.2
10011,44.38185,-122.00317,952.4
10012,44.3816,-122.00313,947.4
10013,44.38111,-122.00316,935.2
10014,44.38097,-122.00315,935.1
10015,44.38085,-122.00313,935.8
10016,44.3805,-122.0029,942.3
10017,44.38028,-122.00281,943.9
10018,44.38021,-122.0028,943.7
10019,44.37999,-122.00291,938.5
10020,44.37954,-122.00298,937.2
10021,44.37909,-122.00305,936.0
10022,44.37868,-122.00307,934.9
10023,44.37832,-122.00297,937.2
10024,44.37817,-122.00296,936.6
10025,44.37803,-122.0029,937.1
10026,44.37783,-122.00278,938.1
10027,44.37759,-122.0027,938.0
10028,44.37749,-122.00262,938.0
10029,44.37724,-122.00228,935.8
10030,44.37719,-122.00216,934.9
10031,44.37716,-122.00199,933.8
10032,44.37717,-122.00182,932.6
10033,44.37724,-122.00163,931.3
10034,44.37735,-122.00151,931.7
10035,44.37757,-122.00141,934.8
10036,44.37784,-122.00125,935.5
10037,44.37796,-122.00116,935.2
10038,44.37812,-122.001,934.0
10039,44.3782,-122.00097,934.0
10040,44.3782,-122.00098,934.1
10041,44.37842,-122.00101,935.1
10042,44.37853,-122.00101,935.1
10043,44.37867,-122.00098,934.7
10044,44.37885,-122.00091,933.9
10045,44.37909,-122.00087,934.0
10046,44.37928,-122.00089,934.6
10047,44.37947,-122.00086,935.3
10048,44.37979,-122.00086,937.2
10049,44.38007,-122.00075,939.1
10050,44.38028,-122.00061,940.6
10051,44.38048,-122.00058,942.1
10052,44.38076,-122.0006,944.0
10053,44.38085,-122.00055,944.6
10054,44.38098,-122.00042,945.4
10055,44.38115,-122.00044,946.2
10056,44.38136,-122.00051,946.9
10057,44.38156,-122.00049,947.3
10058,44.38209,-122.0005,947.7
10059,44.38283,-122.00071,948.2
10060,44.38297,-122.00079,948.4
10061,44.38313,-122.00091,948.7
10062,44.38352,-122.00094,948.5
10063,44.38372,-122.00094,948.6
10064,44.38389,-122.00087,948.2
10065,44.38409,-122.00084,947.8
10066,44.38439,-122.00074,946.5
10067,44.38449,-122.00068,946.3
10068,44.38467,-122.00044,946.2
10069,44.38473,-122.00041,946.1
10070,44.38497,-122.00038,946.1
10071,44.38503,-122.00038,946.1
10072,44.3852,-122.0005,946.1
10073,44.38536,-122.00057,946.1
10074,44.3854,-122.0006,946.1
10075,44.38553,-122.00071,946.1
10076,44.38564,-122.00078,946.0
10077,44.38586,-122.00084,946.0
10078,44.38615,-122.00102,946.0
10079,44.38647,-122.00117,946.0
10080,44.38663,-122.00121,946.0
10081,44.38673,-122.00127,946.1
10082,44.38685,-122.00139,946.2
10083,44.38714,-122.00155,946.4
10084,44.38792,-122.00179,947.6
10085,44.38801,-122.00179,948.0
10086,44.38828,-122.0017,948.8
10087,44.38836,-122.0017,949.4
10088,44.38871,-122.00187,954.5
10089,44.38912,-122.00197,958.9
10090,44.38929,-122.00197,959.8
10091,44.38979,-122.00208,962.5
10092,44.39008,-122.00206,961.7
10093,44.390201,-122.002008,960.9
10094,44.3902,-122.00201,960.9
10095,44.39038,-122.00193,960.2
10096,44.39055,-122.00179,959.4
10097,44.39073,-122.00171,959.7
10098,44.39099,-122.00153,959.9
10099,44.39109,-122.00149,960.1
10100,44.39115,-122.00144,960.1
10101,44.39122,-122.00133,959.5
10102,44.39129,-122.00125,959.1
10103,44.39134,-122.00121,958.8
10104,44.39143,-122.00119,958.7
10105,44.39156,-122.00126,959.0
10106,44.39177,-122.00148,959.7
10107,44.39184,-122.00154,959.8
10108,44.39226,-122.00168,958.6
10109,44.39255,-122.00189,958.4
10110,44.39269,-122.00192,958.0
10111,44.39289,-122.00201,957.8
10112,44.393,-122.00202,957.6
10113,44.39325,-122.00201,957.1
10114,44.39332,-122.00198,956.8
10115,44.39344,-122.00189,956.3
10116,44.39353,-122.0018,955.9
10117,44.39356,-122.00156,955.1
10118,44.39368,-122.00141,955.2
10119,44.39359,-122.00142,954.9
10120,44.39359,-122.00142,954.9
10121,44.39368,-122.00141,955.2
10122,44.39404,-122.00162,957.6
10123,44.39421,-122.00181,959.4
10124,44.39428,-122.00193,959.7
10125,44.39457,-122.0026,960.2
10126,44.39463,-122.00285,960.5
10127,44.394855,-122.002808,960.7
10128,44.39485,-122.0028,960.7
10129,44.39526,-122.00274,961.2
10130,44.3956,-122.00268,961.8
10131,44.39581,-122.00265,962.4
10132,44.39581,-122.00267,962.4
10133,44.39581,-122.00266,962.4
10134,44.39666,-122.00254,964.4
10135,44.3975,-122.00241,964.4
10136,44.39805,-122.00237,964.4
10137,44.39874,-122.00238,964.3
10138,44.39892,-122.00214,964.4
10139,44.39908,-122.00203,964.5
10140,44.39922,-122.00199,964.8
10141,44.39944,-122.00203,965.2
10142,44.39958,-122.00212,965.2
10143,44.39987,-122.00244,965.4
10144,44.40022,-122.00247,965.9
10145,44.40027,-122.00264,966.0
10146,44.40034,-122.00272,965.9
10147,44.40089,-122.00322,965.6
10148,44.40098,-122.00332,965.5
10149,44.40107,-122.0034,965.2
10150,44.40122,-122.00347,964.9
10151,44.4015,-122.00365,964.4
10152,44.40199,-122.00427,964.2
10153,44.40253,-122.0051,968.7
10154,44.40286,-122.00556,970.9
10155,44.40317,-122.00591,971.9
10156,44.40354,-122.00651,973.6
10157,44.40391,-122.00712,977.2
10158,44.40409,-122.00769,986.9
10159,44.40418,-122.0081,991.3
10160,44.40436,-122.00869,997.2
10161,44.40455,-122.00927,1000.3
10162,44.40493,-122.01029,1009.7
10163,44.40495,-122.01064,1011.8
10164,44.40526,-122.01135,1015.6
10165,44.40557,-122.01205,1018.1
10166,44.40573,-122.01276,1018.9
10167,44.40589,-122.01311,1019.2
10168,44.40616,-122.01301,1021.1
10169,44.40648,-122.01282,1023.5
10170,44.40702,-122.0127,1028.0
10171,44.40756,-122.01259,1033.7
10172,44.40794,-122.01263,1037.1
10173,44.40859,-122.01259,1040.3
10174,44.40891,-122.01252,1041.6
10175,44.40924,-122.01192,1043.7
10176,44.40975,-122.01142,1047.4
10177,44.41061,-122.01116,1051.0
10178,44.41095,-122.011,1051.7
10179,44.41166,-122.01051,1052.3
10180,44.41225,-122.00969,1050.9
10181,44.4128,-122.00962,1050.2
10182,44.41325,-122.00954,1050.6
10183,44.41358,-122.00936,1050.3
10184,44.41386,-122.00914,1049.0
10185,44.41453,-122.00918,1047.5
10186,44.41466,-122.00925,1047.4
10187,44.41482,-122.00954,1047.6
10188,44.41497,-122.00994,1048.2
10189,44.41537,-122.01066,1049.1
10190,44.41551,-122.01089,1049.6
10191,44.41529,-122.01124,1051.2
10192,44.41548,-122.01144,1052.9
10193,44.41568,-122.01156,1054.3
10194,44.41615,-122.01166,1056.4
10195,44.41633,-122.01168,1057.0
10196,44.41687,-122.01161,1057.7
10197,44.41732,-122.01172,1059.1
10198,44.41776,-122.01184,1060.2
10199,44.41847,-122.01213,1062.2
10200,44.41847,-122.01213,1062.2
10201,44.41901,-122.0124,1062.0
10202,44.41924,-122.01299,1062.4
10203,44.41945,-122.01313,1062.6
10204,44.41965,-122.01315,1063.1
10205,44.41986,-122.01305,1063.4
10206,44.4203,-122.01249,1063.1
10207,44.42042,-122.01237,1062.8
10208,44.42063,-122.01233,1062.5
10209,44.42107,-122.0126,1063.2
10210,44.42132,-122.01267,1063.8
10211,44.42162,-122.01256,1063.9
10212,44.42162,-122.01257,1063.9
10213,44.42195,-122.01255,1063.4
10214,44.42228,-122.01266,1062.8
10215,44.42237,-122.01269,1062.7
10216,44.42283,-122.01291,1061.0
10217,44.42296,-122.01295,1060.6
10218,44.42296,-122.01296,1060.7
10219,44.42296,-122.01295,1060.6
10220,44.42317,-122.01296,1060.5
10221,44.42378,-122.01273,1058.8
10222,44.42431,-122.01256,1056.5
10223,44.42483,-122.0124,1053.5
10224,44.42499,-122.01252,1053.3
10225,44.4254,-122.01336,1053.5
10226,44.4258,-122.01419,1050.0
10227,44.42623,-122.01496,1045.6
10228,44.42665,-122.01572,1042.5
10229,44.4268,-122.01606,1040.6
10230,44.42682,-122.01633,1040.0
10231,44.42664,-122.01691,1039.4
10232,44.42667,-122.01728,1038.9
10233,44.42703,-122.01821,1031.3
10234,44.42732,-122.01888,1030.1
10235,44.42762,-122.01955,1028.5
10236,44.42783,-122.02025,1028.4
10237,44.42812,-122.02076,1031.5
10238,44.42863,-122.02109,1023.0
10239,44.42901,-122.02144,1021.4
10240,44.42939,-122.02195,1020.2
10241,44.42977,-122.02245,1021.0
10242,44.43014,-122.02247,1020.1
10243,44.43031,-122.0224,1020.2
10244,44.4305,-122.0223,1020.2
10245,44.43061,-122.0221,1021.4
10246,44.43061,-122.02162,1023.9
10247,44.43055,-122.02137,1025.5
10248,44.43034,-122.02081,1034.9
10249,44.43,-122.02001,1036.8
10250,44.42974,-122.01918,1041.2
10251,44.42958,-122.01814,1040.8
10252,44.42958,-122.01814,1040.8
10253,44.42947,-122.01716,1039.5
10254,44.42973,-122.01637,1039.9
10255,44.42999,-122.01557,1039.5
10256,44.43054,-122.01503,1039.7
10257,44.43098,-122.0148,1041.0
10258,44.43141,-122.01457,1043.0
10259,44.43168,-122.01454,1044.4
10260,44.43248,-122.01433,1047.1
10261,44.43318,-122.0142,1048.8
10262,44.43389,-122.01407,1051.5
10263,44.4346,-122.01394,1053.9
10264,44.43527,-122.01376,1054.1
10265,44.43608,-122.01359,1053.2
10266,44.4369,-122.01341,1051.1
10267,44.43758,-122.01343,1052.1
10268,44.43827,-122.01345,1052.5
10269,44.43908,-122.01391,1055.2
10270,44.43989,-122.01437,1056.9
10271,44.44069,-122.01484,1056.8
10272,44.4415,-122.0153,1056.1
10273,44.44194,-122.01565,1058.6
10274,44.44242,-122.01627,1060.5
10275,44.44297,-122.01682,1065.1
10276,44.44344,-122.01737,1064.2
10277,44.44392,-122.01791,1066.4
10278,44.44439,-122.01846,1070.5
10279,44.44464,-122.01878,1076.3
10280,44.44521,-122.01909,1076.4
10281,44.4458,-122.01932,1072.6
10282,44.44639,-122.01956,1071.8
10283,44.44686,-122.01955,1071.7
10284,44.44734,-122.01955,1070.2
10285,44.44804,-122.02007,1069.2
10286,44.44876,-122.02015,1066.8
10287,44.44915,-122.02032,1069.9
10288,44.44966,-122.0203,1066.8
10289,44.45028,-122.02046,1065.8
10290,44.4509,-122.02063,1071.3
10291,44.45157,-122.02058,1076.2
10292,44.45233,-122.0207,1068.9
10293,44.45255,-122.02126,1069.2
10294,44.4527,-122.02186,1070.2
10295,44.45293,-122.02201,1070.5
10296,44.45331,-122.02213,1066.8
10297,44.45345,-122.02266,1067.9
10298,44.45364,-122.02326,1066.4
10299,44.45383,-122.02385,1066.8
10300,44.45403,-122.02417,1068.1
10301,44.45417,-122.02429,1068.1
10302,44.45428,-122.02433,1068.4
10303,44.45434,-122.0243,1068.2
10304,44.45447,-122.0241,1068.5
10305,44.45453,-122.0231,1067.9
10306,44.45466,-122.02274,1067.5
10307,44.45486,-122.02247,1065.7
10308,44.45509,-122.02246,1065.2
10309,44.45537,-122.02256,1065.6
10310,44.45579,-122.02275,1065.6
10311,44.45608,-122.02293,1066.5
10312,44.45618,-122.02296,1066.6
10313,44.4563,-122.0229,1065.7
10314,44.4564,-122.02275,1065.6
10315,44.45641,-122.02252,1065.6
10316,44.45613,-122.02194,1067.3
10317,44.45584,-122.0215,1067.7
10318,44.45551,-122.02084,1070.2
10319,44.45537,-122.02028,1074.6
10320,44.45516,-122.01915,1085.0
10321,44.45511,-122.01865,1086.3
10322,44.45516,-122.01815,1086.6
10323,44.45537,-122.01758,1092.1
10324,44.45563,-122.01731,1094.2
10325,44.45612,-122.01699,1095.8
10326,44.45667,-122.01686,1098.8
10327,44.45729,-122.01684,1103.4
10328,44.45791,-122.01683,1106.5
10329,44.45853,-122.01682,1109.1
10330,44.45935,-122.01683,1114.5
10331,44.46017,-122.01685,1116.1
10332,44.46099,-122.01686,1116.1
10333,44.46171,-122.01684,1118.1
10334,44.46243,-122.01682,1116.6
10335,44.46315,-122.0168,1123.7
10336,44.4637,-122.01667,1122.0
10337,44.46405,-122.01681,1124.1
10338,44.46425,-122.01706,1126.4
10339,44.46447,-122.0177,1131.5
10340,44.46454,-122.01783,1132.0
10341,44.46473,-122.01785,1131.2
10342,44.46494,-122.01778,1131.5
10343,44.46522,-122.01751,1130.0
10344,44.46596,-122.01737,1132.3
10345,44.46654,-122.01728,1131.5
10346,44.46712,-122.0172,1131.7
10347,44.46739,-122.01703,1133.1
10348,44.46774,-122.01663,1137.4
10349,44.46818,-122.01624,1137.3
10350,44.46872,-122.01647,1137.2
10351,44.46888,-122.0165,1139.6
10352,44.46903,-122.0163,1141.9
10353,44.46902,-122.01595,1141.3
10354,44.46878,-122.01553,1138.1
10355,44.46868,-122.01498,1134.3
10356,44.4689,-122.01435,1125.4
10357,44.46927,-122.01417,1123.5
10358,44.46958,-122.01407,1119.0
10359,44.47037,-122.01444,1120.9
10360,44.47119,-122.01468,1119.8
10361,44.47169,-122.01485,1116.5
10362,44.47219,-122.01502,1114.1
10363,44.47275,-122.01544,1112.0
10364,44.47327,-122.01597,1105.2
10365,44.4738,-122.0165,1103.2
10366,44.47409,-122.01675,1101.8
10367,44.4743,-122.01688,1100.2
10368,44.4744,-122.01701,1099.0
10369,44.47445,-122.01712,1098.1
10370,44.47472,-122.01773,1097.6
10371,44.475,-122.01834,1097.2
10372,44.47508,-122.01842,1096.5
10373,44.47523,-122.01839,1095.5
10374,44.47546,-122.01836,1094.1
10375,44.47596,-122.01835,1090.9
10376,44.47621,-122.01844,1090.2
10377,44.47647,-122.0188,1090.2
10378,44.4769,-122.01934,1090.1
10379,44.47732,-122.01957,1089.8
10380,44.47772,-122.02022,1090.2
10381,44.47812,-122.02086,1090.6
10382,44.47851,-122.02151,1091.0
10383,44.47913,-122.02192,1091.8
10384,44.47975,-122.02234,1092.5
10385,44.4803,-122.02265,1093.1
10386,44.48114,-122.0229,1093.6
10387,44.48133,-122.02305,1093.6
10388,44.48192,-122.02383,1093.5
10389,44.482,-122.02386,1093.5
10390,44.48209,-122.02381,1093.6
10391,44.48258,-122.02304,1094.2
10392,44.48317,-122.0225,1094.5
10393,44.48362,-122.02164,1095.2
10394,44.48384,-122.02164,1095.2
10395,44.48453,-122.0215,1095.6
10396,44.48511,-122.02147,1095.9
10397,44.48537,-122.0215,1096.0
10398,44.48606,-122.02187,1096.2
10399,44.48675,-122.02223,1096.5
10400,44.4873,-122.0224,1097.2
10401,44.48767,-122.02245,1097.9
10402,44.48849,-122.02238,1103.1
10403,44.48932,-122.02231,1108.0
10404,44.48967,-122.02225,1107.1
10405,44.4901,-122.02214,1106.5
10406,44.49053,-122.02211,1106.9
10407,44.491,-122.02228,1108.1
10408,44.49132,-122.02246,1108.3
10409,44.49187,-122.02289,1113.4
10410,44.49242,-122.02331,1117.9
10411,44.49297,-122.02374,1121.6
10412,44.49359,-122.02401,1125.5
10413,44.49421,-122.02428,1135.7
10414,44.49483,-122.02455,1140.9
10415,44.4953,-122.02465,1144.6
10416,44.49602,-122.0246,1151.5
10417,44.49674,-122.02455,1154.6
10418,44.49751,-122.02441,1155.6
10419,44.49828,-122.02383,1158.9
10420,44.49896,-122.02339,1163.3
10421,44.49977,-122.02315,1164.3
10422,44.50043,-122.02308,1164.0
10423,44.50094,-122.02294,1165.4
10424,44.50145,-122.02279,1167.8
10425,44.50206,-122.02278,1172.1
10426,44.50266,-122.02277,1175.6
10427,44.5033,-122.02231,1181.3
10428,44.50367,-122.02222,1184.9
10429,44.50378,-122.02198,1186.4
10430,44.50428,-122.0215,1192.2
10431,44.50449,-122.0212,1194.6
10432,44.50467,-122.02059,1194.0
10433,44.50494,-122.02015,1193.3
10434,44.50557,-122.01972,1194.0
10435,44.5061,-122.01921,1192.8
10436,44.50662,-122.0186,1187.7
10437,44.50696,-122.01849,1186.8
10438,44.50778,-122.01848,1186.1
10439,44.50861,-122.01848,1182.7
10440,44.5089,-122.01843,1181.0
10441,44.50941,-122.01814,1177.5
10442,44.50969,-122.01812,1176.6
10443,44.50992,-122.01819,1176.0
10444,44.5102,-122.01846,1175.8
10445,44.51072,-122.01914,1175.2
10446,44.51107,-122.01916,1170.3
10447,44.51139,-122.019,1164.5
10448,44.51135,-122.01862,1162.5
10449,44.51134,-122.01823,1160.5
10450,44.51135,-122.01759,1156.5
10451,44.51137,-122.01695,1152.5
10452,44.51125,-122.01616,1148.0
10453,44.51115,-122.01539,1143.0
10454,44.51105,-122.01462,1139.3
10455,44.51108,-122.01418,1136.6
10456,44.51152,-122.01511,1137.9
10457,44.51189,-122.01577,1139.0
10458,44.51226,-122.01644,1138.8
10459,44.51261,-122.01737,1138.0
10460,44.51295,-122.0183,1134.4
10461,44.51332,-122.01915,1131.0
10462,44.51369,-122.02001,1130.1
10463,44.51405,-122.02087,1124.4
10464,44.51441,-122.02164,1118.8
10465,44.51476,-122.02242,1119.3
10466,44.51511,-122.02319,1119.6
10467,44.51549,-122.02393,1116.9
10468,44.51598,-122.02457,1109.0
10469,44.51623,-122.02475,1105.8
10470,44.51637,-122.02496,1104.0
10471,44.51663,-122.02558,1104.8
10472,44.51684,-122.0258,1104.5
10473,44.5173,-122.02623,1104.2
10474,44.51777,-122.02666,1102.0
10475,44.51803,-122.02705,1101.7
10476,44.51834,-122.02764,1103.4
10477,44.51866,-122.02824,1111.7
10478,44.51908,-122.02887,1113.8
10479,44.5196,-122.02944,1110.5
10480,44.5202,-122.03032,1102.3
10481,44.52081,-122.0312,1103.9
10482,44.52114,-122.03165,1108.2
10483,44.52125,-122.0317,1109.0
10484,44.52135,-122.03164,1109.9
10485,44.52142,-122.03143,1110.2
10486,44.52146,-122.03093,1109.4
10487,44.52159,-122.03061,1109.7
10488,44.52174,-122.03045,1110.9
10489,44.52213,-122.03033,1115.5
10490,44.52221,-122.03046,1115.9
10491,44.52254,-122.03052,1118.2
10492,44.52304,-122.03073,1120.6
10493,44.52377,-122.03077,1127.1
10494,44.52417,-122.03086,1131.2
10495,44.52457,-122.03135,1131.9
10496,44.52497,-122.03185,1131.2
10497,44.52573,-122.0322,1139.1
10498,44.52624,-122.03231,1142.1
10499,44.52676,-122.03243,1144.2
10500,44.52732,-122.03283,1144.9
10501,44.52787,-122.03324,1150.8
10502,44.52845,-122.03352,1152.9
10503,44.52902,-122.03381,1154.1
10504,44.5296,-122.03409,1154.7
10505,44.53021,-122.03431,1163.3
10506,44.53083,-122.03452,1166.9
10507,44.53133,-122.03493,1166.1
10508,44.53159,-122.03552,1162.3
10509,44.53185,-122.03612,1163.1
10510,44.53208,-122.03656,1168.8
10511,44.53269,-122.0367,1173.4
10512,44.53303,-122.03624,1174.8
10513,44.53349,-122.03624,1176.0
10514,44.53354,-122.03629,1175.8
10515,44.53358,-122.0362,1176.9
10516,44.53363,-122.03625,1176.7
10517,44.53374,-122.03635,1176.4
10518,44.5339,-122.03652,1175.7
10519,44.534,-122.03661,1175.4
10520,44.53409,-122.03662,1175.7
10521,44.53416,-122.03663,1175.8
10522,44.53427,-122.03662,1176.3
10523,44.53429,-122.03662,1176.3
10524,44.53442,-122.03652,1177.8
10525,44.53444,-122.03652,1177.8
10526,44.53461,-122.03643,1179.2
10527,44.53472,-122.03637,1180.1
10528,44.53478,-122.03634,1180.5
10529,44.53495,-122.03626,1182.0
10530,44.53498,-122.03625,1182.3
10531,44.53533,-122.03601,1188.1
10532,44.53567,-122.03583,1191.2
10533,44.53577,-122.03577,1192.1
10534,44.53594,-122.03568,1193.6
10535,44.53598,-122.03566,1193.9
10536,44.53611,-122.03562,1194.5
10537,44.53629,-122.03556,1196.5
10538,44.53632,-122.03555,1197.4
10539,44.53647,-122.03557,1200.9
10540,44.53649,-122.03558,1201.2
10541,44.53664,-122.03563,1202.6
10542,44.53682,-122.03569,1203.5
10543,44.53701,-122.03581,1203.5
10544,44.53747,-122.036,1204.7
10545,44.53765,-122.03614,1204.3
10546,44.53776,-122.03623,1204.0
10547,44.53781,-122.03626,1203.9
10548,44.53797,-122.03638,1203.5
10549,44.5381,-122.03647,1203.1
10550,44.53813,-122.03649,1203.0
10551,44.5383,-122.0366,1202.7
10552,44.53836,-122.03664,1202.5
10553,44.53845,-122.03667,1202.8
10554,44.53855,-122.03669,1203.2
10555,44.53865,-122.0367,1203.8
10556,44.53875,-122.03671,1204.5
10557,44.53882,-122.03671,1205.2
10558,44.53892,-122.0367,1206.5
10559,44.539,-122.0367,1207.9
10560,44.53918,-122.03669,1210.4
10561,44.53923,-122.03669,1210.8
10562,44.53977,-122.03661,1213.2
10563,44.53999,-122.0366,1214.1
10564,44.54026,-122.03659,1215.2
10565,44.54044,-122.03659,1215.6
10566,44.54072,-122.0366,1216.4
10567,44.54086,-122.03671,1216.7
10568,44.54098,-122.0368,1217.4
10569,44.54111,-122.03691,1218.8
10570,44.54143,-122.03713,1220.1
10571,44.54159,-122.03725,1220.1
10572,44.54167,-122.03731,1220.0
10573,44.54178,-122.03739,1219.9
10574,44.54193,-122.03752,1219.7
10575,44.5421,-122.03768,1219.6
10576,44.54222,-122.03781,1219.4
10577,44.54229,-122.03794,1219.8
10578,44.54233,-122.03805,1220.4
10579,44.54243,-122.03827,1221.0
10580,44.54245,-122.03831,1221.1
10581,44.54251,-122.0385,1221.7
10582,44.54259,-122.03866,1221.7
10583,44.54263,-122.03875,1221.8
10584,44.54265,-122.03882,1222.1
10585,44.54275,-122.03893,1221.4
10586,44.54294,-122.03907,1220.2
10587,44.54312,-122.03919,1219.7
10588,44.54321,-122.0393,1220.0
10589,44.54336,-122.03945,1220.1
10590,44.54346,-122.03958,1220.1
10591,44.54348,-122.03964,1220.4
10592,44.54351,-122.0397,1220.6
10593,44.54359,-122.03984,1220.5
10594,44.54371,-122.04003,1218.5
10595,44.5438,-122.04017,1218.1
10596,44.54388,-122.0403,1218.2
10597,44.54397,-122.04042,1218.4
10598,44.54411,-122.04056,1218.4
10599,44.54424,-122.04067,1218.4
10600,44.54425,-122.04068,1218.4
10601,44.54458,-122.0409,1217.8
10602,44.54496,-122.04117,1216.3
10603,44.54518,-122.04134,1214.2
10604,44.54522,-122.04137,1213.7
10605,44.54535,-122.04144,1211.4
10606,44.54563,-122.04155,1213.1
10607,44.54573,-122.04155,1214.0
10608,44.54578,-122.04156,1214.7
10609,44.54588,-122.04153,1214.8
10610,44.54591,-122.04152,1214.8
10611,44.54617,-122.04145,1213.7
10612,44.54633,-122.04141,1212.5
10613,44.54662,-122.04138,1210.8
10614,44.54666,-122.04137,1210.3
10615,44.54677,-122.04136,1209.5
10616,44.54686,-122.04139,1209.1
10617,44.54692,-122.04146,1209.5
10618,44.54696,-122.04149,1209.5
10619,44.54701,-122.04153,1209.3
10620,44.54708,-122.04158,1208.7
10621,44.54725,-122.04175,1207.6
10622,44.54745,-122.04198,1206.8
10623,44.54751,-122.0421,1207.4
10624,44.54752,-122.04211,1207.3
10625,44.54762,-122.04226,1207.3
10626,44.54777,-122.04246,1205.6
10627,44.54779,-122.04249,1205.2
10628,44.54781,-122.04258,1205.8
10629,44.54781,-122.0427,1207.5
10630,44.54782,-122.04275,1207.4
10631,44.5478,-122.04346,1211.1
10632,44.5478,-122.04371,1211.8
10633,44.5478,-122.04375,1211.8
10634,44.54781,-122.04396,1212.3
10635,44.54781,-122.04401,1212.8
10636,44.54784,-122.04419,1214.3
10637,44.54789,-122.04428,1214.7
10638,44.54795,-122.04437,1215.3
10639,44.54798,-122.04438,1215.3
10640,44.54805,-122.04441,1215.6
10641,44.54815,-122.04445,1216.5
10642,44.54818,-122.04446,1216.8
10643,44.54828,-122.04443,1217.1
10644,44.54846,-122.0443,1216.3
10645,44.54857,-122.0442,1214.1
10646,44.54864,-122.04419,1213.2
10647,44.54866,-122.04418,1212.8
10648,44.54874,-122.04423,1212.1
10649,44.5488,-122.04434,1212.1
10650,44.54888,-122.0447,1217.0
10651,44.54892,-122.0448,1217.9
10652,44.54904,-122.04485,1218.7
10653,44.54908,-122.04485,1219.1
10654,44.54914,-122.04485,1219.9
10655,44.54925,-122.04481,1221.6
10656,44.54926,-122.0448,1221.8
10657,44.54935,-122.04468,1222.7
10658,44.54941,-122.04457,1223.0
10659,44.54949,-122.04442,1223.0
10660,44.54951,-122.04437,1222.8
10661,44.54958,-122.04425,1222.5
10662,44.54973,-122.04409,1221.9
10663,44.54989,-122.044,1221.7
10664,44.55004,-122.04396,1221.6
10665,44.55021,-122.04396,1221.9
10666,44.55028,-122.04397,1222.2
10667,44.55035,-122.04397,1222.5
10668,44.55051,-122.04399,1223.2
10669,44.55063,-122.04399,1223.5
10670,44.55072,-122.04402,1223.9
10671,44.5508,-122.04405,1224.3
10672,44.5509,-122.04404,1224.3
10673,44.55097,-122.04405,1224.3
10674,44.55099,-122.04405,1224.3
10675,44.55111,-122.04407,1224.3
10676,44.55137,-122.04414,1223.8
10677,44.55151,-122.04418,1223.0
10678,44.55156,-122.04419,1222.6
10679,44.55179,-122.04422,1219.3
10680,44.55186,-122.04422,1217.7
10681,44.55198,-122.04422,1216.2
10682,44.55211,-122.04423,1215.3
10683,44.55229,-122.04425,1215.8
10684,44.5524,-122.04424,1216.7
10685,44.5524,-122.04424,1216.7
10686,44.5524,-122.04423,1216.5
10687,44.55256,-122.04414,1217.4
10688,44.55302,-122.0436,1218.5
10689,44.55325,-122.04325,1217.6
10690,44.55337,-122.04309,1217.2
10691,44.55361,-122.04284,1216.7
10692,44.55376,-122.04275,1216.4
10693,44.55441,-122.0425,1210.6
10694,44.55471,-122.04243,1209.2
10695,44.55532,-122.04238,1208.2
10696,44.55555,-122.04238,1207.6
10697,44.55585,-122.04245,1205.2
10698,44.55656,-122.04244,1198.2
10699,44.55677,-122.04253,1197.4
10700,44.5569,-122.04266,1197.1
10701,44.55701,-122.04288,1197.3
10702,44.55732,-122.04364,1188.9
10703,44.55746,-122.0439,1186.0
10704,44.55755,-122.04398,1184.4
10705,44.55769,-122.04406,1183.9
10706,44.55815,-122.04426,1189.3
10707,44.55889,-122.04482,1187.9
10708,44.55912,-122.04502,1186.0
10709,44.55929,-122.04512,1184.7
10710,44.55987,-122.04537,1177.9
10711,44.56009,-122.04542,1175.4
10712,44.56042,-122.04554,1173.0
10713,44.56075,-122.0456,1172.6
10714,44.56119,-122.04562,1173.8
10715,44.56173,-122.04558,1176.2
10716,44.56236,-122.04557,1181.4
10717,44.563,-122.04557,1193.7
10718,44.56318,-122.04561,1196.1
10719,44.56343,-122.04572,1196.4
10720,44.56352,-122.0458,1195.8
10721,44.56362,-122.04593,1195.3
10722,44.56366,-122.04604,1195.4
10723,44.56369,-122.04619,1195.7
10724,44.56369,-122.04651,1197.7
10725,44.56368,-122.04671,1198.3
10726,44.56354,-122.04777,1199.6
10727,44.56342,-122.04829,1199.7
10728,44.56322,-122.04869,1201.2
10729,44.56283,-122.0493,1202.2
10730,44.56273,-122.04952,1201.4
10731,44.56212,-122.05034,1203.1
10732,44.56205,-122.05047,1202.9
10733,44.56199,-122.05065,1202.5
10734,44.56197,-122.05085,1203.1
10735,44.56198,-122.05109,1202.4
10736,44.56205,-122.05138,1205.4
10737,44.56216,-122.05171,1207.7
10738,44.56225,-122.05185,1208.2
10739,44.56253,-122.0521,1210.7
10740,44.56294,-122.05236,1219.9
10741,44.56333,-122.05253,1220.8
10742,44.56366,-122.05263,1224.6
10743,44.56392,-122.05279,1224.8
10744,44.56413,-122.05302,1224.2
10745,44.56459,-122.05373,1223.7
10746,44.56465,-122.05386,1223.6
10747,44.56469,-122.05405,1222.9
10748,44.56467,-122.05426,1222.1
10749,44.56444,-122.0549,1216.4
10750,44.56442,-122.05506,1216.3
10751,44.56441,-122.05519,1216.4
10752,44.56443,-122.05537,1216.1
10753,44.56448,-122.05571,1215.7
10754,44.56455,-122.05594,1215.4
10755,44.5646,-122.05604,1214.9
10756,44.56468,-122.05615,1213.8
10757,44.56477,-122.05622,1212.4
10758,44.56487,-122.05625,1211.3
10759,44.56499,-122.05624,1210.6
10760,44.56523,-122.05614,1209.8
10761,44.56533,-122.05606,1209.5
10762,44.56587,-122.05542,1202.0
10763,44.56651,-122.05455,1193.5
10764,44.56687,-122.05418,1191.3
10765,44.56712,-122.05399,1189.6
10766,44.56741,-122.05389,1187.8
10767,44.56805,-122.05382,1180.3
10768,44.56869,-122.05374,1176.8
10769,44.5692,-122.05364,1174.5
10770,44.56933,-122.0536,1174.0
10771,44.56991,-122.05333,1171.8
10772,44.57065,-122.05303,1166.0
10773,44.57084,-122.05299,1165.2
10774,44.57109,-122.05302,1163.8
10775,44.57124,-122.0531,1162.7
10776,44.57132,-122.05319,1162.1
10777,44.57137,-122.05328,1161.7
10778,44.5715,-122.05369,1161.4
10779,44.57166,-122.05442,1153.8
10780,44.57183,-122.05515,1151.2
10781,44.57194,-122.05589,1143.7
10782,44.57199,-122.05631,1140.0
10783,44.57201,-122.05669,1139.8
10784,44.57209,-122.05722,1136.6
10785,44.57209,-122.0574,1136.1
10786,44.57205,-122.05808,1132.1
10787,44.57206,-122.05843,1128.1
10788,44.57204,-122.05875,1126.7
10789,44.572,-122.05893,1126.6
10790,44.57187,-122.05934,1126.5
10791,44.57179,-122.05955,1126.3
10792,44.57134,-122.06042,1117.4
10793,44.57126,-122.06066,1117.1
10794,44.57123,-122.06083,1116.4
10795,44.57123,-122.06101,1114.9
10796,44.57129,-122.06141,1112.5
10797,44.57147,-122.062,1109.6
10798,44.57164,-122.06242,1102.7
10799,44.57166,-122.06254,1101.9
10800,44.57164,-122.06303,1101.8
10801,44.57166,-122.06324,1100.7
10802,44.57168,-122.06388,1095.3
10803,44.57172,-122.06422,1090.6
10804,44.57169,-122.06465,1088.6
10805,44.57165,-122.06493,1087.7
10806,44.5715,-122.06544,1081.9
10807,44.57136,-122.06571,1081.4
10808,44.5713,-122.06589,1079.7
10809,44.5712,-122.06636,1077.1
10810,44.57125,-122.06663,1077.6
10811,44.57135,-122.06676,1076.6
10812,44.57148,-122.06689,1076.4
10813,44.57157,-122.06693,1076.4
10814,44.5718,-122.06695,1077.0
10815,44.57224,-122.06684,1078.3
10816,44.57269,-122.06662,1078.8
10817,44.57314,-122.06641,1079.7
10818,44.57371,-122.06606,1081.1
10819,44.57404,-122.06581,1082.2
10820,44.57468,-122.0652,1082.0
10821,44.57517,-122.06478,1081.3
10822,44.57566,-122.06425,1079.8
10823,44.57615,-122.06373,1083.6
10824,44.57633,-122.06361,1087.6
10825,44.57659,-122.06348,1090.0
10826,44.5768,-122.06343,1091.2
10827,44.57714,-122.06341,1092.8
10828,44.5775,-122.06347,1093.5
10829,44.5777,-122.06353,1093.5
10830,44.57793,-122.06365,1093.3
10831,44.57799,-122.06371,1093.3
10832,44.57814,-122.06392,1093.4
10833,44.57838,-122.0644,1094.8
10834,44.5785,-122.06453,1095.9
10835,44.57864,-122.06465,1097.2
10836,44.57889,-122.06476,1099.1
10837,44.57904,-122.06479,1100.0
10838,44.57979,-122.06475,1103.2
10839,44.57994,-122.06479,1103.6
10840,44.58003,-122.06483,1103.9
10841,44.58024,-122.06499,1104.7
10842,44.58077,-122.06546,1107.2
10843,44.58129,-122.06594,1108.8
10844,44.58158,-122.06615,1108.7
10845,44.582,-122.06642,1108.6
10846,44.58241,-122.06669,1108.7
10847,44.58278,-122.067,1110.4
10848,44.5833,-122.06754,1112.6
10849,44.58374,-122.0681,1113.9
10850,44.58421,-122.06866,1112.8
10851,44.58433,-122.06875,1112.5
10852,44.58453,-122.06886,1113.6
10853,44.58463,-122.06889,1115.0
10854,44.5847,-122.06887,1115.8
10855,44.58477,-122.06883,1116.6
10856,44.58487,-122.0687,1117.2
10857,44.58503,-122.0684,1118.7
10858,44.5853,-122.0678,1122.0
10859,44.58551,-122.06742,1124.1
10860,44.58562,-122.06727,1124.4
10861,44.58591,-122.06698,1126.5
10862,44.58646,-122.06627,1128.1
10863,44.58661,-122.06612,1128.4
10864,44.5867,-122.06605,1128.9
10865,44.5868,-122.06601,1129.7
10866,44.58706,-122.06597,1131.5
10867,44.58719,-122.06598,1132.4
10868,44.58746,-122.06605,1135.0
10869,44.58777,-122.06625,1137.1
10870,44.5877,-122.06637,1137.1
10871,44.5881,-122.06702,1127.7
10872,44.58817,-122.06727,1126.6
10873,44.58821,-122.06724,1125.0
10874,44.58823,-122.0673,1124.9
10875,44.58824,-122.0675,1125.8
10876,44.58823,-122.0677,1125.6
10877,44.5882,-122.06789,1125.0
10878,44.5881,-122.06808,1126.6
10879,44.58802,-122.06825,1126.3
10880,44.588,-122.06828,1126.2
10881,44.58787,-122.06847,1125.5
10882,44.58785,-122.0685,1125.2
10883,44.58774,-122.06862,1124.6
10884,44.58769,-122.06867,1124.1
10885,44.58759,-122.06873,1124.4
10886,44.58754,-122.06875,1122.8
10887,44.58739,-122.06884,1117.5
10888,44.58727,-122.06892,1118.4
10889,44.58725,-122.06894,1118.4
10890,44.58714,-122.06906,1119.3
10891,44.58712,-122.06914,1118.2
10892,44.58708,-122.06932,1116.4
10893,44.58707,-122.06938,1116.1
10894,44.58705,-122.06957,1115.7
10895,44.58708,-122.06983,1114.7
10896,44.58709,-122.0699,1114.6
10897,44.58712,-122.07002,1114.2
10898,44.58714,-122.07014,1114.3
10899,44.58716,-122.07027,1114.5
10900,44.58723,-122.07055,1113.7
10901,44.58727,-122.07075,1112.4
10902,44.58729,-122.07086,1111.9
10903,44.58729,-122.07093,1112.1
10904,44.58731,-122.07106,1111.4
10905,44.58731,-122.0711,1111.4
10906,44.5873,-122.07126,1111.7
10907,44.58722,-122.0715,1113.0
10908,44.58723,-122.07171,1104.4
10909,44.58728,-122.07184,1100.3
10910,44.58728,-122.07185,1100.2
10911,44.58739,-122.072,1097.8
10912,44.58742,-122.07203,1097.6
10913,44.58757,-122.07217,1097.5
10914,44.58769,-122.07229,1097.3
10915,44.58785,-122.07244,1096.1
10916,44.58798,-122.07263,1095.9
10917,44.5881,-122.07283,1093.4
10918,44.58814,-122.07299,1092.9
10919,44.58817,-122.0732,1092.8
10920,44.58818,-122.07329,1092.8
10921,44.5882,-122.07348,1092.6
10922,44.58822,-122.07378,1091.6
10923,44.58822,-122.07379,1091.5
10924,44.58822,-122.07407,1090.0
10925,44.58818,-122.07445,1088.3
10926,44.58816,-122.07479,1087.7
10927,44.58816,-122.0748,1087.7
10928,44.58815,-122.07504,1087.2
10929,44.58815,-122.07508,1087.1
10930,44.58809,-122.07544,1086.5
10931,44.58802,-122.07582,1085.7
10932,44.58799,-122.07602,1085.0
10933,44.58798,-122.07607,1084.6
10934,44.58793,-122.07629,1081.4
10935,44.5879,-122.07645,1080.4
10936,44.58786,-122.07674,1080.4
10937,44.58786,-122.07676,1080.3
10938,44.58786,-122.07702,1080.2
10939,44.58786,-122.07703,1080.2
10940,44.58788,-122.07724,1079.9
10941,44.58794,-122.07752,1078.6
10942,44.588,-122.07776,1077.0
10943,44.58801,-122.07781,1076.6
10944,44.58804,-122.07798,1075.3
10945,44.58804,-122.078,1075.3
10946,44.58804,-122.07807,1075.1
10947,44.58804,-122.07821,1074.9
10948,44.58804,-122.07824,1074.8
10949,44.58801,-122.07848,1074.9
10950,44.58796,-122.07873,1072.3
10951,44.58794,-122.07884,1070.7
10952,44.58788,-122.07918,1068.9
10953,44.58782,-122.07944,1068.2
10954,44.58779,-122.0796,1067.3
10955,44.58776,-122.07969,1067.1
10956,44.58769,-122.07992,1066.1
10957,44.58763,-122.0801,1065.4
10958,44.58761,-122.08015,1065.3
10959,44.58751,-122.08046,1063.7
10960,44.58747,-122.08061,1063.4
10961,44.58746,-122.08062,1063.5
10962,44.58745,-122.08079,1061.3
10963,44.58744,-122.08087,1059.9
10964,44.58742,-122.08103,1057.8
10965,44.58742,-122.08112,1057.1
10966,44.5874,-122.08138,1056.2
10967,44.5874,-122.08139,1056.2
10968,44.58739,-122.08163,1055.3
10969,44.58739,-122.08169,1055.0
10970,44.58737,-122.08188,1054.4
10971,44.58736,-122.08207,1053.3
10972,44.58734,-122.08231,1051.8
10973,44.58733,-122.08237,1051.4
10974,44.5873,-122.08254,1049.4
10975,44.58729,-122.08262,1048.1
10976,44.58725,-122.08293,1045.7
10977,44.58726,-122.08313,1044.3
10978,44.58726,-122.08317,1044.1
10979,44.58728,-122.0833,1042.9
10980,44.58731,-122.0834,1041.6
10981,44.5873,-122.08364,1041.0
10982,44.58726,-122.08382,1041.3
10983,44.58725,-122.08387,1041.2
10984,44.58718,-122.08404,1041.4
10985,44.58717,-122.08409,1041.2
10986,44.58709,-122.08423,1041.1
10987,44.58695,-122.0843,1042.0
10988,44.58692,-122.08434,1041.9
10989,44.58685,-122.08445,1041.1
10990,44.58684,-122.08457,1039.1
10991,44.58683,-122.08467,1037.3
10992,44.58688,-122.08482,1035.2
10993,44.5869,-122.0849,1034.2
10994,44.58693,-122.08501,1033.3
10995,44.58695,-122.08505,1033.0
10996,44.58699,-122.08513,1032.2
10997,44.58717,-122.08531,1029.2
10998,44.58724,-122.08537,1028.8
10999,44.58738,-122.08551,1029.3
11000,44.58739,-122.08552,1029.3
11001,44.58754,-122.08564,1028.3
11002,44.58762,-122.08571,1027.4
11003,44.58771,-122.08575,1026.3
11004,44.58778,-122.08578,1026.3
11005,44.58789,-122.08578,1028.7
11006,44.58797,-122.08578,1031.2
11007,44.58807,-122.08573,1033.7
11008,44.58813,-122.0857,1034.8
11009,44.58824,-122.08552,1035.0
11010,44.58827,-122.08547,1034.7
11011,44.58834,-122.08528,1031.5
11012,44.58835,-122.08525,1031.0
11013,44.58842,-122.0852,1030.5
11014,44.58847,-122.0852,1030.6
11015,44.58852,-122.08521,1030.8
11016,44.58869,-122.08531,1031.4
11017,44.58879,-122.08539,1031.2
11018,44.58901,-122.08558,1029.1
11019,44.58909,-122.08566,1028.3
11020,44.58924,-122.08581,1027.7
11021,44.58927,-122.08584,1027.7
11022,44.58939,-122.08595,1027.3
11023,44.58956,-122.08611,1027.1
11024,44.58971,-122.08617,1026.9
11025,44.58977,-122.0862,1027.5
11026,44.5899,-122.08616,1027.7
11027,44.58993,-122.08616,1028.2
11028,44.59005,-122.08601,1028.6
11029,44.59006,-122.086,1028.7
11030,44.59018,-122.0858,1028.1
11031,44.59028,-122.08561,1026.4
11032,44.5903,-122.08557,1025.9
11033,44.59041,-122.08551,1025.5
11034,44.59042,-122.0855,1025.4
11035,44.59054,-122.08548,1025.4
11036,44.59059,-122.08549,1025.6
11037,44.59077,-122.0855,1025.8
11038,44.59105,-122.08552,1023.7
11039,44.59113,-122.08552,1022.6
11040,44.59117,-122.08552,1022.0
11041,44.5913,-122.08556,1021.4
11042,44.59146,-122.0856,1020.3
11043,44.59168,-122.08575,1020.7
11044,44.5918,-122.08582,1019.0
11045,44.59189,-122.08587,1016.6
11046,44.59195,-122.08594,1016.2
11047,44.59208,-122.08611,1014.4
11048,44.59209,-122.08612,1013.9
11049,44.59223,-122.08642,1013.1
11050,44.59242,-122.08669,1008.4
11051,44.59259,-122.08667,1007.5
11052,44.59263,-122.08662,1008.6
11053,44.59272,-122.08652,1012.3
11054,44.59273,-122.08641,1012.3
11055,44.59275,-122.08616,1012.3
11056,44.59275,-122.08615,1012.2
11057,44.59272,-122.08582,1007.8
11058,44.59272,-122.0855,1003.9
11059,44.59276,-122.08545,1003.4
11060,44.59279,-122.08541,1003.0
11061,44.59289,-122.08542,1002.3
11062,44.59304,-122.08556,1001.6
11063,44.59305,-122.08557,1001.5
11064,44.59319,-122.08585,1000.1
11065,44.5934,-122.08632,995.7
11066,44.59352,-122.08661,994.0
11067,44.59353,-122.08665,994.8
11068,44.59368,-122.08674,992.4
11069,44.59371,-122.08676,992.8
11070,44.59381,-122.08678,992.3
11071,44.59437,-122.08692,992.3
11072,44.59439,-122.08693,992.5
11073,44.59456,-122.08702,994.0
11074,44.59494,-122.0872,991.2
11075,44.59517,-122.08742,988.2
11076,44.59537,-122.08754,985.4
11077,44.59547,-122.0876,986.3
11078,44.59574,-122.08769,986.7
11079,44.5959,-122.08766,981.8
11080,44.59608,-122.08764,979.3
11081,44.59618,-122.08763,978.2
11082,44.59626,-122.08762,977.2
11083,44.59644,-122.0876,973.7
11084,44.59654,-122.08759,969.2
11085,44.59661,-122.08761,967.1
11086,44.59678,-122.08765,964.2
11087,44.59685,-122.08769,963.4
11088,44.59692,-122.0878,963.8
11089,44.59704,-122.08798,963.2
11090,44.59706,-122.08802,963.1
11091,44.59725,-122.08855,961.3
11092,44.59728,-122.08864,960.1
11093,44.59733,-122.08888,959.3
11094,44.59736,-122.089,958.3
11095,44.59738,-122.08912,956.9
11096,44.5974,-122.0893,956.8
11097,44.59743,-122.08937,956.3
11098,44.59752,-122.08959,955.9
11099,44.59754,-122.08966,956.2
11100,44.59762,-122.0898,955.5
11101,44.59774,-122.09,953.0
11102,44.5978,-122.09011,951.0
11103,44.59782,-122.09021,948.6
11104,44.59785,-122.09031,945.4
11105,44.59784,-122.09043,944.6
11106,44.59783,-122.09057,943.7
11107,44.59778,-122.09093,943.2
11108,44.59776,-122.09107,943.3
11109,44.59776,-122.09118,942.6
11110,44.59777,-122.09144,941.5
11111,44.59778,-122.09164,941.2
11112,44.59779,-122.09194,938.8
11113,44.5978,-122.09219,933.3
11114,44.59781,-122.09245,932.0
11115,44.59781,-122.09257,931.8
11116,44.59783,-122.0932,929.1
11117,44.59784,-122.09346,923.9
11118,44.59785,-122.09404,919.4
11119,44.59784,-122.09421,918.7
11120,44.59783,-122.09442,917.6
11121,44.59782,-122.09444,917.7
11122,44.59761,-122.09485,913.7
11123,44.5974,-122.09526,911.6
11124,44.5973,-122.09546,910.5
11125,44.59729,-122.09548,910.4
11126,44.59707,-122.09586,908.0
11127,44.59685,-122.09625,901.1
11128,44.59673,-122.09645,899.1
11129,44.5967,-122.09651,898.7
11130,44.59661,-122.09661,898.8
11131,44.59646,-122.09676,899.4
11132,44.59632,-122.09691,899.0
11133,44.59625,-122.09698,898.3
11134,44.59589,-122.09736,895.2
11135,44.59574,-122.09752,895.1
11136,44.59561,-122.09767,892.9
11137,44.5956,-122.0977,892.0
11138,44.59554,-122.09794,887.9
11139,44.59553,-122.09802,886.9
11140,44.59552,-122.09819,885.1
11141,44.59551,-122.09845,884.1
11142,44.59551,-122.09856,883.9
11143,44.59554,-122.0987,882.3
11144,44.59559,-122.09895,881.1
11145,44.59565,-122.09919,879.4
11146,44.5957,-122.09943,878.2
11147,44.59575,-122.09967,878.1
11148,44.59581,-122.09991,880.4
11149,44.59582,-122.09996,880.9
11150,44.59585,-122.1004,884.0
11151,44.59586,-122.10058,883.4
11152,44.59581,-122.10089,884.3
11153,44.59576,-122.10113,883.4
11154,44.59573,-122.10131,882.6
11155,44.59572,-122.10137,882.5
11156,44.59566,-122.10162,878.0
11157,44.59561,-122.10186,873.5
11158,44.59556,-122.1021,870.9
11159,44.59555,-122.10216,870.5
11160,44.59549,-122.10233,870.5
11161,44.59542,-122.10256,868.4
11162,44.59534,-122.10279,863.7
11163,44.59527,-122.10302,861.7
11164,44.59519,-122.10325,860.7
11165,44.59512,-122.10348,859.4
11166,44.59488,-122.10384,860.5
11167,44.59476,-122.10403,858.4
11168,44.59464,-122.10421,852.9
11169,44.59452,-122.1044,850.8
11170,44.59439,-122.10459,850.3
11171,44.59427,-122.10477,850.3
11172,44.59426,-122.10479,850.4
11173,44.59426,-122.10499,850.7
11174,44.59432,-122.10504,850.8
11175,44.59441,-122.10511,851.3
11176,44.59471,-122.10501,850.8
11177,44.59485,-122.10498,850.9
11178,44.59521,-122.1049,849.9
11179,44.59556,-122.10481,855.5
11180,44.59568,-122.10478,855.9
11181,44.59574,-122.10475,855.6
11182,44.5959,-122.10464,855.6
11183,44.59623,-122.10444,857.2
11184,44.5964,-122.10433,857.5
11185,44.59656,-122.10423,858.0
11186,44.59715,-122.10386,857.6
11187,44.59722,-122.10384,857.4
11188,44.59757,-122.10373,857.6
11189,44.59772,-122.10368,858.2
11190,44.59775,-122.10366,858.0
11191,44.59802,-122.10345,860.0
11192,44.59805,-122.10337,860.6
11193,44.59812,-122.10322,861.9
11194,44.59819,-122.10285,859.3
11195,44.5983,-122.1026,856.2
11196,44.59838,-122.10253,855.5
11197,44.59842,-122.1025,855.3
11198,44.59872,-122.10243,856.7
11199,44.5989,-122.10239,856.9
11200,44.59908,-122.10235,857.0
11201,44.5996,-122.10216,851.7
11202,44.59978,-122.1021,853.9
11203,44.59992,-122.10204,857.5
11204,44.60005,-122.10178,856.5
11205,44.60015,-122.10157,852.1
11206,44.60025,-122.10136,848.4
11207,44.60038,-122.1011,848.0
11208,44.60042,-122.10103,848.5
11209,44.60047,-122.10085,848.5
11210,44.60054,-122.10062,848.6
11211,44.60059,-122.10042,848.2
11212,44.60061,-122.10039,848.5
11213,44.60069,-122.10017,848.6
11214,44.60078,-122.09994,848.4
11215,44.60095,-122.0995,846.0
11216,44.60095,-122.09949,845.8
11217,44.60115,-122.09909,839.5
11218,44.60117,-122.09904,838.1
11219,44.60125,-122.09887,837.4
11220,44.60128,-122.0988,837.5
11221,44.60132,-122.09864,837.3
11222,44.60139,-122.09838,831.7
11223,44.60145,-122.09816,828.7
11224,44.60152,-122.09793,826.1
11225,44.60163,-122.09774,824.3
11226,44.60164,-122.09773,824.1
11227,44.60174,-122.09762,821.3
11228,44.60175,-122.09761,821.0
11229,44.6018,-122.0976,820.3
11230,44.60191,-122.0976,818.8
11231,44.60192,-122.0976,818.6
11232,44.602,-122.09763,817.4
11233,44.60207,-122.09768,816.4
11234,44.6022,-122.09786,815.8
11235,44.60228,-122.09799,814.9
11236,44.60241,-122.09826,814.1
11237,44.60251,-122.09847,815.2
11238,44.60255,-122.09856,816.4
11239,44.60265,-122.09864,813.3
11240,44.60281,-122.09877,807.2
11241,44.60296,-122.09889,806.7
11242,44.60298,-122.09891,807.1
11243,44.60312,-122.09901,808.5
11244,44.60328,-122.09913,809.6
11245,44.6034,-122.09922,809.8
11246,44.60356,-122.09938,810.3
11247,44.60358,-122.0994,810.2
11248,44.60369,-122.09951,809.4
11249,44.60374,-122.09954,808.8
11250,44.6038,-122.09958,808.3
11251,44.60391,-122.09957,807.9
11252,44.60393,-122.09956,808.0
11253,44.60399,-122.09953,808.8
11254,44.60409,-122.09941,810.0
11255,44.6041,-122.09939,810.0
11256,44.60417,-122.09916,807.5
11257,44.60417,-122.09915,807.2
11258,44.60426,-122.09901,803.1
11259,44.60427,-122.09901,803.2
11260,44.60444,-122.09895,800.2
11261,44.60445,-122.09895,800.2
11262,44.6046,-122.099,800.9
11263,44.60469,-122.09903,800.8
11264,44.6051,-122.09926,798.5
11265,44.60527,-122.09935,796.1
11266,44.60544,-122.09945,794.0
11267,44.60548,-122.09947,793.5
11268,44.60561,-122.09953,792.3
11269,44.60566,-122.09956,792.3
11270,44.60579,-122.09957,788.8
11271,44.60585,-122.09957,787.0
11272,44.60598,-122.09956,784.8
11273,44.60616,-122.09955,784.2
11274,44.60633,-122.09947,783.7
11275,44.6065,-122.09939,783.3
11276,44.60651,-122.09938,783.2
11277,44.60667,-122.09926,780.7
11278,44.60669,-122.09924,780.3
11279,44.60698,-122.09909,777.5
11280,44.60717,-122.09907,777.4
11281,44.60719,-122.09907,777.4
11282,44.60734,-122.0991,777.4
11283,44.60752,-122.09914,777.2
11284,44.60761,-122.09916,776.9
11285,44.60769,-122.09919,776.7
11286,44.60786,-122.09926,776.0
11287,44.60804,-122.09932,774.5
11288,44.60821,-122.09939,773.1
11289,44.60835,-122.09952,772.7
11290,44.60846,-122.09961,771.7
11291,44.60864,-122.10002,771.9
11292,44.60864,-122.10008,772.1
11293,44.60864,-122.10042,772.6
11294,44.60873,-122.10081,771.8
11295,44.60886,-122.10103,771.6
11296,44.6089,-122.1011,772.0
11297,44.60905,-122.10124,772.2
11298,44.60922,-122.10127,771.0
11299,44.60935,-122.10135,771.1
11300,44.60951,-122.10145,771.5
11301,44.60984,-122.10165,770.8
11302,44.61018,-122.10185,769.2
11303,44.61034,-122.10195,769.2
11304,44.61051,-122.10205,769.2
11305,44.61065,-122.10213,769.2
11306,44.61067,-122.10215,769.4
11307,44.61095,-122.10232,767.9
11308,44.61096,-122.10236,768.2
11309,44.61101,-122.1025,769.0
11310,44.61102,-122.10259,769.8
11311,44.61103,-122.10269,769.4
11312,44.61099,-122.10279,770.4
11313,44.61091,-122.10301,771.6
11314,44.61061,-122.10327,777.2
11315,44.61046,-122.1034,778.8
11316,44.6104,-122.10346,779.3
11317,44.61034,-122.10361,778.2
11318,44.6103,-122.10369,777.9
11319,44.61037,-122.10387,772.1
11320,44.61046,-122.10409,769.7
11321,44.61048,-122.10415,771.2
11322,44.6106,-122.10426,774.2
11323,44.61067,-122.10433,775.8
11324,44.61109,-122.1043,778.7
11325,44.61114,-122.10432,779.2
11326,44.61131,-122.10439,779.8
11327,44.61142,-122.10444,778.8
11328,44.61147,-122.10448,778.8
11329,44.61161,-122.10462,777.4
11330,44.61162,-122.10463,777.0
11331,44.61171,-122.10482,779.4
11332,44.61191,-122.10524,782.1
11333,44.61201,-122.10545,782.8
11334,44.6121,-122.10566,782.7
11335,44.6122,-122.10587,782.8
11336,44.61243,-122.10636,781.5
11337,44.61249,-122.10651,781.3
11338,44.61258,-122.10673,776.3
11339,44.61266,-122.10695,773.8
11340,44.61268,-122.107,773.4
11341,44.61273,-122.10718,772.6
11342,44.61286,-122.10765,772.5
11343,44.61293,-122.10788,772.8
11344,44.61299,-122.10812,773.6
11345,44.61303,-122.10824,773.6
11346,44.61306,-122.10836,773.9
11347,44.61321,-122.10885,773.4
11348,44.61325,-122.10906,773.9
11349,44.6133,-122.1093,774.2
11350,44.61336,-122.10954,774.0
11351,44.61341,-122.10978,773.7
11352,44.61345,-122.10999,773.7
11353,44.61346,-122.11003,773.6
11354,44.61354,-122.11026,772.6
11355,44.61361,-122.11049,771.9
11356,44.61362,-122.11054,771.8
11357,44.61373,-122.1107,770.2
11358,44.61382,-122.11084,770.4
11359,44.61401,-122.11088,770.3
11360,44.61442,-122.11092,772.4
11361,44.6146,-122.11094,773.4
11362,44.61473,-122.11095,773.7
11363,44.61478,-122.11095,773.7
11364,44.61496,-122.11095,773.8
11365,44.61514,-122.11095,773.5
11366,44.61532,-122.11095,773.1
11367,44.61549,-122.11095,772.4
11368,44.61577,-122.11121,769.3
11369,44.6158,-122.11123,768.9
11370,44.6161,-122.11143,761.9
11371,44.61623,-122.11152,758.9
11372,44.61627,-122.11153,758.4
11373,44.61674,-122.11161,758.5
11374,44.61681,-122.11159,758.3
11375,44.61711,-122.11151,756.8
11376,44.61716,-122.11144,755.6
11377,44.6173,-122.11127,752.5
11378,44.61738,-122.11117,751.4
11379,44.61742,-122.11109,750.6
11380,44.61749,-122.11096,749.6
11381,44.61754,-122.11092,749.8
11382,44.61782,-122.11071,751.1
11383,44.61785,-122.1107,751.4
11384,44.61803,-122.11065,752.5
11385,44.61803,-122.11064,752.3
11386,44.6182,-122.11065,753.4
11387,44.61824,-122.11065,753.5
11388,44.61838,-122.11058,752.3
11389,44.61847,-122.11054,751.6
11390,44.6187,-122.11038,749.7
11391,44.61872,-122.11036,749.6
11392,44.61901,-122.11006,748.7
11393,44.61917,-122.10999,748.3
11394,44.61917,-122.10998,748.2
11395,44.61933,-122.11003,748.4
11396,44.61934,-122.11003,748.3
11397,44.61947,-122.11014,748.8
11398,44.61947,-122.11015,748.9
11399,44.61971,-122.11046,749.5
11400,44.61986,-122.11068,749.4
11401,44.61997,-122.11084,748.6
11402,44.62015,-122.11117,747.9
11403,44.62018,-122.11127,748.4
11404,44.62025,-122.1115,748.8
11405,44.62026,-122.11152,748.7
11406,44.6203,-122.11174,749.3
11407,44.62035,-122.11198,749.5
11408,44.62038,-122.11211,749.4
11409,44.6204,-122.11222,749.4
11410,44.62045,-122.11247,749.2
11411,44.62047,-122.11259,749.3
11412,44.62051,-122.11271,748.7
11413,44.62058,-122.11292,747.0
11414,44.62069,-122.11315,747.7
11415,44.62072,-122.11321,748.8
11416,44.62088,-122.1134,750.9
11417,44.62109,-122.11354,752.1
11418,44.62123,-122.11355,751.6
11419,44.6214,-122.11357,751.8
11420,44.62141,-122.11357,751.8
11421,44.62158,-122.11352,751.0
11422,44.62159,-122.11352,751.0
11423,44.62176,-122.11342,749.0
11424,44.62178,-122.1134,748.7
11425,44.62193,-122.11338,748.8
11426,44.62197,-122.11337,748.7
11427,44.62214,-122.11343,750.1
11428,44.62228,-122.11343,750.2
11429,44.62241,-122.11343,751.2
11430,44.62246,-122.11339,750.9
11431,44.6226,-122.11329,751.5
11432,44.62262,-122.11325,751.1
11433,44.62272,-122.11308,750.6
11434,44.62288,-122.11286,753.0
11435,44.62302,-122.11283,754.0
11436,44.62308,-122.11282,754.1
11437,44.6232,-122.11281,754.2
11438,44.62329,-122.11281,754.3
11439,44.62355,-122.11288,755.0
11440,44.62389,-122.11307,758.1
11441,44.62404,-122.11317,759.1
11442,44.62419,-122.11329,758.7
11443,44.6242,-122.1133,758.6
11444,44.62432,-122.11346,758.0
11445,44.62463,-122.11384,760.3
11446,44.62475,-122.11394,763.8
11447,44.62476,-122.11395,764.2
11448,44.62494,-122.11393,765.1
11449,44.62496,-122.11392,765.2
11450,44.6251,-122.1138,765.5
11451,44.62513,-122.11379,766.1
11452,44.62526,-122.11358,766.0
11453,44.62544,-122.1132,765.7
11454,44.62554,-122.11299,765.5
11455,44.62557,-122.11292,765.3
11456,44.62565,-122.11279,765.0
11457,44.62576,-122.11259,763.7
11458,44.62589,-122.11235,760.6
11459,44.62598,-122.11225,759.1
11460,44.6261,-122.11219,758.1
11461,44.62616,-122.1122,758.5
11462,44.62634,-122.11221,759.2
11463,44.62652,-122.11221,756.6
11464,44.62706,-122.11224,750.2
11465,44.62724,-122.11225,750.1
11466,44.62726,-122.11225,750.0
11467,44.6276,-122.11227,750.5
11468,44.62778,-122.11228,749.9
11469,44.62791,-122.11229,749.5
11470,44.62813,-122.11233,748.3
11471,44.62828,-122.11235,745.4
11472,44.6283,-122.11237,745.5
11473,44.62846,-122.11248,744.9
11474,44.62847,-122.11248,744.6
11475,44.62863,-122.11258,743.7
11476,44.62877,-122.11267,744.3
11477,44.62896,-122.11278,745.4
11478,44.62913,-122.11287,743.9
11479,44.62927,-122.11295,739.9
11480,44.62945,-122.11309,738.0
11481,44.6296,-122.11322,737.3
11482,44.62976,-122.11335,736.3
11483,44.62991,-122.11347,735.2
11484,44.63001,-122.11355,734.4
11485,44.63006,-122.11361,734.2
11486,44.63018,-122.11379,733.7
11487,44.63029,-122.11393,731.1
11488,44.63082,-122.11468,723.1
11489,44.63095,-122.11486,719.3
11490,44.63105,-122.115,715.1
11491,44.63107,-122.11504,714.4
11492,44.63124,-122.1153,711.9
11493,44.6313,-122.11542,711.4
11494,44.63154,-122.11591,709.2
11495,44.63171,-122.11625,703.0
11496,44.63171,-122.11626,702.9
11497,44.63173,-122.11624,702.2
11498,44.63183,-122.11644,699.0
11499,44.63183,-122.11645,699.0
11500,44.6319,-122.11668,697.1
11501,44.63191,-122.11673,696.8
11502,44.63192,-122.11733,698.3
11503,44.63193,-122.11743,698.1
11504,44.63197,-122.11768,697.4
11505,44.63197,-122.1177,697.5
11506,44.63199,-122.11773,696.9
11507,44.632021,-122.117697,695.8
11508,44.63199,-122.11773,696.9
11509,44.63211,-122.11794,695.1
11510,44.63226,-122.11807,692.4
11511,44.63238,-122.11814,689.8
11512,44.6324,-122.11815,689.4
11513,44.63254,-122.11821,687.2
11514,44.63267,-122.11834,685.2
11515,44.6329,-122.11868,680.4
11516,44.63306,-122.11884,675.7
11517,44.63314,-122.11906,674.6
11518,44.63331,-122.11941,672.3
11519,44.63337,-122.1195,671.0
11520,44.63343,-122.11957,670.0
11521,44.63379,-122.11997,665.1
11522,44.63388,-122.12007,664.2
11523,44.6341,-122.12023,662.0
11524,44.63442,-122.12047,658.3
11525,44.63464,-122.12063,655.7
11526,44.63487,-122.12098,652.3
11527,44.63493,-122.12114,651.1
11528,44.63497,-122.12123,650.3
11529,44.63499,-122.12146,649.2
11530,44.63497,-122.12163,648.9
11531,44.63491,-122.12206,648.3
11532,44.63471,-122.1231,647.9
11533,44.63471,-122.12313,647.8
11534,44.63475,-122.12329,647.3
11535,44.63478,-122.12333,647.1
11536,44.6348,-122.12338,647.1
11537,44.63488,-122.12343,647.0
11538,44.63493,-122.12345,647.1
11539,44.6351,-122.12354,648.9
11540,44.63517,-122.12357,649.7
11541,44.63543,-122.12342,650.1
11542,44.63548,-122.1234,650.3
11543,44.6359,-122.12303,650.3
11544,44.63605,-122.1229,650.3
11545,44.6362,-122.12277,650.3
11546,44.63651,-122.1225,650.3
11547,44.63668,-122.12243,650.8
11548,44.63685,-122.12236,651.5
11549,44.63699,-122.12243,652.5
11550,44.63702,-122.12245,652.6
11551,44.6376,-122.12288,655.1
11552,44.63766,-122.12293,655.1
11553,44.63806,-122.12327,654.4
11554,44.63839,-122.12358,653.5
11555,44.63841,-122.12361,653.2
11556,44.63856,-122.12376,652.7
11557,44.6387,-122.12391,652.0
11558,44.63884,-122.12406,651.0
11559,44.63884,-122.12407,650.8
11560,44.63892,-122.12419,649.2
11561,44.63894,-122.12427,648.0
11562,44.639,-122.12447,647.0
11563,44.63911,-122.12525,645.6
11564,44.63915,-122.1255,645.1
11565,44.63918,-122.12576,644.8
11566,44.63923,-122.12599,645.6
11567,44.63929,-122.12625,646.3
11568,44.63928,-122.12648,646.3
11569,44.63928,-122.12651,646.3
11570,44.63923,-122.12741,645.4
11571,44.63923,-122.12749,645.3
11572,44.63927,-122.1285,644.4
11573,44.63928,-122.1287,643.9
11574,44.63928,-122.12875,643.8
11575,44.63931,-122.12895,643.2
11576,44.639317,-122.128945,643.2
11577,44.63931,-122.12895,643.2
11578,44.63932,-122.129,643.0
11579,44.63935,-122.1292,642.4
11580,44.63938,-122.12924,642.1
11581,44.63961,-122.1296,639.0
11582,44.63961,-122.12961,639.0
11583,44.63973,-122.12981,637.2
11584,44.63984,-122.13001,635.4
11585,44.63996,-122.1302,634.1
11586,44.64003,-122.13033,633.9
11587,44.64007,-122.1304,633.9
11588,44.64032,-122.13092,633.6
11589,44.64077,-122.13098,632.1
11590,44.64113,-122.13093,625.9
11591,44.64133,-122.1309,625.0
11592,44.64145,-122.13093,626.4
11593,44.64155,-122.13102,629.8
11594,44.64155,-122.13102,629.8
11595,44.64159,-122.131,629.8
11596,44.64175,-122.13088,628.7
11597,44.64184,-122.13082,628.3
11598,44.64209,-122.13072,627.7
11599,44.64226,-122.13068,627.3
11600,44.64242,-122.13065,626.0
11601,44.64244,-122.13066,626.1
11602,44.64262,-122.13071,625.7
11603,44.64297,-122.13082,625.8
11604,44.64315,-122.13087,624.6
11605,44.64332,-122.13092,620.2
11606,44.64335,-122.13093,619.5
11607,44.64349,-122.131,617.1
11608,44.6438,-122.13116,613.8
11609,44.64398,-122.13131,612.2
11610,44.64407,-122.13139,611.3
11611,44.64412,-122.13146,611.3
11612,44.6445,-122.132,607.0
11613,44.64451,-122.13202,607.0
11614,44.64463,-122.13217,607.0
11615,44.64477,-122.13234,607.4
11616,44.6449,-122.13251,608.0
11617,44.645,-122.13263,608.7
11618,44.64503,-122.13269,609.0
11619,44.64519,-122.13299,612.5
11620,44.64522,-122.13311,613.4
11621,44.64527,-122.13335,614.7
11622,44.6454,-122.1339,618.8
11623,44.6454,-122.13408,616.3
11624,44.64542,-122.13433,614.9
11625,44.64543,-122.13459,614.1
11626,44.64544,-122.13484,613.1
11627,44.64546,-122.13509,611.0
11628,44.64547,-122.13534,606.3
11629,44.64549,-122.13579,595.7
11630,44.64561,-122.13602,594.8
11631,44.64562,-122.13604,594.4
11632,44.64578,-122.13616,592.1
11633,44.64579,-122.13616,592.1
11634,44.64596,-122.13616,591.5
11635,44.64603,-122.13616,590.8
11636,44.64614,-122.13612,589.7
11637,44.64631,-122.13606,586.1
11638,44.64684,-122.13589,582.3
11639,44.64694,-122.13568,583.9
11640,44.6471,-122.13557,583.9
11641,44.64726,-122.13546,583.6
11642,44.64742,-122.13534,583.4
11643,44.64758,-122.13523,582.9
11644,44.64774,-122.13512,582.0
11645,44.6481,-122.13487,579.9
11646,44.64824,-122.13482,578.4
11647,44.64841,-122.13476,577.2
11648,44.64858,-122.13469,577.4
11649,44.64893,-122.13456,580.9
11650,44.64911,-122.13458,580.7
11651,44.64929,-122.13459,581.4
11652,44.6493,-122.13459,581.4
11653,44.64967,-122.1348,576.5
11654,44.6498,-122.13484,575.5
11655,44.6499,-122.13487,573.9
11656,44.64997,-122.13483,573.0
11657,44.65011,-122.13477,572.4
11658,44.65014,-122.13473,572.2
11659,44.65036,-122.13438,571.9
11660,44.65038,-122.13437,571.9
11661,44.65055,-122.13429,571.2
11662,44.65072,-122.1342,571.5
11663,44.65089,-122.13412,571.7
11664,44.65106,-122.13404,571.9
11665,44.65141,-122.13389,571.6
11666,44.65175,-122.13374,569.5
11667,44.65198,-122.13363,569.3
11668,44.65208,-122.13356,569.1
11669,44.65233,-122.13336,566.2
11670,44.65256,-122.13284,564.4
11671,44.65256,-122.13283,564.5
11672,44.65277,-122.13243,564.3
11673,44.65279,-122.1324,564.1
11674,44.65286,-122.13221,563.8
11675,44.653021,-122.131543,561.8
11676,44.653021,-122.131543,561.8
11677,44.652972,-122.130847,559.0
11678,44.652902,-122.129874,559.8
11679,44.652902,-122.129874,559.8
11680,44.653984,-122.12975,566.4
11681,44.653984,-122.12975,566.4
11682,44.65537,-122.130009,575.5
11683,44.655873,-122.130293,572.1
11684,44.656632,-122.130079,579.6
11685,44.65751,-122.13004,579.7
11686,44.65827,-122.13038,572.6
11687,44.65888,-122.13012,580.3
11688,44.65972,-122.13039,572.7
11689,44.65972,-122.13039,572.7
11690,44.66062,-122.13068,572.3
11691,44.661205,-122.131362,568.9
11692,44.66122,-122.13143,568.4
11693,44.6613,-122.1314,568.9
11694,44.66147,-122.13132,569.6
11695,44.66164,-122.13124,569.7
11696,44.66164,-122.13123,569.8
11697,44.66205,-122.13075,569.0
11698,44.66219,-122.13058,567.5
11699,44.6622,-122.13057,567.4
11700,44.66233,-122.13042,565.6
11701,44.66247,-122.13026,563.3
11702,44.66253,-122.13018,562.3
11703,44.6628,-122.1301,561.3
11704,44.662853,-122.130084,562.5
11705,44.6629,-122.13007,564.4
11706,44.66297,-122.13012,567.9
11707,44.66309,-122.1302,573.9
11708,44.66312,-122.13025,575.2
11709,44.66323,-122.13045,579.9
11710,44.66323,-122.13046,579.9
11711,44.66332,-122.13093,581.8
11712,44.66334,-122.13144,580.0
11713,44.66335,-122.13162,579.7
11714,44.66333,-122.1322,579.9
11715,44.66332,-122.13236,580.9
11716,44.66331,-122.13245,581.5
11717,44.66329,-122.1327,582.4
11718,44.66324,-122.13326,579.0
11719,44.66332,-122.13359,577.5
11720,44.66335,-122.13368,577.1
11721,44.66341,-122.13388,575.7
11722,44.66342,-122.13391,575.4
11723,44.66354,-122.1342,574.6
11724,44.66361,-122.13444,572.6
11725,44.66361,-122.13461,571.9
11726,44.6636,-122.13476,573.7
11727,44.66358,-122.13486,575.7
11728,44.66356,-122.13497,578.6
11729,44.66351,-122.13508,581.9
11730,44.66337,-122.13539,585.2
11731,44.66331,-122.13566,584.7
11732,44.66335,-122.13593,585.8
11733,44.66336,-122.13602,586.0
11734,44.66341,-122.13646,585.9
11735,44.66349,-122.13699,585.4
11736,44.66359,-122.13726,585.9
11737,44.66361,-122.13767,588.6
11738,44.6636,-122.13773,589.7
11739,44.66357,-122.13801,592.9
11740,44.66357,-122.13824,594.4
11741,44.66357,-122.13839,594.8
11742,44.6636,-122.13865,594.3
11743,44.66374,-122.13891,595.3
11744,44.66374,-122.13893,595.0
11745,44.66385,-122.13922,595.1
11746,44.66385,-122.1394,591.9
11747,44.66384,-122.13962,589.8
11748,44.66379,-122.14006,586.1
11749,44.6638,-122.14015,586.3
11750,44.66384,-122.14038,586.4
11751,44.66388,-122.14054,585.5
11752,44.66408,-122.14083,585.1
11753,44.66431,-122.14105,584.8
11754,44.66448,-122.14126,585.3
11755,44.6645,-122.14129,585.5
11756,44.66461,-122.14181,588.6
11757,44.66465,-122.14224,590.4
11758,44.66465,-122.14227,590.2
11759,44.66473,-122.14254,590.7
11760,44.66487,-122.14269,592.5
11761,44.66509,-122.14287,594.5
11762,44.66528,-122.14308,596.0
11763,44.66533,-122.14314,596.5
11764,44.66546,-122.1435,593.3
11765,44.6655,-122.14359,592.0
11766,44.66562,-122.14381,588.1
11767,44.66572,-122.14384,587.7
11768,44.66581,-122.14383,588.3
11769,44.66589,-122.14381,589.0
11770,44.66607,-122.14374,591.2
11771,44.66635,-122.14378,591.1
11772,44.66653,-122.14385,592.4
11773,44.6666,-122.14397,592.6
11774,44.66662,-122.14414,592.3
11775,44.66663,-122.14429,592.1
11776,44.66663,-122.14451,592.0
11777,44.66669,-122.14499,590.6
11778,44.66672,-122.14529,590.0
11779,44.66674,-122.14557,589.7
11780,44.66675,-122.14576,589.2
11781,44.66685,-122.14597,590.3
11782,44.66688,-122.14602,590.7
11783,44.66701,-122.14621,592.5
11784,44.66716,-122.14634,595.2
11785,44.66733,-122.14653,596.5
11786,44.66745,-122.14671,596.4
11787,44.6675,-122.14688,595.3
11788,44.66755,-122.14705,594.7
11789,44.66751,-122.14729,593.8
11790,44.66735,-122.1475,591.0
11791,44.6673,-122.14757,590.4
11792,44.66719,-122.14781,590.0
11793,44.66714,-122.14804,590.1
11794,44.66715,-122.14817,590.4
11795,44.66716,-122.14837,590.6
11796,44.66723,-122.14883,590.6
11797,44.66743,-122.14963,590.2
11798,44.66752,-122.15002,589.7
11799,44.66764,-122.1502,589.9
11800,44.66778,-122.15032,589.6
11801,44.66786,-122.15037,589.0
11802,44.6682,-122.15055,586.8
11803,44.66821,-122.15056,586.8
11804,44.66834,-122.15075,586.7
11805,44.66839,-122.15088,586.7
11806,44.66839,-122.15105,586.4
11807,44.66834,-122.1512,585.9
11808,44.66829,-122.15134,585.9
11809,44.66818,-122.15165,586.0
11810,44.66811,-122.15188,586.1
11811,44.66805,-122.15205,585.8
11812,44.66801,-122.15238,585.6
11813,44.66805,-122.15271,585.4
11814,44.66809,-122.15285,585.5
11815,44.66811,-122.15295,585.6
11816,44.66812,-122.1531,585.9
11817,44.66812,-122.15317,586.2
11818,44.66805,-122.15333,586.2
11819,44.66802,-122.1536,586.4
11820,44.66802,-122.15376,586.2
11821,44.66804,-122.15382,586.5
11822,44.66806,-122.15393,586.5
11823,44.66814,-122.15411,586.8
11824,44.6683,-122.15432,588.3
11825,44.66837,-122.15454,588.5
11826,44.66839,-122.15467,588.3
11827,44.66842,-122.155,588.0
11828,44.66844,-122.15542,586.3
11829,44.66845,-122.15549,586.0
11830,44.6685,-122.15565,585.5
11831,44.66851,-122.15565,585.6
11832,44.66858,-122.15577,585.4
11833,44.66864,-122.15581,585.7
11834,44.66874,-122.15588,586.1
11835,44.6688,-122.15594,586.0
11836,44.66894,-122.1561,586.0
11837,44.66908,-122.15626,587.2
11838,44.66911,-122.1563,587.5
11839,44.66931,-122.15664,588.7
11840,44.66941,-122.15683,588.9
11841,44.66942,-122.15684,589.1
11842,44.66952,-122.15706,588.5
11843,44.66959,-122.15722,587.8
11844,44.66962,-122.15727,587.8
11845,44.66972,-122.15747,587.9
11846,44.66983,-122.15768,588.1
11847,44.66984,-122.15771,588.0
11848,44.66987,-122.15792,586.3
11849,44.66991,-122.15821,584.8
11850,44.66996,-122.15841,583.9
11851,44.66999,-122.15854,583.5
11852,44.67001,-122.15865,583.5
11853,44.67007,-122.15889,584.9
11854,44.67007,-122.15889,584.9
11855,44.67005,-122.15899,585.4
11856,44.66997,-122.15915,585.4
11857,44.6698,-122.15953,582.5
11858,44.6698,-122.15954,582.4
11859,44.66979,-122.15972,580.8
11860,44.6698,-122.15997,578.0
11861,44.66994,-122.1603,576.3
11862,44.67002,-122.16045,575.2
11863,44.67009,-122.16056,574.6
11864,44.67026,-122.16071,576.1
11865,44.67042,-122.16088,576.8
11866,44.67048,-122.16105,576.8
11867,44.67047,-122.16116,576.5
11868,44.67046,-122.16132,576.6
11869,44.67043,-122.16141,576.2
11870,44.67037,-122.16159,575.3
11871,44.67037,-122.16164,575.5
11872,44.67033,-122.16197,575.2
11873,44.67032,-122.16214,575.1
11874,44.67031,-122.1624,574.5
11875,44.6703,-122.16257,573.5
11876,44.67034,-122.16275,573.0
11877,44.67041,-122.16285,573.3
11878,44.67046,-122.16292,573.2
11879,44.67062,-122.16304,573.8
11880,44.6708,-122.16329,574.3
11881,44.67082,-122.16333,574.4
11882,44.67096,-122.16363,577.4
11883,44.671,-122.16376,577.9
11884,44.67111,-122.16408,578.2
11885,44.67116,-122.16422,577.9
11886,44.67122,-122.16445,575.9
11887,44.67143,-122.1648,575.5
11888,44.67145,-122.16485,575.0
11889,44.67156,-122.16505,573.7
11890,44.67166,-122.16526,572.5
11891,44.67174,-122.16548,571.9
11892,44.67175,-122.1655,572.1
11893,44.67187,-122.16594,573.6
11894,44.67188,-122.16609,574.9
11895,44.67187,-122.16621,575.6
11896,44.67187,-122.16626,576.1
11897,44.67184,-122.16646,576.9
11898,44.67181,-122.16664,577.0
11899,44.67182,-122.16671,577.5
11900,44.67182,-122.16696,576.6
11901,44.67182,-122.16708,574.9
11902,44.6719,-122.16721,574.6
11903,44.67206,-122.16733,575.2
11904,44.6722,-122.16742,578.6
11905,44.67227,-122.16747,581.4
11906,44.6724,-122.16769,580.7
11907,44.67245,-122.16777,580.8
11908,44.6726,-122.16796,582.2
11909,44.67274,-122.16804,593.8
11910,44.67276,-122.16805,596.1
11911,44.67281,-122.16823,591.7
11912,44.67287,-122.16854,580.5
11913,44.67298,-122.1687,580.2
11914,44.67304,-122.1688,579.3
11915,44.67309,-122.1689,578.3
11916,44.67318,-122.16909,583.7
11917,44.67318,-122.16911,584.0
11918,44.67317,-122.1692,584.7
11919,44.67311,-122.16934,583.7
11920,44.67303,-122.16953,583.1
11921,44.67302,-122.16956,583.1
11922,44.67295,-122.16973,581.4
11923,44.67296,-122.16979,582.6
11924,44.67298,-122.16996,583.7
11925,44.67302,-122.17002,586.4
11926,44.67313,-122.17022,591.7
11927,44.67318,-122.1703,593.5
11928,44.67328,-122.17063,589.7
11929,44.67329,-122.17066,589.2
11930,44.67339,-122.17088,585.6
11931,44.67342,-122.17096,583.8
11932,44.67352,-122.17105,583.4
11933,44.67364,-122.17116,582.7
11934,44.67367,-122.17118,582.8
11935,44.67384,-122.17126,584.5
11936,44.67398,-122.17134,586.2
11937,44.674,-122.17137,585.8
11938,44.67422,-122.1716,588.0
11939,44.67427,-122.1717,588.1
11940,44.67433,-122.17182,590.0
11941,44.67432,-122.17192,590.0
11942,44.67431,-122.17205,591.1
11943,44.67428,-122.17217,591.6
11944,44.67425,-122.17229,592.0
11945,44.67423,-122.17241,592.4
11946,44.67417,-122.17278,591.5
11947,44.67413,-122.17289,590.2
11948,44.67405,-122.17312,589.6
11949,44.67402,-122.17322,590.1
11950,44.67396,-122.17334,589.4
11951,44.6739,-122.17346,588.5
11952,44.67388,-122.17375,588.0
11953,44.67389,-122.17381,587.8
11954,44.67393,-122.17401,586.5
11955,44.67395,-122.17405,586.4
11956,44.67409,-122.17431,585.0
11957,44.67418,-122.17444,584.5
11958,44.6743,-122.17462,586.3
11959,44.67435,-122.17469,587.6
11960,44.6744,-122.17483,588.7
11961,44.67446,-122.17507,589.5
11962,44.67458,-122.17554,589.7
11963,44.67462,-122.17574,588.7
11964,44.67463,-122.17579,588.5
11965,44.67473,-122.17623,588.5
11966,44.67474,-122.17627,588.7
11967,44.67485,-122.17675,591.0
11968,44.67489,-122.17692,591.4
11969,44.67508,-122.17743,591.6
11970,44.67514,-122.17759,590.8
11971,44.67517,-122.17765,590.8
11972,44.67528,-122.17786,589.1
11973,44.67534,-122.17798,588.0
11974,44.67556,-122.17815,590.4
11975,44.67558,-122.17816,590.5
11976,44.67603,-122.17828,596.2
11977,44.67609,-122.17831,596.7
11978,44.67626,-122.17839,597.2
11979,44.6764,-122.17847,596.6
11980,44.6766,-122.1785,596.4
11981,44.67678,-122.17854,596.1
11982,44.67691,-122.17856,596.1
11983,44.67696,-122.17858,595.9
11984,44.67731,-122.1787,595.8
11985,44.67747,-122.17876,595.8
11986,44.67748,-122.17877,595.6
11987,44.67762,-122.17892,592.0
11988,44.67775,-122.17906,587.8
11989,44.67777,-122.17908,587.2
11990,44.67795,-122.17933,585.4
11991,44.67813,-122.17993,589.6
11992,44.67816,-122.18004,589.3
11993,44.67821,-122.18016,590.0
11994,44.6783,-122.18037,589.6
11995,44.67839,-122.18059,588.1
11996,44.67846,-122.18076,586.7
11997,44.67864,-122.18095,590.0
11998,44.6787,-122.18101,591.0
11999,44.67894,-122.18129,594.8
12000,44.679,-122.18149,593.7
12001,44.67904,-122.18159,594.4
12002,44.67906,-122.18173,595.3
12003,44.6791,-122.18197,597.0
12004,44.67914,-122.18222,597.7
12005,44.67917,-122.18247,597.2
12006,44.67922,-122.18277,597.4
12007,44.67923,-122.18297,596.3
12008,44.67923,-122.1831,595.5
12009,44.67925,-122.18322,596.0
12010,44.67929,-122.18346,597.2
12011,44.67931,-122.18364,596.1
12012,44.67935,-122.1837,596.8
12013,44.6794,-122.18379,596.3
12014,44.67948,-122.18385,596.4
12015,44.67962,-122.18396,594.0
12016,44.67964,-122.18397,593.8
12017,44.6798,-122.18401,593.4
12018,44.67998,-122.18389,597.3
12019,44.68002,-122.18386,600.3
12020,44.68015,-122.18389,597.5
12021,44.68033,-122.18392,597.0
12022,44.68044,-122.18394,596.8
12023,44.68051,-122.18397,596.3
12024,44.68067,-122.18405,595.8
12025,44.68076,-122.18414,596.4
12026,44.6808,-122.18423,596.9
12027,44.68089,-122.18444,597.4
12028,44.68092,-122.18451,597.5
12029,44.68099,-122.18466,597.5
12030,44.68118,-122.18508,596.4
12031,44.68118,-122.18509,596.3
12032,44.68124,-122.18528,596.6
12033,44.68123,-122.18542,596.1
12034,44.68121,-122.18557,595.4
12035,44.6812,-122.18565,595.1
12036,44.68123,-122.18592,595.5
12037,44.68129,-122.18614,596.2
12038,44.68134,-122.1863,596.4
12039,44.68145,-122.18674,595.7
12040,44.68147,-122.18725,595.9
12041,44.68147,-122.18728,595.8
12042,44.68154,-122.18748,596.1
12043,44.68155,-122.18752,596.0
12044,44.68167,-122.18764,596.4
12045,44.68171,-122.18768,596.4
12046,44.68198,-122.18783,596.7
12047,44.68208,-122.18807,596.1
12048,44.68208,-122.18808,596.0
12049,44.68212,-122.18832,595.1
12050,44.68215,-122.18849,594.6
12051,44.68219,-122.18855,595.3
12052,44.68234,-122.18881,595.2
12053,44.68241,-122.18895,592.5
12054,44.68253,-122.18915,585.2
12055,44.68266,-122.18934,580.8
12056,44.68276,-122.18942,578.6
12057,44.68294,-122.18938,577.5
12058,44.68323,-122.18932,571.9
12059,44.68328,-122.18938,571.5
12060,44.68339,-122.18951,572.6
12061,44.6834,-122.18956,572.6
12062,44.68346,-122.18979,573.6
12063,44.68346,-122.1898,573.5
12064,44.68346,-122.1902,569.7
12065,44.68353,-122.19046,564.9
12066,44.68357,-122.1905,564.2
12067,44.68372,-122.19064,560.4
12068,44.68387,-122.19078,559.3
12069,44.68398,-122.19098,560.0
12070,44.68403,-122.19107,561.1
12071,44.68406,-122.19121,559.5
12072,44.6841,-122.19139,555.5
12073,44.68426,-122.19161,550.1
12074,44.68432,-122.1917,548.7
12075,44.68454,-122.19192,547.2
12076,44.68463,-122.19199,546.6
12077,44.68469,-122.19205,545.8
12078,44.68485,-122.19219,545.3
12079,44.68517,-122.19247,546.5
12080,44.68535,-122.1927,543.8
12081,44.68535,-122.1927,543.8
12082,44.68565,-122.19297,541.1
12083,44.68573,-122.19304,541.0
12084,44.68579,-122.19314,539.4
12085,44.68585,-122.19324,538.3
12086,44.68595,-122.19347,535.1
12087,44.68599,-122.19372,532.2
12088,44.68601,-122.19381,531.6
12089,44.68605,-122.19411,530.6
12090,44.68617,-122.19451,530.5
12091,44.68633,-122.19479,530.6
12092,44.68641,-122.19491,530.1
12093,44.68654,-122.19509,526.4
12094,44.68666,-122.19528,524.6
12095,44.68691,-122.19564,525.7
12096,44.68694,-122.19569,525.2
12097,44.68715,-122.19602,525.1
12098,44.68727,-122.1962,524.5
12099,44.68751,-122.19656,522.6
12100,44.68779,-122.19691,520.7
12101,44.68799,-122.19717,519.0
12102,44.68833,-122.19757,518.9
12103,44.68861,-122.19789,519.8
12104,44.68902,-122.19838,520.3
12105,44.68916,-122.19854,520.6
12106,44.68971,-122.19919,521.1
12107,44.69013,-122.19968,521.4
12108,44.69027,-122.19984,521.4
12109,44.69046,-122.20006,521.5
12110,44.69067,-122.20034,520.7
12111,44.69077,-122.20048,519.8
12112,44.6908,-122.20051,519.7
12113,44.69091,-122.20061,519.0
12114,44.69096,-122.20064,518.8
12115,44.69105,-122.2007,518.0
12116,44.69113,-122.20072,518.1
12117,44.69123,-122.20075,517.9
12118,44.6913,-122.20073,518.7
12119,44.69164,-122.20067,513.2
12120,44.69166,-122.20067,512.7
12121,44.69183,-122.2006,513.0
12122,44.69201,-122.20053,512.4
12123,44.69216,-122.20048,511.7
12124,44.69218,-122.20047,511.7
12125,44.69235,-122.2004,511.0
12126,44.69253,-122.20033,510.4
12127,44.6927,-122.20026,509.9
12128,44.69279,-122.20023,509.5
12129,44.69315,-122.20005,508.0
12130,44.69321,-122.20001,507.7
12131,44.69336,-122.19988,507.0
12132,44.69339,-122.19986,506.6
12133,44.6935,-122.19972,506.2
12134,44.69361,-122.19961,503.9
12135,44.69364,-122.19956,503.3
12136,44.69375,-122.19936,501.3
12137,44.69376,-122.19933,501.4
12138,44.69387,-122.19891,503.2
12139,44.69397,-122.19839,505.5
12140,44.69401,-122.19815,506.3
12141,44.69403,-122.19805,506.4
12142,44.69406,-122.19791,506.3
12143,44.69412,-122.19767,505.5
12144,44.6942,-122.19731,504.4
12145,44.69427,-122.19694,504.0
12146,44.69429,-122.19682,503.7
12147,44.6943,-122.19669,504.2
12148,44.69435,-122.19597,507.2
12149,44.69436,-122.19594,506.9
12150,44.69489,-122.19477,497.0
12151,44.69496,-122.19468,497.4
12152,44.69524,-122.19436,498.3
12153,44.69526,-122.19433,498.4
12154,44.69552,-122.19405,494.9
12155,44.69563,-122.19385,493.4
12156,44.69566,-122.19381,492.9
12157,44.69571,-122.19364,492.8
12158,44.69571,-122.19363,492.8
12159,44.69577,-122.19339,492.8
12160,44.69589,-122.19291,493.6
12161,44.69592,-122.19277,494.5
12162,44.69597,-122.19269,494.5
12163,44.69645,-122.19194,490.9
12164,44.69649,-122.19169,491.7
12165,44.69657,-122.1912,492.5
12166,44.69681,-122.18972,495.3
12167,44.69684,-122.18951,496.9
12168,44.6971,-122.1891,493.8
12169,44.69722,-122.18892,492.9
12170,44.69734,-122.18873,492.8
12171,44.69758,-122.18835,493.1
12172,44.69794,-122.18779,493.8
12173,44.69806,-122.1876,493.4
12174,44.69818,-122.18741,492.6
12175,44.69826,-122.18729,492.4
12176,44.69847,-122.18712,490.9
12177,44.69863,-122.18699,492.3
12178,44.69878,-122.18687,494.4
12179,44.69894,-122.18674,495.7
12180,44.69936,-122.1864,496.6
12181,44.69941,-122.18637,496.4
12182,44.69957,-122.18626,496.1
12183,44.69974,-122.18616,495.4
12184,44.6999,-122.18606,494.6
12185,44.70008,-122.18595,493.4
12186,44.70047,-122.18545,491.7
12187,44.70048,-122.18544,491.4
12188,44.70069,-122.18491,490.6
12189,44.70077,-122.18483,489.9
12190,44.7009,-122.18467,491.6
12191,44.70103,-122.18452,495.9
12192,44.70105,-122.18453,496.0
12193,44.70122,-122.18459,497.1
12194,44.7014,-122.18464,498.3
12195,44.70141,-122.18465,498.3
12196,44.70171,-122.18489,496.9
12197,44.70175,-122.18493,496.3
12198,44.70187,-122.185,495.6
12199,44.70203,-122.1851,493.2
12200,44.70204,-122.1851,493.2
12201,44.70221,-122.18503,493.7
12202,44.70239,-122.18497,492.1
12203,44.70249,-122.18493,491.0
12204,44.70272,-122.18445,491.6
12205,44.70272,-122.18443,491.8
12206,44.7028,-122.1842,491.2
12207,44.70287,-122.18396,490.6
12208,44.70294,-122.18373,491.7
12209,44.70299,-122.18357,493.3
12210,44.70331,-122.1832,494.8
12211,44.70345,-122.18305,493.7
12212,44.70359,-122.18289,492.1
12213,44.70375,-122.18271,489.9
12214,44.70379,-122.18249,490.3
12215,44.70394,-122.18176,490.5
12216,44.70399,-122.18152,490.0
12217,44.70404,-122.18128,489.9
12218,44.70409,-122.18103,489.8
12219,44.70414,-122.18079,489.8
12220,44.70422,-122.1803,493.0
12221,44.70431,-122.17981,496.5
12222,44.7045,-122.17938,494.8
12223,44.70462,-122.17913,493.0
12224,44.70461,-122.17873,494.7
12225,44.70453,-122.17843,496.5
12226,44.70451,-122.17833,496.8
12227,44.7043,-122.17747,498.5
12228,44.7043,-122.17746,498.5
12229,44.7043,-122.17692,499.0
12230,44.70437,-122.17674,499.0
12231,44.70445,-122.17651,499.2
12232,44.70451,-122.17633,499.3
12233,44.70453,-122.17629,499.3
12234,44.70476,-122.17576,498.5
12235,44.7048,-122.17563,498.5
12236,44.70494,-122.17517,498.2
12237,44.705,-122.17499,497.9
12238,44.70501,-122.17493,498.0
12239,44.70514,-122.17394,498.3
12240,44.70515,-122.17352,498.6
12241,44.70516,-122.17327,498.7
12242,44.70517,-122.17258,498.9
12243,44.70522,-122.17212,499.0
12244,44.7053,-122.17177,498.6
12245,44.7056,-122.17058,503.0
12246,44.70566,-122.17034,504.3
12247,44.70568,-122.17024,504.8
12248,44.70575,-122.16963,508.0
12249,44.70575,-122.16959,508.3
12250,44.70576,-122.16934,510.1
12251,44.70577,-122.16883,514.9
12252,44.70579,-122.16826,518.6
12253,44.70584,-122.16809,519.2
12254,44.70592,-122.16786,520.0
12255,44.70599,-122.16763,520.7
12256,44.706,-122.1676,520.8
12257,44.70607,-122.1674,521.1
12258,44.70628,-122.16677,521.6
12259,44.7063,-122.16672,521.6
12260,44.70636,-122.16648,521.8
12261,44.70643,-122.16625,521.8
12262,44.70648,-122.16608,521.7
12263,44.70659,-122.16552,521.9
12264,44.70664,-122.16528,521.8
12265,44.70668,-122.16509,521.6
12266,44.70668,-122.16478,521.9
12267,44.7067,-122.16377,522.0
12268,44.7067,-122.16351,522.0
12269,44.70671,-122.16276,521.8
12270,44.70672,-122.1625,521.4
12271,44.70672,-122.16236,521.3
12272,44.7068,-122.16202,520.8
12273,44.70686,-122.16177,521.0
12274,44.70699,-122.1613,523.4
12275,44.70743,-122.16077,529.7
12276,44.70754,-122.16066,530.7
12277,44.70769,-122.16051,531.9
12278,44.70812,-122.16006,533.8
12279,44.70845,-122.15972,534.7
12280,44.70859,-122.15957,534.9
12281,44.70874,-122.15942,535.0
12282,44.70917,-122.15896,534.8
12283,44.70932,-122.15881,534.4
12284,44.70961,-122.15851,533.7
12285,44.70968,-122.15843,533.6
12286,44.70998,-122.15807,533.2
12287,44.71012,-122.15781,533.1
12288,44.71025,-122.15756,532.9
12289,44.71039,-122.15716,533.2
12290,44.71046,-122.15699,533.5
12291,44.71048,-122.15694,533.6
12292,44.71059,-122.15674,534.1
12293,44.71077,-122.15668,533.3
12294,44.71094,-122.15662,532.7
12295,44.71115,-122.15655,532.7
12296,44.71148,-122.15653,531.0
12297,44.71161,-122.15653,529.9
12298,44.71165,-122.15651,529.8
12299,44.71182,-122.15642,529.4
12300,44.71194,-122.15635,529.0
12301,44.71198,-122.1563,529.1
12302,44.7121,-122.15612,529.5
12303,44.71219,-122.15599,529.3
12304,44.7122,-122.15592,529.6
12305,44.71227,-122.15547,531.4
12306,44.71234,-122.15519,531.6
12307,44.71238,-122.15501,532.3
12308,44.71254,-122.15479,532.4
12309,44.7126,-122.1547,533.1
12310,44.71269,-122.15465,533.2
12311,44.71289,-122.15454,533.8
12312,44.71304,-122.15451,533.9
12313,44.71309,-122.1545,534.0
12314,44.71343,-122.15471,532.2
12315,44.7136,-122.15476,531.8
12316,44.71372,-122.15476,531.8
12317,44.7139,-122.15476,531.1
12318,44.71393,-122.15476,531.0
12319,44.71407,-122.15468,530.8
12320,44.71422,-122.1546,530.2
12321,44.71423,-122.15458,530.3
12322,44.71441,-122.1541,532.1
12323,44.71443,-122.15388,533.3
12324,44.71445,-122.15378,533.5
12325,44.71445,-122.15363,534.0
12326,44.71446,-122.15338,534.5
12327,44.71447,-122.15287,535.1
12328,44.71449,-122.15186,535.7
12329,44.71451,-122.15081,536.1
12330,44.71455,-122.15057,536.1
12331,44.71468,-122.14983,536.7
12332,44.71472,-122.14961,536.9
12333,44.71478,-122.14935,536.8
12334,44.71484,-122.14911,536.8
12335,44.71513,-122.14791,536.8
12336,44.71517,-122.14774,536.7
12337,44.71539,-122.14696,536.4
12338,44.71554,-122.14639,535.8
12339,44.7159,-122.14598,532.7
12340,44.71604,-122.14582,532.7
12341,44.71632,-122.1455,533.6
12342,44.71646,-122.14534,533.6
12343,44.7166,-122.14518,533.3
12344,44.71674,-122.14503,533.1
12345,44.71702,-122.14471,533.5
12346,44.71716,-122.14455,533.6
12347,44.71724,-122.14445,533.6
12348,44.71734,-122.1443,533.8
12349,44.71746,-122.14411,534.0
12350,44.71793,-122.14334,535.0
12351,44.71804,-122.14315,535.1
12352,44.71816,-122.14295,535.2
12353,44.71869,-122.14209,535.4
12354,44.71906,-122.14137,535.2
12355,44.71908,-122.14133,535.2
12356,44.71923,-122.14093,534.9
12357,44.71966,-122.13983,534.7
12358,44.71983,-122.13941,534.7
12359,44.72009,-122.13894,534.5
12360,44.72013,-122.1389,534.5
12361,44.7204,-122.13856,534.3
12362,44.72044,-122.13851,534.3
12363,44.72095,-122.1379,534.7
12364,44.72109,-122.13774,534.9
12365,44.72136,-122.13742,535.1
12366,44.72149,-122.13726,534.7
12367,44.7215,-122.13725,534.6
12368,44.72162,-122.13706,533.2
12369,44.72169,-122.13694,531.6
12370,44.7217,-122.13685,531.0
12371,44.72173,-122.1366,527.8
12372,44.72174,-122.13652,526.6
12373,44.72169,-122.13616,521.7
12374,44.72167,-122.13611,521.5
12375,44.72158,-122.1359,520.1
12376,44.72158,-122.13589,519.9
12377,44.72146,-122.1357,518.0
12378,44.72136,-122.13554,515.0
12379,44.72133,-122.13552,514.8
12380,44.72116,-122.13544,514.0
12381,44.72106,-122.13538,512.8
12382,44.72099,-122.13537,513.1
12383,44.72082,-122.13533,513.5
12384,44.72081,-122.13533,513.5
12385,44.72056,-122.13523,505.7
12386,44.72048,-122.13516,503.4
12387,44.72032,-122.13504,504.1
12388,44.72027,-122.135,504.6
12389,44.72018,-122.13488,504.5
12390,44.72004,-122.13472,504.1
12391,44.71987,-122.13451,501.5
12392,44.7196,-122.13445,502.9
12393,44.71957,-122.13442,502.4
12394,44.71944,-122.13433,501.6
12395,44.71941,-122.1343,501.2
12396,44.71926,-122.13415,500.6
12397,44.71912,-122.134,502.0
12398,44.71909,-122.13397,502.6
12399,44.71875,-122.13345,503.7
12400,44.71863,-122.13326,501.9
12401,44.71862,-122.13323,501.2
12402,44.71849,-122.13312,500.7
12403,44.71832,-122.13297,498.6
12404,44.71816,-122.13291,498.9
12405,44.71801,-122.13285,498.5
12406,44.71799,-122.13285,498.8
12407,44.71774,-122.13287,502.5
12408,44.71763,-122.13284,502.8
12409,44.71746,-122.13279,504.4
12410,44.71737,-122.13276,505.8
12411,44.7173,-122.13267,505.4
12412,44.71718,-122.13249,504.4
12413,44.71688,-122.13208,503.9
12414,44.71679,-122.13197,503.2
12415,44.71665,-122.1318,501.9
12416,44.71657,-122.1317,501.0
12417,44.71651,-122.13164,500.7
12418,44.71636,-122.1315,500.5
12419,44.71606,-122.13122,502.7
12420,44.71592,-122.13107,503.4
12421,44.71587,-122.13103,504.7
12422,44.7158,-122.13089,505.3
12423,44.71569,-122.13068,505.5
12424,44.71561,-122.13053,506.0
12425,44.71559,-122.13047,505.9
12426,44.71538,-122.12977,505.1
12427,44.71535,-122.12968,505.3
12428,44.71519,-122.12906,504.5
12429,44.71503,-122.12843,504.0
12430,44.715,-122.12835,504.5
12431,44.71483,-122.12785,503.9
12432,44.71475,-122.12768,504.0
12433,44.71457,-122.12729,503.1
12434,44.71428,-122.12693,503.6
12435,44.71415,-122.12676,503.1
12436,44.71386,-122.12646,501.2
12437,44.71363,-122.12623,497.2
12438,44.71356,-122.12618,496.6
12439,44.7134,-122.12607,497.6
12440,44.71316,-122.1259,499.2
12441,44.71293,-122.12576,498.5
12442,44.71292,-122.12573,498.0
12443,44.71279,-122.12556,496.0
12444,44.71276,-122.12552,495.6
12445,44.71265,-122.12539,494.7
12446,44.71252,-122.12522,493.7
12447,44.71246,-122.12514,493.2
12448,44.71242,-122.12502,491.5
12449,44.71234,-122.12479,488.9
12450,44.71229,-122.12465,488.6
12451,44.71219,-122.12433,488.2
12452,44.71212,-122.12412,488.1
12453,44.71211,-122.1241,488.1
12454,44.71199,-122.12365,487.7
12455,44.71183,-122.12317,487.2
12456,44.71164,-122.12285,487.1
12457,44.71162,-122.12276,487.0
12458,44.71155,-122.12253,486.9
12459,44.71148,-122.1223,486.6
12460,44.71139,-122.12199,486.3
12461,44.7112,-122.12185,486.6
12462,44.71113,-122.12162,486.3
12463,44.71106,-122.12139,486.0
12464,44.71104,-122.12132,485.9
12465,44.71088,-122.12095,485.6
12466,44.71078,-122.12074,485.5
12467,44.71072,-122.12058,485.2
12468,44.71064,-122.12035,484.8
12469,44.71056,-122.12012,485.0
12470,44.71033,-122.11944,485.7
12471,44.71026,-122.11922,485.8
12472,44.71016,-122.11894,486.1
12473,44.7101,-122.11859,485.8
12474,44.71009,-122.11849,485.6
12475,44.71007,-122.11824,485.3
12476,44.71007,-122.11818,485.2
12477,44.71007,-122.11798,484.9
12478,44.71006,-122.11751,484.2
12479,44.71006,-122.11748,484.2
12480,44.71002,-122.11692,484.0
12481,44.70998,-122.11673,484.2
12482,44.70996,-122.1166,484.2
12483,44.70994,-122.11648,484.2
12484,44.70988,-122.11614,484.1
12485,44.70977,-122.11576,484.1
12486,44.7097,-122.11553,484.0
12487,44.7097,-122.1155,483.9
12488,44.70962,-122.1153,484.0
12489,44.70954,-122.11508,484.0
12490,44.70945,-122.11486,484.0
12491,44.70932,-122.11453,484.3
12492,44.70919,-122.11419,484.6
12493,44.7091,-122.11397,484.8
12494,44.70901,-122.11375,484.9
12495,44.70893,-122.11355,484.9
12496,44.70892,-122.11353,484.9
12497,44.70872,-122.11311,485.2
12498,44.70862,-122.1129,485.2
12499,44.70852,-122.11269,485.2
12500,44.70842,-122.11248,484.8
12501,44.70832,-122.11227,484.5
12502,44.70827,-122.11216,484.2
12503,44.70822,-122.11207,484.2
12504,44.70811,-122.11186,484.3
12505,44.70801,-122.11166,484.6
12506,44.70796,-122.11157,484.8
12507,44.70794,-122.11143,484.5
12508,44.70784,-122.11085,484.1
12509,44.70788,-122.11043,482.8
12510,44.70788,-122.11042,482.7
12511,44.70794,-122.1102,482.2
12512,44.70797,-122.11007,482.3
12513,44.70801,-122.11002,482.3
12514,44.70811,-122.10982,482.6
12515,44.70821,-122.10963,482.8
12516,44.70827,-122.10955,483.0
12517,44.70841,-122.1094,483.2
12518,44.70855,-122.10924,483.4
12519,44.70884,-122.10892,483.7
12520,44.70897,-122.10877,483.8
12521,44.70904,-122.1087,483.8
12522,44.70919,-122.10859,484.0
12523,44.70938,-122.1085,484.2
12524,44.70951,-122.10861,484.2
12525,44.70965,-122.10872,484.2
12526,44.70975,-122.10893,484.2
12527,44.70987,-122.10937,483.9
12528,44.70995,-122.1097,483.7
12529,44.71006,-122.11009,483.6
12530,44.71009,-122.11033,483.4
12531,44.71013,-122.11038,483.4
12532,44.71016,-122.11049,483.4
12533,44.71019,-122.11065,483.3
12534,44.71022,-122.11075,483.2
12535,44.71023,-122.11078,483.2
12536,44.71028,-122.11088,483.3
12537,44.71036,-122.11093,483.4
12538,44.71043,-122.11096,483.5
12539,44.71062,-122.11095,483.8
12540,44.71062,-122.11095,483.8
12541,44.71069,-122.11116,483.8
12542,44.71085,-122.11164,483.8
12543,44.71147,-122.1134,484.0
12544,44.71163,-122.11386,484.2
12545,44.71169,-122.11392,484.4
12546,44.71245,-122.11618,485.8
12547,44.71264,-122.11671,486.2
12548,44.71271,-122.11689,486.5
12549,44.7128,-122.1171,486.8
12550,44.71295,-122.11747,486.6
12551,44.71324,-122.11803,486.9
12552,44.71332,-122.11818,487.1
12553,44.71343,-122.11837,487.4
12554,44.71372,-122.11883,487.1
12555,44.71392,-122.11911,487.1
12556,44.71423,-122.11954,486.5
12557,44.71449,-122.11986,486.4
12558,44.71467,-122.12005,486.7
12559,44.71494,-122.12031,487.5
12560,44.71503,-122.1204,487.5
12561,44.71524,-122.12059,487.0
12562,44.71552,-122.12083,486.1
12563,44.7158,-122.12106,485.4
12564,44.71589,-122.12112,485.4
12565,44.71596,-122.12118,485.3
12566,44.71634,-122.12147,484.6
12567,44.71675,-122.12179,483.1
12568,44.71691,-122.12191,484.1
12569,44.71697,-122.12198,484.5
12570,44.71701,-122.12202,484.8
12571,44.71705,-122.12206,485.0
12572,44.71708,-122.12211,485.1
12573,44.71719,-122.12226,485.3
12574,44.71733,-122.12246,485.6
12575,44.71744,-122.12267,485.6
12576,44.71751,-122.1228,485.7
12577,44.71762,-122.12304,485.6
12578,44.71769,-122.12321,485.2
12579,44.71773,-122.12333,485.0
12580,44.71778,-122.12349,484.7
12581,44.71781,-122.12357,485.0
12582,44.71785,-122.12372,484.9
12583,44.71787,-122.12379,484.9
12584,44.71798,-122.12417,485.2
12585,44.71809,-122.12454,487.5
12586,44.71813,-122.12465,490.6
12587,44.71816,-122.12474,492.5
12588,44.71821,-122.12488,493.3
12589,44.71823,-122.12494,493.4
12590,44.71831,-122.12512,494.5
12591,44.71843,-122.1254,495.0
12592,44.71852,-122.12556,495.9
12593,44.71873,-122.1259,496.5
12594,44.71881,-122.12602,496.0
12595,44.71886,-122.12608,496.1
12596,44.71884,-122.12611,495.2
12597,44.71884,-122.12611,495.2
12598,44.71895,-122.12627,496.3
12599,44.71959,-122.12707,497.5
12600,44.71968,-122.12719,497.4
12601,44.71972,-122.12724,497.4
12602,44.71986,-122.12741,497.6
12603,44.72,-122.12757,497.9
12604,44.72013,-122.12773,500.2
12605,44.72027,-122.1279,500.6
12606,44.72041,-122.12806,500.9
12607,44.72068,-122.12839,500.7
12608,44.72082,-122.12855,500.7
12609,44.72091,-122.12866,500.7
12610,44.72095,-122.12872,500.7
12611,44.72109,-122.12889,500.6
12612,44.72135,-122.12923,499.2
12613,44.72175,-122.12974,498.6
12614,44.72236,-122.13049,500.0
12615,44.72277,-122.13099,504.3
12616,44.72317,-122.13149,504.8
12617,44.72331,-122.13166,504.7
12618,44.72371,-122.13216,503.7
12619,44.72385,-122.13233,504.0
12620,44.72412,-122.13267,506.5
12621,44.72493,-122.13367,511.1
12622,44.72506,-122.13384,511.5
12623,44.7252,-122.134,511.8
12624,44.72533,-122.13417,512.7
12625,44.72547,-122.13434,512.8
12626,44.72587,-122.13484,512.0
12627,44.72601,-122.13501,512.4
12628,44.72668,-122.13584,509.5
12629,44.72693,-122.13615,511.8
12630,44.72705,-122.13633,510.9
12631,44.72718,-122.13651,505.5
12632,44.7272,-122.13654,505.0
12633,44.72724,-122.13661,503.7
12634,44.72731,-122.13672,501.3
12635,44.72739,-122.13687,500.9
12636,44.72743,-122.13697,501.1
12637,44.72746,-122.13704,501.0
12638,44.72757,-122.13728,501.5
12639,44.72768,-122.13756,501.6
12640,44.72796,-122.13827,502.6
12641,44.72805,-122.13851,503.0
12642,44.72811,-122.13872,503.0
12643,44.72815,-122.13888,500.7
12644,44.72816,-122.13892,500.1
12645,44.72825,-122.13925,498.0
12646,44.72833,-122.13956,497.8
12647,44.72833,-122.13959,497.6
12648,44.72838,-122.13984,497.5
12649,44.72842,-122.14008,496.5
12650,44.72847,-122.14033,495.2
12651,44.72851,-122.14057,493.6
12652,44.72856,-122.14082,492.6
12653,44.7286,-122.14106,491.9
12654,44.72873,-122.14175,490.7
12655,44.72875,-122.14185,490.9
12656,44.72877,-122.14197,491.1
12657,44.72879,-122.14205,491.4
12658,44.72879,-122.14207,491.4
12659,44.72884,-122.14231,491.9
12660,44.72898,-122.14304,492.6
12661,44.72908,-122.14356,492.5
12662,44.72916,-122.14405,492.4
12663,44.72921,-122.14429,492.6
12664,44.72925,-122.14454,492.8
12665,44.72934,-122.14503,493.2
12666,44.7294,-122.14536,492.8
12667,44.72943,-122.14552,492.1
12668,44.72949,-122.14576,491.8
12669,44.72954,-122.146,491.4
12670,44.72961,-122.14631,490.7
12671,44.72963,-122.14641,490.2
12672,44.72966,-122.14649,490.3
12673,44.72968,-122.14655,490.2
12674,44.72975,-122.14673,490.1
12675,44.72981,-122.14687,489.9
12676,44.72988,-122.14703,489.8
12677,44.72995,-122.14718,489.7
12678,44.73001,-122.14728,489.7
12679,44.7301,-122.14744,489.6
12680,44.73016,-122.14754,489.6
12681,44.73017,-122.14756,489.5
12682,44.73026,-122.14767,489.5
12683,44.7303,-122.14772,489.6
12684,44.73035,-122.14778,489.6
12685,44.73042,-122.14786,489.6
12686,44.73044,-122.14788,489.6
12687,44.73049,-122.14793,489.6
12688,44.73056,-122.148,489.5
12689,44.73059,-122.14802,489.6
12690,44.73073,-122.14813,489.7
12691,44.73075,-122.14815,489.7
12692,44.73097,-122.14831,489.7
12693,44.73117,-122.14845,489.5
12694,44.73129,-122.14851,489.6
12695,44.73131,-122.14852,489.6
12696,44.73131,-122.14852,489.6
12697,44.73134,-122.14855,489.5
12698,44.73202,-122.14893,489.2
12699,44.73206,-122.14895,489.2
12700,44.73209,-122.14897,489.2
12701,44.73227,-122.14907,489.1
12702,44.73227,-122.14907,489.1
12703,44.73225,-122.14955,488.3
12704,44.73224,-122.14997,488.2
12705,44.73224,-122.14997,488.2
12706,44.7323,-122.14997,488.2
12707,44.7326,-122.1501,488.3
12708,44.73277,-122.15017,488.3
12709,44.73303,-122.15027,488.5
12710,44.73312,-122.15034,488.5
12711,44.73342,-122.15056,488.7
12712,44.734,-122.15097,488.7
12713,44.73405,-122.15098,488.7
12714,44.73484,-122.15116,491.4
12715,44.73491,-122.15118,492.0
12716,44.73596,-122.15159,493.9
12717,44.73612,-122.15164,494.0
12718,44.7362,-122.15167,493.9
12719,44.73633,-122.15171,493.9
12720,44.73646,-122.15174,494.0
12721,44.73659,-122.15175,494.2
12722,44.7367,-122.15174,494.4
12723,44.73674,-122.15174,494.4
12724,44.73683,-122.15172,494.6
12725,44.7369,-122.1517,494.8
12726,44.73696,-122.15169,494.9
12727,44.73702,-122.15167,495.1
12728,44.73709,-122.15165,495.3
12729,44.73715,-122.15163,495.5
12730,44.73715,-122.15163,495.5
12731,44.73717,-122.15156,495.9
12732,44.73717,-122.15156,495.9
12733,44.7372,-122.15157,495.9
12734,44.73745,-122.15171,494.8
12735,44.73751,-122.15171,494.8
12736,44.73766,-122.15172,494.3
12737,44.73776,-122.15172,493.8
12738,44.73788,-122.15173,492.9
12739,44.73801,-122.15173,491.7
12740,44.73801,-122.15173,491.7
12741,44.73804,-122.15164,491.8
12742,44.73827,-122.15119,491.8
12743,44.73838,-122.15097,491.8
12744,44.7385,-122.15077,491.7
12745,44.73857,-122.1507,491.3
12746,44.73864,-122.15058,491.5
12747,44.73876,-122.15039,491.8
12748,44.73877,-122.15038,491.8
12749,44.7389,-122.15023,492.0
12750,44.73891,-122.15022,492.0
12751,44.73892,-122.15021,492.1
12752,44.73906,-122.1501,492.1
12753,44.73909,-122.15008,492.1
12754,44.73924,-122.15001,491.6
12755,44.73929,-122.14998,491.5
12756,44.73935,-122.14994,491.5
12757,44.7394,-122.14991,491.5
12758,44.73957,-122.14982,491.4
12759,44.73974,-122.14973,491.5
12760,44.73976,-122.14972,491.5
12761,44.73991,-122.14964,491.7
12762,44.74006,-122.14956,492.0
12763,44.7401,-122.14955,492.0
12764,44.74028,-122.14952,491.4
12765,44.74032,-122.14951,491.3
12766,44.74033,-122.14956,490.6
12767,44.74033,-122.14961,489.9
12768,44.74064,-122.14954,488.9
12769,44.74101,-122.14948,486.5
12770,44.74131,-122.14923,487.3
12771,44.74148,-122.14914,487.6
12772,44.74158,-122.14908,487.7
12773,44.74179,-122.14888,488.2
12774,44.7421,-122.14864,487.6
12775,44.74241,-122.14836,486.6
12776,44.74279,-122.14786,487.1
12777,44.7431,-122.14746,487.3
12778,44.74318,-122.14734,487.4
12779,44.74343,-122.14694,487.4
12780,44.74365,-122.14657,486.5
12781,44.74376,-122.14637,486.4
12782,44.74411,-122.14579,486.3
12783,44.74421,-122.1456,486.7
12784,44.74449,-122.14526,486.6
12785,44.74462,-122.14509,486.6
12786,44.74476,-122.14492,486.5
12787,44.74482,-122.14484,486.5
12788,44.74489,-122.14475,486.6
12789,44.74502,-122.14457,487.0
12790,44.74515,-122.1444,487.5
12791,44.7453,-122.14426,487.5
12792,44.74591,-122.14371,485.1
12793,44.74606,-122.14358,484.6
12794,44.74621,-122.14344,484.2
12795,44.74626,-122.1434,484.1
12796,44.74635,-122.14328,484.1
12797,44.74649,-122.14312,484.0
12798,44.74676,-122.14278,484.1
12799,44.74681,-122.14272,484.1
12800,44.74689,-122.14261,484.2
12801,44.74701,-122.14243,484.5
12802,44.74714,-122.14225,485.0
12803,44.74727,-122.14207,485.5
12804,44.74742,-122.14184,485.9
12805,44.7475,-122.14169,486.3
12806,44.74761,-122.14149,487.2
12807,44.74771,-122.1413,488.0
12808,44.74772,-122.14128,488.2
12809,44.74778,-122.14105,491.8
12810,44.74784,-122.14084,494.0
12811,44.74784,-122.14081,494.2
12812,44.74788,-122.14055,493.8
12813,44.74788,-122.14031,493.5
12814,44.74789,-122.14005,492.6
12815,44.74789,-122.1398,492.1
12816,44.74789,-122.13955,492.2
12817,44.74789,-122.13943,492.4
12818,44.74793,-122.13879,492.5
12819,44.74795,-122.13854,492.5
12820,44.74797,-122.13814,494.6
12821,44.74805,-122.13779,495.9
12822,44.7481,-122.13755,496.8
12823,44.74813,-122.13743,497.2
12824,44.74817,-122.13732,497.2
12825,44.74825,-122.13709,497.2
12826,44.74833,-122.13687,497.2
12827,44.74847,-122.13647,497.4
12828,44.74858,-122.1362,497.7
12829,44.74872,-122.13586,497.6
12830,44.74877,-122.13576,497.3
12831,44.74896,-122.13533,497.2
12832,44.74906,-122.13512,498.1
12833,44.74929,-122.13474,498.6
12834,44.74941,-122.13455,498.4
12835,44.74953,-122.13435,497.7
12836,44.74965,-122.13416,497.0
12837,44.74991,-122.13374,495.9
12838,44.74999,-122.13358,496.8
12839,44.75009,-122.13336,497.1
12840,44.75019,-122.13315,497.0
12841,44.75029,-122.13294,496.8
12842,44.75033,-122.13285,496.8
12843,44.75038,-122.13272,496.7
12844,44.75046,-122.1325,496.9
12845,44.75054,-122.13227,497.2
12846,44.75062,-122.13205,497.3
12847,44.7507,-122.13182,497.5
12848,44.75079,-122.1316,497.6
12849,44.75082,-122.13149,498.3
12850,44.75087,-122.13138,498.2
12851,44.75097,-122.13116,497.9
12852,44.75106,-122.13095,497.9
12853,44.75125,-122.13052,498.9
12854,44.75134,-122.13031,500.9
12855,44.75139,-122.1302,501.3
12856,44.75142,-122.13008,501.4
12857,44.7515,-122.12985,501.1
12858,44.75157,-122.12961,500.9
12859,44.75158,-122.12958,500.9
12860,44.75163,-122.12938,500.9
12861,44.7517,-122.12915,500.8
12862,44.75175,-122.12899,500.9
12863,44.75177,-122.12891,500.8
12864,44.75184,-122.12868,500.8
12865,44.75196,-122.12824,500.0
12866,44.75204,-122.12797,497.5
12867,44.75211,-122.12774,500.2
12868,44.75218,-122.12751,502.9
12869,44.7522,-122.12744,503.0
12870,44.75225,-122.12727,503.1
12871,44.75232,-122.12704,503.2
12872,44.75238,-122.12682,503.0
12873,44.75248,-122.12631,505.5
12874,44.75253,-122.12607,506.0
12875,44.75255,-122.12599,505.9
12876,44.75258,-122.12583,506.4
12877,44.75266,-122.12543,507.7
12878,44.75269,-122.12534,507.5
12879,44.75277,-122.12512,507.3
12880,44.7528,-122.12501,507.7
12881,44.75285,-122.1249,507.7
12882,44.75289,-122.12481,507.9
12883,44.75312,-122.12447,506.8
12884,44.75335,-122.12417,509.3
12885,44.75368,-122.12376,511.2
12886,44.75395,-122.12339,509.5
12887,44.75411,-122.1231,508.8
12888,44.75415,-122.12298,509.0
12889,44.75419,-122.12287,509.0
12890,44.75427,-122.12254,510.0
12891,44.75442,-122.12226,509.4
12892,44.75445,-122.12221,509.3
12893,44.75461,-122.12194,509.0
12894,44.75485,-122.12164,508.5
12895,44.75509,-122.12101,509.5
12896,44.75518,-122.12079,511.1
12897,44.75526,-122.12057,514.8
12898,44.7555,-122.12027,513.3
12899,44.7557,-122.12002,510.3
12900,44.75588,-122.11973,508.1
12901,44.756,-122.11954,506.4
12902,44.75605,-122.11946,506.2
12903,44.75612,-122.11936,506.6
12904,44.75625,-122.11918,507.3
12905,44.75632,-122.11907,508.2
12906,44.75638,-122.11901,508.4
12907,44.75653,-122.11883,511.1
12908,44.75691,-122.11852,512.8
12909,44.75699,-122.11847,512.6
12910,44.75728,-122.11825,512.0
12911,44.75745,-122.11809,512.2
12912,44.7576,-122.11794,511.4
12913,44.75768,-122.11787,510.9
12914,44.75774,-122.11779,511.7
12915,44.75787,-122.11761,517.1
12916,44.75794,-122.11751,517.6
12917,44.75799,-122.11742,518.0
12918,44.75821,-122.11702,518.9
12919,44.75829,-122.11686,519.3
12920,44.758307,-122.116876,518.6
12921,44.75848,-122.11657,518.9
12922,44.7593,-122.11535,519.4
12923,44.7597,-122.11481,518.2
12924,44.76002,-122.11445,519.8
12925,44.76083,-122.11374,518.5
12926,44.76104,-122.11353,519.4
12927,44.76239,-122.11174,527.7
12928,44.76274,-122.11119,531.0
12929,44.7631,-122.11054,530.2
12930,44.7632,-122.11041,530.7
12931,44.76369,-122.10995,532.3
12932,44.76392,-122.10967,531.3
12933,44.76463,-122.10862,531.9
12934,44.76481,-122.10829,531.6
12935,44.76492,-122.10793,530.1
12936,44.76496,-122.10771,528.9
12937,44.76502,-122.10725,529.0
12938,44.76528,-122.10621,528.3
12939,44.76539,-122.10547,531.7
12940,44.76546,-122.10431,534.7
12941,44.76547,-122.10174,539.9
12942,44.76559,-122.09957,544.2
12943,44.76562,-122.09931,544.5
12944,44.76571,-122.09901,542.4
12945,44.76582,-122.09877,541.9
12946,44.76613,-122.09821,542.5
12947,44.76628,-122.09801,542.2
12948,44.76679,-122.09748,544.5
12949,44.76698,-122.09719,544.1
12950,44.76712,-122.0969,543.4
12951,44.76718,-122.09674,542.8
12952,44.76723,-122.09638,542.8
12953,44.76724,-122.09569,540.3
12954,44.76726,-122.09555,537.3
12955,44.7673,-122.09543,535.0
12956,44.76776,-122.09447,539.4
12957,44.76786,-122.09429,540.5
12958,44.76799,-122.09411,541.7
12959,44.76879,-122.09334,547.3
12960,44.76916,-122.0929,548.1
12961,44.7695,-122.09235,549.0
12962,44.76968,-122.09201,551.5
12963,44.77001,-122.09129,554.6
12964,44.77012,-122.09095,555.1
12965,44.77028,-122.0904,555.5
12966,44.77137,-122.08535,564.1
12967,44.77161,-122.08439,565.2
12968,44.77182,-122.08383,566.7
12969,44.77235,-122.08264,569.1
12970,44.77241,-122.08242,569.3
12971,44.77252,-122.08238,570.0
12972,44.7729,-122.08211,572.1
12973,44.77319,-122.082,573.4
12974,44.77358,-122.08191,578.3
12975,44.77374,-122.08184,580.0
12976,44.77403,-122.08156,579.4
12977,44.77415,-122.08138,579.3
12978,44.77428,-122.0811,579.1
12979,44.77445,-122.0806,579.0
12980,44.77467,-122.08006,578.0
12981,44.77482,-122.07977,578.0
12982,44.77519,-122.07946,580.7
12983,44.77585,-122.07924,587.0
12984,44.77684,-122.07896,593.6
12985,44.77697,-122.07872,593.4
12986,44.77725,-122.07849,594.8
12987,44.77936,-122.07631,591.0
12988,44.78043,-122.07528,587.0
12989,44.78161,-122.07424,586.9
12990,44.78176,-122.07415,589.4
12991,44.78231,-122.07296,602.3
12992,44.78258,-122.07197,603.8
12993,44.78297,-122.07091,602.2
12994,44.78343,-122.07006,602.0
12995,44.78416,-122.06994,601.6
12996,44.78501,-122.06951,597.8
12997,44.78563,-122.06908,595.3
12998,44.78603,-122.06871,594.9
12999,44.786258,-122.068475,595.6
13000,44.78626,-122.06848,595.7
13001,44.7867,-122.06803,595.0
13002,44.78733,-122.06758,594.3
13003,44.78773,-122.06706,593.5
13004,44.78803,-122.06645,594.3
13005,44.7882,-122.0658,596.4
13006,44.78837,-122.06515,603.4
13007,44.78871,-122.06463,602.4
13008,44.7889,-122.06422,602.5
13009,44.78927,-122.06383,606.9
13010,44.7898,-122.06347,613.5
13011,44.79033,-122.06311,617.8
13012,44.7909,-122.06232,625.4
13013,44.79136,-122.0621,625.9
13014,44.79181,-122.06188,624.8
13015,44.79238,-122.06172,625.5
13016,44.79294,-122.06157,626.9
13017,44.79371,-122.06131,627.3
13018,44.79417,-122.06106,626.1
13019,44.79464,-122.06081,624.8
13020,44.79531,-122.06037,619.9
13021,44.79572,-122.05979,620.9
13022,44.79604,-122.05961,628.4
13023,44.7968,-122.05979,628.3
13024,44.79748,-122.05966,628.7
13025,44.79774,-122.05968,627.0
13026,44.79828,-122.05943,627.2
13027,44.79894,-122.05897,627.8
13028,44.7996,-122.05852,630.4
13029,44.80028,-122.05799,633.0
13030,44.80096,-122.05747,638.7
13031,44.80156,-122.05724,642.5
13032,44.80216,-122.05702,642.8
13033,44.80267,-122.05656,645.7
13034,44.80325,-122.05613,654.9
13035,44.80383,-122.0557,659.0
13036,44.80418,-122.05521,664.4
13037,44.80454,-122.05472,668.7
13038,44.80513,-122.05426,675.1
13039,44.80601,-122.054,675.5
13040,44.80649,-122.0534,680.0
13041,44.80681,-122.05294,682.7
13042,44.80701,-122.05239,689.2
13043,44.80728,-122.05223,686.6
13044,44.80781,-122.05202,690.4
13045,44.80845,-122.05127,694.3
13046,44.8091,-122.05052,697.4
13047,44.80979,-122.05043,700.9
13048,44.81047,-122.05034,707.9
13049,44.81116,-122.05025,714.1
13050,44.81176,-122.05007,716.3
13051,44.81232,-122.04957,715.5
13052,44.81289,-122.04907,718.9
13053,44.81321,-122.04861,723.8
13054,44.81353,-122.04814,724.2
13055,44.81389,-122.04788,731.7
13056,44.81459,-122.04756,729.2
13057,44.81529,-122.04724,725.4
13058,44.81579,-122.04692,733.1
13059,44.81624,-122.04653,736.7
13060,44.8167,-122.04613,737.6
13061,44.81737,-122.04565,737.2
13062,44.81805,-122.04517,736.2
13063,44.81841,-122.04455,741.8
13064,44.81868,-122.04395,746.7
13065,44.81896,-122.04335,748.5
13066,44.81905,-122.04272,753.2
13067,44.81915,-122.04208,753.5
13068,44.81947,-122.04127,754.1
13069,44.81971,-122.04037,760.4
13070,44.81985,-122.03972,762.1
13071,44.82016,-122.03902,762.2
13072,44.82038,-122.03813,775.0
13073,44.82078,-122.03773,773.7
13074,44.82128,-122.03751,772.3
13075,44.82178,-122.03729,772.5
13076,44.82205,-122.0369,775.8
13077,44.82235,-122.03601,783.6
13078,44.82233,-122.03553,785.9
13079,44.82213,-122.0349,785.4
13080,44.82221,-122.03426,786.7
13081,44.82228,-122.03361,787.1
13082,44.82231,-122.03304,787.0
13083,44.8225,-122.03261,786.7
13084,44.82278,-122.03269,788.6
13085,44.82324,-122.03325,800.0
13086,44.82385,-122.03303,800.9
13087,44.8245,-122.03235,801.8
13088,44.82489,-122.03166,811.7
13089,44.82529,-122.03096,812.3
13090,44.82552,-122.03041,814.1
13091,44.82583,-122.03038,814.9
13092,44.82618,-122.03029,816.8
13093,44.8265,-122.02984,821.3
13094,44.82685,-122.0288,822.4
13095,44.82705,-122.02849,821.0
13096,44.82738,-122.02842,827.2
13097,44.8276,-122.02869,826.5
13098,44.828,-122.02931,826.0
13099,44.8283,-122.02944,826.7
13100,44.82865,-122.02937,832.4
13101,44.82916,-122.02903,834.6
13102,44.82979,-122.02898,836.6
13103,44.83022,-122.02877,845.3
13104,44.83065,-122.02857,846.8
13105,44.83131,-122.02822,853.3
13106,44.83204,-122.02794,859.9
13107,44.83268,-122.02793,860.7
13108,44.83331,-122.02792,870.2
13109,44.83378,-122.02795,873.0
13110,44.83424,-122.02799,873.4
13111,44.83508,-122.02799,882.9
13112,44.83582,-122.02792,890.5
13113,44.83655,-122.02786,895.7
13114,44.83724,-122.02776,903.7
13115,44.83792,-122.02765,908.8
13116,44.83858,-122.02745,911.1
13117,44.83889,-122.02772,921.0
13118,44.83907,-122.02818,926.3
13119,44.83939,-122.0285,926.2
13120,44.84025,-122.02835,935.3
13121,44.84062,-122.02799,942.7
13122,44.84116,-122.02826,943.8
13123,44.84203,-122.02812,952.7
13124,44.84281,-122.02866,959.9
13125,44.8432,-122.02908,968.3
13126,44.84342,-122.02951,969.2
13127,44.84348,-122.02977,971.0
13128,44.84351,-122.03017,972.8
13129,44.84348,-122.03068,977.4
13130,44.84349,-122.03116,979.1
13131,44.84356,-122.03148,981.8
13132,44.8436,-122.03175,984.0
13133,44.84404,-122.0323,995.8
13134,44.84449,-122.03286,994.6
13135,44.84502,-122.03325,1003.4
13136,44.84555,-122.03365,1006.7
13137,44.84592,-122.03404,1006.4
13138,44.84629,-122.03443,1008.0
13139,44.84692,-122.03529,1020.6
13140,44.84723,-122.03567,1018.5
13141,44.84731,-122.03553,1017.5
13142,44.84734,-122.03526,1019.1
13143,44.84718,-122.03495,1023.7
13144,44.84682,-122.03442,1029.6
13145,44.84651,-122.03395,1031.7
13146,44.84621,-122.03347,1032.9
13147,44.84582,-122.03301,1038.6
13148,44.84543,-122.03254,1043.9
13149,44.84527,-122.0324,1044.2
13150,44.84493,-122.03202,1042.9
13151,44.84487,-122.03101,1043.7
13152,44.84488,-122.03004,1044.7
13153,44.8449,-122.02907,1051.9
13154,44.84496,-122.02858,1052.8
13155,44.84515,-122.02825,1057.7
13156,44.84556,-122.02775,1061.4
13157,44.84599,-122.02757,1063.7
13158,44.84621,-122.02694,1068.4
13159,44.84608,-122.02629,1077.0
13160,44.84596,-122.02564,1081.6
13161,44.84585,-122.025,1083.7
13162,44.84574,-122.02436,1088.5
13163,44.84567,-122.02403,1092.2
13164,44.84567,-122.02403,1092.2
13165,44.84558,-122.02367,1092.8
13166,44.84547,-122.02352,1091.5
13167,44.845,-122.02347,1094.7
13168,44.84494,-122.02331,1099.7
13169,44.84488,-122.02304,1100.9
13170,44.84488,-122.02279,1101.6
13171,44.84506,-122.02203,1107.9
13172,44.84508,-122.02177,1109.7
13173,44.84476,-122.02065,1117.6
13174,44.84424,-122.02001,1123.8
13175,44.84414,-122.01915,1131.9
13176,44.84404,-122.0183,1137.6
13177,44.8438,-122.01799,1143.2
13178,44.84352,-122.01773,1147.8
13179,44.84355,-122.0172,1151.2
13180,44.844,-122.01628,1161.9
13181,44.84406,-122.016,1163.7
13182,44.84397,-122.0156,1165.8
13183,44.8438,-122.01532,1166.8
13184,44.84349,-122.01515,1167.4
13185,44.84301,-122.01532,1166.4
13186,44.8426,-122.0156,1166.8
13187,44.84224,-122.01602,1165.7
13188,44.84215,-122.01627,1164.0
13189,44.84218,-122.01656,1160.2
13190,44.84215,-122.01778,1174.9
13191,44.84213,-122.019,1180.0
13192,44.84208,-122.01945,1185.0
13193,44.84182,-122.01972,1189.9
13194,44.84153,-122.01976,1192.8
13195,44.8414,-122.01957,1194.2
13196,44.84132,-122.01862,1206.8
13197,44.84116,-122.01831,1208.4
13198,44.84091,-122.01811,1204.1
13199,44.84074,-122.01768,1205.7
13200,44.84004,-122.01706,1209.5
13201,44.83985,-122.01656,1214.0
13202,44.83975,-122.01589,1216.9
13203,44.83963,-122.01558,1219.5
13204,44.83941,-122.01533,1220.6
13205,44.83913,-122.01533,1220.0
13206,44.83892,-122.01558,1218.1
13207,44.83877,-122.01616,1222.4
13208,44.83827,-122.0166,1224.1
13209,44.838,-122.01654,1222.8
13210,44.83798,-122.01627,1227.5
13211,44.83765,-122.01573,1236.2
13212,44.83716,-122.01555,1238.1
13213,44.83655,-122.01515,1241.8
13214,44.83613,-122.01534,1243.4
13215,44.83586,-122.01528,1247.9
13216,44.8358,-122.01438,1252.9
13217,44.83564,-122.01396,1251.3
13218,44.83536,-122.01393,1248.1
13219,44.83493,-122.01348,1247.4
13220,44.83479,-122.01302,1242.0
13221,44.83474,-122.01261,1238.4
13222,44.83471,-122.01224,1236.0
13223,44.83489,-122.01186,1235.8
13224,44.83522,-122.01164,1236.8
13225,44.83527,-122.01132,1238.2
13226,44.83524,-122.01112,1239.6
13227,44.83476,-122.01062,1237.8
13228,44.8344,-122.01033,1237.2
13229,44.83362,-122.0101,1235.9
13230,44.83331,-122.01003,1231.1
13231,44.83296,-122.00938,1227.4
13232,44.83267,-122.00875,1221.8
13233,44.83245,-122.00867,1218.4
13234,44.83207,-122.0088,1211.7
13235,44.83174,-122.00883,1211.6
13236,44.83159,-122.00854,1217.1
13237,44.83146,-122.00792,1222.7
13238,44.83121,-122.00738,1223.7
13239,44.83128,-122.00737,1224.0
13240,44.83155,-122.00697,1225.2
13241,44.83213,-122.00648,1215.4
13242,44.83265,-122.00642,1215.6
13243,44.8329,-122.00597,1211.0
13244,44.83324,-122.00578,1206.3
13245,44.83369,-122.00598,1201.4
13246,44.83395,-122.00621,1200.1
13247,44.83417,-122.00624,1196.9
13248,44.83439,-122.006,1194.3
13249,44.83444,-122.00545,1191.4
13250,44.83431,-122.00487,1186.8
13251,44.83432,-122.00398,1181.5
13252,44.83443,-122.00314,1175.3
13253,44.83447,-122.0026,1173.6
13254,44.83445,-122.00206,1170.3
13255,44.83425,-122.00158,1165.0
13256,44.83415,-122.00125,1163.6
13257,44.83409,-122.00091,1163.2
13258,44.83385,-122.00037,1157.9
13259,44.8338,-121.99996,1153.5
13260,44.83386,-121.99916,1154.6
13261,44.83391,-121.99836,1151.7
13262,44.83379,-121.99801,1147.4
13263,44.83352,-121.99775,1142.0
13264,44.83328,-121.99744,1137.1
13265,44.83315,-121.99672,1131.5
13266,44.83294,-121.9964,1126.9
13267,44.8329,-121.99608,1124.9
13268,44.83308,-121.9957,1125.4
13269,44.83328,-121.99533,1124.8
13270,44.83342,-121.99487,1122.8
13271,44.83344,-121.99392,1113.7
13272,44.83347,-121.99298,1107.7
13273,44.83352,-121.99204,1101.2
13274,44.83344,-121.9911,1097.3
13275,44.8332,-121.99076,1095.0
13276,44.83283,-121.99045,1093.7
13277,44.83271,-121.99015,1093.1
13278,44.83261,-121.98968,1092.1
13279,44.83241,-121.98901,1091.3
13280,44.83239,-121.98863,1090.9
13281,44.83248,-121.98837,1090.1
13282,44.83285,-121.98776,1088.1
13283,44.83291,-121.98739,1088.1
13284,44.8329,-121.98683,1088.8
13285,44.83285,-121.98629,1088.8
13286,44.83272,-121.9858,1088.0
13287,44.83243,-121.98549,1087.9
13288,44.83222,-121.98534,1090.0
13289,44.83204,-121.98517,1093.6
13290,44.83203,-121.98518,1093.9
13291,44.83204,-121.98517,1093.6
13292,44.83218,-121.98431,1088.6
13293,44.83255,-121.98352,1080.4
13294,44.83247,-121.98307,1080.6
13295,44.83225,-121.98258,1081.6
13296,44.83192,-121.98215,1081.6
13297,44.83127,-121.98171,1079.6
13298,44.8307,-121.9819,1084.8
13299,44.83023,-121.98161,1081.4
13300,44.82998,-121.98117,1073.1
13301,44.82963,-121.98082,1067.0
13302,44.82894,-121.98047,1056.2
13303,44.82859,-121.98001,1059.0
13304,44.82842,-121.97938,1058.4
13305,44.82834,-121.97852,1055.9
13306,44.82834,-121.97816,1053.7
13307,44.82874,-121.97772,1048.7
13308,44.82913,-121.97728,1050.4
13309,44.82975,-121.9769,1059.7
13310,44.83021,-121.97643,1061.0
13311,44.83067,-121.97596,1060.5
13312,44.8311,-121.9754,1061.3
13313,44.83142,-121.97477,1061.0
13314,44.8315,-121.97429,1060.7
13315,44.83145,-121.97384,1060.6
13316,44.8312,-121.97307,1060.6
13317,44.83095,-121.97231,1060.9
13318,44.8308,-121.97189,1062.0
13319,44.83069,-121.97145,1062.2
13320,44.83064,-121.9705,1059.4
13321,44.83044,-121.96989,1060.5
13322,44.8304,-121.96958,1059.6
13323,44.83048,-121.96922,1056.6
13324,44.83065,-121.96896,1057.4
13325,44.83101,-121.96855,1062.8
13326,44.83127,-121.96832,1064.5
13327,44.83178,-121.9682,1069.1
13328,44.83247,-121.96847,1076.4
13329,44.83296,-121.96883,1080.9
13330,44.83342,-121.96921,1087.3
13331,44.83388,-121.96959,1093.2
13332,44.8345,-121.9704,1103.6
13333,44.83482,-121.97112,1102.3
13334,44.83531,-121.97186,1102.4
13335,44.83598,-121.97263,1101.0
13336,44.83664,-121.9734,1102.5
13337,44.83694,-121.97378,1105.6
13338,44.83738,-121.97397,1105.8
13339,44.83761,-121.97381,1106.6
13340,44.8376,-121.97344,1111.9
13341,44.83777,-121.97317,1118.0
13342,44.83836,-121.9731,1118.4
13343,44.83899,-121.9731,1125.7
13344,44.83963,-121.97314,1131.0
13345,44.84026,-121.97319,1140.0
13346,44.84072,-121.97326,1141.4
13347,44.84118,-121.97333,1141.1
13348,44.84147,-121.97325,1141.3
13349,44.84157,-121.97304,1142.4
13350,44.84155,-121.97273,1145.2
13351,44.84139,-121.97238,1151.1
13352,44.841,-121.97193,1161.3
13353,44.84061,-121.97148,1171.5
13354,44.84011,-121.97106,1179.4
13355,44.83956,-121.97087,1185.3
13356,44.83882,-121.97047,1192.2
13357,44.83809,-121.97007,1199.5
13358,44.83769,-121.96949,1206.2
13359,44.83741,-121.96894,1208.5
13360,44.83713,-121.96838,1207.4
13361,44.83699,-121.96782,1207.4
13362,44.83729,-121.96714,1216.1
13363,44.83793,-121.96682,1229.5
13364,44.83831,-121.9667,1234.9
13365,44.83844,-121.96642,1238.1
13366,44.83851,-121.96552,1246.3
13367,44.83836,-121.96481,1252.0
13368,44.8381,-121.96448,1252.5
13369,44.83786,-121.96425,1251.7
13370,44.8375,-121.96363,1256.4
13371,44.83718,-121.96366,1253.8
13372,44.8369,-121.96376,1248.8
13373,44.83663,-121.96337,1250.2
13374,44.83646,-121.96266,1257.8
13375,44.8363,-121.96195,1262.3
13376,44.83579,-121.96161,1257.4
13377,44.83535,-121.9612,1259.4
13378,44.83491,-121.96079,1262.8
13379,44.83454,-121.96072,1261.1
13380,44.83413,-121.96052,1259.5
13381,44.83371,-121.95985,1261.7
13382,44.83377,-121.95929,1270.2
13383,44.83346,-121.95876,1272.0
13384,44.83322,-121.95791,1285.0
13385,44.83299,-121.95718,1293.9
13386,44.83277,-121.95645,1297.4
13387,44.83256,-121.95581,1304.5
13388,44.83235,-121.95518,1307.0
13389,44.8322,-121.95448,1311.6
13390,44.83204,-121.95379,1318.1
13391,44.83182,-121.95288,1322.0
13392,44.83175,-121.95249,1330.7
13393,44.83125,-121.95178,1337.0
13394,44.83085,-121.95129,1346.8
13395,44.83021,-121.951,1351.9
13396,44.8294,-121.95079,1356.8
13397,44.829,-121.95045,1363.2
13398,44.82879,-121.9501,1368.5
13399,44.82932,-121.94994,1369.7
13400,44.82984,-121.94979,1370.4
13401,44.83044,-121.94951,1371.8
13402,44.83104,-121.94923,1372.2
13403,44.83165,-121.94895,1372.7
13404,44.83246,-121.94867,1375.4
13405,44.83317,-121.94885,1375.1
13406,44.83368,-121.94885,1376.4
13407,44.83413,-121.94856,1379.2
13408,44.83492,-121.94812,1388.6
13409,44.83538,-121.94803,1392.4
13410,44.83583,-121.94793,1393.3
13411,44.83663,-121.94797,1393.2
13412,44.83723,-121.94805,1392.7
13413,44.83783,-121.94814,1391.2
13414,44.83844,-121.9481,1388.2
13415,44.83914,-121.94831,1386.0
13416,44.8397,-121.94838,1386.0
13417,44.84009,-121.94811,1387.9
13418,44.84033,-121.94789,1389.2
13419,44.84064,-121.94727,1393.4
13420,44.83998,-121.94656,1388.9
13421,44.83927,-121.94602,1383.3
13422,44.83855,-121.94549,1379.2
13423,44.83784,-121.94495,1375.2
13424,44.83779,-121.94472,1372.5
13425,44.83775,-121.94434,1368.1
13426,44.83827,-121.94436,1368.3
13427,44.83879,-121.94437,1371.1
13428,44.83929,-121.94414,1372.1
13429,44.83979,-121.94391,1374.1
13430,44.8404,-121.94338,1375.4
13431,44.84084,-121.94274,1379.4
13432,44.84129,-121.94209,1381.4
13433,44.84182,-121.94152,1384.7
13434,44.84235,-121.94094,1385.4
13435,44.84267,-121.94095,1387.3
13436,44.84298,-121.94107,1389.0
13437,44.84327,-121.94135,1391.0
13438,44.84345,-121.94158,1391.4
13439,44.84401,-121.94239,1398.5
13440,44.84456,-121.9432,1401.9
13441,44.84506,-121.94371,1408.9
13442,44.84548,-121.94409,1411.7
13443,44.846,-121.94419,1416.3
13444,44.84676,-121.94413,1417.3
13445,44.8474,-121.94375,1416.0
13446,44.84804,-121.94337,1418.3
13447,44.84837,-121.94335,1414.5
13448,44.84914,-121.94358,1410.5
13449,44.84949,-121.94356,1407.6
13450,44.84997,-121.94254,1405.3
13451,44.85012,-121.94192,1400.1
13452,44.8504,-121.94151,1398.7
13453,44.85102,-121.94119,1393.1
13454,44.85122,-121.94074,1387.1
13455,44.85151,-121.93961,1408.5
13456,44.85167,-121.93911,1394.7
13457,44.85201,-121.93866,1388.2
13458,44.85243,-121.93825,1381.4
13459,44.85285,-121.93785,1377.9
13460,44.8535,-121.93757,1370.7
13461,44.85416,-121.9373,1358.9
13462,44.85481,-121.93702,1357.7
13463,44.85528,-121.93667,1358.7
13464,44.85555,-121.93635,1356.7
13465,44.8558,-121.93581,1352.4
13466,44.85583,-121.93496,1357.2
13467,44.85569,-121.9341,1358.8
13468,44.85556,-121.93325,1364.0
13469,44.85559,-121.93242,1366.7
13470,44.85562,-121.93159,1367.9
13471,44.85569,-121.93055,1368.3
13472,44.85581,-121.92983,1366.9
13473,44.85605,-121.9295,1367.1
13474,44.85655,-121.92933,1368.2
13475,44.85716,-121.92927,1368.4
13476,44.85777,-121.92921,1361.1
13477,44.85839,-121.92916,1356.4
13478,44.85922,-121.9293,1348.0
13479,44.85996,-121.92951,1348.4
13480,44.8607,-121.92972,1347.9
13481,44.86144,-121.92994,1348.3
13482,44.86218,-121.93015,1350.3
13483,44.86276,-121.93036,1352.1
13484,44.86333,-121.93057,1347.9
13485,44.86381,-121.93121,1341.0
13486,44.86395,-121.93184,1340.0
13487,44.86397,-121.93307,1341.4
13488,44.86405,-121.9341,1334.7
13489,44.86425,-121.93515,1332.9
13490,44.86443,-121.93617,1338.5
13491,44.86414,-121.93671,1345.1
13492,44.86384,-121.93725,1350.3
13493,44.86326,-121.93806,1352.5
13494,44.86319,-121.93846,1348.3
13495,44.86318,-121.93883,1343.6
13496,44.86272,-121.93984,1352.6
13497,44.86275,-121.94022,1354.2
13498,44.86294,-121.94108,1356.5
13499,44.86313,-121.94155,1353.7
13500,44.86332,-121.9417,1350.0
13501,44.86406,-121.94194,1347.5
13502,44.86428,-121.9421,1348.0
13503,44.86443,-121.94243,1350.1
13504,44.86461,-121.94309,1351.2
13505,44.86496,-121.94344,1349.0
13506,44.86571,-121.94357,1350.6
13507,44.86571,-121.94357,1350.6
13508,44.86633,-121.94367,1351.8
13509,44.8668,-121.94379,1352.6
13510,44.86726,-121.94391,1349.5
13511,44.86745,-121.94418,1351.7
13512,44.86775,-121.94466,1354.8
13513,44.86805,-121.94514,1359.5
13514,44.86832,-121.94533,1364.0
13515,44.86865,-121.94538,1363.8
13516,44.86926,-121.94513,1367.7
13517,44.86986,-121.9448,1366.4
13518,44.87038,-121.94485,1368.9
13519,44.87062,-121.9451,1371.5
13520,44.87096,-121.94565,1374.6
13521,44.87131,-121.94607,1374.2
13522,44.87167,-121.94616,1369.2
13523,44.87194,-121.94615,1367.0
13524,44.87245,-121.9454,1360.3
13525,44.87288,-121.94517,1364.1
13526,44.87351,-121.94512,1368.0
13527,44.87398,-121.94519,1369.4
13528,44.87474,-121.94537,1371.7
13529,44.87549,-121.94554,1371.9
13530,44.87599,-121.94554,1372.5
13531,44.87641,-121.94539,1371.3
13532,44.87685,-121.94531,1370.8
13533,44.87772,-121.9454,1370.9
13534,44.87831,-121.94552,1366.5
13535,44.87864,-121.94582,1366.9
13536,44.87891,-121.94624,1367.5
13537,44.87908,-121.94644,1369.6
13538,44.87932,-121.94652,1371.5
13539,44.87976,-121.94645,1370.8
13540,44.88021,-121.94638,1369.5
13541,44.88065,-121.9466,1371.2
13542,44.88086,-121.94668,1372.4
13543,44.88109,-121.94665,1373.1
13544,44.88137,-121.94633,1369.5
13545,44.88181,-121.94612,1368.6
13546,44.88232,-121.94603,1367.2
13547,44.88301,-121.94611,1369.3
13548,44.8837,-121.94618,1370.2
13549,44.88439,-121.94626,1370.7
13550,44.88508,-121.94633,1371.7
13551,44.88588,-121.94618,1369.5
13552,44.88659,-121.94577,1359.1
13553,44.88731,-121.94559,1356.7
13554,44.88793,-121.94566,1359.6
13555,44.8884,-121.94576,1359.8
13556,44.88907,-121.94605,1360.0
13557,44.8894,-121.94621,1359.9
13558,44.89,-121.94663,1360.1
13559,44.89053,-121.94713,1360.7
13560,44.89106,-121.94763,1359.9
13561,44.89159,-121.94813,1357.9
13562,44.89213,-121.94908,1357.2
13563,44.89257,-121.94965,1360.5
13564,44.8933,-121.95018,1361.1
13565,44.89402,-121.95071,1359.7
13566,44.89475,-121.95124,1358.0
13567,44.89548,-121.95177,1356.7
13568,44.8962,-121.9523,1360.6
13569,44.89693,-121.95283,1359.6
13570,44.89757,-121.95317,1357.2
13571,44.89821,-121.95351,1355.5
13572,44.89885,-121.95385,1354.4
13573,44.89949,-121.95419,1354.5
13574,44.89985,-121.9542,1349.0
13575,44.90018,-121.95406,1355.4
13576,44.9004,-121.95377,1359.1
13577,44.90045,-121.95359,1360.0
13578,44.90072,-121.95249,1362.5
13579,44.90099,-121.9514,1363.8
13580,44.90125,-121.9503,1363.8
13581,44.90153,-121.94979,1363.2
13582,44.90187,-121.94953,1363.6
13583,44.90265,-121.94907,1364.1
13584,44.90344,-121.94861,1362.5
13585,44.90386,-121.94854,1361.1
13586,44.90429,-121.94861,1359.1
13587,44.90465,-121.94888,1357.8
13588,44.90488,-121.94917,1357.4
13589,44.90518,-121.94983,1358.3
13590,44.90541,-121.95045,1358.8
13591,44.90563,-121.95107,1359.0
13592,44.90591,-121.95157,1357.6
13593,44.90629,-121.952,1355.9
13594,44.90677,-121.95239,1355.6
13595,44.90725,-121.95278,1355.7
13596,44.90752,-121.95287,1356.4
13597,44.90766,-121.95286,1356.6
13598,44.90798,-121.95269,1357.6
13599,44.90837,-121.9523,1358.6
13600,44.90875,-121.95191,1358.7
13601,44.90919,-121.95167,1358.6
13602,44.9094,-121.95163,1358.7
13603,44.90976,-121.95167,1358.6
13604,44.90997,-121.95176,1358.1
13605,44.91032,-121.95202,1356.1
13606,44.91085,-121.95285,1354.7
13607,44.91137,-121.95368,1346.5
13608,44.91165,-121.95391,1345.0
13609,44.91228,-121.95425,1342.8
13610,44.91282,-121.95474,1335.9
13611,44.91316,-121.95518,1334.1
13612,44.9135,-121.95562,1331.1
13613,44.91404,-121.95609,1322.3
13614,44.91459,-121.95657,1313.3
13615,44.91502,-121.95708,1310.2
13616,44.91532,-121.95775,1310.1
13617,44.91552,-121.95853,1312.7
13618,44.91552,-121.95939,1316.4
13619,44.91551,-121.96025,1316.7
13620,44.9154,-121.96118,1316.7
13621,44.91529,-121.9621,1313.5
13622,44.91529,-121.96255,1309.9
13623,44.91539,-121.96298,1309.2
13624,44.91573,-121.96386,1303.7
13625,44.91591,-121.96475,1299.2
13626,44.91608,-121.96564,1291.3
13627,44.91617,-121.966,1288.6
13628,44.91633,-121.96633,1286.9
13629,44.91667,-121.96675,1285.4
13630,44.91701,-121.96718,1281.2
13631,44.91737,-121.96797,1275.7
13632,44.91772,-121.96825,1273.4
13633,44.9185,-121.96861,1266.3
13634,44.91876,-121.96885,1263.9
13635,44.91909,-121.9695,1263.1
13636,44.91914,-121.97008,1255.4
13637,44.91925,-121.97051,1253.3
13638,44.91951,-121.97085,1253.2
13639,44.91982,-121.97104,1253.3
13640,44.92016,-121.97116,1253.1
13641,44.92087,-121.9713,1253.1
13642,44.92158,-121.97145,1250.2
13643,44.92206,-121.9716,1246.1
13644,44.92234,-121.97193,1240.2
13645,44.92277,-121.97284,1226.8
13646,44.92344,-121.97332,1223.7
13647,44.9241,-121.97381,1216.0
13648,44.92441,-121.97409,1212.4
13649,44.92496,-121.97504,1204.7
13650,44.92531,-121.9755,1200.3
13651,44.92564,-121.97566,1197.7
13652,44.92621,-121.97558,1193.4
13653,44.92642,-121.97564,1191.6
13654,44.92676,-121.97591,1190.7
13655,44.9271,-121.97655,1190.8
13656,44.92741,-121.97758,1183.0
13657,44.92742,-121.97787,1181.6
13658,44.92715,-121.97885,1168.0
13659,44.92699,-121.97909,1161.6
13660,44.92649,-121.97941,1151.5
13661,44.92633,-121.97966,1152.4
13662,44.9263,-121.97995,1154.7
13663,44.92638,-121.98044,1158.1
13664,44.92637,-121.98079,1157.5
13665,44.92615,-121.98184,1157.0
13666,44.92616,-121.9822,1156.6
13667,44.92625,-121.98256,1156.2
13668,44.9266,-121.9834,1149.4
13669,44.92696,-121.98425,1145.4
13670,44.92732,-121.98509,1143.2
13671,44.9274,-121.98582,1135.3
13672,44.92746,-121.98596,1133.4
13673,44.92768,-121.98615,1131.1
13674,44.92804,-121.98618,1130.3
13675,44.9285,-121.98609,1130.5
13676,44.92896,-121.98599,1130.1
13677,44.92961,-121.98594,1122.7
13678,44.93026,-121.98588,1119.5
13679,44.93106,-121.98555,1117.3
13680,44.93123,-121.98542,1116.8
13681,44.93166,-121.98492,1117.4
13682,44.9321,-121.98442,1115.6
13683,44.93242,-121.98428,1109.0
13684,44.93292,-121.98436,1108.2
13685,44.93341,-121.98431,1107.8
13686,44.93358,-121.98442,1106.9
13687,44.9342,-121.98522,1104.9
13688,44.93427,-121.98564,1106.0
13689,44.93418,-121.98597,1103.8
13690,44.93357,-121.98659,1095.1
13691,44.93329,-121.98718,1095.1
13692,44.93322,-121.98739,1094.0
13693,44.9332,-121.98768,1093.6
13694,44.93331,-121.98797,1094.6
13695,44.93342,-121.98807,1095.0
13696,44.93401,-121.98832,1095.7
13697,44.9342,-121.98872,1089.4
13698,44.93415,-121.98903,1086.0
13699,44.93378,-121.9899,1082.8
13700,44.9337,-121.99026,1082.7
13701,44.9337,-121.99062,1083.1
13702,44.93379,-121.99098,1083.7
13703,44.934,-121.99129,1084.6
13704,44.93429,-121.99152,1085.4
13705,44.93498,-121.99199,1084.0
13706,44.93568,-121.99245,1080.0
13707,44.93595,-121.99278,1080.3
13708,44.93608,-121.99319,1079.9
13709,44.93611,-121.99391,1077.8
13710,44.93614,-121.99464,1075.1
13711,44.93627,-121.99535,1073.0
13712,44.93641,-121.99606,1072.9
13713,44.93642,-121.99635,1072.3
13714,44.9361,-121.99746,1070.0
13715,44.93608,-121.99775,1070.5
13716,44.93629,-121.99891,1070.3
13717,44.93651,-122.00008,1073.7
13718,44.93672,-122.00124,1076.2
13719,44.93688,-122.0015,1075.7
13720,44.93722,-122.00164,1070.8
13721,44.93766,-122.00147,1067.3
13722,44.9381,-122.0013,1064.3
13723,44.93832,-122.00101,1058.2
13724,44.9386,-122.0002,1042.9
13725,44.93888,-121.99938,1032.9
13726,44.93911,-121.99901,1031.9
13727,44.93941,-121.9987,1029.1
13728,44.93965,-121.99854,1031.4
13729,44.94023,-121.9985,1025.0
13730,44.94075,-121.99812,1020.8
13731,44.94097,-121.99783,1017.8
13732,44.9412,-121.99737,1009.4
13733,44.94145,-121.99701,1005.6
13734,44.94196,-121.99662,1007.8
13735,44.94248,-121.99637,1000.6
13736,44.9432,-121.99632,995.1
13737,44.94342,-121.99613,994.4
13738,44.94378,-121.99568,993.3
13739,44.94418,-121.99557,991.3
13740,44.94446,-121.99566,990.7
13741,44.94508,-121.99605,989.6
13742,44.94571,-121.99643,983.3
13743,44.94601,-121.99664,979.9
13744,44.94665,-121.99721,977.1
13745,44.94695,-121.99799,977.3
13746,44.94724,-121.99877,977.8
13747,44.94766,-121.99958,977.0
13748,44.94807,-122.00038,977.3
13749,44.94827,-122.00069,977.4
13750,44.94852,-122.00095,977.0
13751,44.94879,-122.00107,976.6
13752,44.94894,-122.00106,976.0
13753,44.94955,-122.00084,972.7
13754,44.95003,-122.00059,969.2
13755,44.95051,-122.00034,968.3
13756,44.95093,-122.00041,967.9
13757,44.95118,-122.00054,968.2
13758,44.95131,-122.0008,970.0
13759,44.95164,-122.00178,967.2
13760,44.95223,-122.0027,966.2
13761,44.9526,-122.00333,965.2
13762,44.95296,-122.00397,963.6
13763,44.95348,-122.00447,961.4
13764,44.95375,-122.0048,962.2
13765,44.95391,-122.0052,962.0
13766,44.95405,-122.00585,960.2
13767,44.95417,-122.00604,960.6
13768,44.95445,-122.00626,961.4
13769,44.95459,-122.00629,961.7
13770,44.95487,-122.00621,962.0
13771,44.95553,-122.00591,960.6
13772,44.95619,-122.00562,958.4
13773,44.95686,-122.00506,958.8
13774,44.95714,-122.00504,956.6
13775,44.95759,-122.00528,944.2
13776,44.95788,-122.00528,941.5
13777,44.9585,-122.00478,938.3
13778,44.95934,-122.0046,930.8
13779,44.95986,-122.00427,924.5
13780,44.96038,-122.00394,922.6
13781,44.96066,-122.00394,914.4
13782,44.96111,-122.00417,904.7
13783,44.96125,-122.00413,904.8
13784,44.96198,-122.00367,909.8
13785,44.96212,-122.00371,910.7
13786,44.96242,-122.00398,910.0
13787,44.96258,-122.00422,910.3
13788,44.96303,-122.00459,908.9
13789,44.96317,-122.00464,907.5
13790,44.96353,-122.00461,904.5
13791,44.96378,-122.00471,897.4
13792,44.96385,-122.00483,893.8
13793,44.96383,-122.00504,888.2
13794,44.96338,-122.00541,884.4
13795,44.96293,-122.00578,876.3
13796,44.96266,-122.00589,874.5
13797,44.96252,-122.00588,874.4
13798,44.96207,-122.0055,877.4
13799,44.96186,-122.00545,876.9
13800,44.96165,-122.00545,875.2
13801,44.96139,-122.00557,870.8
13802,44.9613,-122.00568,868.5
13803,44.96121,-122.00596,865.0
13804,44.96132,-122.00683,857.1
13805,44.96127,-122.00704,854.7
13806,44.96119,-122.00716,852.8
13807,44.96063,-122.0073,850.2
13808,44.96039,-122.00745,849.6
13809,44.96023,-122.0077,847.5
13810,44.96006,-122.00855,838.0
13811,44.95989,-122.00879,835.7
13812,44.95976,-122.00883,835.5
13813,44.95927,-122.00866,838.1
13814,44.95913,-122.0087,838.0
13815,44.95903,-122.00882,837.5
13816,44.95887,-122.00937,835.1
13817,44.95859,-122.01003,833.1
13818,44.9582,-122.01064,825.8
13819,44.95781,-122.01125,824.8
13820,44.95779,-122.0114,824.7
13821,44.95783,-122.01198,821.4
13822,44.95778,-122.01247,819.8
13823,44.95753,-122.01283,823.7
13824,44.95736,-122.01346,819.6
13825,44.95697,-122.01379,821.2
13826,44.95682,-122.01404,820.5
13827,44.95678,-122.01433,822.3
13828,44.95696,-122.01503,815.1
13829,44.95688,-122.01598,809.5
13830,44.95673,-122.01646,808.3
13831,44.95625,-122.01701,809.5
13832,44.95613,-122.01735,805.2
13833,44.95616,-122.01793,800.8
13834,44.95628,-122.0185,796.5
13835,44.95654,-122.01887,794.5
13836,44.9569,-122.01905,794.0
13837,44.9573,-122.01894,794.4
13838,44.95761,-122.01864,794.5
13839,44.95773,-122.01836,795.0
13840,44.95781,-122.01797,794.9
13841,44.95765,-122.01733,797.7
13842,44.95748,-122.0167,794.3
13843,44.95744,-122.01601,790.3
13844,44.9577,-122.015,786.5
13845,44.95797,-122.014,786.8
13846,44.95845,-122.01376,774.9
13847,44.95876,-122.0141,775.2
13848,44.95894,-122.01481,775.3
13849,44.95912,-122.01552,777.1
13850,44.95917,-122.01656,778.3
13851,44.9589,-122.01756,775.1
13852,44.95906,-122.01833,775.0
13853,44.95921,-122.01909,769.5
13854,44.95939,-122.02013,764.9
13855,44.95993,-122.02085,766.0
13856,44.96042,-122.0218,766.8
13857,44.96056,-122.02238,764.3
13858,44.96094,-122.02323,760.8
13859,44.96133,-122.02409,755.6
13860,44.96157,-122.02478,749.6
13861,44.96196,-122.02536,744.5
13862,44.96235,-122.02594,743.7
13863,44.96242,-122.02645,740.7
13864,44.96231,-122.02692,738.2
13865,44.96185,-122.02713,732.2
13866,44.9614,-122.02733,725.4
13867,44.96094,-122.02762,718.7
13868,44.96065,-122.0282,715.4
13869,44.96068,-122.02904,714.7
13870,44.96071,-122.02989,704.6
13871,44.96094,-122.03057,700.9
13872,44.96133,-122.03099,698.0
13873,44.96194,-122.03131,693.1
13874,44.96258,-122.03121,692.4
13875,44.96322,-122.03111,688.2
13876,44.96398,-122.03125,680.0
13877,44.96449,-122.03111,679.4
13878,44.96497,-122.03124,677.6
13879,44.96544,-122.03138,672.0
13880,44.96585,-122.03203,667.4
13881,44.96617,-122.03289,661.7
13882,44.96649,-122.03375,654.6
13883,44.96658,-122.0344,652.3
13884,44.96647,-122.0351,649.9
13885,44.96637,-122.0358,647.4
13886,44.96598,-122.03629,640.0
13887,44.9654,-122.03694,635.5
13888,44.96481,-122.03759,625.1
13889,44.96433,-122.03822,623.5
13890,44.96384,-122.03886,617.5
13891,44.96363,-122.03889,616.0
13892,44.96298,-122.03907,612.7
13893,44.96219,-122.03901,605.5
13894,44.96175,-122.03925,600.4
13895,44.96155,-122.03965,596.9
13896,44.96145,-122.04004,592.9
13897,44.96143,-122.04056,589.1
13898,44.96165,-122.04119,582.4
13899,44.96185,-122.04148,581.2
13900,44.9625,-122.04201,581.0
13901,44.96315,-122.04253,577.9
13902,44.96378,-122.04279,569.7
13903,44.96441,-122.04305,564.9
13904,44.96504,-122.04331,562.0
13905,44.9655,-122.04394,554.0
13906,44.96578,-122.04416,552.0
13907,44.96626,-122.0444,552.4
13908,44.96647,-122.04466,549.0
13909,44.96655,-122.04502,548.8
13910,44.96655,-122.04565,548.5
13911,44.96644,-122.04664,548.1
13912,44.96634,-122.04764,547.4
13913,44.96636,-122.04865,547.1
13914,44.96627,-122.04921,546.5
13915,44.96583,-122.04976,547.6
13916,44.96571,-122.05039,547.3
13917,44.96559,-122.05102,548.3
13918,44.96569,-122.05143,547.1
13919,44.96607,-122.05211,545.2
13920,44.96614,-122.0526,544.2
13921,44.96593,-122.05346,544.0
13922,44.96573,-122.05432,544.4
13923,44.96576,-122.05498,543.4
13924,44.96591,-122.05542,543.1
13925,44.96633,-122.05579,543.4
13926,44.96675,-122.05617,544.0
13927,44.96734,-122.05636,543.1
13928,44.96793,-122.05656,542.4
13929,44.96851,-122.05675,541.7
13930,44.96926,-122.05721,542.1
13931,44.97,-122.05768,541.9
13932,44.97074,-122.05814,540.9
13933,44.97148,-122.05861,540.0
13934,44.97222,-122.05907,538.6
13935,44.97287,-122.05967,536.2
13936,44.97352,-122.0602,536.1
13937,44.97416,-122.06072,541.9
13938,44.97481,-122.06124,542.0
13939,44.97504,-122.0616,545.3
13940,44.97571,-122.0616,542.5
13941,44.97603,-122.06148,543.1
13942,44.97627,-122.06116,543.0
13943,44.97685,-122.06027,541.5
13944,44.97744,-122.05937,538.3
13945,44.97785,-122.05895,535.3
13946,44.97826,-122.05869,534.2
13947,44.97899,-122.05871,531.2
13948,44.97945,-122.05912,527.8
13949,44.97985,-122.05978,525.4
13950,44.98025,-122.06043,525.4
13951,44.981,-122.061,525.3
13952,44.98134,-122.06145,525.3
13953,44.98176,-122.06224,525.3
13954,44.98219,-122.06304,525.3
13955,44.98267,-122.06355,525.3
13956,44.98308,-122.06361,525.3
13957,44.98339,-122.0636,525.3
13958,44.98387,-122.06383,525.3
13959,44.98442,-122.06424,525.3
13960,44.9847,-122.06475,525.3
13961,44.98484,-122.06552,522.3
13962,44.985,-122.06577,521.1
13963,44.98522,-122.06604,519.6
13964,44.98572,-122.06654,516.5
13965,44.98618,-122.06684,520.4
13966,44.98652,-122.06698,522.0
13967,44.98687,-122.06705,522.4
13968,44.98723,-122.06706,522.7
13969,44.98759,-122.06701,523.1
13970,44.98792,-122.06689,524.9
13971,44.98867,-122.06647,526.3
13972,44.98941,-122.06605,526.2
13973,44.99016,-122.06563,526.2
13974,44.99091,-122.06521,523.3
13975,44.99165,-122.06479,520.9
13976,44.9924,-122.06437,517.3
13977,44.99296,-122.0641,510.8
13978,44.99352,-122.06384,504.5
13979,44.99441,-122.06362,498.7
13980,44.99529,-122.06341,498.1
13981,44.99573,-122.06316,497.3
13982,44.99617,-122.06291,496.9
13983,44.99652,-122.0628,496.3
13984,44.99695,-122.06289,497.1
13985,44.9976,-122.06315,496.8
13986,44.99825,-122.06342,494.3
13987,44.9989,-122.06369,491.5
13988,44.99926,-122.06374,492.7
13989,44.99962,-122.06367,490.2
13990,45.0,-122.06347,491.9
13991,45.00054,-122.06299,491.4
13992,45.00085,-122.0628,491.5
13993,45.00121,-122.0627,491.4
13994,45.00199,-122.06259,490.8
13995,45.00278,-122.06248,490.2
13996,45.00318,-122.06233,489.7
13997,45.00363,-122.06196,489.0
13998,45.00399,-122.0615,488.3
13999,45.00435,-122.06103,487.5
14000,45.00456,-122.06082,487.7
14001,45.0053,-122.06034,486.6
14002,45.00559,-122.06029,485.8
14003,45.00588,-122.06035,485.0
14004,45.00631,-122.06053,483.8
14005,45.00675,-122.06071,482.6
14006,45.00738,-122.06091,480.5
14007,45.008,-122.06111,478.9
14008,45.00879,-122.06133,477.7
14009,45.00959,-122.06154,476.7
14010,45.01038,-122.06176,476.0
14011,45.01117,-122.06198,475.6
14012,45.01189,-122.06205,474.6
14013,45.01239,-122.06195,474.1
14014,45.0129,-122.06185,473.6
14015,45.0134,-122.06181,472.7
14016,45.01427,-122.06191,471.9
14017,45.01478,-122.06189,471.5
14018,45.01528,-122.06187,471.1
14019,45.01586,-122.06198,471.1
14020,45.01622,-122.06223,471.2
14021,45.01643,-122.06253,470.7
14022,45.01653,-122.06281,469.4
14023,45.01669,-122.06344,469.4
14024,45.01684,-122.06407,469.6
14025,45.01702,-122.06523,468.7
14026,45.01721,-122.06639,468.9
14027,45.01735,-122.06681,468.1
14028,45.0176,-122.06717,468.4
14029,45.01791,-122.06733,468.4
14030,45.01833,-122.06733,467.9
14031,45.01881,-122.06717,467.3
14032,45.01938,-122.06687,467.4
14033,45.01996,-122.06657,466.1
14034,45.02039,-122.06647,466.7
14035,45.02082,-122.06648,468.0
14036,45.02128,-122.0667,469.8
14037,45.02151,-122.06683,470.5
14038,45.02224,-122.06735,473.0
14039,45.02286,-122.06773,475.1
14040,45.02324,-122.0678,475.1
14041,45.02379,-122.06775,475.0
14042,45.0242,-122.06761,474.4
14043,45.02458,-122.0674,474.1
14044,45.02497,-122.06708,474.3
14045,45.02543,-122.06652,473.4
14046,45.02582,-122.06591,473.1
14047,45.02597,-122.06558,472.5
14048,45.02624,-122.06467,471.1
14049,45.02664,-122.06409,470.3
14050,45.02714,-122.06377,471.0
14051,45.0276,-122.06354,471.2
14052,45.02806,-122.06331,470.6
14053,45.02864,-122.06289,469.0
14054,45.02915,-122.0624,465.7
14055,45.02979,-122.06152,458.6
14056,45.03027,-122.06097,454.8
14057,45.03074,-122.06066,453.3
14058,45.03121,-122.06035,452.8
14059,45.0318,-122.06008,453.3
14060,45.03235,-122.05978,453.9
14061,45.03306,-122.0594,454.6
14062,45.0332,-122.05931,455.5
14063,45.03328,-122.0592,456.1
14064,45.03335,-122.05904,456.3
14065,45.03377,-122.0594,456.9
14066,45.03431,-122.05982,457.9
14067,45.03485,-122.06024,458.9
14068,45.03532,-122.06056,457.9
14069,45.03582,-122.06066,458.4
14070,45.03632,-122.06065,459.0
14071,45.03683,-122.06065,461.0
14072,45.03711,-122.06075,461.7
14073,45.03773,-122.06124,460.8
14074,45.03835,-122.06174,458.8
14075,45.039,-122.06206,456.7
14076,45.03965,-122.06239,456.6
14077,45.04036,-122.06243,458.2
14078,45.04108,-122.06235,458.5
14079,45.04193,-122.06202,460.1
14080,45.04279,-122.06169,460.7
14081,45.04364,-122.06136,460.4
14082,45.04394,-122.0613,460.5
14083,45.04423,-122.06134,459.7
14084,45.0445,-122.06146,459.4
14085,45.04506,-122.06192,458.1
14086,45.04543,-122.06215,459.1
14087,45.04585,-122.06219,461.2
14088,45.04618,-122.06205,461.9
14089,45.04663,-122.0617,461.5
14090,45.04716,-122.0612,461.4
14091,45.04769,-122.06071,458.4
14092,45.04812,-122.06013,454.5
14093,45.04866,-122.05931,446.4
14094,45.0492,-122.05848,441.8
14095,45.04973,-122.05766,444.2
14096,45.05027,-122.05684,446.1
14097,45.05063,-122.05643,447.1
14098,45.05098,-122.05602,453.8
14099,45.05158,-122.05561,454.1
14100,45.05227,-122.05538,451.8
14101,45.05263,-122.05534,450.7
14102,45.05323,-122.05545,454.9
14103,45.05383,-122.05555,456.3
14104,45.05442,-122.05566,456.8
14105,45.05478,-122.0557,456.7
14106,45.05513,-122.0556,457.1
14107,45.0554,-122.05537,457.9
14108,45.05559,-122.05507,458.8
14109,45.05572,-122.05473,459.5
14110,45.05593,-122.05366,461.3
14111,45.05617,-122.05323,461.8
14112,45.05656,-122.05292,461.9
14113,45.05735,-122.05259,459.5
14114,45.05764,-122.05238,458.2
14115,45.05786,-122.0521,457.2
14116,45.05814,-122.05145,455.1
14117,45.05834,-122.05037,448.5
14118,45.05859,-122.04984,448.6
14119,45.05888,-122.04951,452.1
14120,45.05926,-122.04929,453.3
14121,45.06004,-122.04898,454.5
14122,45.06082,-122.04867,457.3
14123,45.06147,-122.04864,459.3
14124,45.06192,-122.04879,457.3
14125,45.06237,-122.04894,455.6
14126,45.06273,-122.04896,455.2
14127,45.06325,-122.0488,455.7
14128,45.06377,-122.04865,456.1
14129,45.06409,-122.04849,456.1
14130,45.06461,-122.04799,455.5
14131,45.06504,-122.04741,455.2
14132,45.06548,-122.04683,455.7
14133,45.06597,-122.04629,458.2
14134,45.06652,-122.04581,461.3
14135,45.06708,-122.04534,464.6
14136,45.06763,-122.04487,465.8
14137,45.06795,-122.04469,466.8
14138,45.06867,-122.04457,467.4
14139,45.06938,-122.04444,468.1
14140,45.0701,-122.04431,467.8
14141,45.07081,-122.04419,468.0
14142,45.07159,-122.04417,467.4
14143,45.07236,-122.04416,462.9
14144,45.07313,-122.04414,462.2
14145,45.07391,-122.04413,460.4
14146,45.07468,-122.04412,456.4
14147,45.07546,-122.0441,448.7
14148,45.07621,-122.04407,448.6
14149,45.07696,-122.04405,448.3
14150,45.07771,-122.04402,445.8
14151,45.07805,-122.04389,444.5
14152,45.07835,-122.04369,443.3
14153,45.07876,-122.04318,438.0
14154,45.07916,-122.04282,434.9
14155,45.07927,-122.04276,434.6
14156,45.07945,-122.04275,435.1
14157,45.07978,-122.04281,436.0
14158,45.07999,-122.04298,436.7
14159,45.08006,-122.04311,437.2
14160,45.08007,-122.04319,437.3
14161,45.0801,-122.04345,437.6
14162,45.08006,-122.04398,438.9
14163,45.07989,-122.04469,439.0
14164,45.07958,-122.04535,442.3
14165,45.07914,-122.04594,445.2
14166,45.07871,-122.04652,445.7
14167,45.07859,-122.04686,446.6
14168,45.07854,-122.04722,448.1
14169,45.07856,-122.04844,451.2
14170,45.07857,-122.04966,446.8
14171,45.07859,-122.05088,452.7
14172,45.07866,-122.05161,454.8
14173,45.07889,-122.05253,460.5
14174,45.07911,-122.05345,461.6
14175,45.07947,-122.05446,456.8
14176,45.07963,-122.05478,455.1
14177,45.08007,-122.05537,454.8
14178,45.08064,-122.05583,455.6
14179,45.08097,-122.05597,455.4
14180,45.08168,-122.05612,454.3
14181,45.08232,-122.05648,456.1
14182,45.08296,-122.05685,456.4
14183,45.08324,-122.05692,454.6
14184,45.08353,-122.0569,453.8
14185,45.08432,-122.05654,453.5
14186,45.08486,-122.05644,447.6
14187,45.0854,-122.05635,446.0
14188,45.08577,-122.05635,445.2
14189,45.08612,-122.05648,445.0
14190,45.0864,-122.05672,447.0
14191,45.08689,-122.05724,447.6
14192,45.08711,-122.05753,448.0
14193,45.08743,-122.0582,446.4
14194,45.08762,-122.05892,438.6
14195,45.08782,-122.05965,436.6
14196,45.088,-122.05996,436.8
14197,45.08844,-122.06051,436.0
14198,45.08858,-122.06086,435.3
14199,45.08865,-122.06123,434.7
14200,45.08865,-122.06156,434.3
14201,45.08848,-122.06269,434.2
14202,45.0885,-122.06342,434.2
14203,45.08868,-122.06412,433.1
14204,45.08891,-122.06453,434.2
14205,45.08907,-122.06496,436.1
14206,45.08917,-122.06583,435.6
14207,45.08945,-122.0665,436.1
14208,45.08963,-122.06721,435.4
14209,45.08965,-122.06759,437.0
14210,45.08962,-122.06781,437.1
14211,45.0894,-122.06843,435.0
14212,45.0894,-122.06857,435.2
14213,45.08946,-122.06884,435.9
14214,45.08975,-122.06926,437.2
14215,45.09019,-122.06974,436.3
14216,45.09038,-122.06984,436.4
14217,45.09101,-122.07001,437.0
14218,45.09136,-122.0703,436.2
14219,45.09147,-122.07049,435.4
14220,45.09182,-122.07137,433.1
14221,45.092,-122.07158,432.9
14222,45.09226,-122.0717,433.1
14223,45.09255,-122.07171,433.6
14224,45.09308,-122.07157,435.3
14225,45.09361,-122.07144,435.8
14226,45.09415,-122.07123,435.8
14227,45.09451,-122.07088,437.7
14228,45.09481,-122.07022,441.8
14229,45.09499,-122.06989,443.3
14230,45.09509,-122.06979,444.3
14231,45.09519,-122.06973,445.4
14232,45.0953,-122.0697,446.4
14233,45.09545,-122.06972,446.8
14234,45.09593,-122.06993,446.0
14235,45.09612,-122.06999,445.7
14236,45.0963,-122.07001,445.8
14237,45.09678,-122.06998,446.9
14238,45.09727,-122.06996,448.1
14239,45.09748,-122.07001,449.0
14240,45.09762,-122.07007,449.4
14241,45.09774,-122.07016,449.3
14242,45.0982,-122.07064,447.8
14243,45.09867,-122.07111,446.8
14244,45.09886,-122.07127,446.3
14245,45.09929,-122.07151,445.1
14246,45.09964,-122.0716,446.9
14247,45.09993,-122.0716,448.5
14248,45.10006,-122.07159,449.0
14249,45.10041,-122.07149,450.0
14250,45.10101,-122.0712,450.7
14251,45.10162,-122.07091,448.1
14252,45.10195,-122.0708,447.4
14253,45.10214,-122.07075,446.2
14254,45.10234,-122.07072,444.4
14255,45.10275,-122.07069,440.4
14256,45.10343,-122.07071,441.5
14257,45.10411,-122.07074,437.2
14258,45.10479,-122.07076,417.6
14259,45.10515,-122.07074,411.3
14260,45.10552,-122.07066,406.0
14261,45.1057,-122.0706,402.3
14262,45.10601,-122.07044,394.9
14263,45.10656,-122.07002,381.8
14264,45.10711,-122.06959,376.6
14265,45.1074,-122.0694,375.6
14266,45.10766,-122.06926,375.2
14267,45.1079,-122.06918,375.2
14268,45.10827,-122.06914,375.4
14269,45.10865,-122.06919,376.4
14270,45.10893,-122.06931,378.4
14271,45.10929,-122.06954,380.0
14272,45.10955,-122.06975,378.8
14273,45.11009,-122.07024,374.9
14274,45.11063,-122.07072,373.0
14275,45.11117,-122.0712,367.4
14276,45.11183,-122.07172,364.6
14277,45.11237,-122.07207,364.9
14278,45.1131,-122.07246,364.5
14279,45.11382,-122.07286,362.1
14280,45.11454,-122.07326,361.4
14281,45.1149,-122.07349,361.5
14282,45.11521,-122.07376,360.7
14283,45.1155,-122.07408,358.8
14284,45.11564,-122.07426,357.6
14285,45.11595,-122.07473,355.1
14286,45.11643,-122.07551,351.2
14287,45.11653,-122.07563,350.4
14288,45.1167,-122.07573,349.5
14289,45.11681,-122.07577,350.3
14290,45.11717,-122.07576,351.3
14291,45.11758,-122.07566,350.9
14292,45.11804,-122.07548,350.4
14293,45.11851,-122.0753,350.8
14294,45.11908,-122.07503,357.3
14295,45.11926,-122.0749,358.3
14296,45.11952,-122.07465,358.6
14297,45.12009,-122.07393,357.7
14298,45.12066,-122.07321,357.9
14299,45.12093,-122.0728,358.7
14300,45.12123,-122.07208,356.9
14301,45.12136,-122.07187,357.8
14302,45.12146,-122.07177,358.8
14303,45.12168,-122.07164,359.9
14304,45.1218,-122.07161,360.0
14305,45.12213,-122.07159,359.6
14306,45.12241,-122.07163,359.8
14307,45.12268,-122.07172,358.4
14308,45.12292,-122.07189,357.4
14309,45.12307,-122.07202,357.3
14310,45.12362,-122.07264,359.3
14311,45.12416,-122.07326,358.5
14312,45.12452,-122.0739,346.4
14313,45.12466,-122.07427,344.9
14314,45.12476,-122.0747,345.3
14315,45.12479,-122.07492,346.1
14316,45.12481,-122.07536,349.7
14317,45.12474,-122.0765,351.3
14318,45.12475,-122.07673,349.4
14319,45.12478,-122.07698,347.0
14320,45.12485,-122.07725,346.1
14321,45.12492,-122.07742,345.8
14322,45.12503,-122.0776,343.2
14323,45.12527,-122.07787,342.6
14324,45.1254,-122.07794,342.3
14325,45.12604,-122.07835,341.0
14326,45.12667,-122.07876,339.8
14327,45.12728,-122.07899,337.6
14328,45.12778,-122.07897,336.3
14329,45.12846,-122.07868,337.4
14330,45.12914,-122.07839,337.1
14331,45.12982,-122.0781,336.2
14332,45.13038,-122.0779,335.1
14333,45.13094,-122.0777,334.0
14334,45.13181,-122.07758,332.3
14335,45.1326,-122.07773,331.1
14336,45.13315,-122.07795,335.2
14337,45.13364,-122.07829,338.3
14338,45.13407,-122.07868,345.2
14339,45.1347,-122.07943,348.2
14340,45.13533,-122.08018,348.0
14341,45.13597,-122.08094,348.2
14342,45.1366,-122.08154,349.0
14343,45.13723,-122.08215,349.1
14344,45.13787,-122.08276,349.0
14345,45.1385,-122.08337,344.7
14346,45.13914,-122.08397,354.1
14347,45.13966,-122.08423,355.7
14348,45.13994,-122.08426,356.8
14349,45.14022,-122.08419,357.3
14350,45.14064,-122.08395,357.9
14351,45.14106,-122.08372,358.3
14352,45.14142,-122.08365,359.2
14353,45.14164,-122.08369,358.6
14354,45.14231,-122.08402,358.1
14355,45.14269,-122.08437,356.9
14356,45.14307,-122.08473,358.3
14357,45.14347,-122.08542,357.7
14358,45.14364,-122.08593,362.0
14359,45.1437,-122.08627,362.6
14360,45.14382,-122.08714,361.1
14361,45.14393,-122.088,359.3
14362,45.14404,-122.08886,360.0
14363,45.14404,-122.08946,359.3
14364,45.14394,-122.09003,358.0
14365,45.14392,-122.09038,358.3
14366,45.14404,-122.09105,358.6
14367,45.14435,-122.09161,357.5
14368,45.14502,-122.09213,357.2
14369,45.14569,-122.09264,348.3
14370,45.14635,-122.09316,348.0
14371,45.14702,-122.09368,346.0
14372,45.14769,-122.09419,349.2
14373,45.14824,-122.09488,347.4
14374,45.14884,-122.0958,342.4
14375,45.14943,-122.09672,335.8
14376,45.14976,-122.09757,325.0
14377,45.14992,-122.09846,323.2
14378,45.15008,-122.09935,326.9
14379,45.1501,-122.10032,325.8
14380,45.15004,-122.10103,324.4
14381,45.14998,-122.10173,323.4
14382,45.15001,-122.10246,324.3
14383,45.1502,-122.10342,324.0
14384,45.15039,-122.10438,319.7
14385,45.15069,-122.10517,316.1
14386,45.15119,-122.10596,316.1
14387,45.15152,-122.10632,315.5
14388,45.15195,-122.10668,314.7
14389,45.15238,-122.10705,314.9
14390,45.15291,-122.10752,313.8
14391,45.15344,-122.108,310.5
14392,45.15397,-122.10847,310.4
14393,45.15446,-122.10902,309.6
14394,45.1549,-122.10963,310.2
14395,45.15533,-122.11037,308.8
14396,45.15568,-122.1111,301.1
14397,45.15597,-122.11193,299.9
14398,45.15626,-122.11277,300.8
14399,45.1565,-122.11325,301.0
14400,45.15698,-122.11403,297.6
14401,45.15747,-122.11481,300.3
14402,45.15795,-122.11559,299.0
14403,45.15844,-122.11638,297.7
14404,45.1587,-122.11688,295.4
14405,45.15909,-122.11786,294.8
14406,45.15948,-122.11884,294.8
14407,45.15987,-122.11983,295.8
14408,45.16005,-122.12011,296.5
14409,45.16056,-122.12082,298.4
14410,45.16074,-122.12105,298.8
14411,45.16099,-122.12133,299.4
14412,45.16124,-122.12152,299.8
14413,45.16142,-122.12161,300.2
14414,45.1617,-122.12174,299.5
14415,45.16225,-122.12192,294.7
14416,45.1625,-122.12194,291.7
14417,45.1633,-122.12195,290.8
14418,45.1641,-122.12197,290.4
14419,45.16484,-122.12196,290.8
14420,45.16571,-122.122,291.2
14421,45.16631,-122.12223,290.7
14422,45.16685,-122.12274,288.4
14423,45.16723,-122.12336,284.9
14424,45.16746,-122.12403,289.7
14425,45.1676,-122.12495,288.4
14426,45.16773,-122.12587,288.3
14427,45.168,-122.12701,290.3
14428,45.16827,-122.12815,289.4
14429,45.16848,-122.12934,289.4
14430,45.16852,-122.13017,288.8
14431,45.16852,-122.13105,289.0
14432,45.16844,-122.13189,289.9
14433,45.16828,-122.13272,290.0
14434,45.16796,-122.13387,289.5
14435,45.16765,-122.13461,289.5
14436,45.16733,-122.13534,290.2
14437,45.16701,-122.13607,291.0
14438,45.16679,-122.13671,297.4
14439,45.16662,-122.13743,299.6
14440,45.16647,-122.1386,299.6
14441,45.16632,-122.1393,299.4
14442,45.16587,-122.14017,300.1
14443,45.16524,-122.14086,290.0
14444,45.1646,-122.14155,289.3
14445,45.16397,-122.14224,290.0
14446,45.16334,-122.14293,289.9
14447,45.16294,-122.14344,290.3
14448,45.16255,-122.14395,288.6
14449,45.16225,-122.1445,288.0
14450,45.16195,-122.14505,286.9
14451,45.16157,-122.14597,286.6
14452,45.16119,-122.14688,280.0
14453,45.16081,-122.1478,278.9
14454,45.16064,-122.14863,285.4
14455,45.16068,-122.14944,293.4
14456,45.16079,-122.14983,293.5
14457,45.16099,-122.15024,289.9
14458,45.16121,-122.15057,280.7
14459,45.16158,-122.15089,279.0
14460,45.16218,-122.1513,276.3
14461,45.16279,-122.15171,273.7
14462,45.16344,-122.15217,270.9
14463,45.16387,-122.15255,271.7
14464,45.16429,-122.15294,272.1
14465,45.16458,-122.15315,271.5
14466,45.16524,-122.15389,272.0
14467,45.16589,-122.15463,269.4
14468,45.16655,-122.15536,267.2
14469,45.16692,-122.15587,265.9
14470,45.1673,-122.15637,264.6
14471,45.16761,-122.15683,263.5
14472,45.16823,-122.15773,266.3
14473,45.16885,-122.15863,269.9
14474,45.16947,-122.15953,272.8
14475,45.17009,-122.16043,272.8
14476,45.17062,-122.16103,272.6
14477,45.17118,-122.1615,272.9
14478,45.17202,-122.16193,273.2
14479,45.17272,-122.16213,273.3
14480,45.17342,-122.16233,273.8
14481,45.17412,-122.16254,274.8
14482,45.17483,-122.16274,277.8
14483,45.1755,-122.16304,279.9
14484,45.1761,-122.16348,284.3
14485,45.17663,-122.16402,286.0
14486,45.17717,-122.16457,288.0
14487,45.17766,-122.16514,288.9
14488,45.17821,-122.16588,288.0
14489,45.17875,-122.16663,284.0
14490,45.17891,-122.16677,279.8
14491,45.17909,-122.16689,277.4
14492,45.1795,-122.16699,277.2
14493,45.18022,-122.16686,271.5
14494,45.18058,-122.16692,267.9
14495,45.18105,-122.16719,266.4
14496,45.18151,-122.16747,266.0
14497,45.18203,-122.16789,265.7
14498,45.18234,-122.16841,266.1
14499,45.18247,-122.16903,262.2
14500,45.18248,-122.16936,258.0
14501,45.18239,-122.17055,258.5
14502,45.1823,-122.17175,255.1
14503,45.18234,-122.17224,255.4
14504,45.18247,-122.1727,254.5
14505,45.18257,-122.17289,254.1
14506,45.18285,-122.17322,254.0
14507,45.18303,-122.17333,254.1
14508,45.18344,-122.17341,253.0
14509,45.18365,-122.17336,251.8
14510,45.18385,-122.17326,250.6
14511,45.18416,-122.17295,249.1
14512,45.1844,-122.17242,250.1
14513,45.18464,-122.17138,252.2
14514,45.18489,-122.17035,251.8
14515,45.18504,-122.16994,252.1
14516,45.18539,-122.16936,245.3
14517,45.18597,-122.16876,241.0
14518,45.18655,-122.16816,240.6
14519,45.18679,-122.168,240.8
14520,45.18734,-122.16778,241.2
14521,45.18807,-122.16775,241.5
14522,45.18878,-122.16795,242.0
14523,45.18959,-122.16846,242.1
14524,45.1902,-122.16909,241.6
14525,45.19051,-122.16959,240.9
14526,45.19074,-122.17013,240.6
14527,45.1909,-122.17069,240.8
14528,45.19115,-122.17186,241.2
14529,45.19139,-122.17304,240.9
14530,45.19164,-122.17422,240.9
14531,45.19195,-122.17512,243.2
14532,45.19222,-122.17564,239.6
14533,45.19275,-122.17633,240.9
14534,45.1929,-122.17647,240.6
14535,45.1929,-122.17648,240.4
14536,45.1929,-122.17648,240.4
14537,45.19418,-122.17769,238.2
14538,45.19463,-122.17827,237.1
14539,45.1956,-122.17971,235.0
14540,45.19604,-122.18019,234.5
14541,45.19696,-122.18101,236.4
14542,45.19737,-122.18163,237.2
14543,45.19758,-122.18227,237.6
14544,45.19765,-122.18287,237.2
14545,45.19762,-122.1835,236.7
14546,45.19748,-122.1844,238.0
14547,45.19734,-122.18497,238.8
14548,45.19705,-122.18588,239.3
14549,45.19591,-122.18898,238.5
14550,45.19434,-122.19256,234.7
14551,45.19314,-122.1948,233.9
14552,45.19231,-122.19609,225.1
14553,45.19013,-122.19905,226.8
14554,45.18965,-122.19983,226.8
14555,45.18927,-122.20066,228.3
14556,45.18893,-122.20161,230.2
14557,45.18845,-122.2032,228.2
14558,45.18828,-122.20401,226.1
14559,45.18825,-122.20458,225.5
14560,45.18835,-122.2053,226.4
14561,45.18859,-122.20595,228.7
14562,45.18893,-122.20643,229.8
14563,45.18926,-122.20671,230.0
14564,45.18964,-122.20691,230.3
14565,45.19137,-122.20749,228.6
14566,45.19177,-122.2077,228.1
14567,45.19217,-122.20802,227.3
14568,45.19269,-122.20875,227.7
14569,45.19283,-122.20902,227.9
14570,45.19301,-122.20962,227.8
14571,45.19308,-122.21025,227.1
14572,45.19306,-122.21072,226.4
14573,45.19276,-122.21254,223.9
14574,45.19277,-122.21303,224.6
14575,45.1928,-122.21332,224.8
14576,45.19292,-122.21402,224.0
14577,45.193,-122.21434,222.6
14578,45.19318,-122.21484,218.9
14579,45.1933,-122.21509,218.4
14580,45.19344,-122.21535,217.4
14581,45.19379,-122.21582,216.1
14582,45.1942,-122.21623,215.3
14583,45.19441,-122.21636,215.3
14584,45.19498,-122.21662,215.3
14585,45.19599,-122.21702,214.1
14586,45.19676,-122.21736,211.7
14587,45.19864,-122.2181,212.9
14588,45.19906,-122.21832,213.4
14589,45.19939,-122.21858,213.1
14590,45.19971,-122.21896,212.3
14591,45.19984,-122.21917,211.9
14592,45.20006,-122.21963,212.5
14593,45.20024,-122.22024,213.5
14594,45.2003,-122.22054,213.8
14595,45.20033,-122.2208,213.8
14596,45.20034,-122.2213,213.6
14597,45.20031,-122.22173,214.9
14598,45.20026,-122.22199,214.9
14599,45.20006,-122.22265,211.9
14600,45.19987,-122.22318,211.1
14601,45.19981,-122.22342,211.8
14602,45.19976,-122.22369,212.9
14603,45.19973,-122.22395,214.1
14604,45.19974,-122.2242,215.6
14605,45.19979,-122.22449,216.8
14606,45.19986,-122.22472,217.5
14607,45.19996,-122.22494,217.3
14608,45.20008,-122.22514,216.9
14609,45.20025,-122.22532,216.6
14610,45.20046,-122.22547,215.7
14611,45.20075,-122.22559,214.8
14612,45.20287,-122.22619,213.2
14613,45.20332,-122.22629,213.0
14614,45.20412,-122.22638,212.8
14615,45.20452,-122.22638,213.0
14616,45.20497,-122.22634,213.4
14617,45.20749,-122.22597,214.4
14618,45.20824,-122.2259,214.0
14619,45.20885,-122.22595,214.7
14620,45.20922,-122.22603,214.6
14621,45.20961,-122.22615,214.3
14622,45.20997,-122.2263,214.2
14623,45.21056,-122.22662,214.0
14624,45.21111,-122.22702,214.3
14625,45.21172,-122.22754,215.0
14626,45.21192,-122.22776,215.2
14627,45.2121,-122.22799,215.1
14628,45.21238,-122.22847,215.0
14629,45.2132,-122.23042,212.4
14630,45.2135,-122.23121,212.8
14631,45.21371,-122.23191,214.2
14632,45.21391,-122.23271,215.3
14633,45.21415,-122.23346,216.6
14634,45.21432,-122.23387,216.7
14635,45.21473,-122.23464,216.4
14636,45.21493,-122.23499,215.5
14637,45.21514,-122.23529,215.2
14638,45.21533,-122.23552,215.0
14639,45.21551,-122.23569,215.4
14640,45.21735,-122.23712,226.4
14641,45.21774,-122.23736,228.1
14642,45.21796,-122.23745,229.0
14643,45.21913,-122.23777,228.2
14644,45.21944,-122.23794,228.4
14645,45.21974,-122.23821,229.1
14646,45.21988,-122.23839,229.2
14647,45.22008,-122.23866,229.7
14648,45.22049,-122.23935,229.9
14649,45.22291,-122.24317,226.0
14650,45.22354,-122.24425,222.4
14651,45.22381,-122.24482,218.4
14652,45.22487,-122.24751,212.9
14653,45.22518,-122.24817,212.4
14654,45.22532,-122.2484,212.1
14655,45.22551,-122.24865,212.2
14656,45.22693,-122.25027,210.9
14657,45.2278,-122.25123,211.1
14658,45.22811,-122.25153,211.5
14659,45.22831,-122.2517,211.4
14660,45.22875,-122.25194,211.2
14661,45.23082,-122.25281,212.6
14662,45.23145,-122.25299,212.0
14663,45.23225,-122.25315,208.8
14664,45.23267,-122.25336,208.2
14665,45.23289,-122.25349,208.6
14666,45.23313,-122.25369,210.9
14667,45.23344,-122.25401,216.3
14668,45.23466,-122.25544,223.3
14669,45.235,-122.25574,225.6
14670,45.23564,-122.25619,233.9
14671,45.23628,-122.25649,237.7
14672,45.23665,-122.25661,237.1
14673,45.23662,-122.25685,231.9
14674,45.23662,-122.25717,221.9
14675,45.23665,-122.25724,220.9
14676,45.23671,-122.2573,220.9
14677,45.23756,-122.25768,221.1
14678,45.23822,-122.25799,218.9
14679,45.23905,-122.25833,214.7
14680,45.23971,-122.2587,215.1
14681,45.24028,-122.25944,217.4
14682,45.24069,-122.26015,215.4
14683,45.24093,-122.26063,214.7
14684,45.24099,-122.26078,214.8
14685,45.24112,-122.26128,219.8
14686,45.24113,-122.26152,220.1
14687,45.24111,-122.26224,216.6
14688,45.24113,-122.26358,215.2
14689,45.24115,-122.26371,215.3
14690,45.24135,-122.26431,217.9
14691,45.24139,-122.26453,214.8
14692,45.24135,-122.26487,215.4
14693,45.24114,-122.2661,212.2
14694,45.2411,-122.26649,212.8
14695,45.24111,-122.26662,214.0
14696,45.24117,-122.26694,215.9
14697,45.2413,-122.26724,215.4
14698,45.24214,-122.2688,214.2
14699,45.24273,-122.27022,211.7
14700,45.24347,-122.27124,213.6
14701,45.24356,-122.2714,214.6
14702,45.24379,-122.2719,213.6
14703,45.24421,-122.27311,212.7
14704,45.24427,-122.27323,212.9
14705,45.24466,-122.27376,218.1
14706,45.2449,-122.27417,217.3
14707,45.24503,-122.27441,218.1
14708,45.24513,-122.27467,220.0
14709,45.24519,-122.27495,219.4
14710,45.24524,-122.27548,215.9
14711,45.24531,-122.27668,215.0
14712,45.24526,-122.27751,215.9
14713,45.24518,-122.27833,214.8
14714,45.24511,-122.27871,214.8
14715,45.245,-122.27907,212.7
14716,45.24469,-122.2799,212.6
14717,45.24469,-122.28008,213.2
14718,45.24471,-122.28058,216.3
14719,45.24466,-122.28084,216.1
14720,45.24426,-122.28194,208.7
14721,45.24416,-122.28249,208.0
14722,45.24415,-122.28303,208.2
14723,45.24418,-122.28417,207.8
14724,45.2441,-122.28492,207.7
14725,45.24395,-122.28546,204.4
14726,45.24345,-122.28706,202.6
14727,45.2434,-122.28732,202.9
14728,45.24334,-122.28874,202.3
14729,45.24338,-122.28958,194.9
14730,45.24354,-122.29018,191.9
14731,45.24368,-122.29056,190.7
14732,45.24379,-122.2908,190.1
14733,45.24515,-122.29305,190.6
14734,45.24538,-122.29359,189.5
14735,45.24553,-122.29417,186.7
14736,45.24568,-122.29501,184.1
14737,45.24577,-122.29578,183.8
14738,45.24577,-122.29578,183.8
14739,45.24578,-122.29578,184.1
14740,45.24582,-122.29685,184.9
14741,45.24577,-122.29757,189.0
14742,45.24556,-122.29865,189.0
14743,45.24535,-122.29974,189.1
14744,45.24531,-122.30005,188.5
14745,45.24533,-122.30045,188.4
14746,45.2454,-122.30071,188.6
14747,45.24567,-122.3012,187.6
14748,45.24589,-122.30148,187.1
14749,45.24601,-122.30156,186.9
14750,45.24615,-122.30159,186.4
14751,45.24635,-122.30157,186.0
14752,45.24668,-122.30149,185.8
14753,45.24723,-122.30116,186.6
14754,45.24779,-122.30084,185.3
14755,45.24847,-122.30036,187.2
14756,45.24915,-122.29988,189.3
14757,45.24984,-122.29939,185.7
14758,45.25016,-122.29921,178.0
14759,45.2503,-122.29907,174.2
14760,45.25043,-122.29891,178.4
14761,45.25085,-122.29822,180.2
14762,45.25128,-122.29754,179.4
14763,45.25156,-122.29729,180.7
14764,45.25208,-122.29693,181.9
14765,45.25286,-122.29663,181.1
14766,45.25345,-122.29647,180.8
14767,45.25404,-122.29632,183.4
14768,45.25481,-122.29623,178.8
14769,45.25558,-122.29614,184.7
14770,45.25643,-122.29628,177.8
14771,45.25699,-122.29643,177.0
14772,45.25715,-122.29651,177.2
14773,45.25739,-122.29672,176.6
14774,45.25776,-122.29698,175.7
14775,45.258,-122.29712,175.4
14776,45.25848,-122.29729,175.2
14777,45.25896,-122.29745,173.9
14778,45.25971,-122.29776,173.2
14779,45.26017,-122.29813,173.0
14780,45.26065,-122.29845,171.6
14781,45.26114,-122.29875,171.2
14782,45.26163,-122.29905,169.7
14783,45.26177,-122.29915,169.4
14784,45.26203,-122.2994,169.9
14785,45.26214,-122.29954,170.3
14786,45.26226,-122.29972,169.6
14787,45.26244,-122.30015,168.7
14788,45.26278,-122.30078,167.4
14789,45.26287,-122.30097,167.1
14790,45.26319,-122.30151,166.8
14791,45.26327,-122.30163,166.1
14792,45.26336,-122.30171,165.8
14793,45.26363,-122.30191,165.2
14794,45.26374,-122.30201,165.2
14795,45.26393,-122.30228,165.7
14796,45.264,-122.30244,164.9
14797,45.2642,-122.30318,164.7
14798,45.26429,-122.30343,163.6
14799,45.26458,-122.30411,162.8
14800,45.26478,-122.30451,162.2
14801,45.2651,-122.30499,161.6
14802,45.26542,-122.30548,160.7
14803,45.26578,-122.30608,159.9
14804,45.26611,-122.30654,159.5
14805,45.26623,-122.30677,159.5
14806,45.26642,-122.30719,158.7
14807,45.26681,-122.30811,158.0
14808,45.26702,-122.30873,157.1
14809,45.26723,-122.30951,156.7
14810,45.26728,-122.30975,156.6
14811,45.26745,-122.31097,155.7
14812,45.26761,-122.31218,155.7
14813,45.26771,-122.31279,155.8
14814,45.26785,-122.31343,155.3
14815,45.26792,-122.31368,155.3
14816,45.26814,-122.31424,155.2
14817,45.26797,-122.31423,155.4
14818,45.26802,-122.31439,154.8
14819,45.2686,-122.31534,154.6
14820,45.26872,-122.31556,154.8
14821,45.26893,-122.31543,155.1
14822,45.26904,-122.31558,154.8
14823,45.26956,-122.3161,154.9
14824,45.269598,-122.316138,154.9
14825,45.269709,-122.316293,155.2
14826,45.269749,-122.316349,155.2
14827,45.269727,-122.316589,153.3
14828,45.269713,-122.317497,153.0
14829,45.269712,-122.317576,153.3
14830,45.269712,-122.317576,153.3
14831,45.270965,-122.318821,152.0
14832,45.270965,-122.318821,152.0
14833,45.272196,-122.319422,151.3
14834,45.273427,-122.320022,150.7
14835,45.27342,-122.32004,150.7
14836,45.2741,-122.32033,149.4
14837,45.27477,-122.32061,148.7
14838,45.27545,-122.3209,148.1
14839,45.27545,-122.3209,148.1
14840,45.27621,-122.32122,146.5
14841,45.27698,-122.32167,146.2
14842,45.27776,-122.32211,145.4
14843,45.27846,-122.32269,144.5
14844,45.27915,-122.32327,146.9
14845,45.27951,-122.32374,146.2
14846,45.27986,-122.32421,146.1
14847,45.28025,-122.32489,146.0
14848,45.28065,-122.32557,148.2
14849,45.28076,-122.32566,149.2
14850,45.28076,-122.32566,149.2
14851,45.28123,-122.32608,150.0
14852,45.28154,-122.32689,147.1
14853,45.28186,-122.32769,146.7
14854,45.28211,-122.32773,147.6
14855,45.28243,-122.32847,146.2
14856,45.28243,-122.328467,146.2
14857,45.28269,-122.32909,145.9
14858,45.28279,-122.32924,145.8
14859,45.28287,-122.3294,145.5
14860,45.28318,-122.3301,145.3
14861,45.28356,-122.33094,145.7
14862,45.2837,-122.33121,144.7
14863,45.28376,-122.33133,145.2
14864,45.2838,-122.33138,144.9
14865,45.2839,-122.33157,144.6
14866,45.284,-122.33173,144.5
14867,45.28412,-122.33188,144.4
14868,45.28427,-122.33208,144.3
14869,45.2844,-122.33225,144.2
14870,45.2845,-122.33237,144.2
14871,45.2848,-122.33276,144.0
14872,45.28484,-122.33294,143.7
14873,45.28491,-122.33304,143.7
14874,45.28514,-122.3334,143.4
14875,45.28526,-122.33362,143.3
14876,45.28549,-122.33406,143.0
14877,45.28549,-122.33406,143.0
14878,45.28572,-122.33405,142.8
14879,45.28635,-122.33405,142.5
14880,45.28642,-122.33405,142.5
14881,45.28672,-122.33404,142.6
14882,45.28757,-122.33402,142.5
14883,45.28769,-122.334,142.8
14884,45.28783,-122.334,143.6
14885,45.28866,-122.33397,150.0
14886,45.28912,-122.33395,153.6
14887,45.28948,-122.33392,156.0
14888,45.28966,-122.33391,156.8
14889,45.29065,-122.33387,157.2
14890,45.29164,-122.33384,156.9
14891,45.29264,-122.3338,156.5
14892,45.29304,-122.33379,156.4
14893,45.29361,-122.33376,156.2
14894,45.29448,-122.33375,156.1
14895,45.29448,-122.33375,156.1
14896,45.29439,-122.33267,157.2
14897,45.29434,-122.33219,157.7
14898,45.2943,-122.33154,159.2
14899,45.29428,-122.33144,159.5
14900,45.29428,-122.33135,159.7
14901,45.29428,-122.33128,159.9
14902,45.29428,-122.33123,160.0
14903,45.29428,-122.33116,160.3
14904,45.29429,-122.33111,160.5
14905,45.29429,-122.33109,160.6
14906,45.2943,-122.33103,160.9
14907,45.29432,-122.33098,161.0
14908,45.29434,-122.33091,161.2
14909,45.29436,-122.33085,161.5
14910,45.29439,-122.3308,161.8
14911,45.29445,-122.33066,162.3
14912,45.29449,-122.33059,162.5
14913,45.29451,-122.33056,162.5
14914,45.29452,-122.33052,162.6
14915,45.29455,-122.33045,162.7
14916,45.29457,-122.33039,162.8
14917,45.29459,-122.33032,162.9
14918,45.29461,-122.33025,163.0
14919,45.29463,-122.33017,163.0
14920,45.29464,-122.33009,163.0
14921,45.29465,-122.33001,163.0
14922,45.29466,-122.32992,163.0
14923,45.29468,-122.32967,163.0
14924,45.2947,-122.3294,163.3
14925,45.29471,-122.32929,163.0
14926,45.29472,-122.32913,162.5
14927,45.29473,-122.32897,164.2
14928,45.29474,-122.32882,164.5
14929,45.29475,-122.32871,164.5
14930,45.29475,-122.32863,164.8
14931,45.29475,-122.32862,164.8
14932,45.29475,-122.32854,165.1
14933,45.29475,-122.32846,165.3
14934,45.29474,-122.32839,165.5
14935,45.29473,-122.32832,165.8
14936,45.29472,-122.32823,166.0
14937,45.29472,-122.32823,166.0
14938,45.29469,-122.32816,166.2
14939,45.29467,-122.32812,166.4
14940,45.29465,-122.32807,166.8
14941,45.29462,-122.32801,167.2
14942,45.29458,-122.32796,167.6
14943,45.29454,-122.3279,168.3
14944,45.2945,-122.32785,168.8
14945,45.29445,-122.32781,169.1
14946,45.29443,-122.32778,169.4
14947,45.2944,-122.32776,169.6
14948,45.29435,-122.32772,170.0
14949,45.29425,-122.32765,171.2
14950,45.29417,-122.3276,171.9
14951,45.2941,-122.32756,172.6
14952,45.29405,-122.32752,172.9
14953,45.29401,-122.32748,173.7
14954,45.29398,-122.32744,173.8
14955,45.29396,-122.32741,174.0
14956,45.29393,-122.32738,174.8
14957,45.2939,-122.32733,174.8
14958,45.29387,-122.32728,175.8
14959,45.29384,-122.3272,177.2
14960,45.2938,-122.32712,176.3
14961,45.29379,-122.32709,176.7
14962,45.29378,-122.32704,177.6
14963,45.29375,-122.32695,178.5
14964,45.29372,-122.32684,178.7
14965,45.29369,-122.32672,179.3
14966,45.29366,-122.32658,181.4
14967,45.29364,-122.3265,181.2
14968,45.29362,-122.3264,181.2
14969,45.2936,-122.32633,181.4
14970,45.29348,-122.32597,184.0
14971,45.29344,-122.32585,184.7
14972,45.29339,-122.3257,185.9
14973,45.29335,-122.32561,186.3
14974,45.29331,-122.32551,187.2
14975,45.29326,-122.32539,187.7
14976,45.29322,-122.32529,188.9
14977,45.29318,-122.32521,189.2
14978,45.29313,-122.32512,189.2
14979,45.29308,-122.32503,190.3
14980,45.29302,-122.32496,190.7
14981,45.29298,-122.32491,191.0
14982,45.29292,-122.32484,191.7
14983,45.29274,-122.32465,193.7
14984,45.29267,-122.32457,194.3
14985,45.29253,-122.32442,195.3
14986,45.29246,-122.32433,195.9
14987,45.2924,-122.32425,196.1
14988,45.29235,-122.32418,197.1
14989,45.2923,-122.32409,197.5
14990,45.29228,-122.32405,198.0
14991,45.29223,-122.32398,197.6
14992,45.29217,-122.32386,198.6
14993,45.29216,-122.32385,198.5
14994,45.29212,-122.32376,199.1
14995,45.29209,-122.32367,200.6
14996,45.29207,-122.32363,200.8
14997,45.29202,-122.32347,201.2
14998,45.29196,-122.32329,202.3
14999,45.29181,-122.32283,205.9
15000,45.29166,-122.32237,207.3
15001,45.29158,-122.32214,208.3
15002,45.29152,-122.32196,210.3
15003,45.2915,-122.32191,210.0
15004,45.29144,-122.32173,211.4
15005,45.29143,-122.3217,211.6
15006,45.29136,-122.32152,212.2
15007,45.29136,-122.32151,212.4
15008,45.29129,-122.32137,212.5
15009,45.29126,-122.3213,213.2
15010,45.2912,-122.32119,213.3
15011,45.29111,-122.32101,214.3
15012,45.29104,-122.32089,215.2
15013,45.29104,-122.32087,215.3
15014,45.29101,-122.32081,215.4
15015,45.29099,-122.32075,216.1
15016,45.29096,-122.32069,216.3
15017,45.29094,-122.32062,216.5
15018,45.29092,-122.32053,217.0
15019,45.2909,-122.32042,218.3
15020,45.2909,-122.32041,218.3
15021,45.29088,-122.32033,218.4
15022,45.29087,-122.32027,218.6
15023,45.29086,-122.32017,219.5
15024,45.29086,-122.32013,219.6
15025,45.29085,-122.32004,219.6
15026,45.29084,-122.31992,219.7
15027,45.29084,-122.31991,219.7
15028,45.29084,-122.31977,220.7
15029,45.29083,-122.31967,221.1
15030,45.29083,-122.3196,221.4
15031,45.29083,-122.31949,221.9
15032,45.29083,-122.31924,222.4
15033,45.29084,-122.31885,223.7
15034,45.29084,-122.31864,224.5
15035,45.29084,-122.31855,224.7
15036,45.29084,-122.31848,224.8
15037,45.29084,-122.31841,224.9
15038,45.29083,-122.31836,224.9
15039,45.29083,-122.3183,224.7
15040,45.29082,-122.31823,224.6
15041,45.29081,-122.31819,224.7
15042,45.2908,-122.31815,224.9
15043,45.29079,-122.31806,225.1
15044,45.29077,-122.31795,225.2
15045,45.29075,-122.31783,225.0
15046,45.29069,-122.3175,225.3
15047,45.29062,-122.31721,225.3
15048,45.29057,-122.31685,226.0
15049,45.2905,-122.31643,227.2
15050,45.29026,-122.31515,231.8
15051,45.29007,-122.31416,236.3
15052,45.28988,-122.31317,240.1
15053,45.28983,-122.31288,241.2
15054,45.2898,-122.31267,241.5
15055,45.28977,-122.31252,242.4
15056,45.28975,-122.31237,242.8
15057,45.28972,-122.31214,243.2
15058,45.28971,-122.31177,244.2
15059,45.2897,-122.31089,246.9
15060,45.28971,-122.31004,248.9
15061,45.28972,-122.30862,252.3
15062,45.28973,-122.307,257.4
15063,45.28973,-122.30653,259.7
15064,45.28974,-122.30598,262.5
15065,45.28974,-122.30572,263.8
15066,45.28974,-122.30444,270.8
15067,45.28975,-122.30419,272.1
15068,45.28976,-122.30228,280.4
15069,45.28976,-122.30186,281.6
15070,45.28976,-122.30186,281.6
15071,45.29011,-122.30185,281.9
15072,45.29066,-122.30183,282.8
15073,45.29101,-122.30183,283.3
15074,45.29151,-122.30182,282.9
15075,45.29173,-122.30181,282.7
15076,45.29209,-122.30181,281.6
15077,45.29244,-122.30181,280.5
15078,45.29334,-122.3018,277.0
15079,45.2937,-122.30179,276.4
15080,45.29388,-122.30179,276.2
15081,45.29442,-122.30179,276.4
15082,45.2946,-122.30178,276.5
15083,45.29508,-122.30178,277.7
15084,45.29544,-122.30178,278.0
15085,45.29598,-122.30177,278.0
15086,45.29649,-122.30178,277.2
15087,45.29652,-122.30178,277.1
15088,45.2969,-122.30179,275.5
15089,45.29734,-122.30178,272.6
15090,45.29755,-122.30177,271.3
15091,45.29762,-122.30177,271.0
15092,45.2978,-122.30177,270.6
15093,45.29806,-122.30177,270.6
15094,45.29842,-122.30176,271.4
15095,45.29843,-122.30176,271.4
15096,45.30022,-122.30176,275.1
15097,45.3014,-122.30175,276.1
15098,45.30164,-122.30176,276.3
15099,45.30256,-122.30175,278.2
15100,45.30382,-122.30173,278.6
15101,45.30399,-122.30173,278.7
15102,45.30489,-122.30172,277.4
15103,45.30525,-122.30172,277.5
15104,45.30598,-122.30171,279.3
15105,45.30669,-122.30171,281.2
15106,45.30687,-122.30171,281.6
15107,45.30722,-122.3017,281.7
15108,45.30723,-122.3017,281.7
15109,45.30777,-122.3017,280.2
15110,45.30868,-122.30169,275.1
15111,45.30875,-122.30169,274.7
15112,45.30903,-122.30169,273.6
15113,45.30921,-122.30169,272.9
15114,45.30939,-122.30169,272.4
15115,45.30986,-122.30168,271.6
15116,45.30986,-122.30168,271.6
15117,45.30986,-122.30112,272.6
15118,45.30987,-122.30038,273.2
15119,45.30987,-122.30036,273.3
15120,45.30987,-122.30022,273.4
15121,45.30987,-122.30011,273.6
15122,45.30988,-122.29947,273.3
15123,45.30988,-122.29916,273.1
15124,45.30989,-122.29839,273.3
15125,45.30989,-122.29806,273.4
15126,45.30989,-122.298,273.6
15127,45.3099,-122.29653,276.7
15128,45.30991,-122.29623,276.5
15129,45.30992,-122.29609,276.4
15130,45.30992,-122.29602,276.3
15131,45.30992,-122.29594,276.2
15132,45.30991,-122.2958,275.8
15133,45.30992,-122.29537,274.5
15134,45.30992,-122.29499,273.8
15135,45.30992,-122.29494,273.7
15136,45.30992,-122.29479,273.5
15137,45.30992,-122.29474,273.5
15138,45.30992,-122.29465,273.2
15139,45.30993,-122.29448,273.2
15140,45.30993,-122.29444,273.4
15141,45.30993,-122.29423,274.0
15142,45.30994,-122.2938,275.7
15143,45.30994,-122.29372,276.0
15144,45.30994,-122.29346,276.6
15145,45.30995,-122.29295,277.3
15146,45.30995,-122.29218,277.1
15147,45.30996,-122.29192,276.7
15148,45.30995,-122.29177,276.2
15149,45.30992,-122.29162,275.9
15150,45.30986,-122.29137,275.3
15151,45.30978,-122.29104,274.7
15152,45.30975,-122.2909,274.5
15153,45.30973,-122.29075,274.3
15154,45.30973,-122.29069,274.1
15155,45.30972,-122.29061,274.0
15156,45.30972,-122.29025,274.5
15157,45.30972,-122.29018,274.8
15158,45.30973,-122.28864,280.2
15159,45.30973,-122.28839,280.6
15160,45.30973,-122.28791,280.0
15161,45.30972,-122.28768,279.2
15162,45.30971,-122.28762,278.9
15163,45.3097,-122.28761,278.9
15164,45.30968,-122.28753,278.5
15165,45.30966,-122.28747,278.2
15166,45.30963,-122.28741,278.5
15167,45.30956,-122.28729,277.2
15168,45.30943,-122.28711,276.3
15169,45.30935,-122.287,275.5
15170,45.30928,-122.28688,274.2
15171,45.30924,-122.28681,274.2
15172,45.3092,-122.28667,272.6
15173,45.30916,-122.28652,272.3
15174,45.30915,-122.28647,271.7
15175,45.30914,-122.28638,271.2
15176,45.30912,-122.28622,270.3
15177,45.30909,-122.28596,270.3
15178,45.30904,-122.28551,269.5
15179,45.30904,-122.28546,269.2
15180,45.30903,-122.28529,268.0
15181,45.30903,-122.28515,265.7
15182,45.30904,-122.28507,264.6
15183,45.30909,-122.28496,263.6
15184,45.3091,-122.28493,263.5
15185,45.30918,-122.28481,263.7
15186,45.30923,-122.28475,263.4
15187,45.30928,-122.28471,263.3
15188,45.30935,-122.28463,263.8
15189,45.30959,-122.2844,261.1
15190,45.30964,-122.28433,261.5
15191,45.30968,-122.28428,261.4
15192,45.30971,-122.28422,261.2
15193,45.30975,-122.28415,260.8
15194,45.30979,-122.28402,260.1
15195,45.30981,-122.28388,259.5
15196,45.30981,-122.28374,258.2
15197,45.3098,-122.28363,256.8
15198,45.30977,-122.28331,254.7
15199,45.30975,-122.28317,255.4
15200,45.30974,-122.28313,255.6
15201,45.30971,-122.28304,255.5
15202,45.30968,-122.28298,255.0
15203,45.30963,-122.28293,254.7
15204,45.30957,-122.2829,254.5
15205,45.30951,-122.28288,253.8
15206,45.30946,-122.28288,253.4
15207,45.30944,-122.28288,253.2
15208,45.30936,-122.2829,252.9
15209,45.30929,-122.28288,251.8
15210,45.30928,-122.28288,251.8
15211,45.30922,-122.28283,250.7
15212,45.30918,-122.28276,249.6
15213,45.30915,-122.2827,248.4
15214,45.30915,-122.28269,248.2
15215,45.30913,-122.28261,247.4
15216,45.30912,-122.28254,246.9
15217,45.30912,-122.28246,246.3
15218,45.30912,-122.28245,246.3
15219,45.30916,-122.28196,245.2
15220,45.30916,-122.28195,245.2
15221,45.30916,-122.28181,244.8
15222,45.30915,-122.28166,243.8
15223,45.30914,-122.28152,242.5
15224,45.30912,-122.28146,242.6
15225,45.30911,-122.28144,242.8
15226,45.30909,-122.2814,243.4
15227,45.30905,-122.28134,244.0
15228,45.30899,-122.2813,243.4
15229,45.30897,-122.2813,243.2
15230,45.30893,-122.28128,242.7
15231,45.30886,-122.28128,242.1
15232,45.30879,-122.28129,241.7
15233,45.30826,-122.28139,238.3
15234,45.30822,-122.2814,238.7
15235,45.30815,-122.2814,238.0
15236,45.30808,-122.2814,237.5
15237,45.30801,-122.28138,236.7
15238,45.30794,-122.28133,235.8
15239,45.30792,-122.28129,235.2
15240,45.30791,-122.28125,234.1
15241,45.30789,-122.28117,233.1
15242,45.30789,-122.28108,232.3
15243,45.3079,-122.28105,231.8
15244,45.30791,-122.281,231.7
15245,45.30794,-122.28093,232.4
15246,45.30809,-122.28068,230.8
15247,45.30815,-122.28055,230.8
15248,45.30819,-122.28043,229.6
15249,45.30819,-122.28042,229.7
15250,45.30828,-122.27968,226.0
15251,45.30829,-122.27963,226.1
15252,45.3083,-122.27949,226.0
15253,45.3083,-122.27942,225.9
15254,45.3083,-122.27935,225.6
15255,45.30829,-122.27928,225.2
15256,45.30827,-122.27921,225.1
15257,45.30826,-122.27918,225.2
15258,45.30821,-122.27908,225.2
15259,45.30818,-122.27902,224.6
15260,45.30815,-122.27898,224.9
15261,45.30814,-122.27896,224.6
15262,45.30787,-122.27865,222.1
15263,45.30786,-122.27863,222.0
15264,45.30774,-122.27848,221.2
15265,45.3076,-122.27831,219.4
15266,45.30747,-122.27814,217.8
15267,45.3074,-122.27806,217.1
15268,45.30733,-122.27797,216.5
15269,45.30727,-122.27789,215.9
15270,45.30724,-122.27782,215.7
15271,45.30722,-122.27778,214.5
15272,45.30721,-122.27775,215.0
15273,45.30718,-122.27768,215.4
15274,45.30717,-122.2776,215.5
15275,45.30717,-122.27753,215.2
15276,45.30718,-122.27745,215.0
15277,45.30719,-122.27737,214.0
15278,45.30721,-122.2773,212.4
15279,45.30722,-122.27729,212.2
15280,45.30732,-122.27707,209.7
15281,45.30732,-122.27707,209.7
15282,45.30747,-122.27704,208.4
15283,45.30755,-122.27704,207.8
15284,45.30769,-122.27709,206.6
15285,45.30782,-122.27715,205.3
15286,45.30807,-122.2773,203.0
15287,45.30817,-122.27737,202.1
15288,45.30831,-122.27746,200.7
15289,45.30842,-122.27754,199.7
15290,45.30853,-122.27765,198.8
15291,45.30863,-122.27776,197.6
15292,45.30876,-122.27793,196.6
15293,45.30884,-122.27805,195.8
15294,45.30888,-122.27812,195.9
15295,45.30892,-122.27818,195.3
15296,45.30898,-122.2783,195.2
15297,45.30899,-122.27833,195.2
15298,45.30909,-122.27854,194.1
15299,45.30932,-122.27906,190.4
15300,45.30934,-122.27909,190.4
15301,45.30942,-122.27927,190.2
15302,45.30953,-122.27947,190.2
15303,45.30953,-122.27948,190.3
15304,45.30961,-122.27961,189.8
15305,45.30964,-122.27967,189.8
15306,45.30968,-122.27973,189.2
15307,45.30977,-122.27986,188.9
15308,45.30987,-122.27997,188.3
15309,45.30991,-122.28001,188.4
15310,45.30997,-122.28008,188.1
15311,45.31006,-122.28016,187.6
15312,45.31008,-122.28017,187.6
15313,45.31019,-122.28026,187.2
15314,45.31021,-122.28028,187.3
15315,45.31031,-122.28034,186.7
15316,45.31043,-122.28042,186.6
15317,45.31056,-122.28048,186.5
15318,45.31057,-122.28049,186.5
15319,45.31057,-122.28049,186.5
15320,45.31069,-122.28054,186.6
15321,45.31072,-122.28055,186.7
15322,45.31089,-122.28062,187.2
15323,45.31123,-122.28075,189.2
15324,45.31124,-122.28076,189.2
15325,45.31141,-122.28083,190.5
15326,45.31184,-122.281,192.6
15327,45.31193,-122.28103,192.7
15328,45.31204,-122.28107,192.7
15329,45.31245,-122.2812,190.6
15330,45.31246,-122.2812,190.5
15331,45.31299,-122.28135,184.9
15332,45.31334,-122.28145,181.9
15333,45.3137,-122.28155,179.6
15334,45.31387,-122.2816,178.4
15335,45.31457,-122.28182,175.4
15336,45.31468,-122.28185,175.1
15337,45.31475,-122.28187,174.8
15338,45.31482,-122.28188,174.5
15339,45.31489,-122.28189,174.2
15340,45.31493,-122.2819,174.1
15341,45.31496,-122.2819,174.0
15342,45.31503,-122.28189,173.7
15343,45.3151,-122.28187,173.4
15344,45.31511,-122.28187,173.4
15345,45.31516,-122.28184,173.2
15346,45.31523,-122.28181,172.6
15347,45.31534,-122.28172,171.7
15348,45.31544,-122.2816,167.4
15349,45.31559,-122.28144,169.9
15350,45.31563,-122.28139,172.3
15351,45.31572,-122.28128,172.6
15352,45.31583,-122.28114,172.7
15353,45.31583,-122.28114,172.7
15354,45.3162,-122.28135,171.7
15355,45.31643,-122.28149,171.2
15356,45.31653,-122.28155,171.0
15357,45.31669,-122.28166,170.5
15358,45.31673,-122.28168,170.4
15359,45.31685,-122.28177,170.1
15360,45.31701,-122.2819,169.6
15361,45.31708,-122.28195,169.4
15362,45.31717,-122.28204,169.1
15363,45.31719,-122.28205,169.1
15364,45.3173,-122.28214,168.8
15365,45.31733,-122.28217,168.7
15366,45.31748,-122.28231,168.3
15367,45.31751,-122.28234,168.2
15368,45.31761,-122.28245,168.0
15369,45.31762,-122.28246,168.0
15370,45.31776,-122.28263,167.5
15371,45.31789,-122.28278,167.4
15372,45.31803,-122.28296,167.2
15373,45.31817,-122.28313,166.9
15374,45.3183,-122.28329,166.6
15375,45.31831,-122.28329,166.6
15376,45.31872,-122.28379,166.4
15377,45.31882,-122.2839,166.5
15378,45.31893,-122.284,166.7
15379,45.31904,-122.28409,166.9
15380,45.31915,-122.28417,167.0
15381,45.31918,-122.28418,167.0
15382,45.31928,-122.28424,167.1
15383,45.31951,-122.28437,167.1
15384,45.3196,-122.28441,167.1
15385,45.31985,-122.28454,167.2
15386,45.32031,-122.28478,166.5
15387,45.32036,-122.2848,166.4
15388,45.32063,-122.28495,165.9
15389,45.3207,-122.28499,165.9
15390,45.32075,-122.28503,165.7
15391,45.32093,-122.28516,165.3
15392,45.32101,-122.28524,165.0
15393,45.32103,-122.28526,165.0
15394,45.32113,-122.28537,164.7
15395,45.32121,-122.2855,164.2
15396,45.32127,-122.28559,163.8
15397,45.32136,-122.28575,163.3
15398,45.32149,-122.28599,162.7
15399,45.32157,-122.28613,162.3
15400,45.32171,-122.28638,161.8
15401,45.32172,-122.28639,161.8
15402,45.32187,-122.28662,161.8
15403,45.32196,-122.28674,161.7
15404,45.32205,-122.28685,161.5
15405,45.32215,-122.28696,161.4
15406,45.32225,-122.28705,161.3
15407,45.32226,-122.28706,161.3
15408,45.32236,-122.28715,161.2
15409,45.32259,-122.28732,160.8
15410,45.32284,-122.28748,160.5
15411,45.3229,-122.28751,160.5
15412,45.32307,-122.28762,160.5
15413,45.32321,-122.2877,160.4
15414,45.32323,-122.28772,160.4
15415,45.32356,-122.28791,160.0
15416,45.32373,-122.28801,159.7
15417,45.32373,-122.288,159.7
15418,45.32391,-122.2881,159.5
15419,45.32391,-122.2881,159.5
15420,45.32399,-122.28815,159.4
15421,45.324011,-122.288157,159.4
15422,45.32429,-122.28825,159.0
15423,45.32467,-122.28832,159.2
15424,45.324674,-122.28832,159.2
15425,45.32476,-122.28832,159.1
15426,45.32478,-122.28832,159.1
15427,45.32494,-122.2883,158.9
15428,45.32514,-122.28828,158.7
15429,45.32521,-122.28827,158.8
15430,45.32535,-122.28828,159.0
15431,45.32547,-122.28834,158.8
15432,45.32547,-122.28834,158.8
15433,45.32552,-122.28823,158.6
15434,45.32555,-122.28817,159.0
15435,45.32558,-122.28814,159.2
15436,45.3256,-122.28812,159.2
15437,45.32588,-122.28787,159.9
15438,45.32603,-122.28774,160.0
15439,45.32619,-122.2876,160.3
15440,45.32634,-122.28747,160.6
15441,45.32652,-122.2873,160.9
15442,45.32663,-122.2872,161.2
15443,45.32664,-122.28719,161.2
15444,45.32673,-122.2871,161.3
15445,45.32681,-122.28699,161.6
15446,45.32689,-122.28687,161.9
15447,45.3269,-122.28685,162.1
15448,45.32702,-122.28665,162.3
15449,45.32708,-122.28655,162.3
15450,45.32709,-122.28652,162.3
15451,45.3272,-122.28637,162.7
15452,45.32722,-122.28634,162.7
15453,45.32725,-122.28631,162.7
15454,45.3273,-122.28626,162.7
15455,45.32736,-122.28622,162.8
15456,45.32743,-122.2862,162.0
15457,45.32761,-122.28616,159.8
15458,45.32765,-122.28615,161.5
15459,45.32772,-122.28614,163.2
15460,45.32779,-122.28612,163.6
15461,45.32786,-122.2861,164.0
15462,45.32792,-122.28607,164.6
15463,45.32797,-122.28602,164.8
15464,45.32801,-122.28596,165.9
15465,45.32804,-122.2859,166.3
15466,45.32806,-122.28583,166.0
15467,45.32808,-122.28576,166.4
15468,45.32812,-122.28562,167.2
15469,45.32812,-122.28559,167.2
15470,45.32816,-122.28541,168.2
15471,45.32818,-122.28535,168.7
15472,45.32822,-122.2851,169.3
15473,45.32827,-122.28485,171.9
15474,45.32829,-122.28477,172.9
15475,45.32831,-122.28462,172.4
15476,45.32832,-122.2846,172.3
15477,45.32835,-122.28433,171.3
15478,45.32838,-122.28419,171.5
15479,45.32841,-122.28405,170.3
15480,45.32845,-122.28391,169.0
15481,45.32846,-122.28387,168.8
15482,45.32852,-122.28362,167.4
15483,45.32856,-122.28338,169.2
15484,45.32857,-122.28333,169.3
15485,45.32859,-122.28319,168.0
15486,45.3286,-122.28313,167.0
15487,45.32863,-122.2829,168.5
15488,45.32863,-122.28288,168.6
15489,45.32864,-122.28269,169.7
15490,45.32862,-122.28254,167.3
15491,45.32861,-122.28247,166.8
15492,45.3286,-122.28241,166.9
15493,45.32858,-122.28238,167.1
15494,45.32857,-122.28234,167.4
15495,45.32854,-122.28228,167.4
15496,45.3285,-122.28222,167.2
15497,45.32846,-122.28216,167.3
15498,45.32832,-122.28203,167.6
15499,45.3282,-122.28191,167.8
15500,45.328,-122.2817,168.4
15501,45.3279,-122.28161,168.5
15502,45.32774,-122.28144,167.7
15503,45.32769,-122.2814,166.5
15504,45.32759,-122.28128,168.9
15505,45.32757,-122.28124,169.3
15506,45.32756,-122.28122,169.4
15507,45.32752,-122.28115,169.1
15508,45.3275,-122.28108,169.1
15509,45.32746,-122.28093,170.4
15510,45.32739,-122.28053,171.3
15511,45.32734,-122.28029,172.3
15512,45.32726,-122.27985,173.7
15513,45.32725,-122.27979,173.8
15514,45.32713,-122.27904,176.6
15515,45.32704,-122.27855,179.6
15516,45.32701,-122.27836,181.0
15517,45.32695,-122.27808,183.9
15518,45.32692,-122.27798,185.7
15519,45.32691,-122.27794,186.3
15520,45.32687,-122.2778,186.2
15521,45.32684,-122.27775,186.3
15522,45.32682,-122.27767,188.0
15523,45.32675,-122.27753,188.2
15524,45.3267,-122.27741,189.7
15525,45.32665,-122.27731,189.8
15526,45.32645,-122.27689,194.1
15527,45.32636,-122.27668,196.5
15528,45.32635,-122.27667,196.5
15529,45.32626,-122.27649,198.2
15530,45.32624,-122.27647,198.1
15531,45.32605,-122.27614,200.9
15532,45.32601,-122.27608,200.9
15533,45.32594,-122.27595,202.3
15534,45.32587,-122.27582,203.9
15535,45.32581,-122.27568,204.5
15536,45.32563,-122.27522,207.9
15537,45.3256,-122.27513,209.2
15538,45.32553,-122.27492,211.0
15539,45.3255,-122.27477,212.2
15540,45.3255,-122.27474,212.4
15541,45.3255,-122.2747,212.7
15542,45.32549,-122.27455,213.6
15543,45.32549,-122.27449,214.0
15544,45.3255,-122.27423,215.7
15545,45.32551,-122.27411,216.6
15546,45.32551,-122.27398,217.5
15547,45.32551,-122.27382,218.8
15548,45.3255,-122.27372,219.7
15549,45.3255,-122.27368,220.1
15550,45.32548,-122.27353,221.3
15551,45.32545,-122.27339,223.0
15552,45.3254,-122.27323,224.8
15553,45.32534,-122.27299,227.2
15554,45.32521,-122.27251,230.9
15555,45.3252,-122.27248,230.8
15556,45.32515,-122.27227,233.3
15557,45.32511,-122.27212,233.7
15558,45.32509,-122.27197,234.9
15559,45.32505,-122.27168,238.6
15560,45.32502,-122.27154,238.7
15561,45.32502,-122.27153,238.7
15562,45.325,-122.27148,238.1
15563,45.32497,-122.27141,239.1
15564,45.32494,-122.27135,240.1
15565,45.3249,-122.27129,240.0
15566,45.32486,-122.27123,241.2
15567,45.32467,-122.27101,243.6
15568,45.32465,-122.27099,243.9
15569,45.32453,-122.27084,245.1
15570,45.32445,-122.27072,247.2
15571,45.32438,-122.27059,248.8
15572,45.32407,-122.26992,254.0
15573,45.32402,-122.26979,256.3
15574,45.32397,-122.26964,257.1
15575,45.32395,-122.26957,258.5
15576,45.32394,-122.26949,259.3
15577,45.32394,-122.26941,260.0
15578,45.32395,-122.26933,260.8
15579,45.32396,-122.2693,261.1
15580,45.32397,-122.26926,261.4
15581,45.32399,-122.26919,261.1
15582,45.32402,-122.26912,262.1
15583,45.32405,-122.26905,262.7
15584,45.32409,-122.26899,263.0
15585,45.32419,-122.26888,264.7
15586,45.32433,-122.26871,266.2
15587,45.32446,-122.26859,268.2
15588,45.32504,-122.26799,275.4
15589,45.32513,-122.26788,276.4
15590,45.32516,-122.26781,276.5
15591,45.32518,-122.26774,276.6
15592,45.3252,-122.26768,276.9
15593,45.3252,-122.26761,277.2
15594,45.3252,-122.2674,278.6
15595,45.32521,-122.26725,280.2
15596,45.32522,-122.26717,281.2
15597,45.32524,-122.2671,282.2
15598,45.32526,-122.26703,282.4
15599,45.3253,-122.26696,282.7
15600,45.32534,-122.2669,283.3
15601,45.32537,-122.26686,282.4
15602,45.32543,-122.26679,283.5
15603,45.32596,-122.26628,286.3
15604,45.32601,-122.26624,286.7
15605,45.32625,-122.26599,290.5
15606,45.32648,-122.26576,292.3
15607,45.32653,-122.26571,293.0
15608,45.32654,-122.26569,293.1
15609,45.32661,-122.26559,294.2
15610,45.32664,-122.26553,294.6
15611,45.32669,-122.26539,296.8
15612,45.3267,-122.26532,297.5
15613,45.32673,-122.26518,298.4
15614,45.3268,-122.26475,301.0
15615,45.3268,-122.26474,300.9
15616,45.32681,-122.2646,301.9
15617,45.3268,-122.26453,301.4
15618,45.32679,-122.2645,301.3
15619,45.32679,-122.26446,301.6
15620,45.32676,-122.2644,300.9
15621,45.32672,-122.26435,301.3
15622,45.32667,-122.26431,301.7
15623,45.3266,-122.2643,302.2
15624,45.32654,-122.26432,302.6
15625,45.32627,-122.26443,305.5
15626,45.3262,-122.26445,306.2
15627,45.32615,-122.26445,306.4
15628,45.32605,-122.26446,306.8
15629,45.32591,-122.26444,307.9
15630,45.32583,-122.26443,308.4
15631,45.32576,-122.2644,308.9
15632,45.3257,-122.26437,309.2
15633,45.32558,-122.26428,309.9
15634,45.32518,-122.2639,313.8
15635,45.32515,-122.26387,314.5
15636,45.325,-122.26371,315.8
15637,45.32486,-122.26354,317.8
15638,45.32475,-122.26334,319.0
15639,45.32469,-122.26321,319.3
15640,45.32463,-122.26307,319.5
15641,45.32461,-122.26294,320.7
15642,45.32461,-122.26291,321.2
15643,45.32461,-122.26284,321.8
15644,45.32462,-122.26276,321.8
15645,45.32464,-122.26269,321.5
15646,45.32467,-122.26263,322.5
15647,45.32474,-122.26248,323.1
15648,45.32487,-122.26224,325.4
15649,45.32492,-122.26212,326.0
15650,45.32494,-122.26205,326.4
15651,45.32495,-122.26198,326.7
15652,45.32495,-122.26191,326.9
15653,45.32494,-122.26184,327.1
15654,45.32493,-122.26178,327.6
15655,45.32488,-122.26163,329.1
15656,45.32482,-122.26152,329.5
15657,45.32461,-122.26114,331.9
15658,45.32458,-122.26107,332.9
15659,45.32456,-122.261,333.3
15660,45.32454,-122.26092,333.0
15661,45.32453,-122.26085,333.6
15662,45.32453,-122.26077,334.3
15663,45.32454,-122.26048,335.8
15664,45.32454,-122.26034,336.4
15665,45.32454,-122.26019,337.1
15666,45.32453,-122.26005,337.8
15667,45.32452,-122.26,338.3
15668,45.32452,-122.25983,339.8
15669,45.32453,-122.25968,340.6
15670,45.32454,-122.2596,340.2
15671,45.32458,-122.25946,341.8
15672,45.32461,-122.25939,341.8
15673,45.32467,-122.25926,343.5
15674,45.3247,-122.25919,343.5
15675,45.32478,-122.25908,344.9
15676,45.32498,-122.25876,346.4
15677,45.32501,-122.25869,347.0
15678,45.32503,-122.25863,347.1
15679,45.32504,-122.25856,347.6
15680,45.32504,-122.25849,348.2
15681,45.32502,-122.25842,348.7
15682,45.32498,-122.25837,349.0
15683,45.32494,-122.25832,349.5
15684,45.32472,-122.25814,351.3
15685,45.32466,-122.25809,351.7
15686,45.32461,-122.25803,352.4
15687,45.3246,-122.25799,352.8
15688,45.32458,-122.25796,353.1
15689,45.32455,-122.25788,353.4
15690,45.32454,-122.2578,353.7
15691,45.32454,-122.25772,354.2
15692,45.32455,-122.25765,354.9
15693,45.32458,-122.25751,356.4
15694,45.32463,-122.25737,355.9
15695,45.32467,-122.25729,356.9
15696,45.32469,-122.25724,357.3
15697,45.32475,-122.25711,356.4
15698,45.32483,-122.25699,355.9
15699,45.3249,-122.2569,355.3
15700,45.32492,-122.25687,356.0
15701,45.32501,-122.25676,357.5
15702,45.32537,-122.25639,361.1
15703,45.32547,-122.25629,362.3
15704,45.32552,-122.25624,363.0
15705,45.32569,-122.2561,365.1
15706,45.32578,-122.25602,365.9
15707,45.32586,-122.25596,366.6
15708,45.32621,-122.25571,369.6
15709,45.32659,-122.25545,372.9
15710,45.32676,-122.25534,374.5
15711,45.32688,-122.25525,375.7
15712,45.32723,-122.255,379.1
15713,45.32739,-122.25488,380.2
15714,45.32746,-122.25482,380.6
15715,45.32754,-122.25474,381.1
15716,45.32756,-122.25471,381.1
15717,45.32765,-122.2546,381.2
15718,45.32768,-122.25453,381.1
15719,45.32774,-122.2544,381.0
15720,45.32776,-122.25434,380.9
15721,45.32776,-122.25433,380.9
15722,45.32779,-122.2542,381.0
15723,45.32781,-122.25405,381.0
15724,45.32782,-122.25391,380.8
15725,45.32783,-122.25297,380.7
15726,45.32783,-122.25205,382.4
15727,45.32783,-122.25063,384.2
15728,45.32783,-122.25051,384.1
15729,45.32783,-122.25034,383.9
15730,45.32785,-122.25019,383.6
15731,45.32788,-122.25005,383.0
15732,45.32799,-122.24987,382.5
15733,45.32851,-122.24985,382.3
15734,45.32889,-122.24982,381.9
15735,45.32914,-122.2498,381.1
15736,45.32925,-122.2498,380.3
15737,45.32943,-122.24979,378.3
15738,45.32997,-122.24977,373.8
15739,45.33015,-122.24976,373.1
15740,45.33019,-122.24976,372.9
15741,45.33033,-122.24976,372.5
15742,45.33051,-122.24976,373.1
15743,45.33086,-122.24976,374.6
15744,45.33105,-122.24975,375.7
15745,45.33123,-122.24972,376.8
15746,45.33132,-122.24968,377.4
15747,45.33134,-122.24964,377.6
15748,45.33137,-122.2496,377.8
15749,45.33141,-122.24942,378.8
15750,45.33141,-122.24935,379.1
15751,45.33141,-122.24916,379.6
15752,45.33142,-122.24914,379.7
15753,45.33139,-122.24839,380.4
15754,45.33136,-122.24737,381.4
15755,45.33134,-122.24681,382.0
15756,45.33133,-122.24609,382.8
15757,45.33129,-122.2443,383.6
15758,45.33129,-122.24419,383.6
15759,45.33127,-122.24302,384.1
15760,45.33125,-122.24123,387.7
15761,45.33124,-122.24072,388.8
15762,45.33123,-122.24021,389.9
15763,45.33122,-122.23983,390.8
15764,45.33121,-122.23961,391.3
15765,45.33121,-122.23936,391.6
15766,45.3312,-122.23895,391.7
15767,45.33119,-122.2386,391.9
15768,45.33119,-122.23851,392.0
15769,45.33118,-122.23707,392.3
15770,45.33118,-122.23594,393.4
15771,45.33118,-122.23484,395.7
15772,45.33118,-122.23374,399.0
15773,45.33118,-122.23287,400.9
15774,45.33118,-122.23195,402.7
15775,45.33118,-122.23067,403.1
15776,45.33118,-122.2301,403.1
15777,45.33119,-122.22966,402.5
15778,45.33119,-122.22965,402.4
15779,45.33121,-122.22944,401.8
15780,45.33128,-122.22916,401.6
15781,45.33128,-122.22916,401.6
15782,45.33161,-122.22917,403.2
15783,45.33174,-122.22918,403.7
15784,45.3321,-122.22921,404.1
15785,45.33233,-122.22923,403.0
15786,45.33246,-122.22923,402.4
15787,45.33248,-122.22923,402.3
15788,45.33262,-122.22922,401.7
15789,45.33264,-122.22921,401.5
15790,45.33276,-122.22919,400.7
15791,45.33289,-122.22914,399.6
15792,45.33298,-122.2291,398.8
15793,45.33302,-122.22908,398.4
15794,45.33314,-122.229,397.0
15795,45.33326,-122.22891,395.7
15796,45.33339,-122.22883,394.2
15797,45.33346,-122.22881,393.5
15798,45.33348,-122.2288,393.3
15799,45.33354,-122.2288,392.7
15800,45.33361,-122.22881,392.1
15801,45.33368,-122.22884,391.2
15802,45.33374,-122.22889,390.2
15803,45.33381,-122.22897,388.8
15804,45.33384,-122.22901,388.3
15805,45.33387,-122.22908,387.8
15806,45.33394,-122.22921,386.8
15807,45.33401,-122.22942,385.5
15808,45.33414,-122.22987,382.6
15809,45.33432,-122.23047,379.9
15810,45.33439,-122.23075,378.9
15811,45.33441,-122.23082,378.6
15812,45.33442,-122.23089,378.5
15813,45.33445,-122.23111,377.2
15814,45.33446,-122.23132,375.6
15815,45.33446,-122.23141,375.4
15816,45.33447,-122.23155,375.0
15817,45.33448,-122.23158,374.8
15818,45.33448,-122.23162,374.7
15819,45.33453,-122.23176,374.1
15820,45.33455,-122.23182,373.8
15821,45.33459,-122.23188,373.3
15822,45.33463,-122.23194,372.8
15823,45.33468,-122.23198,372.1
15824,45.33473,-122.23203,371.6
15825,45.3348,-122.23205,370.6
15826,45.33485,-122.23207,370.0
15827,45.33486,-122.23207,369.9
15828,45.33493,-122.23207,368.8
15829,45.335,-122.23206,367.6
15830,45.33506,-122.23203,366.4
15831,45.33512,-122.23199,365.1
15832,45.33517,-122.23194,363.8
15833,45.33518,-122.23192,363.5
15834,45.33521,-122.23188,362.8
15835,45.33527,-122.23175,361.0
15836,45.33528,-122.23171,360.6
15837,45.33531,-122.23161,359.6
15838,45.33534,-122.23147,357.9
15839,45.33537,-122.23097,354.3
15840,45.33537,-122.23096,354.2
15841,45.33539,-122.23083,351.7
15842,45.33542,-122.23068,350.1
15843,45.33546,-122.23054,349.1
15844,45.3355,-122.2304,348.8
15845,45.33556,-122.23027,348.1
15846,45.33556,-122.23025,348.3
15847,45.33578,-122.22973,346.4
15848,45.33588,-122.22953,345.9
15849,45.33592,-122.22947,345.7
15850,45.33597,-122.22941,345.5
15851,45.33602,-122.22936,345.3
15852,45.33614,-122.22928,344.7
15853,45.33626,-122.22925,344.1
15854,45.33648,-122.22928,344.8
15855,45.33657,-122.22932,346.3
15856,45.33668,-122.22941,348.1
15857,45.33674,-122.22947,349.4
15858,45.33679,-122.22955,350.5
15859,45.33682,-122.2296,351.1
15860,45.33687,-122.22973,352.3
15861,45.33688,-122.22976,352.6
15862,45.33692,-122.22988,353.5
15863,45.33695,-122.23002,353.5
15864,45.33699,-122.23023,355.2
15865,45.337,-122.23024,355.8
15866,45.33718,-122.23124,363.0
15867,45.33722,-122.23148,363.1
15868,45.33723,-122.23155,363.1
15869,45.33729,-122.23184,363.6
15870,45.33733,-122.23197,364.1
15871,45.33736,-122.23213,364.2
15872,45.33741,-122.23227,365.0
15873,45.33745,-122.2324,366.4
15874,45.33755,-122.23272,372.0
15875,45.33763,-122.2329,373.8
15876,45.3377,-122.23306,375.0
15877,45.33783,-122.23332,376.9
15878,45.33834,-122.23438,379.5
15879,45.33837,-122.23446,379.6
15880,45.33844,-122.23459,379.8
15881,45.33855,-122.23478,379.9
15882,45.33855,-122.23478,379.9
15883,45.33885,-122.23486,380.2
15884,45.33891,-122.23486,380.2
15885,45.33905,-122.23487,380.4
15886,45.3391,-122.23488,380.4
15887,45.33946,-122.2349,380.2
15888,45.33982,-122.23493,379.7
15889,45.34036,-122.23497,378.9
15890,45.3406,-122.23501,378.5
15891,45.34065,-122.23501,378.3
15892,45.34119,-122.23505,377.5
15893,45.34137,-122.23507,377.3
15894,45.34173,-122.2351,377.3
15895,45.34213,-122.23513,377.5
15896,45.34227,-122.23514,377.5
15897,45.34298,-122.23519,378.2
15898,45.34346,-122.23522,378.7
15899,45.34388,-122.23525,379.0
15900,45.34424,-122.23527,379.6
15901,45.34478,-122.23531,381.2
15902,45.34496,-122.23532,381.6
15903,45.34586,-122.23538,381.9
15904,45.34683,-122.23539,379.8
15905,45.34773,-122.2354,378.2
15906,45.34844,-122.23541,379.9
15907,45.34886,-122.23545,381.1
15908,45.34958,-122.23546,380.4
15909,45.3497,-122.23546,380.0
15910,45.34987,-122.23546,379.7
15911,45.35006,-122.23545,379.3
15912,45.35088,-122.23543,376.0
15913,45.35117,-122.23541,374.9
15914,45.35132,-122.2354,373.4
15915,45.35139,-122.23538,372.7
15916,45.35146,-122.23536,372.0
15917,45.35152,-122.23532,371.5
15918,45.35158,-122.23528,371.0
15919,45.35163,-122.23523,370.7
15920,45.35172,-122.23512,370.3
15921,45.35176,-122.23506,370.0
15922,45.3518,-122.23501,369.5
15923,45.35183,-122.23494,369.4
15924,45.35184,-122.23491,369.4
15925,45.35186,-122.23487,369.1
15926,45.35203,-122.23448,363.0
15927,45.35204,-122.23446,362.8
15928,45.35212,-122.23432,361.8
15929,45.35223,-122.23422,361.2
15930,45.35231,-122.23421,362.9
15931,45.35237,-122.23424,364.5
15932,45.35241,-122.23428,365.8
15933,45.35242,-122.23429,366.0
15934,45.35246,-122.23434,367.0
15935,45.35253,-122.23446,368.4
15936,45.35254,-122.23446,368.5
15937,45.35264,-122.23466,370.3
15938,45.35267,-122.23472,370.9
15939,45.35279,-122.23499,373.1
15940,45.35281,-122.23506,373.5
15941,45.35283,-122.23521,374.0
15942,45.35286,-122.23543,375.1
15943,45.35286,-122.23565,376.1
15944,45.35285,-122.23638,378.4
15945,45.35284,-122.23647,378.7
15946,45.35285,-122.2367,380.0
15947,45.35287,-122.23684,380.8
15948,45.3529,-122.23699,381.2
15949,45.35293,-122.23706,381.4
15950,45.35301,-122.2372,381.7
15951,45.35306,-122.23727,381.8
15952,45.35313,-122.23733,381.8
15953,45.35313,-122.23733,381.8
15954,45.35309,-122.23751,381.5
15955,45.35308,-122.23758,381.3
15956,45.35308,-122.23759,381.3
15957,45.35308,-122.23766,381.3
15958,45.35308,-122.23772,381.1
15959,45.35307,-122.23779,381.0
15960,45.35307,-122.23783,380.9
15961,45.35306,-122.23786,380.8
15962,45.35306,-122.23807,380.2
15963,45.35306,-122.2386,378.3
15964,45.35307,-122.23911,376.9
15965,45.35307,-122.23937,376.2
15966,45.35309,-122.24039,375.2
15967,45.35309,-122.24062,375.2
15968,45.3531,-122.24077,375.2
15969,45.3531,-122.24114,375.3
15970,45.35311,-122.24154,375.4
15971,45.35312,-122.24222,375.8
15972,45.35313,-122.24368,376.9
15973,45.35314,-122.24545,376.3
15974,45.35315,-122.24624,374.9
15975,45.35315,-122.24626,374.9
15976,45.35315,-122.24779,370.5
15977,45.35315,-122.24795,369.9
15978,45.35316,-122.2483,368.9
15979,45.35317,-122.24933,365.8
15980,45.35318,-122.25009,363.0
15981,45.35319,-122.25051,361.2
15982,45.3532,-122.25137,358.6
15983,45.35321,-122.25265,355.6
15984,45.35321,-122.25291,354.7
15985,45.35323,-122.25368,351.5
15986,45.35324,-122.25389,350.3
15987,45.35324,-122.25425,347.3
15988,45.35325,-122.25444,346.0
15989,45.35325,-122.25454,345.5
15990,45.35327,-122.25469,344.9
15991,45.35328,-122.25476,344.7
15992,45.3533,-122.25483,344.4
15993,45.35333,-122.25489,344.0
15994,45.35337,-122.25495,343.9
15995,45.35341,-122.25501,343.5
15996,45.35348,-122.2551,343.4
15997,45.35368,-122.25534,341.5
15998,45.35387,-122.25557,340.1
15999,45.3539,-122.25563,340.4
16000,45.35393,-122.2557,340.6
16001,45.35396,-122.25577,340.7
16002,45.35397,-122.25583,340.4
16003,45.354,-122.25591,340.5
16004,45.35406,-122.25628,340.2
16005,45.35413,-122.25663,339.1
16006,45.35417,-122.25681,338.3
16007,45.35421,-122.257,338.5
16008,45.35431,-122.25736,338.3
16009,45.35434,-122.25745,338.0
16010,45.35442,-122.25768,338.1
16011,45.35446,-122.25783,338.4
16012,45.3545,-122.25798,338.9
16013,45.35453,-122.25816,337.8
16014,45.35465,-122.25874,335.3
16015,45.35467,-122.25884,335.1
16016,45.35472,-122.25903,334.5
16017,45.35474,-122.25914,334.5
16018,45.35474,-122.25917,334.6
16019,45.35481,-122.25946,334.4
16020,45.35485,-122.2596,335.4
16021,45.35486,-122.25962,335.5
16022,45.3549,-122.25973,335.4
16023,45.35496,-122.25983,336.4
16024,45.35497,-122.25986,336.4
16025,45.35502,-122.25992,336.8
16026,45.35506,-122.25997,337.2
16027,45.35512,-122.26001,337.7
16028,45.35518,-122.26005,338.1
16029,45.35526,-122.26009,338.9
16030,45.35531,-122.2601,339.2
16031,45.35579,-122.26028,344.9
16032,45.35594,-122.26031,346.6
16033,45.35597,-122.26031,346.8
16034,45.35601,-122.26031,347.2
16035,45.35607,-122.2603,347.5
16036,45.3562,-122.26024,348.2
16037,45.3563,-122.26016,348.9
16038,45.35644,-122.26006,349.8
16039,45.35657,-122.25997,350.9
16040,45.35663,-122.25997,351.3
16041,45.35665,-122.25996,351.5
16042,45.35673,-122.25998,352.2
16043,45.35681,-122.26002,352.7
16044,45.35692,-122.2601,353.2
16045,45.35703,-122.26026,353.5
16046,45.35716,-122.26036,353.3
16047,45.35723,-122.2604,353.0
16048,45.35736,-122.26041,352.4
16049,45.35737,-122.26041,352.4
16050,45.35793,-122.2604,349.4
16051,45.35808,-122.26039,348.9
16052,45.35841,-122.26036,348.7
16053,45.35844,-122.26036,348.7
16054,45.3588,-122.26035,349.8
16055,45.35948,-122.26033,353.4
16056,45.35952,-122.26033,353.5
16057,45.35988,-122.26035,354.5
16058,45.36053,-122.2604,353.7
16059,45.36085,-122.2604,352.7
16060,45.36121,-122.2604,350.8
16061,45.36137,-122.2604,349.4
16062,45.36158,-122.26039,346.7
16063,45.36206,-122.26038,341.4
16064,45.36209,-122.26038,341.3
16065,45.36245,-122.26037,340.2
16066,45.36353,-122.26034,337.3
16067,45.36389,-122.26033,336.5
16068,45.36398,-122.26033,336.1
16069,45.36425,-122.26032,335.4
16070,45.36484,-122.26031,338.6
16071,45.36515,-122.2603,340.3
16072,45.36554,-122.26029,343.7
16073,45.36569,-122.26029,344.6
16074,45.36599,-122.26028,343.2
16075,45.36627,-122.26027,341.0
16076,45.36654,-122.26027,340.9
16077,45.36663,-122.26028,341.2
16078,45.36671,-122.26026,341.5
16079,45.36701,-122.26028,342.3
16080,45.36708,-122.26029,342.3
16081,45.36716,-122.26033,342.0
16082,45.36725,-122.26039,341.7
16083,45.36735,-122.26052,341.1
16084,45.36738,-122.26058,340.8
16085,45.36765,-122.26107,339.4
16086,45.36771,-122.2612,339.5
16087,45.36774,-122.26127,339.5
16088,45.36779,-122.26141,339.8
16089,45.36782,-122.26156,340.2
16090,45.36783,-122.26163,340.4
16091,45.36784,-122.26186,340.9
16092,45.36783,-122.2627,341.3
16093,45.36782,-122.26368,339.9
16094,45.36782,-122.26441,339.2
16095,45.36782,-122.26449,339.1
16096,45.36782,-122.26478,339.2
16097,45.36782,-122.26516,339.4
16098,45.36782,-122.26526,339.5
16099,45.36783,-122.26553,339.5
16100,45.36784,-122.26561,339.4
16101,45.36787,-122.26576,339.4
16102,45.36787,-122.26576,339.4
16103,45.36796,-122.2658,338.7
16104,45.3681,-122.26581,337.5
16105,45.3684,-122.2658,334.6
16106,45.36931,-122.26578,328.0
16107,45.36966,-122.26578,324.8
16108,45.37002,-122.26579,320.3
16109,45.37003,-122.26579,320.2
16110,45.37074,-122.2658,309.8
16111,45.37092,-122.26581,307.8
16112,45.37109,-122.26581,306.5
16113,45.37122,-122.26581,305.8
16114,45.37158,-122.26582,305.8
16115,45.37194,-122.26582,308.1
16116,45.37217,-122.26582,309.9
16117,45.3723,-122.26582,311.0
16118,45.37338,-122.26584,320.1
16119,45.37356,-122.26585,321.1
16120,45.37374,-122.26585,321.6
16121,45.37378,-122.26585,321.7
16122,45.37391,-122.26585,321.8
16123,45.37396,-122.26585,321.8
16124,45.37395,-122.26587,321.7
16125,45.37506,-122.26587,323.1
16126,45.37908,-122.26575,320.4
16127,45.38051,-122.26567,320.9
16128,45.38182,-122.26562,313.9
16129,45.383703,-122.265501,300.9
16130,45.3837,-122.26549,300.9
16131,45.38445,-122.26547,293.6
16132,45.38519,-122.26544,290.6
16133,45.38518,-122.2651,290.8
16134,45.38519,-122.26503,291.0
16135,45.38528,-122.26475,292.0
16136,45.38536,-122.26461,292.8
16137,45.38551,-122.2644,294.2
16138,45.38559,-122.26421,295.5
16139,45.38564,-122.26398,297.1
16140,45.38565,-122.26329,302.1
16141,45.38567,-122.2626,307.1
16142,45.38568,-122.26149,313.0
16143,45.38569,-122.26038,315.8
16144,45.38578,-122.25994,315.7
16145,45.38599,-122.25957,314.3
16146,45.38605,-122.25943,314.0
16147,45.3861,-122.25928,313.1
16148,45.38613,-122.25878,311.3
16149,45.38607,-122.25771,304.9
16150,45.3869,-122.25771,293.9
16151,45.3869,-122.25771,293.9
16152,45.38758,-122.25771,291.2
16153,45.38825,-122.25771,299.1
16154,45.38893,-122.2577,306.3
16155,45.3896,-122.2577,312.7
16156,45.38962,-122.25898,312.5
16157,45.38964,-122.26026,307.3
16158,45.39038,-122.26026,307.8
16159,45.39112,-122.26026,307.9
16160,45.39186,-122.26026,306.9
16161,45.39255,-122.26024,305.6
16162,45.39324,-122.26023,298.1
16163,45.39373,-122.26023,290.4
16164,45.39422,-122.26023,286.2
16165,45.395,-122.26024,292.2
16166,45.39509,-122.26025,293.8
16167,45.39525,-122.26031,295.0
16168,45.39587,-122.25998,300.2
16169,45.39622,-122.25976,302.3
16170,45.39637,-122.25972,302.4
16171,45.396986,-122.259705,301.5
16172,45.39699,-122.25971,301.5
16173,45.39718,-122.2597,300.9
16174,45.39728,-122.25972,300.7
16175,45.39729,-122.26014,300.2
16176,45.39729,-122.26014,300.2
16177,45.39729,-122.26071,299.6
16178,45.39798,-122.26071,297.3
16179,45.39798,-122.26126,296.2
16180,45.39798,-122.261263,296.2
16181,45.39798,-122.26146,296.0
16182,45.39799,-122.26252,295.3
16183,45.39799,-122.26359,293.5
16184,45.398,-122.26454,291.4
16185,45.398,-122.26549,289.4
16186,45.398,-122.26645,287.1
16187,45.398,-122.26645,287.1
16188,45.39801,-122.26708,285.4
16189,45.39875,-122.26707,282.7
16190,45.39876,-122.26824,281.8
16191,45.39876,-122.26824,281.8
16192,45.39877,-122.26935,280.5
16193,45.39878,-122.27045,277.6
16194,45.39922,-122.27046,275.9
16195,45.39942,-122.27049,275.4
16196,45.39962,-122.27057,274.9
16197,45.39975,-122.27066,274.5
16198,45.3999,-122.27081,274.1
16199,45.40025,-122.27128,272.7
16200,45.40039,-122.27141,271.9
16201,45.40048,-122.27148,271.5
16202,45.40118,-122.27182,267.0
16203,45.40188,-122.27216,264.0
16204,45.40258,-122.27249,263.2
16205,45.402582,-122.272499,263.2
16206,45.40275,-122.27258,262.7
16207,45.40444,-122.27335,266.0
16208,45.40464,-122.27339,266.5
16209,45.40721,-122.27334,263.3
16210,45.4076,-122.27336,261.4
16211,45.41062,-122.27373,261.5
16212,45.4112,-122.27378,261.7
16213,45.41148,-122.27375,262.8
16214,45.41213,-122.27351,262.7
16215,45.41243,-122.27343,262.9
16216,45.41365,-122.27318,267.2
16217,45.41394,-122.27322,267.9
16218,45.41437,-122.27344,268.4
16219,45.41437,-122.27344,268.4
16220,45.41468,-122.2736,268.6
16221,45.41489,-122.27364,268.6
16222,45.41511,-122.27363,268.7
16223,45.41591,-122.2735,267.7
16224,45.41671,-122.27336,265.5
16225,45.41751,-122.27323,263.5
16226,45.41831,-122.2731,261.4
16227,45.41911,-122.27297,265.2
16228,45.4199,-122.27284,269.2
16229,45.4207,-122.27271,270.3
16230,45.42084,-122.27271,270.5
16231,45.42104,-122.27276,270.6
16232,45.42119,-122.27283,270.8
16233,45.42203,-122.27329,271.8
16234,45.42287,-122.27375,267.4
16235,45.4237,-122.27422,263.9
16236,45.42416,-122.27446,262.1
16237,45.42461,-122.2747,260.0
16238,45.42539,-122.27507,254.9
16239,45.42616,-122.27545,256.5
16240,45.42665,-122.27562,255.0
16241,45.42715,-122.27579,252.7
16242,45.42793,-122.27603,250.2
16243,45.42872,-122.27627,247.7
16244,45.42914,-122.27636,248.1
16245,45.42915,-122.27736,247.7
16246,45.42915,-122.27835,246.6
16247,45.42916,-122.27935,245.8
16248,45.42916,-122.28035,244.3
16249,45.42917,-122.2815,242.6
16250,45.42917,-122.28266,243.8
16251,45.42917,-122.28381,238.8
16252,45.42917,-122.28496,234.5
16253,45.42918,-122.28612,231.0
16254,45.42918,-122.28727,228.3
16255,45.42918,-122.28842,226.4
16256,45.42918,-122.28958,227.1
16257,45.42919,-122.29073,232.9
16258,45.42918,-122.29197,230.2
16259,45.42918,-122.2932,224.3
16260,45.42918,-122.29444,221.4
16261,45.42918,-122.29567,224.4
16262,45.42917,-122.29691,224.9
16263,45.42917,-122.29814,224.1
16264,45.42917,-122.29938,221.7
16265,45.42916,-122.30061,219.0
16266,45.42918,-122.30077,218.9
16267,45.42922,-122.30085,218.9
16268,45.42928,-122.3009,218.8
16269,45.42935,-122.30091,218.9
16270,45.43024,-122.30089,220.5
16271,45.43112,-122.30086,217.0
16272,45.43191,-122.30085,210.1
16273,45.43269,-122.30084,210.9
16274,45.43345,-122.30085,213.5
16275,45.43421,-122.30085,218.9
16276,45.43498,-122.30085,219.6
16277,45.43574,-122.30086,219.1
16278,45.4365,-122.30086,212.0
16279,45.43726,-122.30086,209.3
16280,45.43811,-122.30085,212.2
16281,45.43897,-122.30085,206.3
16282,45.43982,-122.30084,208.3
16283,45.44044,-122.30085,214.2
16284,45.44107,-122.30086,214.4
16285,45.44169,-122.30087,214.1
16286,45.44255,-122.30087,213.5
16287,45.44342,-122.30086,212.7
16288,45.44419,-122.30086,206.8
16289,45.44496,-122.30087,205.2
16290,45.44573,-122.30087,210.2
16291,45.44651,-122.30088,215.3
16292,45.44698,-122.30085,215.2
16293,45.44778,-122.30086,210.6
16294,45.44858,-122.30087,211.9
16295,45.44937,-122.30088,217.3
16296,45.45023,-122.30084,219.3
16297,45.45094,-122.30083,220.3
16298,45.45165,-122.30082,219.2
16299,45.45237,-122.30081,216.5
16300,45.45308,-122.3008,211.4
16301,45.45389,-122.30078,208.5
16302,45.45471,-122.30077,209.2
16303,45.45552,-122.30076,210.4
16304,45.45607,-122.30074,210.6
16305,45.45662,-122.30071,210.2
16306,45.45686,-122.30175,208.1
16307,45.45695,-122.30218,207.5
16308,45.45699,-122.30246,207.0
16309,45.45708,-122.30359,205.7
16310,45.45717,-122.30471,202.9
16311,45.45726,-122.30584,199.9
16312,45.45765,-122.30587,200.5
16313,45.45849,-122.30586,203.3
16314,45.45933,-122.30586,201.5
16315,45.46016,-122.30585,201.4
16316,45.461,-122.30585,202.9
16317,45.46184,-122.30584,196.8
16318,45.46268,-122.30584,191.5
16319,45.46351,-122.30583,197.7
16320,45.46435,-122.30583,206.8
16321,45.46519,-122.30582,211.7
16322,45.46603,-122.30582,212.7
16323,45.46686,-122.30581,211.8
16324,45.46687,-122.307,210.3
16325,45.46687,-122.30819,208.3
16326,45.46688,-122.30938,207.2
16327,45.46689,-122.31057,205.6
16328,45.46689,-122.31176,203.6
16329,45.4669,-122.31295,202.7
16330,45.4669,-122.31414,200.9
16331,45.46691,-122.31533,198.0
16332,45.46691,-122.31652,197.5
16333,45.46692,-122.31771,199.2
16334,45.46692,-122.31771,199.2
16335,45.46692,-122.31892,199.1
16336,45.46693,-122.32013,198.8
16337,45.46692,-122.3214,197.2
16338,45.46691,-122.32268,196.7
16339,45.46691,-122.32395,196.1
16340,45.4669,-122.32522,195.5
16341,45.4669,-122.3265,192.5
16342,45.46775,-122.32649,192.2
16343,45.4686,-122.32648,188.6
16344,45.46926,-122.32652,188.0
16345,45.46975,-122.32653,187.7
16346,45.46979,-122.32747,185.9
16347,45.46984,-122.32841,183.8
16348,45.46989,-122.32936,182.3
16349,45.46995,-122.33055,182.7
16350,45.47002,-122.33174,184.9
16351,45.47077,-122.33174,181.2
16352,45.47151,-122.33175,180.6
16353,45.47151,-122.33175,180.6
16354,45.47205,-122.33174,183.1
16355,45.4726,-122.33174,183.1
16356,45.47275,-122.33179,183.1
16357,45.47283,-122.33189,182.3
16358,45.47288,-122.33208,182.5
16359,45.47293,-122.33316,183.4
16360,45.47297,-122.33424,181.7
16361,45.47302,-122.33511,179.6
16362,45.47307,-122.33597,175.9
16363,45.47311,-122.33684,172.3
16364,45.47366,-122.33684,173.1
16365,45.4742,-122.33685,173.5
16366,45.47419,-122.33802,170.1
16367,45.47419,-122.3392,178.3
16368,45.47418,-122.34037,180.0
16369,45.47418,-122.34037,180.0
16370,45.47415,-122.34136,174.0
16371,45.47413,-122.34155,172.9
16372,45.47399,-122.34222,172.7
16373,45.47384,-122.34288,176.5
16374,45.47381,-122.34318,178.2
16375,45.47381,-122.34433,180.2
16376,45.47381,-122.34547,176.7
16377,45.47381,-122.34662,173.1
16378,45.47381,-122.34776,170.0
16379,45.47381,-122.34891,167.1
16380,45.47381,-122.35006,164.2
16381,45.47381,-122.3512,162.9
16382,45.47381,-122.35235,163.3
16383,45.47304,-122.35237,170.5
16384,45.47227,-122.35238,175.1
16385,45.47226,-122.35354,173.5
16386,45.47225,-122.35469,172.2
16387,45.47224,-122.35585,170.9
16388,45.47223,-122.357,169.6
16389,45.47223,-122.357,169.6
16390,45.47222,-122.3582,167.7
16391,45.47221,-122.35941,167.2
16392,45.4722,-122.36061,167.8
16393,45.47219,-122.36182,167.0
16394,45.47218,-122.36302,166.6
16395,45.47217,-122.36423,166.0
16396,45.47216,-122.36543,164.6
16397,45.47215,-122.36663,162.9
16398,45.47213,-122.36784,161.1
16399,45.47212,-122.36904,159.4
16400,45.47211,-122.37028,159.1
16401,45.47209,-122.37152,158.3
16402,45.47207,-122.37276,157.3
16403,45.47271,-122.37276,160.2
16404,45.47336,-122.37275,161.5
16405,45.47336,-122.37393,160.2
16406,45.47336,-122.37512,158.5
16407,45.47336,-122.3752,158.4
16408,45.47338,-122.37525,158.4
16409,45.47344,-122.37528,158.4
16410,45.47419,-122.37528,157.5
16411,45.47494,-122.37529,155.9
16412,45.47568,-122.3753,154.7
16413,45.47569,-122.37618,153.4
16414,45.47569,-122.37706,152.3
16415,45.47569,-122.37794,152.4
16416,45.47569,-122.37794,152.4
16417,45.4757,-122.37921,152.9
16418,45.47571,-122.38047,152.6
16419,45.47572,-122.38173,151.8
16420,45.47573,-122.38299,149.9
16421,45.47573,-122.38425,149.2
16422,45.47574,-122.38552,151.0
16423,45.47575,-122.38678,148.0
16424,45.47576,-122.38804,147.1
16425,45.47641,-122.38807,146.1
16426,45.47688,-122.38806,145.1
16427,45.47689,-122.38909,144.7
16428,45.4769,-122.39011,143.3
16429,45.4769,-122.39113,140.8
16430,45.47691,-122.39216,138.9
16431,45.4769,-122.39321,140.1
16432,45.4769,-122.39375,142.1
16433,45.4769,-122.39375,142.1
16434,45.476876,-122.395092,143.8
16435,45.476851,-122.396434,141.6
16436,45.476851,-122.396434,141.6
16437,45.47679,-122.39806,142.0
16438,45.47679,-122.39806,142.0
16439,45.47678,-122.39909,141.4
16440,45.47678,-122.39919,141.3
16441,45.47681,-122.3993,141.1
16442,45.4768,-122.3997,140.9
16443,45.47678,-122.39994,140.8
16444,45.47666,-122.40036,139.6
16445,45.47662,-122.40059,139.0
16446,45.4766,-122.40083,138.6
16447,45.47658,-122.40175,136.5
16448,45.47657,-122.40266,134.0
16449,45.47656,-122.40358,129.5
16450,45.4758,-122.40359,123.5
16451,45.47504,-122.40359,117.2
16452,45.4748,-122.40357,115.4
16453,45.47471,-122.40384,113.9
16454,45.47512,-122.40444,113.2
16455,45.47541,-122.4049,113.5
16456,45.47582,-122.40571,113.5
16457,45.47628,-122.40676,112.6
16458,45.47674,-122.40782,111.3
16459,45.47694,-122.40823,110.6
16460,45.47722,-122.40879,110.1
16461,45.47751,-122.40935,109.3
16462,45.47794,-122.4101,108.5
16463,45.47828,-122.41064,107.9
16464,45.47862,-122.41118,107.4
16465,45.47913,-122.41189,106.6
16466,45.47956,-122.41243,106.2
16467,45.47998,-122.41297,105.3
16468,45.480026,-122.413026,105.4
16469,45.48003,-122.41303,105.4
16470,45.48038,-122.41345,104.8
16471,45.48073,-122.41387,104.6
16472,45.48081,-122.41382,104.7
16473,45.48095,-122.41401,103.9
16474,45.48095,-122.41405,103.9
16475,45.48093,-122.41406,103.5
16476,45.48082,-122.41401,102.8
16477,45.48081,-122.41402,102.7
16478,45.48081,-122.41405,102.2
16479,45.48086,-122.41411,102.3
16480,45.48086,-122.41411,102.3
16481,45.48114,-122.41442,102.6
16482,45.48123,-122.41451,103.0
16483,45.4814,-122.41468,103.5
16484,45.48144,-122.41472,103.4
16485,45.48174,-122.41512,103.2
16486,45.48216,-122.41562,103.7
16487,45.482156,-122.415629,103.5
16488,45.48241,-122.41594,102.6
16489,45.48308,-122.41675,102.8
16490,45.48376,-122.41757,101.0
16491,45.48443,-122.41839,101.1
16492,45.48511,-122.41921,99.5
16493,45.48578,-122.42002,100.0
16494,45.48645,-122.42084,97.5
16495,45.48713,-122.42166,97.6
16496,45.4868,-122.42167,97.3
16497,45.48666,-122.42171,97.6
16498,45.48652,-122.42179,97.9
16499,45.48634,-122.42193,98.4
16500,45.48578,-122.42238,100.0
16501,45.48521,-122.42283,107.2
16502,45.48497,-122.42297,109.6
16503,45.48478,-122.42303,111.0
16504,45.48457,-122.42305,111.9
16505,45.48398,-122.42304,114.3
16506,45.48339,-122.42303,116.9
16507,45.48337,-122.42394,118.9
16508,45.48335,-122.42486,120.1
16509,45.48334,-122.42577,120.6
16510,45.48332,-122.42613,119.9
16511,45.48328,-122.42635,119.6
16512,45.48302,-122.42716,121.8
16513,45.48311,-122.42731,122.1
16514,45.48314,-122.42741,122.2
16515,45.483131,-122.427512,122.2
16516,45.4831,-122.42786,122.2
16517,45.48305,-122.4285,120.8
16518,45.48305,-122.4285,120.8
16519,45.48305,-122.42851,120.8
16520,45.48302,-122.42886,121.3
16521,45.48303,-122.42895,121.3
16522,45.48285,-122.42945,123.1
16523,45.48266,-122.4303,125.3
16524,45.48263,-122.43075,128.0
16525,45.48249,-122.43118,129.3
16526,45.48223,-122.43226,135.5
16527,45.48208,-122.43276,137.8
16528,45.48195,-122.43307,139.6
16529,45.48166,-122.43359,143.1
16530,45.48153,-122.43394,145.3
16531,45.48148,-122.43415,146.8
16532,45.4815,-122.43423,147.2
16533,45.48155,-122.43432,148.4
16534,45.48158,-122.43444,150.5
16535,45.48158,-122.43456,152.5
16536,45.48153,-122.43492,157.7
16537,45.48155,-122.43497,158.7
16538,45.48172,-122.43498,160.8
16539,45.48177,-122.43502,161.6
16540,45.48179,-122.4351,162.6
16541,45.48178,-122.43521,164.7
16542,45.48167,-122.43553,168.9
16543,45.48165,-122.43564,169.8
16544,45.48166,-122.43593,172.2
16545,45.48164,-122.43601,172.2
16546,45.48159,-122.43609,171.4
16547,45.48147,-122.43622,168.3
16548,45.48111,-122.4364,170.5
16549,45.48099,-122.43655,171.7
16550,45.48093,-122.43666,173.0
16551,45.48085,-122.43691,175.8
16552,45.48078,-122.43721,179.0
16553,45.48071,-122.43748,180.8
16554,45.4807,-122.43853,175.2
16555,45.48075,-122.4387,173.6
16556,45.48084,-122.43886,171.6
16557,45.48093,-122.43908,169.4
16558,45.48096,-122.43933,167.8
16559,45.48092,-122.43974,166.0
16560,45.48092,-122.43996,168.1
16561,45.48088,-122.44016,167.5
16562,45.48082,-122.44033,166.2
16563,45.48081,-122.44051,166.2
16564,45.4808,-122.44079,162.9
16565,45.48086,-122.44114,162.9
16566,45.48083,-122.44157,159.1
16567,45.48087,-122.44179,157.3
16568,45.48097,-122.44205,155.9
16569,45.48107,-122.44224,154.3
16570,45.48125,-122.44243,152.7
16571,45.48138,-122.44263,150.4
16572,45.48146,-122.44283,147.6
16573,45.48151,-122.44325,143.4
16574,45.48158,-122.44374,146.7
16575,45.48177,-122.44414,154.4
16576,45.48181,-122.44436,153.3
16577,45.48194,-122.44452,153.2
16578,45.48218,-122.44474,151.5
16579,45.4834,-122.44548,136.7
16580,45.48354,-122.44564,135.8
16581,45.48362,-122.44581,135.1
16582,45.48367,-122.44599,134.5
16583,45.48368,-122.44619,133.8
16584,45.48368,-122.4472,131.0
16585,45.48232,-122.44721,141.5
16586,45.48217,-122.44719,142.7
16587,45.48204,-122.4471,144.1
16588,45.48182,-122.44689,146.8
16589,45.48168,-122.44681,148.3
16590,45.48149,-122.44682,150.1
16591,45.48134,-122.44688,151.0
16592,45.48135,-122.44703,150.3
16593,45.48131,-122.44724,149.8
16594,45.48123,-122.44734,149.6
16595,45.48109,-122.44744,149.2
16596,45.481,-122.44754,148.5
16597,45.48098,-122.44759,148.3
16598,45.48095,-122.44778,146.7
16599,45.48096,-122.44833,143.7
16600,45.48098,-122.44845,143.1
16601,45.48098,-122.44871,141.1
16602,45.48095,-122.4488,140.6
16603,45.48096,-122.45134,133.0
16604,45.48096,-122.45234,132.2
16605,45.48094,-122.45255,132.2
16606,45.48092,-122.45264,132.3
16607,45.4809,-122.45273,132.2
16608,45.4809,-122.45278,132.0
16609,45.48093,-122.45284,132.1
16610,45.48098,-122.4532,132.2
16611,45.4812,-122.4537,133.2
16612,45.48125,-122.45388,133.5
16613,45.48129,-122.4541,133.5
16614,45.48131,-122.4564,122.0
16615,45.48132,-122.45652,121.5
16616,45.48137,-122.4568,120.6
16617,45.48145,-122.45702,119.9
16618,45.48153,-122.45717,119.5
16619,45.48168,-122.45738,117.4
16620,45.48181,-122.4575,115.3
16621,45.48234,-122.45783,109.9
16622,45.48241,-122.45787,109.6
16623,45.48245,-122.45792,109.2
16624,45.48254,-122.45798,108.8
16625,45.48259,-122.45804,108.5
16626,45.48261,-122.45808,108.3
16627,45.48273,-122.45811,108.1
16628,45.48281,-122.45818,107.7
16629,45.48286,-122.4582,107.4
16630,45.48315,-122.45876,104.6
16631,45.4833,-122.45896,103.4
16632,45.48355,-122.45917,101.8
16633,45.48368,-122.45938,100.7
16634,45.48376,-122.45958,99.9
16635,45.4838,-122.45986,98.8
16636,45.4838,-122.45999,98.5
16637,45.48374,-122.4606,98.0
16638,45.48362,-122.46149,98.1
16639,45.48368,-122.4615,98.0
16640,45.48378,-122.46145,98.1
16641,45.48402,-122.46143,95.7
16642,45.48403,-122.46136,94.2
16643,45.48402,-122.46134,93.9
16644,45.48402,-122.46134,93.9
16645,45.48397,-122.46127,93.4
16646,45.48404,-122.46121,90.3
16647,45.48428,-122.46123,88.3
16648,45.48434,-122.46118,87.8
16649,45.48436,-122.46107,88.3
16650,45.48441,-122.46097,88.7
16651,45.4845,-122.46086,89.7
16652,45.48463,-122.46078,90.7
16653,45.4848,-122.46085,91.1
16654,45.48485,-122.46089,91.0
16655,45.48491,-122.46093,90.5
16656,45.48545,-122.46115,91.3
16657,45.48562,-122.46112,89.1
16658,45.48586,-122.46115,89.4
16659,45.48607,-122.46099,91.4
16660,45.48611,-122.46093,91.1
16661,45.48627,-122.46098,88.4
16662,45.48633,-122.46096,85.2
16663,45.48678,-122.46072,83.3
16664,45.48682,-122.46067,83.8
16665,45.48682,-122.46042,84.0
16666,45.48683,-122.46036,84.0
16667,45.4869,-122.46028,83.4
16668,45.48694,-122.46027,83.2
16669,45.48699,-122.46027,82.9
16670,45.48706,-122.46033,83.0
16671,45.48715,-122.46036,83.3
16672,45.48727,-122.46029,82.7
16673,45.48758,-122.4602,84.0
16674,45.48769,-122.46019,83.8
16675,45.48798,-122.46035,83.2
16676,45.48812,-122.46037,82.9
16677,45.4882,-122.4604,83.4
16678,45.48826,-122.46043,84.1
16679,45.48825,-122.46084,83.6
16680,45.48822,-122.461,83.4
16681,45.48822,-122.46113,83.3
16682,45.48826,-122.46129,83.6
16683,45.48833,-122.46145,84.6
16684,45.48835,-122.46152,84.9
16685,45.48832,-122.46161,84.8
16686,45.48817,-122.46172,83.2
16687,45.48813,-122.46183,83.0
16688,45.48811,-122.46243,82.3
16689,45.48815,-122.46273,83.7
16690,45.48824,-122.46312,84.8
16691,45.48833,-122.46345,84.6
16692,45.48849,-122.46364,86.1
16693,45.48863,-122.46377,85.3
16694,45.48873,-122.46383,84.0
16695,45.4888,-122.46385,83.2
16696,45.48873,-122.46523,84.4
16697,45.48873,-122.46534,84.2
16698,45.48871,-122.46596,83.0
16699,45.48868,-122.46649,82.2
16700,45.48868,-122.4665,82.2
16701,45.48862,-122.46754,83.3
16702,45.48849,-122.46862,83.1
16703,45.4884,-122.46923,82.6
16704,45.48815,-122.47073,82.0
16705,45.48797,-122.47173,81.7
16706,45.48661,-122.47896,79.2
16707,45.48609,-122.48183,80.7
16708,45.48589,-122.48288,80.3
16709,45.48549,-122.48504,80.1
16710,45.48509,-122.48702,79.6
16711,45.48496,-122.48749,79.1
16712,45.48476,-122.48808,79.2
16713,45.48454,-122.4886,78.4
16714,45.48437,-122.48895,78.6
16715,45.48398,-122.48964,78.9
16716,45.47994,-122.49606,77.1
16717,45.4795,-122.4969,76.7
16718,45.47915,-122.49768,76.8
16719,45.47885,-122.49854,77.8
16720,45.47866,-122.49932,77.7
16721,45.47858,-122.49973,78.0
16722,45.47847,-122.50074,77.8
16723,45.47845,-122.50122,77.3
16724,45.47845,-122.50178,77.1
16725,45.47851,-122.50254,76.9
16726,45.47964,-122.51155,75.4
16727,45.47971,-122.51204,75.4
16728,45.47981,-122.51204,75.4
16729,45.47993,-122.51219,75.9
16730,45.48003,-122.51249,76.6
16731,45.480109,-122.51258,76.8
16732,45.48017,-122.51265,76.9
16733,45.48024,-122.51267,77.2
16734,45.48044,-122.51256,78.1
16735,45.48054,-122.51256,78.8
16736,45.4806,-122.5126,79.5
16737,45.4806,-122.51168,81.3
16738,45.48057,-122.51115,80.3
16739,45.48051,-122.51074,81.1
16740,45.4805,-122.51054,82.1
16741,45.48051,-122.5103,82.6
16742,45.48053,-122.51017,83.1
16743,45.48053,-122.51017,83.1
16744,45.48061,-122.50956,88.2
16745,45.48063,-122.50894,95.1
16746,45.48057,-122.50799,102.4
16747,45.48056,-122.5074,107.3
16748,45.48044,-122.50646,111.1
16749,45.48045,-122.50621,114.8
16750,45.48048,-122.506,116.8
16751,45.48053,-122.50585,116.6
16752,45.48058,-122.5058,116.7
16753,45.48093,-122.50542,116.5
16754,45.48128,-122.50523,119.7
16755,45.48134,-122.50518,119.7
16756,45.48134,-122.50511,120.7
16757,45.48128,-122.50505,120.9
16758,45.48072,-122.50485,125.6
16759,45.48062,-122.50478,127.5
16760,45.48058,-122.50474,128.1
16761,45.48055,-122.50466,129.1
16762,45.48054,-122.50453,130.1
16763,45.48056,-122.5044,130.6
16764,45.48096,-122.50428,136.9
16765,45.48103,-122.50435,138.3
16766,45.48131,-122.50432,142.3
16767,45.48138,-122.50429,143.5
16768,45.48155,-122.50407,146.1
16769,45.48163,-122.50408,147.4
16770,45.4818,-122.50424,149.3
16771,45.48204,-122.50429,152.1
16772,45.48221,-122.5044,154.3
16773,45.48226,-122.5044,155.1
16774,45.48233,-122.50435,156.4
16775,45.4824,-122.50427,157.5
16776,45.48247,-122.50423,158.5
16777,45.48257,-122.50422,159.7
16778,45.48266,-122.50416,160.8
16779,45.48273,-122.50407,161.6
16780,45.48279,-122.50405,162.2
16781,45.48285,-122.50408,162.9
16782,45.48302,-122.50431,164.4
16783,45.48314,-122.50463,164.6
16784,45.48325,-122.50474,165.0
16785,45.48355,-122.50498,167.3
16786,45.48399,-122.50533,171.5
16787,45.4841,-122.50538,172.3
16788,45.48417,-122.50538,173.1
16789,45.4844,-122.50531,174.7
16790,45.48444,-122.50528,175.0
16791,45.48451,-122.50519,175.6
16792,45.48456,-122.50506,176.2
16793,45.48468,-122.50452,178.6
16794,45.48472,-122.50408,179.8
16795,45.48466,-122.50402,180.2
16796,45.4846,-122.50394,180.6
16797,45.48457,-122.50384,180.8
16798,45.48451,-122.50346,181.3
16799,45.48452,-122.50322,181.6
16800,45.48461,-122.50282,182.5
16801,45.48467,-122.50206,183.9
16802,45.48477,-122.50136,184.7
16803,45.48485,-122.50087,183.2
16804,45.48488,-122.50057,181.6
16805,45.48488,-122.50038,181.0
16806,45.48492,-122.50023,180.6
16807,45.48493,-122.49997,179.6
16808,45.48496,-122.49987,178.9
16809,45.48522,-122.49958,178.3
16810,45.48535,-122.49952,178.7
16811,45.48544,-122.49952,179.0
16812,45.48565,-122.4996,180.2
16813,45.48581,-122.4998,181.5
16814,45.48584,-122.49981,181.7
16815,45.48584,-122.49981,181.7
16816,45.48584,-122.49981,181.7
16817,45.48605,-122.4999,182.2
16818,45.48612,-122.49995,182.4
16819,45.48626,-122.50025,184.3
16820,45.48629,-122.50034,185.1
16821,45.48634,-122.50105,187.1
16822,45.48638,-122.50124,187.9
16823,45.48642,-122.50131,188.0
16824,45.48667,-122.50146,187.5
16825,45.48695,-122.50151,186.1
16826,45.48719,-122.50172,186.9
16827,45.48722,-122.5018,187.5
16828,45.48724,-122.50191,188.0
16829,45.48721,-122.50225,188.9
16830,45.48729,-122.50246,189.8
16831,45.48728,-122.50257,190.3
16832,45.48734,-122.50298,190.9
16833,45.48733,-122.50329,192.0
16834,45.48733,-122.50332,192.0
16835,45.48723,-122.50336,192.1
16836,45.48714,-122.50348,191.5
16837,45.48702,-122.50353,190.0
16838,45.48682,-122.50373,188.3
16839,45.48674,-122.50389,188.0
16840,45.48674,-122.50403,188.1
16841,45.48672,-122.5041,187.8
16842,45.48672,-122.5041,187.8
16843,45.48671,-122.50426,187.7
16844,45.48693,-122.50462,190.2
16845,45.48703,-122.50483,190.7
16846,45.48708,-122.50501,190.8
16847,45.48714,-122.50515,191.0
16848,45.48716,-122.50518,190.7
16849,45.48703,-122.50525,190.4
16850,45.48689,-122.50548,188.5
16851,45.48686,-122.50557,188.0
16852,45.48684,-122.50576,187.4
16853,45.48684,-122.50596,187.4
16854,45.486838,-122.505962,187.4
16855,45.48685,-122.50627,185.9
16856,45.48679,-122.50657,183.9
16857,45.48677,-122.50663,183.4
16858,45.48683,-122.50671,183.6
16859,45.48701,-122.50668,182.4
16860,45.48728,-122.50655,182.6
16861,45.48747,-122.50642,182.7
16862,45.48758,-122.50631,182.4
16863,45.48767,-122.50613,181.5
16864,45.48775,-122.50582,180.1
16865,45.48783,-122.50567,179.0
16866,45.48793,-122.5056,178.0
16867,45.48809,-122.50556,177.3
16868,45.48822,-122.50555,176.9
16869,45.4884,-122.50558,177.4
16870,45.48855,-122.50564,178.1
16871,45.4886,-122.50571,178.5
16872,45.48864,-122.50584,178.7
16873,45.48868,-122.50628,179.1
16874,45.4887,-122.50694,177.9
16875,45.48874,-122.50736,176.8
16876,45.48881,-122.50759,176.1
16877,45.48899,-122.508,174.3
16878,45.48909,-122.50812,173.6
16879,45.48914,-122.50812,172.9
16880,45.4892,-122.50806,171.9
16881,45.48932,-122.50753,170.5
16882,45.48938,-122.50736,170.4
16883,45.48943,-122.50728,170.3
16884,45.48952,-122.50722,170.0
16885,45.48999,-122.5071,167.6
16886,45.49035,-122.50695,163.9
16887,45.49061,-122.50701,161.9
16888,45.49088,-122.50705,159.7
16889,45.49091,-122.50698,159.7
16890,45.49097,-122.50692,159.7
16891,45.49136,-122.50674,157.5
16892,45.49145,-122.50665,156.7
16893,45.49148,-122.50659,156.6
16894,45.49152,-122.50641,156.6
16895,45.49195,-122.50417,156.6
16896,45.49207,-122.50341,155.9
16897,45.49208,-122.50336,156.1
16898,45.49213,-122.50359,154.3
16899,45.4921,-122.50443,146.4
16900,45.4921,-122.50443,146.4
16901,45.49209,-122.50479,144.0
16902,45.49206,-122.50503,144.7
16903,45.49198,-122.5054,142.4
16904,45.49193,-122.5059,141.0
16905,45.49179,-122.50673,136.9
16906,45.49171,-122.50705,136.0
16907,45.49166,-122.50716,137.1
16908,45.49154,-122.50733,131.5
16909,45.4915,-122.50745,129.7
16910,45.4915,-122.50757,129.8
16911,45.49157,-122.50789,132.0
16912,45.49158,-122.50802,131.0
16913,45.49153,-122.50839,127.6
16914,45.49141,-122.50903,125.4
16915,45.49132,-122.5098,120.4
16916,45.49129,-122.50991,120.4
16917,45.49137,-122.5098,116.8
16918,45.49141,-122.5097,115.3
16919,45.49145,-122.5097,112.6
16920,45.49146,-122.51008,106.6
16921,45.49147,-122.51011,105.5
16922,45.49149,-122.5101,104.5
16923,45.49169,-122.5095,99.9
16924,45.49174,-122.50947,97.7
16925,45.49177,-122.5095,95.7
16926,45.49178,-122.50955,94.4
16927,45.49175,-122.50975,92.9
16928,45.49177,-122.51018,86.4
16929,45.49185,-122.51059,82.9
16930,45.49189,-122.51086,78.9
16931,45.4919,-122.5109,78.3
16932,45.49197,-122.51112,75.6
16933,45.49211,-122.51131,74.3
16934,45.49226,-122.5113,74.3
16935,45.4925,-122.51121,73.5
16936,45.49315,-122.51085,73.4
16937,45.49327,-122.51082,73.2
16938,45.49348,-122.51077,73.2
16939,45.49415,-122.51078,70.1
16940,45.49438,-122.51072,69.7
16941,45.49453,-122.51063,70.2
16942,45.49459,-122.51061,70.3
16943,45.49494,-122.51062,70.2
16944,45.49501,-122.51067,70.1
16945,45.49503,-122.51315,70.4
16946,45.49503,-122.51398,71.0
16947,45.4951,-122.52284,70.1
16948,45.49511,-122.52343,70.6
16949,45.4954,-122.52344,70.8
16950,45.4954,-122.52615,71.0
16951,45.4954,-122.52713,71.1
16952,45.4954,-122.52713,71.1
16953,45.4954,-122.52748,71.5
16954,45.49339,-122.52749,71.3
16955,45.49308,-122.52749,70.8
16956,45.4931,-122.52759,71.0
16957,45.49309,-122.52856,71.4
16958,45.49309,-122.53002,71.3
16959,45.49433,-122.53001,71.8
16960,45.49447,-122.53001,71.8
16961,45.49445,-122.53684,76.2
16962,45.49445,-122.53684,76.2
16963,45.49446,-122.53794,76.8
16964,45.49447,-122.53905,77.0
16965,45.49448,-122.54015,78.2
16966,45.4945,-122.54126,78.3
16967,45.49451,-122.54236,78.3
16968,45.49452,-122.54347,78.3
16969,45.49507,-122.54345,78.7
16970,45.49522,-122.54347,78.7
16971,45.49538,-122.54354,78.8
16972,45.49547,-122.5436,79.0
16973,45.49566,-122.54384,79.7
16974,45.49575,-122.54403,80.1
16975,45.49581,-122.54422,80.2
16976,45.49585,-122.54452,80.3
16977,45.49582,-122.5453,81.0
16978,45.49654,-122.54542,82.7
16979,45.49675,-122.54544,83.1
16980,45.49738,-122.54544,83.6
16981,45.49801,-122.54545,84.4
16982,45.49864,-122.54545,85.4
16983,45.49864,-122.54545,85.4
16984,45.49929,-122.54545,86.4
16985,45.49994,-122.54545,88.3
16986,45.50059,-122.54546,89.7
16987,45.50059,-122.5463,90.6
16988,45.50059,-122.54715,91.7
16989,45.50059,-122.54715,91.7
16990,45.50059,-122.54802,92.6
16991,45.50138,-122.54802,93.9
16992,45.50216,-122.54802,94.3
16993,45.50294,-122.54802,94.5
16994,45.50294,-122.54802,94.5
16995,45.50294,-122.54802,94.5
16996,45.50356,-122.54802,94.2
16997,45.50417,-122.54802,95.0
16998,45.50426,-122.54802,94.8
16999,45.50427,-122.54912,95.2
17000,45.50428,-122.55022,95.0
17001,45.50515,-122.55021,91.4
17002,45.50602,-122.5502,92.7
17003,45.5069,-122.55019,94.4
17004,45.50777,-122.55019,95.9
17005,45.50794,-122.55018,96.7
17006,45.50808,-122.55019,95.1
17007,45.50807,-122.55083,92.8
17008,45.50809,-122.55094,92.6
17009,45.50816,-122.55106,92.4
17010,45.50826,-122.55109,92.2
17011,45.50883,-122.55108,92.5
17012,45.50883,-122.55108,92.5
17013,45.5096,-122.55106,92.4
17014,45.50962,-122.55175,93.0
17015,45.50957,-122.55234,94.2
17016,45.50963,-122.5528,94.0
17017,45.50965,-122.55345,92.8
17018,45.50965,-122.55345,92.8
17019,45.50965,-122.55381,92.1
17020,45.51028,-122.5538,92.9
17021,45.51091,-122.55378,92.6
17022,45.51154,-122.55377,89.6
17023,45.51155,-122.55494,83.6
17024,45.51156,-122.55612,81.5
17025,45.51158,-122.55729,81.2
17026,45.51159,-122.55847,81.3
17027,45.51157,-122.55883,81.3
17028,45.51152,-122.55911,81.4
17029,45.51146,-122.55932,81.5
17030,45.51111,-122.56019,81.7
17031,45.511,-122.56058,81.8
17032,45.51097,-122.56082,81.9
17033,45.51096,-122.56199,82.3
17034,45.51095,-122.56316,82.8
17035,45.51094,-122.56433,82.7
17036,45.51089,-122.56475,82.6
17037,45.51078,-122.56555,82.5
17038,45.51075,-122.5661,82.4
17039,45.51076,-122.5668,82.4
17040,45.51077,-122.56749,82.4
17041,45.51078,-122.56829,82.1
17042,45.51079,-122.5691,81.8
17043,45.51081,-122.56923,81.8
17044,45.51081,-122.57006,82.0
17045,45.51082,-122.5709,82.4
17046,45.51083,-122.572,82.2
17047,45.51081,-122.57205,82.1
17048,45.51076,-122.57212,82.1
17049,45.51007,-122.57213,82.5
17050,45.51007,-122.57333,82.6
17051,45.51007,-122.57453,82.9
17052,45.51007,-122.57453,82.9
17053,45.51007,-122.57569,82.1
17054,45.51007,-122.57684,81.8
17055,45.51007,-122.578,81.0
17056,45.51007,-122.578,81.0
17057,45.51007,-122.578,81.0
17058,45.51007,-122.57856,81.2
17059,45.51009,-122.57868,81.3
17060,45.51012,-122.57883,81.1
17061,45.51012,-122.58,81.1
17062,45.51012,-122.58117,80.9
17063,45.50942,-122.58117,80.8
17064,45.50942,-122.58205,80.8
17065,45.50942,-122.58292,81.6
17066,45.50941,-122.58292,81.5
17067,45.50941,-122.58373,83.0
17068,45.50941,-122.58527,84.7
17069,45.50941,-122.58527,84.7
17070,45.50896,-122.58527,83.8
17071,45.50896,-122.58527,83.8
17072,45.50896,-122.58626,84.0
17073,45.50898,-122.58701,84.7
17074,45.50898,-122.58741,84.7
17075,45.50898,-122.58792,84.6
17076,45.50898,-122.58843,85.3
17077,45.50899,-122.58895,86.7
17078,45.50899,-122.5891,87.1
17079,45.50899,-122.58911,87.1
17080,45.50898,-122.58919,87.2
17081,45.50898,-122.58935,88.1
17082,45.50897,-122.58943,89.2
17083,45.50896,-122.5895,89.9
17084,45.50894,-122.58962,90.9
17085,45.50885,-122.58985,92.4
17086,45.50872,-122.59018,93.1
17087,45.5085,-122.59079,97.7
17088,45.5084,-122.59107,99.7
17089,45.50833,-122.59126,100.5
17090,45.5083,-122.59132,101.3
17091,45.50826,-122.59143,101.9
17092,45.50803,-122.59191,104.9
17093,45.50801,-122.59196,105.6
17094,45.50785,-122.59234,108.7
17095,45.50782,-122.5924,109.6
17096,45.5078,-122.59245,109.6
17097,45.50779,-122.59251,109.9
17098,45.50776,-122.59264,112.0
17099,45.50775,-122.5927,112.4
17100,45.50774,-122.59277,112.4
17101,45.50774,-122.59281,112.5
17102,45.50774,-122.59285,112.4
17103,45.50774,-122.59286,112.4
17104,45.50774,-122.59288,112.2
17105,45.50775,-122.59289,112.5
17106,45.50775,-122.59291,112.0
17107,45.50776,-122.59295,111.4
17108,45.50785,-122.59315,110.9
17109,45.50789,-122.59323,111.2
17110,45.50792,-122.5933,111.3
17111,45.50796,-122.59338,111.4
17112,45.50799,-122.59346,111.5
17113,45.50803,-122.5936,111.5
17114,45.50803,-122.5936,111.5
17115,45.50805,-122.59341,112.0
17116,45.50805,-122.5933,112.5
17117,45.50804,-122.59327,112.5
17118,45.50804,-122.59323,112.7
17119,45.50802,-122.59319,112.9
17120,45.508,-122.59311,113.6
17121,45.50795,-122.59302,113.9
17122,45.50793,-122.59297,114.5
17123,45.50792,-122.59293,115.3
17124,45.50791,-122.59289,115.8
17125,45.50791,-122.59286,116.2
17126,45.50791,-122.59282,116.5
17127,45.50791,-122.59279,116.7
17128,45.50791,-122.59276,116.9
17129,45.50792,-122.59273,117.3
17130,45.50792,-122.5927,117.3
17131,45.50794,-122.59266,117.5
17132,45.50795,-122.59264,117.3
17133,45.50799,-122.59255,118.1
17134,45.50803,-122.59248,118.7
17135,45.50807,-122.59242,119.1
17136,45.50812,-122.59236,120.2
17137,45.50818,-122.59229,120.7
17138,45.50836,-122.59213,122.3
17139,45.50848,-122.59201,123.9
17140,45.5085,-122.592,124.2
17141,45.50863,-122.59188,125.9
17142,45.50877,-122.59176,126.6
17143,45.50881,-122.59174,127.5
17144,45.5089,-122.59167,128.2
17145,45.50897,-122.59162,129.7
17146,45.50909,-122.59154,130.4
17147,45.50946,-122.5913,134.2
17148,45.50962,-122.59119,135.6
17149,45.50995,-122.59098,139.9
17150,45.51011,-122.59087,141.4
17151,45.51018,-122.59083,141.4
17152,45.51026,-122.59078,143.1
17153,45.51028,-122.59077,143.3
17154,45.51031,-122.59075,143.1
17155,45.5104,-122.59071,143.7
17156,45.51047,-122.59068,144.5
17157,45.51065,-122.59064,145.8
17158,45.5108,-122.5906,147.1
17159,45.51084,-122.5906,147.4
17160,45.51098,-122.59057,149.0
17161,45.51114,-122.59053,150.3
17162,45.51132,-122.5905,152.2
17163,45.51134,-122.59049,152.3
17164,45.51149,-122.59047,153.2
17165,45.51153,-122.59047,153.4
17166,45.51157,-122.59047,153.6
17167,45.51162,-122.59047,153.9
17168,45.51168,-122.59048,154.1
17169,45.51174,-122.5905,154.3
17170,45.5118,-122.59053,154.4
17171,45.51192,-122.59058,155.0
17172,45.51198,-122.5906,154.9
17173,45.51203,-122.59061,154.9
17174,45.51227,-122.59068,155.3
17175,45.51244,-122.59073,155.5
17176,45.51244,-122.59073,155.5
17177,45.51248,-122.59083,155.5
17178,45.5125,-122.59086,155.5
17179,45.51251,-122.59088,155.6
17180,45.51252,-122.5909,155.7
17181,45.51254,-122.59091,155.7
17182,45.51255,-122.59092,155.8
17183,45.51257,-122.59093,155.9
17184,45.51258,-122.59094,156.1
17185,45.51261,-122.59095,156.4
17186,45.5127,-122.59096,156.7
17187,45.51273,-122.59096,156.9
17188,45.51286,-122.59096,157.7
17189,45.51294,-122.59097,157.6
17190,45.513,-122.59098,157.7
17191,45.51305,-122.591,157.9
17192,45.51309,-122.59101,158.0
17193,45.51309,-122.59102,158.2
17194,45.51317,-122.59108,158.4
17195,45.51324,-122.59113,159.1
17196,45.51337,-122.59123,159.3
17197,45.5134,-122.59126,159.5
17198,45.51354,-122.59142,160.3
17199,45.51358,-122.59146,160.5
17200,45.51368,-122.59158,161.5
17201,45.51372,-122.59163,161.4
17202,45.5138,-122.59178,162.3
17203,45.51391,-122.59198,162.9
17204,45.51392,-122.592,163.0
17205,45.51404,-122.59225,164.1
17206,45.51416,-122.59245,165.0
17207,45.51426,-122.59255,165.7
17208,45.51431,-122.59259,166.0
17209,45.51438,-122.59266,166.4
17210,45.51443,-122.5927,166.9
17211,45.51446,-122.59272,166.9
17212,45.51456,-122.59286,167.8
17213,45.51465,-122.59296,168.1
17214,45.51471,-122.59307,168.9
17215,45.51471,-122.59309,168.9
17216,45.51475,-122.59324,168.5
17217,45.51477,-122.59333,168.6
17218,45.51478,-122.59338,168.4
17219,45.51482,-122.59361,168.3
17220,45.51482,-122.59361,168.3
17221,45.51473,-122.59356,168.8
17222,45.51465,-122.59335,169.1
17223,45.51464,-122.59334,169.2
17224,45.51461,-122.59329,169.4
17225,45.51454,-122.59314,169.6
17226,45.51449,-122.5931,169.9
17227,45.51445,-122.59305,169.8
17228,45.51434,-122.59296,170.2
17229,45.51433,-122.59295,170.1
17230,45.51428,-122.5929,170.3
17231,45.51418,-122.59286,170.7
17232,45.51411,-122.59281,171.1
17233,45.51408,-122.59279,171.4
17234,45.51396,-122.59267,171.9
17235,45.51391,-122.59261,172.2
17236,45.51383,-122.5925,172.8
17237,45.51374,-122.59239,173.5
17238,45.51369,-122.59234,174.2
17239,45.51354,-122.59219,174.9
17240,45.51347,-122.59211,175.2
17241,45.51339,-122.59206,176.1
17242,45.51339,-122.59205,176.0
17243,45.51331,-122.59201,176.3
17244,45.51322,-122.59197,177.1
17245,45.51316,-122.59195,177.6
17246,45.51304,-122.59194,178.1
17247,45.51303,-122.59194,178.2
17248,45.51298,-122.59194,178.4
17249,45.51293,-122.59194,178.7
17250,45.51286,-122.59195,179.2
17251,45.51283,-122.59195,179.4
17252,45.51272,-122.59197,180.0
17253,45.51268,-122.59198,180.1
17254,45.51259,-122.592,180.4
17255,45.51236,-122.59201,181.8
17256,45.51233,-122.592,181.9
17257,45.51215,-122.59193,183.0
17258,45.51214,-122.59193,183.1
17259,45.51198,-122.59185,184.1
17260,45.51186,-122.59179,185.0
17261,45.51172,-122.59173,185.5
17262,45.51162,-122.59174,186.1
17263,45.51151,-122.59177,187.0
17264,45.51146,-122.5918,187.3
17265,45.51141,-122.59184,187.4
17266,45.51134,-122.59191,188.1
17267,45.51132,-122.59195,188.3
17268,45.51127,-122.592,188.6
17269,45.51124,-122.59209,189.0
17270,45.51123,-122.59216,189.2
17271,45.51123,-122.59219,189.3
17272,45.51124,-122.59227,189.5
17273,45.51126,-122.59233,189.6
17274,45.51131,-122.59238,189.9
17275,45.51131,-122.59239,189.9
17276,45.51137,-122.59244,190.0
17277,45.51137,-122.59244,190.0
17278,45.51146,-122.59264,190.4
17279,45.51151,-122.59271,190.4
17280,45.51165,-122.59281,190.8
17281,45.51182,-122.59292,191.2
17282,45.51193,-122.593,191.3
17283,45.51198,-122.59303,191.4
17284,45.5121,-122.59312,191.6
17285,45.51214,-122.59314,191.7
17286,45.51227,-122.59322,191.8
