Order,Latitude,Longitude,Elevation,Time
1,42.22742,-121.77739,1250.7,
2,42.22763,-121.77699,1250.8,
3,42.22767,-121.77677,1250.8,
4,42.22768,-121.77566,1251.6,
5,42.22767,-121.77421,1252.4,
6,42.22776,-121.77385,1252.7,
7,42.22776,-121.77385,1252.7,
8,42.22834,-121.77412,1253.2,
9,42.22834,-121.77412,1253.2,
10,42.22832,-121.77347,1253.5,
11,42.22832,-121.77331,1253.5,
12,42.22832,-121.77322,1253.5,
13,42.22832,-121.77301,1253.5,
14,42.22832,-121.773014,1253.5,
15,42.22832,-121.77298,1253.6,
16,42.22833,-121.77274,1253.8,
17,42.22833,-121.7726,1253.8,
18,42.22834,-121.77233,1254.1,
19,42.22837,-121.77206,1254.4,
20,42.22836,-121.77137,1254.6,
21,42.22835,-121.7706,1255.1,
22,42.22837,-121.7696,1255.7,
23,42.22838,-121.76887,1256.4,
24,42.22838,-121.76815,1257.7,
25,42.22839,-121.76742,1259.2,
26,42.22839,-121.76697,1260.0,
27,42.22839,-121.76679,1260.4,
28,42.22836,-121.76609,1261.7,
29,42.22838,-121.76538,1263.1,
30,42.22838,-121.76514,1264.4,
31,42.22838,-121.7648,1266.7,
32,42.22838,-121.7648,1266.7,
33,42.22882,-121.76479,1267.5,
34,42.22936,-121.76478,1268.2,
35,42.22971,-121.76497,1268.7,
36,42.22971,-121.76497,1268.7,
37,42.2303,-121.76477,1273.4,
38,42.23112,-121.76444,1273.6,
39,42.23125,-121.76434,1273.7,
40,42.23141,-121.7642,1274.1,
41,42.23172,-121.76378,1276.1,
42,42.2318,-121.76366,1276.8,
43,42.231798,-121.763663,1276.8,
44,42.23194,-121.76345,1277.9,
45,42.23221,-121.76308,1279.0,
46,42.2324,-121.76281,1279.6,
47,42.23262,-121.76251,1280.3,
48,42.23279,-121.7623,1280.6,
49,42.23292,-121.76204,1281.0,
50,42.23298,-121.7619,1281.4,
51,42.23302,-121.7618,1282.2,
52,42.23312,-121.76145,1284.3,
53,42.23313,-121.76141,1284.5,
54,42.23321,-121.76112,1285.9,
55,42.23328,-121.76092,1286.6,
56,42.23337,-121.76075,1286.9,
57,42.23347,-121.76061,1287.7,
58,42.23352,-121.76055,1288.2,
59,42.23363,-121.76041,1290.0,
60,42.23377,-121.76027,1290.9,
61,42.23393,-121.76009,1290.8,
62,42.2342,-121.75985,1291.2,
63,42.23441,-121.75966,1291.0,
64,42.23447,-121.75958,1291.1,
65,42.2345,-121.75954,1291.2,
66,42.23462,-121.75936,1292.2,
67,42.23471,-121.75917,1292.8,
68,42.23489,-121.75884,1293.4,
69,42.23506,-121.7585,1296.2,
70,42.23518,-121.75829,1297.6,
71,42.23529,-121.75814,1298.0,
72,42.23537,-121.75806,1298.3,
73,42.23553,-121.75794,1298.8,
74,42.23565,-121.75787,1299.0,
75,42.23587,-121.75779,1299.4,
76,42.23613,-121.7577,1300.7,
77,42.23638,-121.75759,1303.0,
78,42.23647,-121.75755,1304.2,
79,42.23662,-121.75748,1305.8,
80,42.23676,-121.7574,1307.2,
81,42.23697,-121.75723,1309.3,
82,42.23709,-121.75712,1310.7,
83,42.23729,-121.75691,1313.5,
84,42.23765,-121.75647,1318.9,
85,42.23804,-121.756,1324.2,
86,42.23805,-121.75598,1324.3,
87,42.23819,-121.75582,1324.1,
88,42.23832,-121.75566,1323.3,
89,42.2384,-121.75557,1322.7,
90,42.23846,-121.75551,1322.3,
91,42.23866,-121.75531,1321.2,
92,42.23919,-121.7548,1317.3,
93,42.23926,-121.75474,1317.3,
94,42.23978,-121.75424,1314.0,
95,42.24008,-121.75396,1313.8,
96,42.24062,-121.75346,1317.5,
97,42.24067,-121.75341,1317.6,
98,42.24101,-121.75312,1318.7,
99,42.24124,-121.753,1318.8,
100,42.24159,-121.75283,1318.9,
101,42.24184,-121.75272,1318.8,
102,42.24253,-121.75247,1320.5,
103,42.24295,-121.75221,1321.6,
104,42.24338,-121.75175,1321.5,
105,42.24366,-121.7512,1322.0,
106,42.24378,-121.75086,1322.9,
107,42.2438,-121.75069,1321.9,
108,42.24389,-121.74997,1322.4,
109,42.2439,-121.74986,1322.4,
110,42.244,-121.74928,1323.2,
111,42.24416,-121.74889,1324.2,
112,42.24432,-121.74866,1324.9,
113,42.2444,-121.74856,1325.5,
114,42.24454,-121.74844,1326.8,
115,42.24478,-121.74831,1327.7,
116,42.24531,-121.74801,1329.3,
117,42.24544,-121.74794,1329.8,
118,42.24561,-121.74785,1330.4,
119,42.24576,-121.74772,1332.3,
120,42.24582,-121.74768,1333.2,
121,42.24592,-121.74756,1334.7,
122,42.246,-121.74747,1335.2,
123,42.2462,-121.74714,1338.3,
124,42.24662,-121.74643,1345.1,
125,42.2467,-121.74629,1346.8,
126,42.24696,-121.74596,1350.7,
127,42.24725,-121.74571,1353.1,
128,42.24763,-121.74545,1356.4,
129,42.24778,-121.74535,1358.6,
130,42.24794,-121.74522,1360.8,
131,42.24857,-121.74474,1371.3,
132,42.24931,-121.74425,1383.5,
133,42.24958,-121.74403,1389.5,
134,42.24964,-121.744,1390.1,
135,42.24983,-121.74386,1389.1,
136,42.24994,-121.74374,1389.1,
137,42.25019,-121.74346,1389.1,
138,42.25022,-121.74344,1389.2,
139,42.25087,-121.74292,1393.3,
140,42.251,-121.74283,1393.7,
141,42.25153,-121.74245,1394.2,
142,42.25196,-121.74217,1398.4,
143,42.25211,-121.74208,1399.6,
144,42.25258,-121.74179,1402.2,
145,42.25262,-121.74178,1402.8,
146,42.25306,-121.74167,1406.9,
147,42.2534,-121.74167,1410.4,
148,42.25374,-121.74175,1413.6,
149,42.25386,-121.74175,1414.7,
150,42.25487,-121.74188,1423.9,
151,42.25527,-121.74216,1430.1,
152,42.25622,-121.74292,1445.6,
153,42.25662,-121.74317,1450.0,
154,42.25683,-121.7432,1452.6,
155,42.25713,-121.74327,1454.8,
156,42.25746,-121.74327,1458.0,
157,42.2578,-121.7432,1460.6,
158,42.25813,-121.74304,1463.1,
159,42.25822,-121.743,1463.7,
160,42.25854,-121.74275,1465.5,
161,42.25884,-121.74249,1468.0,
162,42.25945,-121.74206,1469.2,
163,42.25981,-121.74184,1472.1,
164,42.2599,-121.74179,1472.9,
165,42.26024,-121.74164,1474.3,
166,42.26046,-121.74159,1474.3,
167,42.26064,-121.74158,1474.1,
168,42.26074,-121.74157,1474.1,
169,42.26111,-121.74158,1474.3,
170,42.26151,-121.74167,1474.2,
171,42.26168,-121.74172,1474.1,
172,42.26208,-121.74184,1474.1,
173,42.2624,-121.742,1473.5,
174,42.26276,-121.74218,1472.8,
175,42.26342,-121.74264,1470.9,
176,42.26361,-121.74277,1471.1,
177,42.26383,-121.74296,1470.5,
178,42.2639,-121.74301,1470.7,
179,42.26412,-121.74321,1470.3,
180,42.26429,-121.7434,1469.8,
181,42.26457,-121.7439,1468.1,
182,42.26487,-121.7449,1466.2,
183,42.26503,-121.74534,1463.2,
184,42.26515,-121.74558,1462.5,
185,42.26528,-121.74575,1462.4,
186,42.26537,-121.74587,1461.9,
187,42.26539,-121.74588,1462.0,
188,42.26561,-121.74607,1460.4,
189,42.26587,-121.74623,1457.8,
190,42.26607,-121.74637,1456.3,
191,42.26614,-121.74641,1455.8,
192,42.26636,-121.74656,1452.0,
193,42.26651,-121.74665,1450.6,
194,42.26662,-121.74671,1448.9,
195,42.26673,-121.74673,1446.6,
196,42.26692,-121.74676,1443.8,
197,42.2671,-121.74675,1440.9,
198,42.26723,-121.74672,1439.3,
199,42.26734,-121.74667,1438.5,
200,42.26751,-121.74658,1436.6,
201,42.26766,-121.74646,1435.8,
202,42.26775,-121.74639,1435.7,
203,42.26806,-121.74598,1431.4,
204,42.26818,-121.7459,1430.6,
205,42.26832,-121.74582,1429.9,
206,42.26851,-121.74578,1429.8,
207,42.26879,-121.74575,1430.2,
208,42.26885,-121.74574,1430.2,
209,42.26933,-121.74564,1429.1,
210,42.2695,-121.7456,1426.7,
211,42.26963,-121.74559,1425.4,
212,42.27,-121.74558,1423.5,
213,42.27024,-121.74561,1421.8,
214,42.27033,-121.74563,1420.6,
215,42.27064,-121.74568,1418.3,
216,42.27095,-121.74573,1417.3,
217,42.27125,-121.74576,1416.3,
218,42.27149,-121.74578,1417.0,
219,42.27184,-121.74581,1418.0,
220,42.27185,-121.74581,1418.0,
221,42.27203,-121.74579,1418.4,
222,42.27222,-121.74572,1418.3,
223,42.27237,-121.74562,1418.1,
224,42.27238,-121.74561,1418.1,
225,42.27258,-121.74543,1418.6,
226,42.27271,-121.7452,1418.6,
227,42.27281,-121.74495,1418.2,
228,42.27283,-121.74491,1418.1,
229,42.2729,-121.74471,1416.4,
230,42.27301,-121.74446,1414.0,
231,42.27312,-121.7443,1413.1,
232,42.27328,-121.74412,1412.1,
233,42.27357,-121.74393,1411.0,
234,42.27438,-121.74356,1405.7,
235,42.27485,-121.74341,1403.2,
236,42.27506,-121.74338,1401.6,
237,42.27514,-121.74339,1401.4,
238,42.27527,-121.7434,1400.9,
239,42.27547,-121.74344,1400.1,
240,42.27567,-121.74351,1399.3,
241,42.27594,-121.7437,1398.0,
242,42.2762,-121.74399,1397.2,
243,42.2768,-121.74491,1395.3,
244,42.27735,-121.74575,1393.2,
245,42.27762,-121.74612,1392.5,
246,42.27767,-121.74618,1392.3,
247,42.27801,-121.74644,1390.1,
248,42.2782,-121.74656,1388.3,
249,42.27856,-121.74668,1385.8,
250,42.27884,-121.74675,1385.5,
251,42.27895,-121.74678,1385.5,
252,42.27955,-121.74697,1383.7,
253,42.2803,-121.74726,1381.8,
254,42.28049,-121.74733,1381.5,
255,42.28074,-121.74742,1381.1,
256,42.28091,-121.74754,1380.9,
257,42.28109,-121.74766,1380.5,
258,42.28114,-121.74769,1380.4,
259,42.2813,-121.74782,1379.9,
260,42.28143,-121.74797,1379.6,
261,42.28147,-121.74801,1379.5,
262,42.28169,-121.74825,1378.4,
263,42.28171,-121.74828,1378.2,
264,42.28182,-121.74842,1376.8,
265,42.28196,-121.74854,1375.2,
266,42.28212,-121.74867,1373.0,
267,42.28228,-121.74878,1371.7,
268,42.28283,-121.74904,1367.8,
269,42.28288,-121.74906,1367.5,
270,42.28298,-121.74915,1367.1,
271,42.28323,-121.74934,1366.4,
272,42.28346,-121.74949,1365.0,
273,42.28351,-121.74952,1364.7,
274,42.28371,-121.74963,1363.5,
275,42.284,-121.7497,1361.2,
276,42.28415,-121.7497,1360.3,
277,42.28429,-121.74969,1359.9,
278,42.28433,-121.74969,1359.8,
279,42.28449,-121.74968,1360.2,
280,42.28464,-121.74966,1360.8,
281,42.28469,-121.74967,1361.1,
282,42.28486,-121.74969,1361.9,
283,42.28528,-121.7498,1362.8,
284,42.28538,-121.74984,1362.8,
285,42.28588,-121.75001,1363.4,
286,42.28629,-121.75013,1364.2,
287,42.28645,-121.75019,1364.4,
288,42.2868,-121.7503,1364.9,
289,42.28714,-121.75046,1365.2,
290,42.28725,-121.75052,1365.3,
291,42.28746,-121.75068,1365.2,
292,42.28761,-121.7508,1365.1,
293,42.28802,-121.75113,1365.2,
294,42.28808,-121.75118,1365.2,
295,42.28899,-121.75195,1365.0,
296,42.28905,-121.752,1365.0,
297,42.28914,-121.75208,1364.9,
298,42.2893,-121.7522,1365.0,
299,42.28933,-121.75223,1364.9,
300,42.28946,-121.75242,1364.3,
301,42.28947,-121.75241,1364.4,
302,42.28974,-121.75292,1360.9,
303,42.29004,-121.75324,1359.9,
304,42.29057,-121.75357,1360.0,
305,42.2911,-121.7539,1362.8,
306,42.29167,-121.75418,1363.3,
307,42.29224,-121.75447,1362.8,
308,42.29295,-121.75465,1363.1,
309,42.29366,-121.75483,1358.8,
310,42.29426,-121.75507,1353.6,
311,42.29444,-121.75506,1351.6,
312,42.29513,-121.75479,1345.6,
313,42.29592,-121.75476,1339.5,
314,42.29653,-121.75479,1334.3,
315,42.29696,-121.7547,1335.1,
316,42.2972,-121.75477,1332.8,
317,42.29748,-121.75492,1328.8,
318,42.29791,-121.75504,1327.2,
319,42.29857,-121.75551,1322.5,
320,42.29896,-121.75591,1320.4,
321,42.29936,-121.75631,1318.1,
322,42.29973,-121.75653,1316.0,
323,42.30005,-121.75666,1316.2,
324,42.30088,-121.75709,1314.8,
325,42.30126,-121.75725,1314.5,
326,42.30154,-121.7574,1313.9,
327,42.30181,-121.75761,1312.3,
328,42.30227,-121.75819,1309.4,
329,42.3026,-121.75873,1307.7,
330,42.30297,-121.75953,1305.9,
331,42.30333,-121.76033,1302.4,
332,42.30369,-121.76113,1298.4,
333,42.30384,-121.76131,1297.6,
334,42.30418,-121.76156,1296.8,
335,42.30447,-121.76184,1295.9,
336,42.30485,-121.76226,1295.0,
337,42.30523,-121.76269,1293.0,
338,42.3056,-121.76301,1292.4,
339,42.30581,-121.76314,1292.1,
340,42.30653,-121.76337,1291.8,
341,42.30683,-121.76353,1291.5,
342,42.30705,-121.76382,1290.3,
343,42.30723,-121.76417,1288.6,
344,42.30743,-121.76441,1287.3,
345,42.30792,-121.7648,1286.6,
346,42.30841,-121.76519,1285.8,
347,42.30876,-121.76553,1285.2,
348,42.30949,-121.76609,1285.0,
349,42.30994,-121.7665,1284.2,
350,42.31046,-121.76682,1283.5,
351,42.31098,-121.76715,1283.1,
352,42.31135,-121.76741,1282.8,
353,42.31186,-121.76772,1281.0,
354,42.31224,-121.76792,1280.4,
355,42.31271,-121.76812,1280.0,
356,42.31306,-121.76822,1279.8,
357,42.31328,-121.76826,1279.8,
358,42.31366,-121.76826,1280.1,
359,42.31405,-121.76835,1280.0,
360,42.31468,-121.76861,1279.9,
361,42.3153,-121.76886,1279.8,
362,42.3157,-121.76908,1279.6,
363,42.31612,-121.76936,1278.8,
364,42.31654,-121.76964,1277.7,
365,42.31697,-121.76991,1276.5,
366,42.31741,-121.77017,1275.0,
367,42.31815,-121.77067,1274.8,
368,42.31871,-121.77101,1274.5,
369,42.31946,-121.77141,1274.3,
370,42.3202,-121.77182,1274.2,
371,42.32095,-121.77222,1274.0,
372,42.32133,-121.77247,1273.8,
373,42.32169,-121.77272,1273.5,
374,42.32235,-121.77306,1273.2,
375,42.32301,-121.77339,1273.1,
376,42.32345,-121.77354,1273.3,
377,42.32406,-121.77396,1273.2,
378,42.32458,-121.77428,1273.2,
379,42.32499,-121.77459,1273.1,
380,42.3254,-121.7749,1272.6,
381,42.32602,-121.77533,1272.0,
382,42.32664,-121.77576,1271.7,
383,42.32725,-121.77619,1271.0,
384,42.32787,-121.77662,1270.9,
385,42.32843,-121.77705,1270.9,
386,42.32898,-121.77749,1270.6,
387,42.32954,-121.77792,1270.7,
388,42.33015,-121.77854,1270.6,
389,42.33062,-121.77894,1270.6,
390,42.33109,-121.77933,1270.8,
391,42.33162,-121.77989,1271.1,
392,42.33216,-121.78045,1271.9,
393,42.33269,-121.78101,1273.7,
394,42.33335,-121.78168,1274.1,
395,42.334,-121.78235,1275.5,
396,42.33432,-121.78265,1276.9,
397,42.33462,-121.78286,1276.8,
398,42.3351,-121.78314,1275.0,
399,42.33558,-121.78343,1273.6,
400,42.33611,-121.78377,1272.7,
401,42.3363,-121.78386,1272.4,
402,42.33656,-121.78395,1272.1,
403,42.33735,-121.78374,1273.9,
404,42.33804,-121.78398,1274.0,
405,42.33874,-121.7843,1273.8,
406,42.33927,-121.78464,1272.6,
407,42.3398,-121.78498,1271.6,
408,42.3398,-121.78497,1271.7,
409,42.34003,-121.78512,1271.9,
410,42.34018,-121.7853,1271.8,
411,42.34066,-121.78612,1271.4,
412,42.34115,-121.78671,1269.1,
413,42.34161,-121.78721,1268.7,
414,42.34191,-121.78744,1268.6,
415,42.34256,-121.78777,1268.5,
416,42.34322,-121.7881,1269.1,
417,42.34387,-121.78843,1269.0,
418,42.34452,-121.78872,1272.2,
419,42.34517,-121.78902,1274.3,
420,42.3453,-121.78914,1274.4,
421,42.34536,-121.78938,1274.2,
422,42.34537,-121.79057,1274.9,
423,42.34539,-121.79177,1274.4,
424,42.34536,-121.79213,1271.9,
425,42.34521,-121.79259,1268.8,
426,42.34484,-121.79362,1268.9,
427,42.34473,-121.79412,1268.5,
428,42.3447,-121.79446,1268.5,
429,42.34477,-121.795,1268.6,
430,42.34497,-121.7958,1269.3,
431,42.34516,-121.79661,1269.2,
432,42.34524,-121.79702,1268.6,
433,42.34511,-121.79772,1268.5,
434,42.34527,-121.79815,1267.7,
435,42.34557,-121.7988,1266.1,
436,42.34571,-121.79933,1266.2,
437,42.34582,-121.79991,1266.4,
438,42.346,-121.80053,1266.4,
439,42.34621,-121.80128,1266.6,
440,42.34641,-121.80202,1267.1,
441,42.34656,-121.8026,1267.2,
442,42.3467,-121.80319,1267.1,
443,42.34687,-121.80403,1267.6,
444,42.34726,-121.80505,1267.5,
445,42.34764,-121.80607,1267.1,
446,42.34793,-121.80657,1266.7,
447,42.34822,-121.80708,1266.6,
448,42.34856,-121.80759,1266.3,
449,42.34887,-121.80814,1266.2,
450,42.34919,-121.80869,1266.1,
451,42.34947,-121.8093,1266.2,
452,42.34975,-121.80992,1266.1,
453,42.34975,-121.80992,1266.1,
454,42.35,-121.81047,1266.0,
455,42.35025,-121.81101,1265.9,
456,42.35047,-121.81137,1265.7,
457,42.35063,-121.81147,1265.4,
458,42.35072,-121.81069,1265.1,
459,42.35082,-121.81036,1264.8,
460,42.35118,-121.80939,1264.1,
461,42.35154,-121.80842,1264.1,
462,42.35189,-121.80745,1264.2,
463,42.35206,-121.80713,1264.2,
464,42.35221,-121.80694,1264.3,
465,42.3524,-121.80678,1264.6,
466,42.35272,-121.80661,1264.7,
467,42.35296,-121.80658,1264.7,
468,42.35381,-121.80657,1264.6,
469,42.35466,-121.80656,1264.4,
470,42.3555,-121.80656,1263.9,
471,42.35595,-121.80653,1263.6,
472,42.35622,-121.80639,1263.6,
473,42.35674,-121.80586,1263.6,
474,42.35727,-121.80533,1263.5,
475,42.35751,-121.8052,1263.3,
476,42.35777,-121.80516,1263.0,
477,42.35865,-121.80513,1263.0,
478,42.35954,-121.8051,1263.0,
479,42.36042,-121.80508,1263.0,
480,42.36128,-121.80507,1263.0,
481,42.36214,-121.80505,1263.0,
482,42.36301,-121.80504,1263.0,
483,42.36387,-121.80503,1263.0,
484,42.36473,-121.80502,1263.0,
485,42.36559,-121.80501,1263.0,
486,42.36645,-121.805,1263.0,
487,42.36732,-121.80499,1263.0,
488,42.36815,-121.80498,1263.0,
489,42.36899,-121.80496,1263.0,
490,42.36983,-121.80495,1263.0,
491,42.37066,-121.80493,1263.0,
492,42.3715,-121.80491,1263.0,
493,42.37234,-121.8049,1263.0,
494,42.37308,-121.8049,1263.1,
495,42.37383,-121.8049,1263.9,
496,42.3742,-121.80494,1265.3,
497,42.37455,-121.80505,1264.8,
498,42.37483,-121.80518,1265.4,
499,42.37517,-121.8054,1265.3,
500,42.37589,-121.80606,1264.9,
501,42.37662,-121.80672,1264.7,
502,42.37734,-121.80739,1264.7,
503,42.37806,-121.80805,1264.5,
504,42.37878,-121.80871,1264.2,
505,42.37951,-121.80938,1264.2,
506,42.38023,-121.81004,1264.3,
507,42.38095,-121.8107,1264.2,
508,42.38127,-121.81091,1264.2,
509,42.38143,-121.81096,1264.2,
510,42.38198,-121.81097,1267.2,
511,42.38218,-121.81101,1268.3,
512,42.38234,-121.81109,1269.3,
513,42.38248,-121.81123,1269.8,
514,42.38272,-121.81158,1268.4,
515,42.38285,-121.81171,1268.7,
516,42.38307,-121.8119,1268.6,
517,42.38356,-121.81222,1269.0,
518,42.38405,-121.81253,1270.4,
519,42.38443,-121.81285,1270.5,
520,42.38479,-121.81318,1271.1,
521,42.38528,-121.81361,1274.2,
522,42.38582,-121.81412,1272.9,
523,42.38594,-121.81423,1273.0,
524,42.38605,-121.81429,1273.5,
525,42.38596,-121.81408,1274.6,
526,42.38581,-121.81385,1275.6,
527,42.38527,-121.81308,1287.0,
528,42.38486,-121.81255,1297.2,
529,42.38445,-121.81202,1308.5,
530,42.38419,-121.81176,1309.6,
531,42.38384,-121.81144,1310.6,
532,42.38384,-121.81144,1310.6,
533,42.38346,-121.81109,1310.6,
534,42.38336,-121.81092,1313.0,
535,42.38329,-121.8107,1315.9,
536,42.38327,-121.80987,1324.0,
537,42.38336,-121.80952,1327.2,
538,42.38348,-121.80934,1330.2,
539,42.38365,-121.80922,1333.9,
540,42.38389,-121.80916,1339.2,
541,42.38411,-121.80917,1343.0,
542,42.38426,-121.80926,1346.0,
543,42.38447,-121.80944,1347.3,
544,42.38462,-121.80953,1348.9,
545,42.385,-121.80961,1353.3,
546,42.3852,-121.8096,1356.5,
547,42.38557,-121.80968,1361.1,
548,42.38583,-121.80963,1364.7,
549,42.38604,-121.80954,1365.8,
550,42.38615,-121.80957,1367.4,
551,42.3862,-121.80964,1368.2,
552,42.38621,-121.80975,1369.2,
553,42.38617,-121.80987,1370.2,
554,42.38609,-121.80997,1370.7,
555,42.38582,-121.81017,1371.1,
556,42.38532,-121.81063,1375.5,
557,42.38524,-121.81076,1375.5,
558,42.38523,-121.81091,1376.1,
559,42.3853,-121.81104,1377.0,
560,42.38543,-121.81113,1379.0,
561,42.38575,-121.81117,1382.2,
562,42.38676,-121.81109,1392.4,
563,42.38711,-121.81097,1395.1,
564,42.38745,-121.81082,1398.1,
565,42.38776,-121.81074,1401.9,
566,42.38806,-121.81073,1405.4,
567,42.3885,-121.81065,1409.1,
568,42.38867,-121.81069,1410.7,
569,42.38894,-121.8108,1413.1,
570,42.38922,-121.81099,1416.2,
571,42.38971,-121.81116,1421.5,
572,42.38999,-121.81118,1424.7,
573,42.3904,-121.8113,1429.6,
574,42.3909,-121.81125,1433.7,
575,42.39143,-121.81128,1439.9,
576,42.39167,-121.81139,1442.7,
577,42.39206,-121.81164,1445.7,
578,42.39239,-121.81183,1450.0,
579,42.39283,-121.81199,1454.5,
580,42.39301,-121.81204,1456.1,
581,42.39382,-121.81215,1466.7,
582,42.39395,-121.81225,1468.2,
583,42.39401,-121.81236,1468.6,
584,42.39403,-121.81249,1468.6,
585,42.39403,-121.81259,1468.7,
586,42.39399,-121.81274,1469.5,
587,42.39391,-121.81288,1470.4,
588,42.39359,-121.81328,1473.3,
589,42.39335,-121.81366,1475.5,
590,42.39325,-121.81384,1476.4,
591,42.3931,-121.81423,1479.7,
592,42.39305,-121.81444,1481.2,
593,42.39303,-121.81466,1482.4,
594,42.39306,-121.81483,1483.5,
595,42.39314,-121.81499,1484.7,
596,42.3932,-121.81503,1485.0,
597,42.39332,-121.81505,1485.9,
598,42.39344,-121.815,1487.4,
599,42.39395,-121.81465,1492.8,
600,42.39426,-121.81447,1496.9,
601,42.39452,-121.81437,1499.7,
602,42.39498,-121.81422,1505.0,
603,42.3957,-121.81386,1509.4,
604,42.39583,-121.81382,1509.8,
605,42.39596,-121.8138,1510.6,
606,42.39607,-121.81382,1511.7,
607,42.3964,-121.81397,1515.3,
608,42.3971,-121.81439,1522.3,
609,42.39753,-121.81467,1526.8,
610,42.3981,-121.81512,1535.3,
611,42.39822,-121.81519,1536.5,
612,42.39832,-121.81522,1537.5,
613,42.39856,-121.81503,1540.6,
614,42.39861,-121.81495,1541.4,
615,42.39864,-121.81482,1542.3,
616,42.39865,-121.81466,1543.9,
617,42.39858,-121.81435,1546.8,
618,42.39847,-121.81408,1548.9,
619,42.39814,-121.81341,1550.5,
620,42.39792,-121.81307,1551.6,
621,42.39771,-121.81281,1553.6,
622,42.39741,-121.81253,1553.4,
623,42.39672,-121.81206,1553.9,
624,42.39648,-121.81188,1554.3,
625,42.39551,-121.81092,1556.2,
626,42.39501,-121.81035,1561.7,
627,42.3948,-121.81005,1566.3,
628,42.39451,-121.80951,1569.5,
629,42.39444,-121.80923,1567.8,
630,42.3944,-121.80903,1567.3,
631,42.39439,-121.80885,1567.0,
632,42.39446,-121.80849,1566.3,
633,42.39495,-121.80738,1561.0,
634,42.3951,-121.80695,1558.0,
635,42.39524,-121.80638,1553.9,
636,42.3954,-121.80595,1550.6,
637,42.39563,-121.80549,1547.7,
638,42.39579,-121.8053,1547.0,
639,42.39616,-121.805,1545.4,
640,42.39675,-121.80456,1540.6,
641,42.39825,-121.80368,1533.4,
642,42.39854,-121.80357,1530.5,
643,42.39879,-121.80353,1529.2,
644,42.39943,-121.80354,1528.8,
645,42.39967,-121.80349,1528.7,
646,42.39983,-121.80341,1528.3,
647,42.39995,-121.80331,1527.7,
648,42.40022,-121.80304,1524.6,
649,42.40042,-121.80289,1523.4,
650,42.40068,-121.80278,1522.7,
651,42.40116,-121.80263,1522.8,
652,42.4014,-121.8025,1522.8,
653,42.40175,-121.80222,1522.3,
654,42.40221,-121.80177,1521.7,
655,42.40231,-121.80163,1521.3,
656,42.4024,-121.80144,1519.7,
657,42.40248,-121.80119,1519.3,
658,42.4025,-121.80102,1518.8,
659,42.40246,-121.80083,1518.0,
660,42.40228,-121.8006,1516.3,
661,42.40194,-121.8003,1512.8,
662,42.40173,-121.80006,1512.1,
663,42.40165,-121.79994,1511.8,
664,42.40156,-121.79958,1511.7,
665,42.40147,-121.79867,1511.2,
666,42.40148,-121.7985,1511.0,
667,42.40153,-121.7983,1511.2,
668,42.40168,-121.79789,1511.4,
669,42.40189,-121.79746,1511.7,
670,42.40203,-121.79726,1510.2,
671,42.40208,-121.79715,1508.0,
672,42.40226,-121.79699,1505.2,
673,42.40302,-121.7968,1504.0,
674,42.4033,-121.79675,1503.4,
675,42.40344,-121.79675,1503.4,
676,42.40392,-121.7968,1504.1,
677,42.40456,-121.7968,1503.7,
678,42.4052,-121.79683,1503.8,
679,42.40552,-121.79687,1503.4,
680,42.40568,-121.79692,1503.4,
681,42.40582,-121.797,1503.7,
682,42.40618,-121.79728,1502.7,
683,42.40664,-121.79772,1503.2,
684,42.40685,-121.7979,1504.2,
685,42.40701,-121.79808,1504.5,
686,42.40726,-121.79851,1503.2,
687,42.4074,-121.79879,1502.5,
688,42.40747,-121.799,1502.8,
689,42.40768,-121.79928,1501.9,
690,42.40796,-121.7994,1503.3,
691,42.4082,-121.79941,1504.2,
692,42.40841,-121.79936,1504.7,
693,42.40842,-121.79936,1504.8,
694,42.40842,-121.79935,1504.7,
695,42.40854,-121.79932,1505.0,
696,42.40904,-121.7991,1504.3,
697,42.40954,-121.79887,1504.1,
698,42.41021,-121.79838,1504.4,
699,42.41094,-121.79782,1503.7,
700,42.41137,-121.79766,1503.4,
701,42.41213,-121.79763,1502.4,
702,42.41289,-121.7976,1502.2,
703,42.41365,-121.79756,1503.8,
704,42.414,-121.79759,1503.8,
705,42.41448,-121.79769,1506.7,
706,42.41465,-121.79769,1508.9,
707,42.41485,-121.79764,1510.1,
708,42.41568,-121.79726,1510.6,
709,42.41633,-121.79689,1508.5,
710,42.41661,-121.79685,1508.3,
711,42.41686,-121.79687,1509.6,
712,42.41712,-121.79699,1511.4,
713,42.4176,-121.79734,1513.7,
714,42.41776,-121.79742,1514.4,
715,42.41805,-121.79747,1515.3,
716,42.41859,-121.79777,1521.3,
717,42.41883,-121.79796,1525.6,
718,42.41942,-121.79859,1527.3,
719,42.41956,-121.79866,1528.8,
720,42.41975,-121.79859,1532.0,
721,42.42009,-121.79852,1533.3,
722,42.42027,-121.79858,1536.3,
723,42.42063,-121.79888,1539.4,
724,42.42095,-121.79937,1544.5,
725,42.42135,-121.79985,1549.4,
726,42.42182,-121.80021,1557.5,
727,42.42232,-121.80022,1559.9,
728,42.42274,-121.80047,1565.0,
729,42.423,-121.80056,1569.0,
730,42.42349,-121.80046,1570.1,
731,42.42372,-121.80059,1571.6,
732,42.42396,-121.80081,1572.6,
733,42.42423,-121.80101,1574.1,
734,42.42476,-121.80145,1579.9,
735,42.42529,-121.8019,1585.7,
736,42.42588,-121.80201,1591.5,
737,42.42653,-121.80234,1601.3,
738,42.42718,-121.80267,1610.4,
739,42.42751,-121.80286,1615.9,
740,42.42808,-121.80274,1623.2,
741,42.42875,-121.80296,1629.5,
742,42.42956,-121.80333,1636.7,
743,42.43039,-121.8036,1644.7,
744,42.43122,-121.80388,1655.3,
745,42.43205,-121.80415,1662.4,
746,42.4328,-121.8043,1667.6,
747,42.43355,-121.80445,1673.3,
748,42.43429,-121.80459,1678.5,
749,42.43504,-121.80474,1680.8,
750,42.43574,-121.80476,1682.7,
751,42.43626,-121.80456,1685.4,
752,42.43677,-121.80436,1689.2,
753,42.43754,-121.80379,1694.4,
754,42.43832,-121.80321,1701.5,
755,42.43876,-121.80293,1704.5,
756,42.43921,-121.80265,1708.0,
757,42.44004,-121.8022,1714.9,
758,42.44086,-121.80175,1720.9,
759,42.44167,-121.80143,1725.3,
760,42.44212,-121.80118,1727.9,
761,42.44272,-121.80089,1732.0,
762,42.443,-121.80081,1734.3,
763,42.44333,-121.80074,1737.2,
764,42.44354,-121.80067,1739.2,
765,42.44394,-121.80043,1743.7,
766,42.44429,-121.80025,1747.6,
767,42.44459,-121.80015,1750.6,
768,42.44522,-121.79999,1756.2,
769,42.44586,-121.79983,1761.4,
770,42.44649,-121.79957,1767.5,
771,42.44728,-121.79938,1774.3,
772,42.44783,-121.79918,1778.4,
773,42.44839,-121.79898,1780.4,
774,42.44878,-121.79882,1782.0,
775,42.4493,-121.79869,1784.3,
776,42.44983,-121.79855,1785.3,
777,42.45067,-121.79843,1785.6,
778,42.45135,-121.79845,1785.5,
779,42.45222,-121.79864,1785.3,
780,42.4531,-121.79883,1784.7,
781,42.45363,-121.79893,1783.5,
782,42.45417,-121.79903,1781.0,
783,42.45494,-121.79911,1780.4,
784,42.4557,-121.79919,1780.2,
785,42.45646,-121.79928,1779.7,
786,42.45721,-121.79937,1776.3,
787,42.45795,-121.79947,1773.1,
788,42.45869,-121.79956,1770.3,
789,42.45944,-121.79966,1767.0,
790,42.46002,-121.79956,1764.6,
791,42.46053,-121.79937,1761.1,
792,42.46104,-121.79918,1758.5,
793,42.46177,-121.79921,1754.1,
794,42.4625,-121.79924,1748.0,
795,42.46323,-121.79881,1744.2,
796,42.46374,-121.79843,1743.5,
797,42.46421,-121.7982,1742.0,
798,42.46465,-121.79803,1738.3,
799,42.46509,-121.79786,1735.7,
800,42.46585,-121.79776,1731.1,
801,42.46661,-121.79767,1726.9,
802,42.46736,-121.79757,1724.1,
803,42.46788,-121.79761,1721.3,
804,42.46839,-121.79789,1716.7,
805,42.4689,-121.79816,1712.3,
806,42.46933,-121.79827,1709.5,
807,42.47002,-121.79826,1706.1,
808,42.47047,-121.79836,1702.8,
809,42.47119,-121.79902,1697.7,
810,42.47161,-121.79935,1694.5,
811,42.47233,-121.79963,1690.7,
812,42.47322,-121.79977,1685.4,
813,42.47372,-121.79981,1681.7,
814,42.4745,-121.79938,1675.6,
815,42.475,-121.79919,1674.1,
816,42.47548,-121.79915,1670.5,
817,42.47631,-121.79929,1664.8,
818,42.47715,-121.79943,1660.3,
819,42.47754,-121.79966,1657.3,
820,42.47806,-121.80017,1650.5,
821,42.47842,-121.80039,1646.3,
822,42.47874,-121.80039,1645.1,
823,42.47919,-121.80014,1643.6,
824,42.47964,-121.79988,1639.8,
825,42.47988,-121.79981,1638.6,
826,42.48049,-121.80007,1633.2,
827,42.48117,-121.80032,1627.9,
828,42.48171,-121.80029,1621.8,
829,42.48225,-121.80025,1620.7,
830,42.48266,-121.80045,1616.5,
831,42.48306,-121.80084,1613.2,
832,42.48376,-121.80148,1607.6,
833,42.48446,-121.80212,1601.7,
834,42.48494,-121.80246,1598.1,
835,42.48543,-121.8028,1595.0,
836,42.48611,-121.80334,1588.6,
837,42.48611,-121.80334,1588.6,
838,42.48648,-121.80364,1585.1,
839,42.48702,-121.80422,1580.7,
840,42.48756,-121.8048,1575.3,
841,42.48786,-121.80494,1572.6,
842,42.48839,-121.80495,1570.1,
843,42.48877,-121.80475,1569.3,
844,42.48926,-121.80404,1567.3,
845,42.48974,-121.80333,1565.7,
846,42.49011,-121.8032,1565.9,
847,42.49046,-121.80335,1564.8,
848,42.49105,-121.80393,1560.7,
849,42.49164,-121.80452,1560.3,
850,42.49223,-121.8051,1558.7,
851,42.49298,-121.80562,1555.5,
852,42.49313,-121.8057,1555.5,
853,42.49313,-121.8057,1555.5,
854,42.4943,-121.8063,1554.7,
855,42.49478,-121.80658,1554.4,
856,42.49502,-121.80666,1554.6,
857,42.49515,-121.80673,1554.6,
858,42.49652,-121.80723,1554.6,
859,42.49851,-121.80757,1553.5,
860,42.49988,-121.80819,1552.4,
861,42.50263,-121.81007,1540.2,
862,42.50415,-121.81083,1533.2,
863,42.50491,-121.81162,1530.9,
864,42.50495,-121.81154,1529.2,
865,42.50514,-121.81174,1527.7,
866,42.50557,-121.81213,1527.1,
867,42.506,-121.81253,1525.8,
868,42.5066,-121.81279,1521.1,
869,42.50712,-121.81289,1519.1,
870,42.50763,-121.81299,1517.1,
871,42.50817,-121.81304,1515.5,
872,42.50871,-121.81309,1513.7,
873,42.50927,-121.81311,1511.0,
874,42.50976,-121.81309,1509.0,
875,42.51052,-121.81276,1505.9,
876,42.511,-121.81246,1503.8,
877,42.51149,-121.81216,1500.8,
878,42.51195,-121.81192,1497.7,
879,42.51243,-121.81181,1496.4,
880,42.5129,-121.8117,1492.6,
881,42.51337,-121.81162,1491.0,
882,42.51385,-121.8117,1491.0,
883,42.51451,-121.81198,1485.7,
884,42.51517,-121.81225,1485.5,
885,42.51583,-121.81253,1487.0,
886,42.51653,-121.81267,1487.5,
887,42.51722,-121.8128,1487.2,
888,42.51792,-121.81293,1489.2,
889,42.51838,-121.81298,1490.6,
890,42.51862,-121.8129,1490.6,
891,42.51905,-121.8124,1490.8,
892,42.51949,-121.81191,1491.0,
893,42.51978,-121.81174,1491.0,
894,42.52006,-121.81169,1491.9,
895,42.5206,-121.81193,1491.6,
896,42.52113,-121.8121,1491.6,
897,42.52166,-121.81228,1491.8,
898,42.52241,-121.81236,1490.4,
899,42.52324,-121.81251,1486.2,
900,42.52407,-121.81267,1484.1,
901,42.52484,-121.8129,1480.9,
902,42.52562,-121.81313,1478.0,
903,42.52636,-121.81307,1474.4,
904,42.52657,-121.81305,1473.9,
905,42.52686,-121.81288,1472.8,
906,42.52756,-121.81229,1469.3,
907,42.52826,-121.81169,1466.5,
908,42.52866,-121.81169,1464.1,
909,42.5292,-121.81188,1462.3,
910,42.52967,-121.81187,1462.5,
911,42.53013,-121.81185,1460.4,
912,42.53074,-121.81177,1457.8,
913,42.53147,-121.81145,1455.2,
914,42.53194,-121.81135,1453.3,
915,42.5325,-121.81142,1450.4,
916,42.53298,-121.81158,1448.7,
917,42.53342,-121.81194,1447.4,
918,42.53386,-121.8123,1443.5,
919,42.53437,-121.81283,1440.1,
920,42.53488,-121.81336,1438.9,
921,42.53528,-121.81363,1437.9,
922,42.53575,-121.81369,1435.3,
923,42.53622,-121.81375,1432.8,
924,42.53687,-121.81421,1428.7,
925,42.5373,-121.81496,1425.1,
926,42.53741,-121.81518,1424.6,
927,42.53768,-121.81554,1425.2,
928,42.53795,-121.81579,1424.8,
929,42.53828,-121.81601,1421.9,
930,42.53895,-121.81606,1419.1,
931,42.53946,-121.81585,1418.9,
932,42.54032,-121.81572,1414.2,
933,42.54114,-121.81528,1412.7,
934,42.54196,-121.81484,1409.5,
935,42.54265,-121.81486,1408.7,
936,42.54313,-121.81491,1408.1,
937,42.54361,-121.81496,1404.5,
938,42.54439,-121.81517,1401.5,
939,42.54515,-121.81527,1402.6,
940,42.54571,-121.81567,1401.3,
941,42.54615,-121.81611,1400.4,
942,42.54654,-121.81667,1396.9,
943,42.54706,-121.81762,1394.7,
944,42.54737,-121.81851,1391.0,
945,42.54759,-121.81945,1389.3,
946,42.5478,-121.82039,1389.3,
947,42.54797,-121.82096,1388.1,
948,42.54817,-121.82123,1387.1,
949,42.54844,-121.82146,1385.6,
950,42.54886,-121.82193,1385.8,
951,42.54925,-121.82291,1378.2,
952,42.54958,-121.8238,1376.0,
953,42.54991,-121.82487,1372.5,
954,42.55024,-121.82594,1372.1,
955,42.55061,-121.82672,1367.3,
956,42.55099,-121.8271,1365.4,
957,42.55149,-121.82742,1364.4,
958,42.55216,-121.8278,1359.6,
959,42.5526,-121.82826,1359.4,
960,42.55298,-121.82883,1356.7,
961,42.55336,-121.82939,1354.1,
962,42.55384,-121.83008,1352.6,
963,42.55432,-121.83077,1348.0,
964,42.55494,-121.83162,1344.9,
965,42.55556,-121.83248,1340.0,
966,42.55617,-121.83333,1334.7,
967,42.55679,-121.83418,1329.2,
968,42.5574,-121.83503,1324.4,
969,42.55774,-121.83539,1323.9,
970,42.55783,-121.83556,1322.7,
971,42.55789,-121.83575,1321.9,
972,42.55799,-121.83638,1318.1,
973,42.55808,-121.83702,1317.0,
974,42.55823,-121.83784,1317.5,
975,42.55839,-121.83866,1315.6,
976,42.55858,-121.83948,1313.7,
977,42.55889,-121.84014,1311.5,
978,42.55914,-121.84073,1307.1,
979,42.5594,-121.84132,1306.0,
980,42.55952,-121.84152,1303.8,
981,42.55968,-121.84168,1301.9,
982,42.55985,-121.84179,1300.8,
983,42.56003,-121.84185,1299.4,
984,42.56028,-121.84186,1297.3,
985,42.56054,-121.84178,1295.1,
986,42.56075,-121.84164,1293.7,
987,42.56126,-121.84116,1290.0,
988,42.56178,-121.84071,1287.6,
989,42.56206,-121.84048,1285.7,
990,42.5623,-121.84032,1285.3,
991,42.56268,-121.84013,1285.4,
992,42.56326,-121.83987,1284.0,
993,42.56385,-121.83961,1283.5,
994,42.56432,-121.83941,1283.6,
995,42.56478,-121.83921,1283.7,
996,42.56524,-121.83905,1284.5,
997,42.56569,-121.83894,1285.1,
998,42.56622,-121.83886,1286.1,
999,42.56676,-121.83883,1286.4,
1000,42.56763,-121.83882,1286.4,
1001,42.56849,-121.8388,1286.8,
1002,42.56936,-121.83879,1289.4,
1003,42.57023,-121.83878,1290.0,
1004,42.5711,-121.83877,1291.3,
1005,42.57197,-121.83876,1294.3,
1006,42.57235,-121.83882,1295.1,
1007,42.57256,-121.83888,1295.3,
1008,42.57287,-121.839,1295.7,
1009,42.57313,-121.83915,1295.9,
1010,42.57346,-121.83939,1295.9,
1011,42.57377,-121.83966,1295.7,
1012,42.57422,-121.84015,1294.8,
1013,42.57466,-121.84063,1293.7,
1014,42.57527,-121.84131,1297.1,
1015,42.57587,-121.84199,1298.3,
1016,42.57648,-121.84267,1298.5,
1017,42.57681,-121.84298,1298.6,
1018,42.57719,-121.84329,1298.7,
1019,42.57748,-121.84348,1298.6,
1020,42.57789,-121.8437,1298.2,
1021,42.57822,-121.84383,1296.0,
1022,42.5785,-121.84387,1293.1,
1023,42.57884,-121.84389,1291.0,
1024,42.57921,-121.84384,1288.4,
1025,42.5795,-121.84376,1287.6,
1026,42.57992,-121.8436,1287.5,
1027,42.58049,-121.84324,1287.3,
1028,42.58083,-121.84308,1287.0,
1029,42.5814,-121.84291,1286.7,
1030,42.58177,-121.84287,1286.7,
1031,42.58256,-121.84286,1286.4,
1032,42.58336,-121.84285,1287.5,
1033,42.58415,-121.84285,1287.6,
1034,42.58471,-121.84285,1287.8,
1035,42.58475,-121.84285,1287.8,
1036,42.5856,-121.84285,1288.0,
1037,42.58644,-121.84286,1294.6,
1038,42.58657,-121.84215,1294.4,
1039,42.58671,-121.84152,1294.4,
1040,42.58684,-121.84089,1293.0,
1041,42.58706,-121.83995,1292.9,
1042,42.58727,-121.839,1294.2,
1043,42.58749,-121.83806,1297.6,
1044,42.5877,-121.83712,1298.1,
1045,42.58792,-121.83618,1295.3,
1046,42.58806,-121.83544,1294.2,
1047,42.58819,-121.8344,1294.0,
1048,42.58831,-121.83336,1292.6,
1049,42.58844,-121.83231,1293.4,
1050,42.58856,-121.83127,1293.8,
1051,42.58875,-121.83033,1292.5,
1052,42.58895,-121.82959,1294.2,
1053,42.5892,-121.82887,1293.0,
1054,42.58952,-121.82814,1292.5,
1055,42.58989,-121.82751,1293.3,
1056,42.59027,-121.82688,1293.3,
1057,42.59068,-121.82626,1293.4,
1058,42.59111,-121.82566,1293.5,
1059,42.59154,-121.82505,1293.8,
1060,42.59197,-121.82445,1294.1,
1061,42.59229,-121.82398,1297.3,
1062,42.59261,-121.82351,1298.3,
1063,42.5929,-121.82303,1297.9,
1064,42.59327,-121.82229,1298.0,
1065,42.59364,-121.82155,1300.4,
1066,42.59396,-121.82096,1311.6,
1067,42.59433,-121.82046,1296.8,
1068,42.59466,-121.82007,1296.9,
1069,42.595,-121.81972,1297.0,
1070,42.59545,-121.81934,1297.0,
1071,42.59591,-121.81906,1296.8,
1072,42.59632,-121.81887,1296.3,
1073,42.597,-121.81861,1296.0,
1074,42.59783,-121.81825,1297.2,
1075,42.5981,-121.8181,1297.9,
1076,42.59831,-121.81794,1298.0,
1077,42.59893,-121.8174,1302.3,
1078,42.59925,-121.81706,1302.9,
1079,42.59939,-121.81687,1303.4,
1080,42.5997,-121.81623,1303.9,
1081,42.60001,-121.8156,1303.1,
1082,42.60025,-121.81525,1302.6,
1083,42.60041,-121.81509,1301.3,
1084,42.6009,-121.81465,1298.8,
1085,42.60124,-121.81439,1298.5,
1086,42.60158,-121.81419,1298.0,
1087,42.60195,-121.81403,1297.8,
1088,42.60232,-121.81394,1297.6,
1089,42.60315,-121.81376,1300.7,
1090,42.60398,-121.81359,1303.0,
1091,42.60427,-121.81348,1303.2,
1092,42.60456,-121.81333,1303.4,
1093,42.60531,-121.81287,1303.2,
1094,42.60606,-121.81241,1304.1,
1095,42.6063,-121.81224,1307.5,
1096,42.60671,-121.81189,1309.2,
1097,42.60688,-121.8117,1308.7,
1098,42.60721,-121.81129,1307.5,
1099,42.60751,-121.81081,1307.2,
1100,42.60766,-121.81053,1307.1,
1101,42.60784,-121.8101,1307.8,
1102,42.60795,-121.8098,1309.2,
1103,42.60806,-121.8094,1311.3,
1104,42.60821,-121.80878,1310.7,
1105,42.60836,-121.80816,1309.4,
1106,42.60842,-121.8078,1311.7,
1107,42.60847,-121.80732,1307.0,
1108,42.6085,-121.80697,1305.7,
1109,42.60855,-121.8062,1303.9,
1110,42.6086,-121.80542,1304.5,
1111,42.60863,-121.80459,1305.4,
1112,42.60867,-121.80376,1306.0,
1113,42.60873,-121.80321,1304.7,
1114,42.60882,-121.80267,1302.8,
1115,42.60907,-121.80174,1301.0,
1116,42.60968,-121.80208,1304.5,
1117,42.61029,-121.80241,1313.0,
1118,42.61064,-121.80279,1319.2,
1119,42.61116,-121.80303,1327.3,
1120,42.61162,-121.80363,1322.6,
1121,42.61208,-121.80423,1324.4,
1122,42.61253,-121.80483,1321.3,
1123,42.61305,-121.80522,1327.5,
1124,42.61356,-121.8056,1332.2,
1125,42.61436,-121.80597,1333.5,
1126,42.61507,-121.80661,1335.2,
1127,42.61578,-121.80725,1340.1,
1128,42.61571,-121.80799,1339.7,
1129,42.61581,-121.80876,1340.8,
1130,42.61585,-121.80954,1342.1,
1131,42.616,-121.81014,1342.8,
1132,42.61615,-121.81074,1344.9,
1133,42.61661,-121.81144,1347.6,
1134,42.61708,-121.81213,1351.3,
1135,42.61726,-121.81226,1352.1,
1136,42.61744,-121.8128,1354.7,
1137,42.61761,-121.81344,1359.4,
1138,42.61777,-121.81409,1365.4,
1139,42.61805,-121.81502,1362.0,
1140,42.61863,-121.81593,1357.5,
1141,42.61921,-121.81684,1352.3,
1142,42.6198,-121.81776,1347.6,
1143,42.6198,-121.81776,1347.6,
1144,42.62003,-121.81812,1345.7,
1145,42.62031,-121.81867,1343.5,
1146,42.62059,-121.81922,1340.0,
1147,42.62091,-121.82025,1334.2,
1148,42.62104,-121.82119,1330.1,
1149,42.62098,-121.82204,1326.6,
1150,42.62092,-121.82289,1323.2,
1151,42.62091,-121.82325,1322.6,
1152,42.62137,-121.82376,1323.3,
1153,42.62193,-121.824,1323.5,
1154,42.62193,-121.824,1323.5,
1155,42.62239,-121.8241,1323.7,
1156,42.6228,-121.82407,1323.6,
1157,42.62302,-121.82395,1323.3,
1158,42.62355,-121.82387,1323.8,
1159,42.623554,-121.823889,1323.9,
1160,42.62355,-121.82387,1323.8,
1161,42.62408,-121.82386,1320.5,
1162,42.62463,-121.82354,1324.7,
1163,42.62538,-121.82375,1328.1,
1164,42.62574,-121.82374,1329.7,
1165,42.62603,-121.82366,1330.7,
1166,42.62627,-121.82347,1331.2,
1167,42.62645,-121.82292,1334.3,
1168,42.62678,-121.8228,1334.3,
1169,42.62716,-121.8229,1331.5,
1170,42.62749,-121.82309,1328.1,
1171,42.62773,-121.82313,1324.7,
1172,42.62807,-121.8231,1325.2,
1173,42.62845,-121.82318,1326.5,
1174,42.62907,-121.82316,1324.8,
1175,42.62942,-121.82369,1325.6,
1176,42.62955,-121.82425,1319.2,
1177,42.62955,-121.82512,1320.3,
1178,42.62952,-121.82557,1322.4,
1179,42.62987,-121.82629,1328.1,
1180,42.63058,-121.82693,1332.6,
1181,42.63129,-121.82757,1335.2,
1182,42.63161,-121.82779,1334.9,
1183,42.63205,-121.82844,1340.3,
1184,42.63229,-121.82862,1341.2,
1185,42.63279,-121.82872,1342.3,
1186,42.63329,-121.82883,1346.6,
1187,42.63359,-121.82911,1345.7,
1188,42.63382,-121.82914,1346.3,
1189,42.63427,-121.82887,1343.5,
1190,42.63476,-121.82798,1342.4,
1191,42.63525,-121.8271,1338.1,
1192,42.63552,-121.82685,1333.3,
1193,42.63602,-121.82688,1335.4,
1194,42.63651,-121.82691,1335.6,
1195,42.63686,-121.827,1335.0,
1196,42.63714,-121.82695,1334.1,
1197,42.63767,-121.8268,1336.8,
1198,42.6379,-121.82687,1338.8,
1199,42.63808,-121.82704,1339.2,
1200,42.63851,-121.82733,1339.1,
1201,42.63909,-121.82751,1337.9,
1202,42.63966,-121.82763,1335.2,
1203,42.64024,-121.82797,1336.0,
1204,42.64081,-121.82857,1339.5,
1205,42.64139,-121.82917,1341.0,
1206,42.64187,-121.82941,1347.6,
1207,42.64251,-121.82959,1347.9,
1208,42.64266,-121.82971,1348.3,
1209,42.64283,-121.82988,1349.3,
1210,42.64312,-121.83054,1350.1,
1211,42.64334,-121.83072,1350.4,
1212,42.64345,-121.83075,1350.9,
1213,42.64361,-121.83069,1351.3,
1214,42.64411,-121.83005,1352.7,
1215,42.64462,-121.82942,1352.2,
1216,42.64513,-121.82878,1351.4,
1217,42.6456,-121.82833,1349.2,
1218,42.64595,-121.82807,1347.5,
1219,42.64653,-121.8281,1347.5,
1220,42.64708,-121.82818,1347.8,
1221,42.64755,-121.82847,1346.5,
1222,42.64799,-121.82906,1344.0,
1223,42.64834,-121.82951,1343.6,
1224,42.6487,-121.82996,1344.3,
1225,42.64898,-121.83029,1344.1,
1226,42.64912,-121.83045,1343.7,
1227,42.64997,-121.83061,1343.2,
1228,42.65037,-121.83075,1342.9,
1229,42.65083,-121.83045,1344.3,
1230,42.65121,-121.83042,1344.8,
1231,42.65165,-121.83005,1345.5,
1232,42.65222,-121.82969,1346.1,
1233,42.65279,-121.82933,1346.6,
1234,42.65337,-121.82897,1346.9,
1235,42.6538,-121.82986,1346.0,
1236,42.65415,-121.83007,1345.5,
1237,42.65503,-121.83029,1343.7,
1238,42.65592,-121.83039,1341.6,
1239,42.65682,-121.83048,1339.9,
1240,42.65731,-121.83056,1338.3,
1241,42.6578,-121.83064,1336.4,
1242,42.6584,-121.83087,1334.4,
1243,42.65901,-121.83111,1331.1,
1244,42.65961,-121.83134,1329.4,
1245,42.66008,-121.8316,1328.6,
1246,42.66055,-121.83187,1326.9,
1247,42.66117,-121.83214,1325.2,
1248,42.66177,-121.83274,1325.4,
1249,42.66237,-121.83334,1327.1,
1250,42.66281,-121.8325,1331.5,
1251,42.66321,-121.83188,1334.2,
1252,42.66361,-121.83126,1338.1,
1253,42.66395,-121.83035,1342.6,
1254,42.66429,-121.82944,1347.5,
1255,42.66463,-121.82853,1353.6,
1256,42.66503,-121.828,1360.5,
1257,42.66542,-121.82747,1360.7,
1258,42.66575,-121.82698,1354.7,
1259,42.66608,-121.82671,1350.5,
1260,42.66668,-121.82642,1347.6,
1261,42.66727,-121.82614,1346.4,
1262,42.66802,-121.82612,1343.2,
1263,42.66878,-121.8261,1339.1,
1264,42.66921,-121.82584,1336.7,
1265,42.66975,-121.82612,1336.1,
1266,42.67054,-121.8261,1340.0,
1267,42.67075,-121.82599,1341.3,
1268,42.6712,-121.82553,1341.7,
1269,42.67168,-121.8247,1344.0,
1270,42.67225,-121.82442,1348.0,
1271,42.67283,-121.82413,1353.9,
1272,42.6737,-121.82392,1362.8,
1273,42.67429,-121.82392,1366.9,
1274,42.67489,-121.82392,1370.3,
1275,42.67547,-121.82367,1371.8,
1276,42.67605,-121.82342,1372.7,
1277,42.6766,-121.82341,1374.8,
1278,42.67715,-121.82339,1377.6,
1279,42.67778,-121.82315,1378.6,
1280,42.67841,-121.82291,1380.4,
1281,42.67913,-121.82258,1380.0,
1282,42.67985,-121.82271,1380.8,
1283,42.6802,-121.82258,1383.1,
1284,42.68061,-121.82199,1384.0,
1285,42.68102,-121.8214,1383.4,
1286,42.68118,-121.82126,1383.0,
1287,42.68161,-121.821,1382.7,
1288,42.68204,-121.82075,1382.5,
1289,42.68267,-121.82069,1382.7,
1290,42.68329,-121.82063,1382.1,
1291,42.68392,-121.82057,1381.5,
1292,42.68468,-121.82045,1380.8,
1293,42.6853,-121.82051,1380.8,
1294,42.68591,-121.82057,1380.5,
1295,42.68639,-121.82035,1380.3,
1296,42.6868,-121.8198,1379.6,
1297,42.68701,-121.81967,1379.0,
1298,42.68755,-121.81944,1377.0,
1299,42.68844,-121.81952,1371.7,
1300,42.6889,-121.81945,1369.5,
1301,42.68935,-121.81927,1369.7,
1302,42.69014,-121.8188,1369.3,
1303,42.69082,-121.81873,1370.8,
1304,42.69149,-121.81865,1377.0,
1305,42.69216,-121.81858,1382.9,
1306,42.69235,-121.81836,1386.8,
1307,42.69278,-121.81829,1388.6,
1308,42.6932,-121.81837,1388.6,
1309,42.69391,-121.81824,1392.8,
1310,42.69444,-121.81848,1394.3,
1311,42.69493,-121.81848,1397.0,
1312,42.69552,-121.81823,1400.4,
1313,42.69611,-121.81798,1401.9,
1314,42.69675,-121.81775,1407.1,
1315,42.69739,-121.81753,1413.7,
1316,42.69797,-121.81742,1419.0,
1317,42.69855,-121.81732,1415.6,
1318,42.69893,-121.8174,1413.7,
1319,42.69944,-121.8181,1410.9,
1320,42.6997,-121.81838,1410.2,
1321,42.69998,-121.81849,1410.1,
1322,42.70069,-121.81896,1409.5,
1323,42.70119,-121.81947,1407.0,
1324,42.70169,-121.81983,1404.6,
1325,42.70217,-121.82002,1404.2,
1326,42.70274,-121.81976,1402.7,
1327,42.7033,-121.81941,1404.2,
1328,42.70387,-121.81905,1407.7,
1329,42.70439,-121.81905,1408.6,
1330,42.70522,-121.81931,1409.3,
1331,42.70605,-121.81956,1408.3,
1332,42.70632,-121.8192,1408.1,
1333,42.70697,-121.81872,1404.9,
1334,42.70724,-121.8182,1403.1,
1335,42.7075,-121.81769,1402.6,
1336,42.70761,-121.8177,1402.7,
1337,42.70781,-121.81782,1403.9,
1338,42.70828,-121.81853,1405.3,
1339,42.70874,-121.81914,1403.0,
1340,42.70936,-121.8195,1401.8,
1341,42.70977,-121.81993,1402.9,
1342,42.71014,-121.82026,1404.9,
1343,42.71097,-121.82068,1409.6,
1344,42.71155,-121.82085,1407.4,
1345,42.71213,-121.82102,1402.5,
1346,42.71273,-121.82113,1404.4,
1347,42.71332,-121.82178,1403.5,
1348,42.71399,-121.82216,1402.1,
1349,42.71479,-121.82249,1401.8,
1350,42.7156,-121.82267,1402.5,
1351,42.71604,-121.82287,1402.2,
1352,42.71641,-121.823,1401.6,
1353,42.71679,-121.82341,1403.2,
1354,42.71716,-121.82382,1402.0,
1355,42.71769,-121.82413,1401.9,
1356,42.71846,-121.82427,1403.1,
1357,42.7187,-121.82442,1402.0,
1358,42.71898,-121.82455,1401.5,
1359,42.71924,-121.82455,1402.1,
1360,42.71988,-121.82443,1402.6,
1361,42.72028,-121.82415,1402.4,
1362,42.72048,-121.8241,1402.3,
1363,42.72086,-121.8241,1400.0,
1364,42.72135,-121.82416,1397.4,
1365,42.72169,-121.82411,1397.1,
1366,42.72191,-121.82412,1395.9,
1367,42.72233,-121.82431,1393.9,
1368,42.72255,-121.82429,1393.5,
1369,42.72275,-121.82425,1393.7,
1370,42.72289,-121.82429,1393.6,
1371,42.72327,-121.8246,1393.3,
1372,42.72394,-121.82466,1395.1,
1373,42.72426,-121.82476,1395.7,
1374,42.72477,-121.82497,1395.3,
1375,42.72499,-121.82497,1395.2,
1376,42.72563,-121.82468,1392.7,
1377,42.72613,-121.82436,1391.9,
1378,42.72663,-121.82404,1392.6,
1379,42.7272,-121.82406,1391.5,
1380,42.72775,-121.82416,1390.3,
1381,42.72831,-121.82427,1389.5,
1382,42.72871,-121.82423,1388.9,
1383,42.72914,-121.82394,1389.3,
1384,42.72958,-121.82365,1390.5,
1385,42.73039,-121.82348,1391.6,
1386,42.73119,-121.82331,1390.0,
1387,42.732,-121.82314,1389.4,
1388,42.7321,-121.8238,1387.5,
1389,42.73212,-121.82419,1386.4,
1390,42.73208,-121.82436,1385.9,
1391,42.73178,-121.82494,1384.7,
1392,42.73134,-121.82559,1384.0,
1393,42.73088,-121.82609,1383.5,
1394,42.73156,-121.82599,1383.4,
1395,42.73225,-121.8259,1382.8,
1396,42.73258,-121.82564,1383.0,
1397,42.73314,-121.82583,1381.6,
1398,42.73361,-121.82577,1380.7,
1399,42.73407,-121.8257,1380.1,
1400,42.73462,-121.82574,1378.7,
1401,42.73501,-121.82561,1377.7,
1402,42.73532,-121.82555,1377.5,
1403,42.73552,-121.82629,1379.7,
1404,42.73601,-121.8266,1381.9,
1405,42.73676,-121.82724,1384.7,
1406,42.7375,-121.82789,1383.9,
1407,42.73775,-121.82789,1384.0,
1408,42.73798,-121.82832,1383.1,
1409,42.73822,-121.82862,1382.4,
1410,42.73871,-121.82924,1380.9,
1411,42.7392,-121.82986,1379.8,
1412,42.73959,-121.83051,1379.8,
1413,42.73998,-121.83115,1379.1,
1414,42.74038,-121.8318,1377.5,
1415,42.74052,-121.83245,1375.5,
1416,42.74064,-121.83315,1374.1,
1417,42.74076,-121.83385,1374.3,
1418,42.74073,-121.83403,1374.4,
1419,42.74067,-121.83429,1375.3,
1420,42.74061,-121.83459,1376.3,
1421,42.74063,-121.83486,1377.3,
1422,42.74073,-121.83542,1380.3,
1423,42.74134,-121.83591,1380.6,
1424,42.74195,-121.83641,1380.0,
1425,42.74221,-121.8365,1379.9,
1426,42.74241,-121.83643,1379.6,
1427,42.74294,-121.83612,1377.8,
1428,42.74363,-121.83578,1375.7,
1429,42.74407,-121.83547,1375.0,
1430,42.74452,-121.83516,1374.7,
1431,42.74465,-121.83509,1374.6,
1432,42.74505,-121.83492,1374.4,
1433,42.74525,-121.83495,1374.5,
1434,42.74541,-121.83513,1374.7,
1435,42.74581,-121.83589,1375.9,
1436,42.74612,-121.83626,1376.5,
1437,42.74663,-121.83637,1376.8,
1438,42.74681,-121.83638,1376.9,
1439,42.74722,-121.8365,1377.1,
1440,42.74763,-121.83679,1377.4,
1441,42.74804,-121.83708,1377.8,
1442,42.74859,-121.83764,1378.3,
1443,42.74885,-121.83778,1378.5,
1444,42.74938,-121.83795,1378.7,
1445,42.74947,-121.83826,1379.0,
1446,42.74961,-121.83853,1379.3,
1447,42.74974,-121.83868,1379.6,
1448,42.74998,-121.83894,1379.7,
1449,42.75021,-121.8392,1379.8,
1450,42.75076,-121.83977,1379.9,
1451,42.7513,-121.84034,1380.0,
1452,42.75185,-121.8409,1380.0,
1453,42.75246,-121.8415,1380.3,
1454,42.75307,-121.84209,1380.5,
1455,42.75368,-121.84269,1380.6,
1456,42.7543,-121.84328,1380.5,
1457,42.75491,-121.84388,1380.4,
1458,42.75552,-121.84447,1380.3,
1459,42.75616,-121.84501,1381.0,
1460,42.7568,-121.84555,1382.1,
1461,42.75744,-121.84609,1384.9,
1462,42.75808,-121.84663,1385.7,
1463,42.75885,-121.84722,1387.8,
1464,42.75962,-121.84782,1388.5,
1465,42.76023,-121.84823,1389.0,
1466,42.76095,-121.84864,1389.6,
1467,42.76168,-121.84906,1390.5,
1468,42.76241,-121.84948,1391.2,
1469,42.76302,-121.8498,1391.9,
1470,42.76363,-121.85013,1392.2,
1471,42.76424,-121.85046,1392.2,
1472,42.76512,-121.85068,1391.6,
1473,42.76599,-121.85091,1391.0,
1474,42.76687,-121.85114,1390.4,
1475,42.76735,-121.85124,1390.1,
1476,42.76783,-121.85134,1390.0,
1477,42.76839,-121.85147,1389.9,
1478,42.76924,-121.85178,1389.9,
1479,42.77009,-121.85209,1389.7,
1480,42.77095,-121.8524,1389.1,
1481,42.77125,-121.85258,1388.9,
1482,42.77191,-121.85295,1388.7,
1483,42.77257,-121.85333,1388.5,
1484,42.77323,-121.85371,1388.2,
1485,42.77389,-121.85409,1387.8,
1486,42.77462,-121.85444,1387.0,
1487,42.77526,-121.85469,1386.1,
1488,42.77591,-121.85494,1385.6,
1489,42.77656,-121.85513,1385.3,
1490,42.77722,-121.85532,1384.0,
1491,42.77788,-121.85551,1382.9,
1492,42.77831,-121.8556,1382.1,
1493,42.77888,-121.85581,1381.6,
1494,42.77945,-121.85601,1381.1,
1495,42.78013,-121.8565,1380.3,
1496,42.7808,-121.85699,1379.6,
1497,42.78157,-121.85744,1379.1,
1498,42.78233,-121.85788,1379.1,
1499,42.78279,-121.85819,1379.9,
1500,42.78326,-121.8585,1380.7,
1501,42.78375,-121.8587,1381.9,
1502,42.78423,-121.8589,1383.6,
1503,42.78442,-121.85918,1384.7,
1504,42.78501,-121.85965,1388.5,
1505,42.78568,-121.86038,1391.7,
1506,42.78614,-121.86054,1396.8,
1507,42.78661,-121.86071,1398.5,
1508,42.7873,-121.86077,1403.5,
1509,42.78799,-121.86084,1407.1,
1510,42.7885,-121.86114,1408.7,
1511,42.78901,-121.86144,1408.7,
1512,42.78978,-121.86181,1409.5,
1513,42.79027,-121.86192,1410.6,
1514,42.79065,-121.86219,1411.4,
1515,42.7913,-121.86295,1412.2,
1516,42.79194,-121.86371,1411.7,
1517,42.79249,-121.86395,1410.7,
1518,42.79304,-121.86419,1410.6,
1519,42.79363,-121.86437,1410.1,
1520,42.79423,-121.86456,1410.6,
1521,42.79479,-121.86491,1412.3,
1522,42.79536,-121.86525,1413.5,
1523,42.7958,-121.86581,1414.7,
1524,42.79624,-121.86637,1415.8,
1525,42.79664,-121.86708,1417.1,
1526,42.79705,-121.86778,1418.7,
1527,42.79739,-121.86857,1420.0,
1528,42.79774,-121.86935,1421.2,
1529,42.79804,-121.86989,1422.3,
1530,42.79834,-121.87043,1423.7,
1531,42.79876,-121.87137,1426.1,
1532,42.79919,-121.87231,1428.2,
1533,42.79962,-121.87325,1429.9,
1534,42.79996,-121.87393,1431.5,
1535,42.8003,-121.8746,1433.4,
1536,42.80071,-121.87537,1435.4,
1537,42.80112,-121.87613,1437.7,
1538,42.80148,-121.87697,1440.3,
1539,42.80184,-121.87782,1444.3,
1540,42.80208,-121.87826,1445.5,
1541,42.80229,-121.87887,1445.4,
1542,42.80272,-121.87974,1445.6,
1543,42.80314,-121.88061,1449.3,
1544,42.80348,-121.88121,1450.6,
1545,42.80382,-121.8818,1450.8,
1546,42.80417,-121.88235,1450.8,
1547,42.80446,-121.88326,1452.9,
1548,42.80476,-121.88417,1456.5,
1549,42.80505,-121.88509,1456.5,
1550,42.80539,-121.88593,1456.3,
1551,42.80595,-121.88671,1456.4,
1552,42.80659,-121.88723,1463.1,
1553,42.80724,-121.88775,1463.0,
1554,42.80788,-121.88827,1462.7,
1555,42.80853,-121.88878,1463.4,
1556,42.80881,-121.88928,1466.5,
1557,42.80908,-121.88978,1468.9,
1558,42.80908,-121.88978,1468.9,
1559,42.80911,-121.88983,1469.1,
1560,42.80936,-121.89072,1469.6,
1561,42.8096,-121.8916,1469.6,
1562,42.80985,-121.89248,1469.6,
1563,42.81007,-121.89364,1474.5,
1564,42.81028,-121.89479,1475.8,
1565,42.8105,-121.89595,1475.4,
1566,42.81083,-121.89678,1475.4,
1567,42.81113,-121.89763,1476.8,
1568,42.81164,-121.89833,1481.4,
1569,42.81215,-121.89904,1481.7,
1570,42.81266,-121.89975,1481.5,
1571,42.81317,-121.90045,1482.0,
1572,42.81368,-121.90116,1486.1,
1573,42.81376,-121.9018,1487.6,
1574,42.81383,-121.90244,1488.0,
1575,42.81382,-121.90357,1488.1,
1576,42.81381,-121.9047,1488.2,
1577,42.81386,-121.90562,1488.2,
1578,42.81391,-121.90654,1490.1,
1579,42.8141,-121.90768,1493.0,
1580,42.81428,-121.90881,1494.0,
1581,42.81453,-121.90947,1494.2,
1582,42.8148,-121.90999,1494.2,
1583,42.81507,-121.91051,1494.2,
1584,42.8153,-121.91164,1497.2,
1585,42.81553,-121.91278,1497.7,
1586,42.81583,-121.9139,1499.8,
1587,42.81613,-121.91503,1500.4,
1588,42.81644,-121.91615,1501.2,
1589,42.81673,-121.91701,1503.1,
1590,42.81702,-121.91787,1504.7,
1591,42.81734,-121.91859,1505.7,
1592,42.81766,-121.9193,1506.3,
1593,42.81797,-121.92002,1507.0,
1594,42.81848,-121.92082,1508.6,
1595,42.81898,-121.92161,1510.7,
1596,42.81935,-121.92232,1512.1,
1597,42.81971,-121.92304,1513.4,
1598,42.82008,-121.92375,1514.1,
1599,42.82054,-121.92442,1515.6,
1600,42.82091,-121.92511,1517.5,
1601,42.82128,-121.92581,1518.6,
1602,42.82165,-121.92651,1520.2,
1603,42.821704,-121.926453,1520.1,
1604,42.8217,-121.92645,1520.1,
1605,42.82171,-121.92647,1520.2,
1606,42.82188,-121.92687,1521.3,
1607,42.82209,-121.92739,1522.9,
1608,42.82234,-121.92804,1525.0,
1609,42.82251,-121.92847,1525.8,
1610,42.82251,-121.92847,1525.8,
1611,42.82269,-121.92882,1526.1,
1612,42.82282,-121.92906,1526.5,
1613,42.82292,-121.92925,1526.9,
1614,42.82297,-121.92935,1527.1,
1615,42.822973,-121.929346,1527.1,
1616,42.82319,-121.92974,1528.2,
1617,42.82358,-121.93043,1530.0,
1618,42.82363,-121.93053,1530.2,
1619,42.82402,-121.9312,1531.7,
1620,42.82415,-121.93143,1532.2,
1621,42.82477,-121.93255,1532.6,
1622,42.82478,-121.93257,1532.6,
1623,42.82542,-121.93371,1531.5,
1624,42.82565,-121.93413,1531.0,
1625,42.82585,-121.93449,1533.3,
1626,42.82598,-121.93471,1534.8,
1627,42.82631,-121.9353,1537.4,
1628,42.82641,-121.93549,1538.1,
1629,42.82677,-121.93614,1540.2,
1630,42.82696,-121.93647,1541.7,
1631,42.82707,-121.93666,1542.5,
1632,42.8275,-121.93745,1545.2,
1633,42.8275,-121.93745,1545.2,
1634,42.82799,-121.93833,1548.2,
1635,42.82848,-121.9392,1550.5,
1636,42.82896,-121.94008,1552.1,
1637,42.82945,-121.94096,1553.6,
1638,42.82994,-121.94183,1555.0,
1639,42.83043,-121.94271,1557.1,
1640,42.83091,-121.94358,1559.2,
1641,42.8314,-121.94446,1562.0,
1642,42.83186,-121.94542,1563.9,
1643,42.83233,-121.94638,1566.5,
1644,42.83279,-121.94733,1567.2,
1645,42.83325,-121.94829,1569.6,
1646,42.83371,-121.94925,1567.6,
1647,42.83418,-121.9502,1569.2,
1648,42.83453,-121.95067,1567.7,
1649,42.83488,-121.95113,1571.6,
1650,42.83537,-121.95153,1573.4,
1651,42.83586,-121.95193,1573.2,
1652,42.83644,-121.95235,1572.3,
1653,42.83703,-121.95277,1575.5,
1654,42.83771,-121.95343,1574.1,
1655,42.83824,-121.95423,1582.1,
1656,42.8387,-121.95519,1586.4,
1657,42.83892,-121.95596,1587.0,
1658,42.83914,-121.95674,1586.2,
1659,42.83936,-121.95752,1593.5,
1660,42.83967,-121.95828,1594.3,
1661,42.83997,-121.95904,1600.9,
1662,42.84028,-121.95981,1602.5,
1663,42.84064,-121.96056,1604.3,
1664,42.84075,-121.96073,1605.0,
1665,42.8414,-121.96122,1607.2,
1666,42.84205,-121.9617,1607.3,
1667,42.84238,-121.96203,1610.2,
1668,42.84281,-121.96278,1613.3,
1669,42.84307,-121.96384,1617.1,
1670,42.84333,-121.9649,1618.6,
1671,42.8436,-121.96597,1618.4,
1672,42.84386,-121.96703,1618.4,
1673,42.84411,-121.9681,1617.6,
1674,42.84436,-121.96917,1617.4,
1675,42.84461,-121.97024,1617.2,
1676,42.84485,-121.97131,1617.2,
1677,42.8451,-121.97238,1614.7,
1678,42.84535,-121.97344,1613.4,
1679,42.84546,-121.97441,1612.7,
1680,42.84557,-121.97538,1615.0,
1681,42.84569,-121.97635,1617.6,
1682,42.8458,-121.97732,1618.1,
1683,42.84595,-121.97822,1618.2,
1684,42.846,-121.97894,1617.9,
1685,42.84605,-121.97967,1617.6,
1686,42.84637,-121.98075,1621.1,
1687,42.84669,-121.98184,1625.8,
1688,42.84691,-121.98283,1626.7,
1689,42.84697,-121.98405,1630.2,
1690,42.84703,-121.98527,1634.7,
1691,42.84709,-121.9865,1638.9,
1692,42.84715,-121.98772,1643.4,
1693,42.84721,-121.98894,1645.4,
1694,42.84727,-121.99016,1648.9,
1695,42.84734,-121.99138,1647.6,
1696,42.84741,-121.99216,1646.0,
1697,42.84748,-121.99294,1646.2,
1698,42.84775,-121.99394,1650.4,
1699,42.84788,-121.9944,1648.8,
1700,42.84788,-121.99447,1649.4,
1701,42.84786,-121.99457,1651.3,
1702,42.84794,-121.99472,1649.2,
1703,42.84809,-121.99491,1647.1,
1704,42.84821,-121.995,1644.7,
1705,42.84826,-121.99509,1644.9,
1706,42.84827,-121.99525,1647.9,
1707,42.8486,-121.99601,1647.4,
1708,42.84887,-121.99656,1652.5,
1709,42.84914,-121.99712,1653.0,
1710,42.84924,-121.99739,1653.3,
1711,42.84931,-121.99771,1656.1,
1712,42.84935,-121.99804,1657.0,
1713,42.84934,-121.99915,1659.0,
1714,42.84954,-122.00013,1658.2,
1715,42.84975,-122.00059,1656.8,
1716,42.84978,-122.00087,1658.7,
1717,42.84987,-122.00113,1656.5,
1718,42.84986,-122.00139,1659.8,
1719,42.84983,-122.00168,1661.9,
1720,42.84985,-122.00191,1662.7,
1721,42.85001,-122.00263,1665.4,
1722,42.85018,-122.00306,1663.0,
1723,42.85018,-122.00318,1666.3,
1724,42.85011,-122.00331,1671.8,
1725,42.85015,-122.00349,1671.2,
1726,42.85011,-122.0036,1672.7,
1727,42.85004,-122.00367,1673.5,
1728,42.85005,-122.00383,1672.4,
1729,42.84993,-122.00407,1673.3,
1730,42.84988,-122.00422,1673.1,
1731,42.84987,-122.0044,1672.9,
1732,42.84983,-122.00457,1672.9,
1733,42.84978,-122.00504,1674.4,
1734,42.84974,-122.00571,1672.0,
1735,42.84974,-122.00634,1671.3,
1736,42.84983,-122.00655,1666.8,
1737,42.84986,-122.00676,1666.5,
1738,42.84999,-122.00718,1669.8,
1739,42.85003,-122.00723,1668.3,
1740,42.8501,-122.0075,1672.1,
1741,42.8501,-122.0075,1672.1,
1742,42.85023,-122.00793,1671.2,
1743,42.85016,-122.00826,1673.4,
1744,42.8501,-122.00831,1674.4,
1745,42.85013,-122.00843,1674.5,
1746,42.850122,-122.008438,1674.6,
1747,42.85013,-122.00843,1674.5,
1748,42.85042,-122.00951,1676.1,
1749,42.8507,-122.01059,1676.6,
1750,42.85098,-122.01167,1682.8,
1751,42.85127,-122.01275,1685.6,
1752,42.85155,-122.01383,1686.6,
1753,42.85184,-122.01491,1685.9,
1754,42.85212,-122.016,1688.4,
1755,42.85223,-122.01626,1689.7,
1756,42.85244,-122.01665,1692.3,
1757,42.85257,-122.01687,1694.4,
1758,42.85286,-122.01723,1696.9,
1759,42.85303,-122.01738,1697.3,
1760,42.85336,-122.01764,1697.3,
1761,42.85366,-122.01781,1696.6,
1762,42.85383,-122.01788,1694.6,
1763,42.8542,-122.01797,1696.4,
1764,42.85452,-122.01799,1697.4,
1765,42.85487,-122.01796,1698.2,
1766,42.85571,-122.01782,1700.6,
1767,42.85656,-122.01768,1704.0,
1768,42.8574,-122.01754,1707.0,
1769,42.85824,-122.0174,1710.5,
1770,42.85909,-122.01726,1714.0,
1771,42.85956,-122.0172,1716.3,
1772,42.86045,-122.01717,1721.9,
1773,42.86126,-122.01734,1724.5,
1774,42.86192,-122.01759,1724.0,
1775,42.86239,-122.01785,1723.9,
1776,42.86287,-122.01812,1723.4,
1777,42.86349,-122.01858,1722.0,
1778,42.8639,-122.019,1723.3,
1779,42.86432,-122.01941,1723.9,
1780,42.86476,-122.01998,1734.6,
1781,42.86535,-122.0209,1735.4,
1782,42.86578,-122.02189,1737.4,
1783,42.86622,-122.02288,1739.2,
1784,42.8664,-122.02324,1739.9,
1785,42.8667,-122.02364,1742.1,
1786,42.86689,-122.02385,1742.6,
1787,42.86706,-122.02399,1742.8,
1788,42.86749,-122.02428,1746.3,
1789,42.86764,-122.02435,1746.9,
1790,42.86852,-122.02455,1757.8,
1791,42.86913,-122.02476,1759.8,
1792,42.86941,-122.02488,1760.7,
1793,42.8697,-122.02507,1760.3,
1794,42.87016,-122.02542,1760.6,
1795,42.87041,-122.0257,1760.5,
1796,42.87102,-122.0265,1763.4,
1797,42.87163,-122.0273,1770.7,
1798,42.87224,-122.0281,1772.6,
1799,42.87286,-122.02891,1771.5,
1800,42.8732,-122.02932,1772.7,
1801,42.87355,-122.02973,1778.8,
1802,42.87415,-122.03026,1781.0,
1803,42.87475,-122.03079,1785.6,
1804,42.87535,-122.03132,1785.2,
1805,42.87579,-122.03178,1786.0,
1806,42.87612,-122.03217,1786.1,
1807,42.87644,-122.03262,1793.8,
1808,42.87691,-122.03352,1795.5,
1809,42.87738,-122.03442,1801.2,
1810,42.87785,-122.03531,1805.6,
1811,42.87814,-122.03582,1806.7,
1812,42.87857,-122.03638,1807.5,
1813,42.87857,-122.03638,1807.5,
1814,42.87901,-122.03694,1809.3,
1815,42.87945,-122.0374,1816.1,
1816,42.87989,-122.03786,1819.6,
1817,42.87957,-122.03814,1820.3,
1818,42.87948,-122.03829,1820.4,
1819,42.87943,-122.03846,1820.6,
1820,42.87942,-122.03857,1820.8,
1821,42.87953,-122.03921,1822.2,
1822,42.8796,-122.03955,1822.6,
1823,42.87968,-122.04019,1824.5,
1824,42.8797,-122.04083,1825.8,
1825,42.87973,-122.04147,1826.9,
1826,42.87973,-122.04174,1827.3,
1827,42.87967,-122.04202,1827.3,
1828,42.8794,-122.04263,1827.7,
1829,42.87914,-122.04324,1828.8,
1830,42.87891,-122.04393,1830.4,
1831,42.8787,-122.04441,1833.5,
1832,42.87819,-122.04503,1837.2,
1833,42.87802,-122.04535,1838.7,
1834,42.87792,-122.04562,1839.8,
1835,42.87787,-122.04603,1840.8,
1836,42.87791,-122.0472,1841.3,
1837,42.87795,-122.04773,1842.0,
1838,42.87807,-122.04813,1845.8,
1839,42.87839,-122.04895,1850.6,
1840,42.87845,-122.04995,1854.5,
1841,42.87846,-122.05034,1857.1,
1842,42.87836,-122.05095,1857.6,
1843,42.87833,-122.05134,1859.4,
1844,42.87848,-122.05203,1866.9,
1845,42.87863,-122.05273,1869.7,
1846,42.87864,-122.05289,1870.2,
1847,42.87861,-122.053,1870.4,
1848,42.87855,-122.05311,1870.2,
1849,42.87846,-122.05312,1869.4,
1850,42.87829,-122.05302,1867.6,
1851,42.87815,-122.05288,1867.6,
1852,42.87803,-122.0528,1868.4,
1853,42.87794,-122.05277,1869.1,
1854,42.87781,-122.05279,1870.1,
1855,42.87734,-122.05313,1874.8,
1856,42.87678,-122.05324,1876.9,
1857,42.87629,-122.05345,1880.4,
1858,42.87617,-122.05345,1881.0,
1859,42.87597,-122.05333,1880.6,
1860,42.87583,-122.05328,1880.5,
1861,42.87571,-122.05336,1881.6,
1862,42.87563,-122.0535,1883.1,
1863,42.87554,-122.05371,1885.1,
1864,42.8754,-122.05431,1890.9,
1865,42.87509,-122.05521,1901.9,
1866,42.87503,-122.05569,1905.8,
1867,42.87504,-122.05586,1906.9,
1868,42.87512,-122.05603,1908.4,
1869,42.87543,-122.05612,1910.9,
1870,42.87579,-122.05612,1913.0,
1871,42.87605,-122.05616,1914.6,
1872,42.87619,-122.05624,1915.2,
1873,42.87633,-122.05639,1915.9,
1874,42.87642,-122.05652,1916.8,
1875,42.87684,-122.05729,1924.0,
1876,42.87697,-122.05757,1925.6,
1877,42.87702,-122.05773,1926.5,
1878,42.87706,-122.05789,1927.4,
1879,42.87705,-122.05805,1928.8,
1880,42.87696,-122.05822,1931.0,
1881,42.87688,-122.05833,1932.5,
1882,42.87673,-122.05847,1934.7,
1883,42.87648,-122.05861,1937.3,
1884,42.87641,-122.05867,1938.3,
1885,42.87633,-122.05883,1940.3,
1886,42.87634,-122.05895,1941.2,
1887,42.8764,-122.05911,1942.3,
1888,42.87684,-122.05962,1946.1,
1889,42.87717,-122.0601,1950.5,
1890,42.8773,-122.06033,1951.9,
1891,42.87734,-122.06054,1953.6,
1892,42.87733,-122.06071,1955.0,
1893,42.87728,-122.06083,1956.3,
1894,42.87715,-122.06095,1958.1,
1895,42.87678,-122.06121,1961.4,
1896,42.87656,-122.06129,1963.0,
1897,42.87567,-122.0612,1968.5,
1898,42.87542,-122.06122,1971.1,
1899,42.87527,-122.06126,1972.5,
1900,42.87519,-122.06132,1973.5,
1901,42.8751,-122.06143,1975.1,
1902,42.87502,-122.06158,1976.8,
1903,42.87483,-122.06204,1981.2,
1904,42.8747,-122.06258,1986.7,
1905,42.87467,-122.06281,1988.7,
1906,42.87467,-122.06311,1991.1,
1907,42.8747,-122.06329,1992.7,
1908,42.8749,-122.06409,2000.2,
1909,42.87494,-122.06428,2001.5,
1910,42.87494,-122.06448,2003.4,
1911,42.87491,-122.06464,2005.3,
1912,42.87468,-122.06558,2013.9,
1913,42.87459,-122.0661,2018.8,
1914,42.87456,-122.06685,2023.6,
1915,42.87458,-122.06708,2025.5,
1916,42.87457,-122.0677,2031.2,
1917,42.87459,-122.06788,2032.9,
1918,42.87465,-122.06813,2035.5,
1919,42.87468,-122.06834,2037.6,
1920,42.87467,-122.06845,2038.1,
1921,42.87455,-122.06883,2038.2,
1922,42.87448,-122.06912,2038.0,
1923,42.87438,-122.07011,2049.0,
1924,42.8743,-122.07034,2049.4,
1925,42.87421,-122.07051,2051.0,
1926,42.87414,-122.0706,2052.8,
1927,42.874,-122.07072,2054.0,
1928,42.87387,-122.07078,2054.2,
1929,42.87376,-122.0708,2054.0,
1930,42.87361,-122.07079,2054.2,
1931,42.87303,-122.07064,2059.8,
1932,42.87253,-122.07044,2063.8,
1933,42.8724,-122.0704,2064.4,
1934,42.87231,-122.07041,2065.2,
1935,42.87222,-122.07047,2065.9,
1936,42.87217,-122.07058,2066.7,
1937,42.87214,-122.07069,2067.6,
1938,42.87213,-122.07143,2073.3,
1939,42.87206,-122.07189,2073.3,
1940,42.87189,-122.07237,2072.6,
1941,42.87155,-122.07312,2071.1,
1942,42.87141,-122.07346,2070.2,
1943,42.87133,-122.07384,2070.0,
1944,42.87131,-122.07432,2069.7,
1945,42.87133,-122.07494,2069.9,
1946,42.87136,-122.07555,2070.1,
1947,42.87131,-122.0765,2062.5,
1948,42.87127,-122.07744,2061.0,
1949,42.87119,-122.07843,2058.9,
1950,42.87101,-122.07914,2057.1,
1951,42.87076,-122.07963,2055.6,
1952,42.87053,-122.07996,2055.4,
1953,42.86991,-122.08039,2052.7,
1954,42.86964,-122.08069,2055.4,
1955,42.86956,-122.08097,2059.4,
1956,42.86951,-122.08143,2060.0,
1957,42.86964,-122.08189,2062.2,
1958,42.87008,-122.08265,2062.3,
1959,42.87042,-122.08313,2061.2,
1960,42.87076,-122.0836,2061.2,
1961,42.87125,-122.08419,2060.7,
1962,42.87173,-122.08478,2059.1,
1963,42.87222,-122.08537,2056.0,
1964,42.87298,-122.08586,2059.3,
1965,42.87332,-122.08632,2057.8,
1966,42.87366,-122.08678,2056.4,
1967,42.87383,-122.08721,2053.1,
1968,42.87393,-122.08733,2052.0,
1969,42.87415,-122.08737,2049.8,
1970,42.87463,-122.0874,2049.5,
1971,42.87485,-122.08751,2050.6,
1972,42.87514,-122.0879,2049.6,
1973,42.87558,-122.08829,2049.3,
1974,42.87601,-122.08867,2051.4,
1975,42.87629,-122.08899,2051.9,
1976,42.87672,-122.08953,2052.7,
1977,42.87689,-122.08964,2051.6,
1978,42.87717,-122.08975,2051.8,
1979,42.87764,-122.08998,2051.5,
1980,42.87799,-122.09013,2050.8,
1981,42.87853,-122.09023,2050.2,
1982,42.87898,-122.09022,2049.1,
1983,42.87943,-122.09022,2045.7,
1984,42.87978,-122.09018,2043.5,
1985,42.88026,-122.08998,2038.6,
1986,42.88075,-122.08979,2037.8,
1987,42.88139,-122.08963,2035.5,
1988,42.88188,-122.08953,2033.6,
1989,42.88234,-122.08951,2029.7,
1990,42.88265,-122.08954,2027.7,
1991,42.88306,-122.08962,2026.5,
1992,42.88363,-122.08977,2025.3,
1993,42.88403,-122.09005,2023.0,
1994,42.88415,-122.09016,2022.5,
1995,42.88424,-122.09032,2021.5,
1996,42.88425,-122.09046,2020.2,
1997,42.88422,-122.0906,2018.7,
1998,42.88414,-122.09067,2017.5,
1999,42.88403,-122.09069,2016.7,
2000,42.88363,-122.09068,2013.1,
2001,42.8835,-122.09071,2012.3,
2002,42.88341,-122.09078,2011.8,
2003,42.88336,-122.09092,2011.1,
2004,42.88335,-122.09115,2010.1,
2005,42.88326,-122.09178,2007.3,
2006,42.88325,-122.09202,2006.2,
2007,42.88328,-122.09234,2004.8,
2008,42.88344,-122.09317,2001.0,
2009,42.88359,-122.09399,1996.8,
2010,42.88374,-122.09493,1991.7,
2011,42.88373,-122.09508,1991.0,
2012,42.8837,-122.09521,1990.4,
2013,42.88356,-122.09559,1988.4,
2014,42.88349,-122.09595,1986.6,
2015,42.88349,-122.09609,1986.1,
2016,42.88353,-122.09638,1985.2,
2017,42.88353,-122.09649,1985.3,
2018,42.88352,-122.09658,1985.7,
2019,42.88348,-122.09664,1985.9,
2020,42.88333,-122.09677,1986.2,
2021,42.88265,-122.09713,1983.6,
2022,42.88253,-122.09726,1983.4,
2023,42.88249,-122.09732,1983.4,
2024,42.88248,-122.0974,1983.9,
2025,42.88259,-122.09758,1986.8,
2026,42.88274,-122.09778,1989.1,
2027,42.88291,-122.09784,1990.1,
2028,42.883,-122.09785,1990.5,
2029,42.88315,-122.0978,1991.1,
2030,42.88363,-122.09758,1994.2,
2031,42.88412,-122.09735,1998.0,
2032,42.88426,-122.09733,2000.0,
2033,42.88438,-122.09733,2001.6,
2034,42.8845,-122.09741,2003.2,
2035,42.8846,-122.09755,2004.9,
2036,42.88465,-122.0977,2006.4,
2037,42.88468,-122.09792,2007.9,
2038,42.88466,-122.09807,2008.3,
2039,42.88448,-122.09851,2009.0,
2040,42.88451,-122.09878,2011.4,
2041,42.8842,-122.09924,2008.6,
2042,42.88393,-122.0996,2006.9,
2043,42.88347,-122.10009,2008.2,
2044,42.88301,-122.1005,2008.9,
2045,42.88234,-122.10103,2009.9,
2046,42.88174,-122.10145,2008.4,
2047,42.88114,-122.10188,2011.2,
2048,42.88054,-122.10231,2011.6,
2049,42.87986,-122.10271,2011.8,
2050,42.87965,-122.1028,2017.1,
2051,42.87889,-122.10324,2019.2,
2052,42.87831,-122.10356,2020.4,
2053,42.87794,-122.10368,2020.2,
2054,42.8772,-122.1038,2024.5,
2055,42.87706,-122.10385,2028.4,
2056,42.87688,-122.10397,2031.8,
2057,42.87673,-122.10412,2034.5,
2058,42.87661,-122.10427,2036.0,
2059,42.87648,-122.10451,2037.2,
2060,42.87634,-122.10489,2036.8,
2061,42.8763,-122.10507,2036.3,
2062,42.87627,-122.10538,2035.0,
2063,42.87628,-122.10563,2033.5,
2064,42.87632,-122.10594,2031.9,
2065,42.8764,-122.10622,2031.5,
2066,42.87653,-122.10652,2031.7,
2067,42.87663,-122.10669,2032.1,
2068,42.87673,-122.10685,2032.3,
2069,42.87714,-122.1073,2033.7,
2070,42.87756,-122.10776,2036.4,
2071,42.87782,-122.10808,2038.3,
2072,42.87811,-122.1085,2041.6,
2073,42.87839,-122.10897,2044.2,
2074,42.8788,-122.10982,2046.6,
2075,42.87896,-122.11026,2050.4,
2076,42.87916,-122.11099,2058.2,
2077,42.87933,-122.11185,2060.9,
2078,42.87952,-122.11303,2061.6,
2079,42.87971,-122.11422,2073.7,
2080,42.8797,-122.11422,2073.5,
2081,42.88027,-122.11785,2063.2,
2082,42.88032,-122.11826,2059.6,
2083,42.88034,-122.11863,2056.7,
2084,42.88028,-122.11926,2054.1,
2085,42.88022,-122.11951,2054.0,
2086,42.8801,-122.11987,2052.4,
2087,42.87992,-122.12026,2050.0,
2088,42.87974,-122.1206,2049.6,
2089,42.87957,-122.12098,2049.2,
2090,42.87947,-122.12114,2048.1,
2091,42.87941,-122.12135,2046.7,
2092,42.87936,-122.12159,2044.8,
2093,42.87934,-122.12182,2042.8,
2094,42.87935,-122.12211,2040.3,
2095,42.87939,-122.12236,2039.7,
2096,42.87945,-122.12258,2039.2,
2097,42.87953,-122.1228,2038.4,
2098,42.87968,-122.12306,2036.4,
2099,42.87991,-122.1233,2032.9,
2100,42.88044,-122.12373,2022.9,
2101,42.88057,-122.12384,2022.4,
2102,42.88079,-122.12413,2021.7,
2103,42.881,-122.12453,2022.8,
2104,42.88108,-122.1248,2023.4,
2105,42.88115,-122.12512,2023.5,
2106,42.88118,-122.12534,2023.3,
2107,42.88121,-122.12682,2014.5,
2108,42.88128,-122.12737,2010.4,
2109,42.8814,-122.12779,2007.1,
2110,42.88164,-122.12824,2004.0,
2111,42.88192,-122.12857,2001.6,
2112,42.88207,-122.12869,2001.3,
2113,42.8822,-122.12879,2000.7,
2114,42.88244,-122.12891,1998.6,
2115,42.88316,-122.12919,1988.5,
2116,42.88385,-122.12949,1985.3,
2117,42.88675,-122.13068,1967.2,
2118,42.89034,-122.13213,1939.0,
2119,42.8909,-122.1324,1942.6,
2120,42.89145,-122.13271,1949.3,
2121,42.89213,-122.13319,1953.5,
2122,42.89346,-122.13429,1956.5,
2123,42.89369,-122.13443,1957.2,
2124,42.89394,-122.13453,1958.2,
2125,42.89425,-122.13458,1960.0,
2126,42.89456,-122.13456,1962.3,
2127,42.89507,-122.13444,1965.3,
2128,42.8952,-122.13444,1965.6,
2129,42.89528,-122.13448,1965.7,
2130,42.89536,-122.13453,1965.8,
2131,42.89548,-122.13432,1966.3,
2132,42.89625,-122.13351,1970.6,
2133,42.89649,-122.13333,1972.1,
2134,42.89676,-122.13319,1973.6,
2135,42.89727,-122.13301,1975.5,
2136,42.89777,-122.1329,1978.5,
2137,42.89827,-122.13284,1983.4,
2138,42.8987,-122.13283,1985.6,
2139,42.89913,-122.13285,1987.3,
2140,42.89956,-122.13294,1988.4,
2141,42.90182,-122.13353,2010.3,
2142,42.90208,-122.13364,2012.8,
2143,42.90229,-122.13382,2015.7,
2144,42.90281,-122.13447,2021.9,
2145,42.90302,-122.13467,2023.3,
2146,42.9033,-122.13486,2024.6,
2147,42.9049,-122.13563,2039.0,
2148,42.90502,-122.13573,2039.4,
2149,42.9051,-122.13586,2039.8,
2150,42.90514,-122.13601,2040.5,
2151,42.90514,-122.13617,2040.3,
2152,42.90509,-122.13632,2039.0,
2153,42.905,-122.13644,2039.8,
2154,42.90485,-122.13654,2041.1,
2155,42.90406,-122.1369,2044.5,
2156,42.90392,-122.13695,2045.0,
2157,42.90365,-122.13695,2046.4,
2158,42.90335,-122.13679,2048.4,
2159,42.90321,-122.13676,2049.3,
2160,42.9031,-122.13681,2051.8,
2161,42.903,-122.1369,2053.4,
2162,42.90293,-122.13705,2055.0,
2163,42.90293,-122.13723,2057.6,
2164,42.90297,-122.13741,2059.4,
2165,42.90306,-122.13755,2061.1,
2166,42.90349,-122.13785,2066.4,
2167,42.90359,-122.13795,2069.6,
2168,42.90364,-122.13809,2070.7,
2169,42.90365,-122.13823,2070.5,
2170,42.90362,-122.1384,2069.5,
2171,42.90352,-122.13853,2067.7,
2172,42.90341,-122.13859,2066.9,
2173,42.90329,-122.13859,2066.2,
2174,42.90316,-122.13857,2065.3,
2175,42.90303,-122.13853,2064.5,
2176,42.90247,-122.13826,2063.5,
2177,42.90235,-122.13825,2063.9,
2178,42.90228,-122.13827,2064.2,
2179,42.90216,-122.13841,2065.5,
2180,42.90213,-122.13853,2066.6,
2181,42.90213,-122.13867,2068.0,
2182,42.90217,-122.1388,2070.1,
2183,42.90224,-122.13889,2072.4,
2184,42.90233,-122.13896,2074.0,
2185,42.90243,-122.139,2074.7,
2186,42.90273,-122.13903,2075.2,
2187,42.90287,-122.13908,2075.5,
2188,42.90297,-122.13917,2076.0,
2189,42.90305,-122.13927,2076.8,
2190,42.90309,-122.1394,2078.1,
2191,42.90315,-122.13996,2082.0,
2192,42.90321,-122.14012,2083.0,
2193,42.90333,-122.14028,2084.4,
2194,42.90353,-122.14034,2086.7,
2195,42.90359,-122.14033,2088.7,
2196,42.9037,-122.14026,2092.6,
2197,42.90384,-122.14004,2093.6,
2198,42.90407,-122.13949,2090.5,
2199,42.90414,-122.1394,2090.6,
2200,42.90422,-122.13935,2091.8,
2201,42.90436,-122.13935,2095.0,
2202,42.90448,-122.13944,2099.0,
2203,42.90454,-122.13959,2102.5,
2204,42.90456,-122.13968,2104.3,
2205,42.90452,-122.13994,2105.0,
2206,42.90402,-122.14133,2108.9,
2207,42.90392,-122.14148,2109.8,
2208,42.90379,-122.14159,2110.3,
2209,42.90364,-122.14164,2109.5,
2210,42.9032,-122.14168,2107.6,
2211,42.90299,-122.14183,2112.4,
2212,42.9029,-122.14195,2113.9,
2213,42.90273,-122.1423,2118.2,
2214,42.90261,-122.14246,2120.8,
2215,42.90242,-122.1426,2122.1,
2216,42.90211,-122.14278,2124.7,
2217,42.90186,-122.14301,2130.9,
2218,42.90091,-122.144,2133.6,
2219,42.90078,-122.14418,2134.1,
2220,42.90067,-122.14441,2135.7,
2221,42.90062,-122.14466,2137.2,
2222,42.9006,-122.1449,2138.0,
2223,42.90063,-122.14515,2138.5,
2224,42.90096,-122.14646,2138.0,
2225,42.90123,-122.14743,2138.2,
2226,42.90137,-122.14776,2138.2,
2227,42.90155,-122.14806,2138.2,
2228,42.90177,-122.1483,2138.5,
2229,42.90198,-122.14846,2138.8,
2230,42.90222,-122.14858,2139.3,
2231,42.90252,-122.14866,2140.1,
2232,42.90274,-122.14867,2140.1,
2233,42.90295,-122.14862,2140.0,
2234,42.90323,-122.14853,2139.6,
2235,42.90363,-122.1482,2140.7,
2236,42.90433,-122.14732,2141.6,
2237,42.90452,-122.14715,2142.6,
2238,42.90474,-122.14701,2143.5,
2239,42.90501,-122.1469,2144.4,
2240,42.90588,-122.14664,2148.9,
2241,42.90681,-122.14639,2152.0,
2242,42.90713,-122.14634,2152.5,
2243,42.90739,-122.14633,2152.7,
2244,42.90767,-122.14637,2152.8,
2245,42.90795,-122.14644,2152.8,
2246,42.90844,-122.14659,2152.4,
2247,42.90906,-122.14681,2152.4,
2248,42.9093,-122.14695,2152.6,
2249,42.90952,-122.14716,2153.0,
2250,42.9097,-122.14741,2153.7,
2251,42.90985,-122.14771,2154.9,
2252,42.90997,-122.14811,2156.3,
2253,42.91008,-122.14886,2155.6,
2254,42.91019,-122.14906,2155.6,
2255,42.91033,-122.14917,2155.9,
2256,42.91045,-122.14919,2156.5,
2257,42.91056,-122.14917,2157.4,
2258,42.91072,-122.14908,2159.5,
2259,42.911135,-122.148765,2161.5,
2260,42.91113,-122.14877,2161.5,
2261,42.91134,-122.14861,2163.5,
2262,42.91156,-122.14838,2165.2,
2263,42.91173,-122.14818,2165.9,
2264,42.91182,-122.14805,2166.0,
2265,42.91193,-122.14776,2165.3,
2266,42.91197,-122.14758,2163.9,
2267,42.91197,-122.1474,2163.6,
2268,42.91195,-122.14725,2163.9,
2269,42.91191,-122.14717,2164.6,
2270,42.91187,-122.14713,2165.3,
2271,42.91174,-122.14708,2167.4,
2272,42.91165,-122.1471,2168.8,
2273,42.9116,-122.14714,2169.5,
2274,42.91153,-122.14725,2170.4,
2275,42.91147,-122.1474,2170.8,
2276,42.91145,-122.14749,2170.8,
2277,42.91133,-122.14754,2171.9,
2278,42.91128,-122.14753,2172.3,
2279,42.91123,-122.1475,2172.6,
2280,42.91123,-122.1475,2172.6,
2281,42.91133,-122.14754,2171.9,
2282,42.91145,-122.14749,2170.8,
2283,42.91153,-122.14725,2170.4,
2284,42.9116,-122.14714,2169.5,
2285,42.91165,-122.1471,2168.8,
2286,42.91174,-122.14708,2167.4,
2287,42.91187,-122.14713,2165.3,
2288,42.91191,-122.14717,2164.6,
2289,42.91195,-122.14725,2163.9,
2290,42.91197,-122.1474,2163.6,
2291,42.91197,-122.14758,2163.9,
2292,42.91193,-122.14776,2165.3,
2293,42.91182,-122.14805,2166.0,
2294,42.91204,-122.14836,2164.2,
2295,42.91223,-122.14867,2161.2,
2296,42.912224,-122.148668,2161.2,
2297,42.91244,-122.14903,2155.9,
2298,42.91321,-122.15014,2150.1,
2299,42.91344,-122.15054,2144.4,
2300,42.91365,-122.15099,2140.6,
2301,42.91382,-122.15139,2147.9,
2302,42.91406,-122.15213,2153.1,
2303,42.91422,-122.15286,2157.2,
2304,42.91434,-122.15375,2156.7,
2305,42.91438,-122.15474,2158.1,
2306,42.91435,-122.15793,2140.9,
2307,42.91437,-122.15825,2140.7,
2308,42.91442,-122.15865,2141.0,
2309,42.91453,-122.15912,2142.3,
2310,42.91466,-122.15947,2144.1,
2311,42.91478,-122.15978,2145.0,
2312,42.91505,-122.16027,2146.7,
2313,42.91527,-122.16055,2148.9,
2314,42.91554,-122.16078,2155.6,
2315,42.91601,-122.16112,2153.7,
2316,42.91621,-122.16122,2153.6,
2317,42.9165,-122.16134,2154.1,
2318,42.91672,-122.1614,2154.5,
2319,42.91694,-122.1614,2153.9,
2320,42.91723,-122.16136,2151.0,
2321,42.91791,-122.1612,2150.5,
2322,42.91816,-122.16117,2152.6,
2323,42.91839,-122.16119,2154.7,
2324,42.91865,-122.16128,2156.2,
2325,42.91881,-122.16137,2155.5,
2326,42.91948,-122.16198,2159.1,
2327,42.92016,-122.16255,2165.1,
2328,42.92042,-122.1628,2167.7,
2329,42.92063,-122.16311,2170.3,
2330,42.92079,-122.16343,2174.0,
2331,42.92091,-122.16384,2181.0,
2332,42.92104,-122.16444,2182.1,
2333,42.92121,-122.16485,2182.1,
2334,42.92144,-122.16522,2181.4,
2335,42.92184,-122.16558,2179.2,
2336,42.9221,-122.1657,2176.7,
2337,42.92268,-122.16597,2170.2,
2338,42.92316,-122.16612,2170.6,
2339,42.92618,-122.16727,2162.7,
2340,42.92644,-122.16742,2163.2,
2341,42.92686,-122.16771,2166.4,
2342,42.92725,-122.16805,2170.9,
2343,42.92758,-122.16845,2173.0,
2344,42.92779,-122.16874,2174.5,
2345,42.92819,-122.16946,2179.7,
2346,42.92857,-122.17037,2184.1,
2347,42.92876,-122.17071,2183.5,
2348,42.929,-122.171,2183.8,
2349,42.92931,-122.17121,2187.1,
2350,42.92951,-122.17132,2187.9,
2351,42.92983,-122.17139,2188.8,
2352,42.93006,-122.1714,2189.9,
2353,42.93034,-122.17136,2189.5,
2354,42.93095,-122.1711,2176.4,
2355,42.93144,-122.17077,2176.5,
2356,42.93288,-122.16973,2177.8,
2357,42.93319,-122.16964,2176.6,
2358,42.93345,-122.16962,2176.8,
2359,42.93377,-122.16969,2180.7,
2360,42.93424,-122.16989,2186.3,
2361,42.93662,-122.17117,2196.4,
2362,42.93699,-122.1714,2202.1,
2363,42.93736,-122.17169,2205.2,
2364,42.93792,-122.17224,2214.3,
2365,42.93818,-122.17254,2219.1,
2366,42.93846,-122.17294,2220.3,
2367,42.93891,-122.17378,2218.5,
2368,42.93931,-122.17477,2229.4,
2369,42.93987,-122.17635,2246.0,
2370,42.94007,-122.17715,2250.6,
2371,42.94015,-122.17774,2255.4,
2372,42.94021,-122.17856,2258.9,
2373,42.94022,-122.17919,2258.1,
2374,42.94031,-122.17994,2254.6,
2375,42.94038,-122.18017,2254.3,
2376,42.94054,-122.18037,2254.7,
2377,42.94064,-122.18045,2255.0,
2378,42.9408,-122.18054,2255.4,
2379,42.94111,-122.18067,2258.3,
2380,42.94133,-122.18071,2259.8,
2381,42.94156,-122.18069,2259.7,
2382,42.94179,-122.18056,2260.4,
2383,42.94195,-122.18044,2260.7,
2384,42.9421,-122.18029,2261.0,
2385,42.94265,-122.17957,2270.0,
2386,42.94356,-122.17831,2267.8,
2387,42.94376,-122.17799,2269.5,
2388,42.94392,-122.17764,2266.8,
2389,42.94404,-122.1772,2274.2,
2390,42.94417,-122.17663,2283.2,
2391,42.9445,-122.17507,2299.6,
2392,42.94484,-122.17387,2299.4,
2393,42.94491,-122.17347,2298.3,
2394,42.94494,-122.1731,2301.1,
2395,42.94494,-122.17265,2302.2,
2396,42.94487,-122.17201,2305.0,
2397,42.94479,-122.17141,2306.8,
2398,42.9448,-122.1709,2307.1,
2399,42.94491,-122.17043,2308.2,
2400,42.945,-122.17021,2308.3,
2401,42.94505,-122.17011,2308.0,
2402,42.94524,-122.16983,2308.0,
2403,42.94538,-122.16969,2309.0,
2404,42.9455,-122.16959,2310.5,
2405,42.94586,-122.16944,2314.1,
2406,42.94618,-122.16943,2317.1,
2407,42.94641,-122.16947,2321.2,
2408,42.94655,-122.16944,2324.1,
2409,42.94667,-122.1695,2325.4,
2410,42.94689,-122.16968,2326.3,
2411,42.94699,-122.1698,2326.5,
2412,42.94718,-122.17005,2328.5,
2413,42.94722,-122.17014,2329.3,
2414,42.94728,-122.17036,2330.6,
2415,42.94738,-122.17057,2332.0,
2416,42.94764,-122.17098,2332.2,
2417,42.94793,-122.17132,2329.8,
2418,42.94833,-122.17171,2328.0,
2419,42.94876,-122.17206,2326.9,
2420,42.9499,-122.17304,2327.0,
2421,42.9505,-122.17348,2327.0,
2422,42.95135,-122.17392,2325.0,
2423,42.95168,-122.17407,2322.7,
2424,42.95195,-122.17412,2326.2,
2425,42.95252,-122.17419,2334.3,
2426,42.95302,-122.17421,2337.7,
2427,42.95326,-122.17418,2339.6,
2428,42.95345,-122.17413,2340.2,
2429,42.95368,-122.17401,2339.5,
2430,42.95399,-122.1738,2333.7,
2431,42.95417,-122.17362,2329.6,
2432,42.95433,-122.17341,2325.9,
2433,42.9545,-122.17303,2322.2,
2434,42.95462,-122.17246,2318.9,
2435,42.95472,-122.17168,2316.2,
2436,42.95479,-122.17137,2315.1,
2437,42.95496,-122.1709,2310.6,
2438,42.95518,-122.17041,2310.8,
2439,42.95552,-122.16992,2311.3,
2440,42.95571,-122.1697,2309.8,
2441,42.9561,-122.16942,2302.8,
2442,42.95645,-122.16924,2298.7,
2443,42.95742,-122.16884,2295.0,
2444,42.9578,-122.16862,2286.1,
2445,42.95796,-122.16847,2285.6,
2446,42.95823,-122.16809,2284.4,
2447,42.95839,-122.16773,2281.3,
2448,42.95848,-122.16738,2279.1,
2449,42.95854,-122.16687,2279.3,
2450,42.95866,-122.16515,2269.4,
2451,42.95874,-122.16475,2269.0,
2452,42.95881,-122.16452,2269.0,
2453,42.95891,-122.16427,2268.8,
2454,42.95906,-122.164,2267.4,
2455,42.95925,-122.16374,2265.8,
2456,42.96023,-122.1629,2263.2,
2457,42.96043,-122.16266,2260.1,
2458,42.96064,-122.16229,2258.3,
2459,42.96079,-122.16192,2259.8,
2460,42.96086,-122.16164,2261.9,
2461,42.96095,-122.1611,2262.5,
2462,42.96101,-122.16013,2254.5,
2463,42.96107,-122.15978,2251.9,
2464,42.96123,-122.15931,2249.7,
2465,42.96148,-122.1587,2248.8,
2466,42.96159,-122.15835,2247.9,
2467,42.9618,-122.15737,2244.5,
2468,42.96195,-122.15694,2240.3,
2469,42.96207,-122.15667,2237.4,
2470,42.96239,-122.15622,2234.6,
2471,42.96278,-122.15582,2232.7,
2472,42.96328,-122.15537,2228.2,
2473,42.96367,-122.15485,2223.7,
2474,42.96402,-122.15422,2221.2,
2475,42.96429,-122.15353,2220.0,
2476,42.96441,-122.15327,2219.5,
2477,42.96457,-122.153,2218.0,
2478,42.96487,-122.15256,2215.9,
2479,42.96523,-122.15217,2214.5,
2480,42.96571,-122.1518,2212.2,
2481,42.96605,-122.1516,2211.6,
2482,42.9664,-122.15148,2210.3,
2483,42.96665,-122.15144,2208.7,
2484,42.96706,-122.15142,2205.1,
2485,42.96795,-122.15155,2198.2,
2486,42.96871,-122.1517,2192.8,
2487,42.96922,-122.1519,2190.5,
2488,42.96994,-122.15231,2185.7,
2489,42.972,-122.15357,2170.8,
2490,42.97229,-122.1537,2167.7,
2491,42.9726,-122.15376,2164.1,
2492,42.97298,-122.15373,2160.8,
2493,42.97341,-122.15353,2157.3,
2494,42.97374,-122.15328,2157.0,
2495,42.97421,-122.15298,2155.7,
2496,42.97445,-122.15287,2154.1,
2497,42.97476,-122.15278,2151.5,
2498,42.97518,-122.15276,2146.9,
2499,42.97735,-122.15301,2133.7,
2500,42.97791,-122.15304,2133.1,
2501,42.9784,-122.15302,2131.9,
2502,42.97967,-122.15287,2117.4,
2503,42.98191,-122.15257,2104.5,
2504,42.9822,-122.15247,2102.7,
2505,42.98249,-122.15233,2100.5,
2506,42.98283,-122.15198,2097.1,
2507,42.98316,-122.1515,2090.5,
2508,42.98349,-122.15061,2087.2,
2509,42.98382,-122.15006,2082.1,
2510,42.98473,-122.14907,2075.8,
2511,42.98497,-122.14871,2074.3,
2512,42.98528,-122.14808,2066.9,
2513,42.98558,-122.14708,2063.4,
2514,42.98584,-122.14646,2061.8,
2515,42.98616,-122.14602,2057.0,
2516,42.98663,-122.14561,2054.8,
2517,42.98823,-122.14443,2044.1,
2518,42.98923,-122.14386,2039.1,
2519,42.99033,-122.14339,2030.1,
2520,42.99131,-122.14301,2020.8,
2521,42.99165,-122.1428,2018.0,
2522,42.99194,-122.14255,2016.5,
2523,42.99223,-122.14224,2014.5,
2524,42.99249,-122.14187,2011.4,
2525,42.99271,-122.14141,2007.2,
2526,42.99288,-122.14093,2004.7,
2527,42.99302,-122.14026,2002.3,
2528,42.99317,-122.13864,1996.1,
2529,42.99327,-122.13816,1994.5,
2530,42.99343,-122.13775,1993.0,
2531,42.99381,-122.13701,1991.4,
2532,42.99426,-122.13646,1989.2,
2533,42.99468,-122.1361,1986.8,
2534,42.99501,-122.13592,1985.1,
2535,42.9953,-122.13582,1983.5,
2536,42.99919,-122.13497,1959.3,
2537,43.00058,-122.13467,1950.3,
2538,43.000584,-122.134674,1950.2,
2539,43.00059,-122.13468,1950.2,
2540,43.0014,-122.1345,1945.3,
2541,43.00221,-122.13433,1940.5,
2542,43.00302,-122.13415,1936.0,
2543,43.00383,-122.13397,1929.9,
2544,43.00462,-122.13374,1924.0,
2545,43.00541,-122.1335,1918.7,
2546,43.006,-122.1332,1915.4,
2547,43.0066,-122.1329,1912.5,
2548,43.00715,-122.13258,1910.4,
2549,43.00769,-122.13227,1907.1,
2550,43.00829,-122.13186,1903.3,
2551,43.00888,-122.13145,1900.8,
2552,43.00947,-122.13105,1896.9,
2553,43.01004,-122.13064,1892.0,
2554,43.01061,-122.13024,1889.7,
2555,43.01118,-122.12984,1887.8,
2556,43.0119,-122.12935,1885.1,
2557,43.01262,-122.12886,1881.9,
2558,43.01334,-122.12838,1878.0,
2559,43.01405,-122.12789,1874.2,
2560,43.01477,-122.1274,1869.8,
2561,43.01538,-122.12698,1866.7,
2562,43.01599,-122.12655,1862.9,
2563,43.01661,-122.12612,1859.0,
2564,43.0174,-122.12559,1853.0,
2565,43.0182,-122.12505,1849.8,
2566,43.01899,-122.12451,1849.6,
2567,43.01979,-122.12398,1845.7,
2568,43.02058,-122.12344,1843.3,
2569,43.02137,-122.1229,1842.3,
2570,43.02217,-122.12237,1839.0,
2571,43.02296,-122.12183,1837.8,
2572,43.02376,-122.1213,1837.0,
2573,43.02455,-122.12076,1833.9,
2574,43.02538,-122.12031,1829.9,
2575,43.0262,-122.11987,1827.2,
2576,43.02685,-122.11957,1825.8,
2577,43.0275,-122.11928,1825.1,
2578,43.02816,-122.11898,1824.0,
2579,43.02861,-122.11881,1822.7,
2580,43.02905,-122.11864,1821.7,
2581,43.0295,-122.11849,1821.1,
2582,43.02994,-122.11833,1819.4,
2583,43.03058,-122.11816,1818.2,
2584,43.03121,-122.11798,1818.7,
2585,43.03187,-122.11782,1819.3,
2586,43.03252,-122.11767,1819.8,
2587,43.03323,-122.11756,1821.4,
2588,43.03393,-122.11745,1822.6,
2589,43.03464,-122.11734,1824.8,
2590,43.03535,-122.11729,1828.8,
2591,43.03607,-122.11723,1831.1,
2592,43.03678,-122.11723,1837.4,
2593,43.03749,-122.11722,1842.7,
2594,43.03822,-122.11725,1848.1,
2595,43.03894,-122.11729,1849.8,
2596,43.03966,-122.11735,1850.1,
2597,43.04039,-122.11742,1849.6,
2598,43.04104,-122.11754,1849.1,
2599,43.0417,-122.11767,1847.8,
2600,43.04235,-122.11779,1845.8,
2601,43.04313,-122.11802,1844.8,
2602,43.0439,-122.11824,1843.0,
2603,43.04467,-122.11847,1842.2,
2604,43.04515,-122.11864,1842.1,
2605,43.04563,-122.11882,1841.5,
2606,43.04611,-122.11901,1839.8,
2607,43.04659,-122.1192,1838.8,
2608,43.04729,-122.11953,1838.9,
2609,43.04799,-122.11986,1840.4,
2610,43.04869,-122.12019,1845.8,
2611,43.04937,-122.12059,1853.4,
2612,43.05006,-122.12098,1852.2,
2613,43.05075,-122.12137,1850.5,
2614,43.05143,-122.12177,1849.2,
2615,43.05217,-122.12208,1846.6,
2616,43.05291,-122.1224,1844.4,
2617,43.05379,-122.12255,1843.0,
2618,43.05458,-122.12256,1840.2,
2619,43.05529,-122.12246,1837.5,
2620,43.05613,-122.12227,1835.4,
2621,43.05696,-122.12208,1831.7,
2622,43.0578,-122.1219,1833.0,
2623,43.05864,-122.12171,1836.5,
2624,43.05948,-122.12152,1838.8,
2625,43.06032,-122.12134,1840.8,
2626,43.06115,-122.12115,1838.1,
2627,43.06199,-122.12096,1831.9,
2628,43.06283,-122.12077,1833.2,
2629,43.06367,-122.12059,1833.1,
2630,43.0645,-122.1204,1832.5,
2631,43.06534,-122.12021,1830.9,
2632,43.06618,-122.12002,1828.0,
2633,43.06702,-122.11984,1826.9,
2634,43.06786,-122.11965,1824.6,
2635,43.068,-122.11964,1823.8,
2636,43.06862,-122.11952,1821.1,
2637,43.06923,-122.1194,1818.3,
2638,43.06985,-122.11928,1816.2,
2639,43.07072,-122.11912,1812.7,
2640,43.0716,-122.11897,1807.2,
2641,43.07248,-122.11881,1801.4,
2642,43.07335,-122.11866,1794.9,
2643,43.07423,-122.1185,1789.1,
2644,43.07511,-122.11835,1786.8,
2645,43.07598,-122.11819,1785.8,
2646,43.07653,-122.1181,1785.5,
2647,43.07702,-122.11807,1785.0,
2648,43.0778,-122.11791,1783.2,
2649,43.07859,-122.11775,1781.8,
2650,43.07938,-122.11759,1779.0,
2651,43.08017,-122.11744,1777.0,
2652,43.08103,-122.11729,1774.8,
2653,43.08189,-122.11715,1771.5,
2654,43.08274,-122.11701,1769.5,
2655,43.0836,-122.11686,1768.4,
2656,43.08446,-122.11672,1767.5,
2657,43.08532,-122.11658,1767.1,
2658,43.08618,-122.11643,1765.5,
2659,43.08704,-122.11629,1764.7,
2660,43.08739,-122.1163,1765.0,
2661,43.08771,-122.11637,1765.4,
2662,43.08837,-122.11666,1766.1,
2663,43.08882,-122.11706,1766.5,
2664,43.08924,-122.11758,1767.9,
2665,43.08956,-122.11831,1766.5,
2666,43.08989,-122.11903,1765.2,
2667,43.09022,-122.11976,1763.4,
2668,43.09058,-122.12039,1762.4,
2669,43.09098,-122.12092,1760.9,
2670,43.09132,-122.12121,1757.4,
2671,43.09167,-122.12143,1758.4,
2672,43.09206,-122.12161,1757.6,
2673,43.0925,-122.1217,1757.3,
2674,43.09323,-122.12168,1754.7,
2675,43.09374,-122.12158,1754.0,
2676,43.09426,-122.12154,1752.5,
2677,43.09471,-122.12163,1751.0,
2678,43.09539,-122.12196,1745.9,
2679,43.09577,-122.12229,1744.1,
2680,43.09612,-122.1227,1739.4,
2681,43.09666,-122.12341,1735.7,
2682,43.09721,-122.12413,1731.9,
2683,43.09775,-122.12485,1727.0,
2684,43.0983,-122.12557,1722.3,
2685,43.09884,-122.12629,1719.5,
2686,43.0992,-122.12696,1714.8,
2687,43.09944,-122.12752,1711.7,
2688,43.09979,-122.12859,1707.5,
2689,43.10006,-122.12914,1703.7,
2690,43.10062,-122.12986,1698.1,
2691,43.10089,-122.13009,1696.7,
2692,43.10124,-122.13028,1692.9,
2693,43.1016,-122.13038,1690.6,
2694,43.1022,-122.13041,1687.9,
2695,43.10302,-122.13024,1688.0,
2696,43.10353,-122.13006,1688.2,
2697,43.10405,-122.12989,1688.1,
2698,43.10482,-122.12965,1686.9,
2699,43.1056,-122.12941,1683.9,
2700,43.10617,-122.12929,1680.7,
2701,43.10688,-122.12935,1677.8,
2702,43.10744,-122.12956,1672.1,
2703,43.10821,-122.12996,1665.6,
2704,43.10898,-122.13037,1660.2,
2705,43.10975,-122.13077,1654.6,
2706,43.11052,-122.13118,1650.3,
2707,43.11129,-122.13158,1646.6,
2708,43.11195,-122.1319,1643.9,
2709,43.1126,-122.13222,1640.1,
2710,43.1132,-122.13247,1637.2,
2711,43.1138,-122.13272,1634.7,
2712,43.1144,-122.13296,1633.8,
2713,43.11503,-122.13317,1632.1,
2714,43.11565,-122.13337,1629.6,
2715,43.11627,-122.13357,1626.8,
2716,43.11711,-122.13374,1623.7,
2717,43.11794,-122.13391,1620.9,
2718,43.11878,-122.13407,1616.1,
2719,43.11962,-122.13424,1615.1,
2720,43.12045,-122.13441,1610.4,
2721,43.12129,-122.13457,1608.4,
2722,43.12212,-122.13474,1606.7,
2723,43.12264,-122.13472,1606.4,
2724,43.12317,-122.1347,1605.7,
2725,43.12362,-122.13455,1605.7,
2726,43.12407,-122.1344,1605.7,
2727,43.12457,-122.13415,1606.1,
2728,43.12499,-122.13386,1606.8,
2729,43.12553,-122.13335,1607.6,
2730,43.12606,-122.13285,1607.9,
2731,43.1266,-122.13234,1607.6,
2732,43.1269,-122.13308,1603.8,
2733,43.12703,-122.13364,1601.7,
2734,43.12705,-122.13399,1600.8,
2735,43.12702,-122.13435,1600.0,
2736,43.12688,-122.13501,1598.6,
2737,43.12674,-122.13568,1597.6,
2738,43.12733,-122.13579,1596.7,
2739,43.12793,-122.1359,1595.5,
2740,43.12876,-122.13607,1593.8,
2741,43.1296,-122.13624,1593.8,
2742,43.13043,-122.13641,1595.2,
2743,43.13127,-122.13658,1595.2,
2744,43.13211,-122.13676,1589.8,
2745,43.13294,-122.13693,1586.3,
2746,43.13382,-122.1371,1586.2,
2747,43.13469,-122.13726,1588.8,
2748,43.13557,-122.13743,1588.8,
2749,43.13628,-122.13759,1588.9,
2750,43.13672,-122.13762,1588.7,
2751,43.13698,-122.13763,1588.2,
2752,43.13721,-122.1376,1587.7,
2753,43.13781,-122.13746,1584.8,
2754,43.13847,-122.13715,1581.9,
2755,43.1389,-122.13691,1581.8,
2756,43.13957,-122.13653,1582.6,
2757,43.14024,-122.13614,1584.3,
2758,43.14076,-122.13583,1585.1,
2759,43.14128,-122.13551,1585.7,
2760,43.14192,-122.13519,1587.0,
2761,43.14256,-122.13486,1583.6,
2762,43.14306,-122.13464,1585.9,
2763,43.14357,-122.13441,1588.5,
2764,43.1443,-122.13413,1591.3,
2765,43.14491,-122.13397,1595.3,
2766,43.14552,-122.1338,1600.5,
2767,43.14613,-122.13364,1605.1,
2768,43.14662,-122.13355,1606.3,
2769,43.14711,-122.13346,1607.3,
2770,43.14763,-122.1334,1608.1,
2771,43.14815,-122.13334,1608.5,
2772,43.14867,-122.13332,1608.3,
2773,43.14918,-122.1333,1607.6,
2774,43.15005,-122.13332,1606.4,
2775,43.15065,-122.13336,1605.5,
2776,43.15126,-122.13341,1607.0,
2777,43.15178,-122.13349,1607.5,
2778,43.1523,-122.13356,1608.7,
2779,43.15303,-122.13375,1610.8,
2780,43.15377,-122.13393,1615.5,
2781,43.15453,-122.13418,1617.5,
2782,43.15525,-122.13435,1617.5,
2783,43.15559,-122.13437,1617.7,
2784,43.15616,-122.13433,1614.9,
2785,43.15637,-122.13429,1613.2,
2786,43.15675,-122.13418,1609.6,
2787,43.15733,-122.13394,1608.1,
2788,43.15811,-122.13357,1601.1,
2789,43.15888,-122.1332,1594.6,
2790,43.15966,-122.13284,1595.5,
2791,43.16044,-122.13247,1596.3,
2792,43.16121,-122.1321,1596.4,
2793,43.16167,-122.1319,1596.1,
2794,43.16229,-122.13166,1593.5,
2795,43.16278,-122.13151,1591.2,
2796,43.16314,-122.13143,1589.9,
2797,43.16397,-122.1313,1588.9,
2798,43.16442,-122.13128,1589.8,
2799,43.16487,-122.13125,1590.7,
2800,43.16543,-122.13131,1591.4,
2801,43.16599,-122.13136,1592.8,
2802,43.1668,-122.13153,1593.0,
2803,43.16704,-122.1316,1592.5,
2804,43.16749,-122.13176,1590.1,
2805,43.16793,-122.13192,1592.2,
2806,43.16873,-122.13224,1592.1,
2807,43.16954,-122.13256,1591.2,
2808,43.16954,-122.13256,1591.2,
2809,43.17036,-122.13289,1590.1,
2810,43.17119,-122.13322,1586.3,
2811,43.17146,-122.13338,1585.8,
2812,43.17204,-122.13381,1585.5,
2813,43.17222,-122.13399,1585.3,
2814,43.17248,-122.1343,1585.5,
2815,43.17273,-122.13464,1586.6,
2816,43.17288,-122.1349,1589.8,
2817,43.17336,-122.13584,1591.9,
2818,43.17366,-122.13631,1591.1,
2819,43.17395,-122.13666,1590.2,
2820,43.17432,-122.13695,1589.3,
2821,43.17458,-122.1371,1588.2,
2822,43.17485,-122.13721,1585.7,
2823,43.17507,-122.13726,1585.2,
2824,43.17504,-122.13753,1584.2,
2825,43.17506,-122.13764,1583.7,
2826,43.17516,-122.13777,1583.2,
2827,43.17522,-122.1378,1583.1,
2828,43.17529,-122.13781,1583.0,
2829,43.17556,-122.13772,1583.2,
2830,43.17585,-122.13758,1583.8,
2831,43.17585,-122.13758,1583.8,
2832,43.17644,-122.13729,1585.5,
2833,43.17653,-122.13727,1585.5,
2834,43.17677,-122.13725,1585.7,
2835,43.17705,-122.13729,1585.8,
2836,43.17719,-122.13735,1585.7,
2837,43.17746,-122.1375,1585.3,
2838,43.17758,-122.13768,1584.9,
2839,43.1777,-122.13796,1584.9,
2840,43.17775,-122.13801,1585.0,
2841,43.17783,-122.13805,1585.3,
2842,43.1779,-122.13806,1585.4,
2843,43.17845,-122.13789,1592.0,
2844,43.17876,-122.13782,1595.9,
2845,43.17876,-122.13782,1595.9,
2846,43.17876,-122.13782,1595.9,
2847,43.17883,-122.1378,1596.4,
2848,43.17902,-122.13771,1597.1,
2849,43.17963,-122.13722,1598.6,
2850,43.17974,-122.13711,1601.0,
2851,43.18005,-122.13671,1606.2,
2852,43.18066,-122.13586,1613.5,
2853,43.18128,-122.135,1615.2,
2854,43.18149,-122.13482,1615.6,
2855,43.18169,-122.13471,1616.3,
2856,43.18194,-122.13467,1617.3,
2857,43.1821,-122.13468,1617.7,
2858,43.18215,-122.13471,1617.8,
2859,43.18219,-122.13452,1617.8,
2860,43.18249,-122.13461,1618.4,
2861,43.18312,-122.13491,1618.7,
2862,43.18356,-122.13506,1618.9,
2863,43.1838,-122.13511,1619.3,
2864,43.18404,-122.13512,1619.7,
2865,43.1842,-122.13509,1620.2,
2866,43.18444,-122.13502,1621.0,
2867,43.18467,-122.13488,1622.1,
2868,43.18499,-122.13459,1624.4,
2869,43.18515,-122.13435,1626.5,
2870,43.18523,-122.13421,1627.7,
2871,43.18541,-122.13381,1630.4,
2872,43.18547,-122.13353,1631.5,
2873,43.1855,-122.13335,1632.0,
2874,43.18553,-122.13304,1632.9,
2875,43.18554,-122.13273,1633.6,
2876,43.18548,-122.13169,1635.4,
2877,43.18542,-122.13065,1640.3,
2878,43.18615,-122.13055,1640.7,
2879,43.18688,-122.13046,1638.3,
2880,43.18761,-122.13036,1636.3,
2881,43.1881,-122.13033,1631.5,
2882,43.1886,-122.13029,1627.0,
2883,43.18909,-122.13032,1625.7,
2884,43.18959,-122.13035,1623.1,
2885,43.19031,-122.13054,1621.6,
2886,43.19104,-122.13074,1620.3,
2887,43.19181,-122.13105,1618.4,
2888,43.19258,-122.13136,1616.3,
2889,43.19336,-122.13167,1614.0,
2890,43.19413,-122.13198,1611.6,
2891,43.1949,-122.13229,1610.1,
2892,43.19568,-122.13261,1608.9,
2893,43.19624,-122.13278,1608.0,
2894,43.1968,-122.13296,1607.0,
2895,43.19752,-122.13315,1605.7,
2896,43.19825,-122.13335,1604.5,
2897,43.19888,-122.1335,1603.6,
2898,43.19952,-122.13365,1603.0,
2899,43.20029,-122.13374,1602.3,
2900,43.20106,-122.13384,1599.8,
2901,43.20183,-122.13393,1597.1,
2902,43.20269,-122.13395,1595.8,
2903,43.20354,-122.13396,1595.0,
2904,43.2044,-122.13398,1592.8,
2905,43.20467,-122.13403,1591.7,
2906,43.20492,-122.13409,1590.4,
2907,43.20515,-122.1342,1588.7,
2908,43.20542,-122.13436,1586.3,
2909,43.20609,-122.13487,1583.3,
2910,43.20677,-122.13537,1581.8,
2911,43.20716,-122.1356,1581.3,
2912,43.20759,-122.13576,1581.1,
2913,43.2084,-122.13598,1580.4,
2914,43.20921,-122.13621,1573.8,
2915,43.21001,-122.13643,1573.4,
2916,43.21082,-122.13665,1573.1,
2917,43.21163,-122.13687,1571.8,
2918,43.21243,-122.13709,1568.6,
2919,43.21324,-122.13731,1562.1,
2920,43.21384,-122.13756,1558.8,
2921,43.21444,-122.13781,1556.4,
2922,43.21513,-122.13797,1553.0,
2923,43.21578,-122.13806,1549.3,
2924,43.21642,-122.13814,1546.3,
2925,43.21707,-122.13823,1540.4,
2926,43.21793,-122.13832,1536.3,
2927,43.2188,-122.13842,1533.4,
2928,43.21967,-122.13851,1532.3,
2929,43.22046,-122.13861,1532.1,
2930,43.22126,-122.1387,1531.0,
2931,43.22205,-122.13879,1530.1,
2932,43.22285,-122.13889,1523.6,
2933,43.22364,-122.13898,1518.4,
2934,43.22444,-122.13908,1513.0,
2935,43.22524,-122.13917,1511.1,
2936,43.22603,-122.13927,1509.5,
2937,43.22685,-122.13937,1506.9,
2938,43.22767,-122.13948,1503.7,
2939,43.2285,-122.13959,1499.9,
2940,43.22932,-122.13969,1497.8,
2941,43.23018,-122.13978,1495.3,
2942,43.23104,-122.13987,1493.3,
2943,43.23191,-122.14005,1491.2,
2944,43.23272,-122.14033,1487.9,
2945,43.23317,-122.14055,1487.2,
2946,43.23363,-122.14077,1486.4,
2947,43.23429,-122.14114,1484.8,
2948,43.23495,-122.14152,1483.1,
2949,43.23519,-122.14177,1481.5,
2950,43.2357,-122.14253,1476.1,
2951,43.23621,-122.14329,1474.5,
2952,43.23672,-122.14406,1472.7,
2953,43.23721,-122.14475,1471.7,
2954,43.23771,-122.14544,1467.9,
2955,43.2382,-122.14613,1463.0,
2956,43.23877,-122.14671,1462.6,
2957,43.23934,-122.14729,1460.4,
2958,43.23991,-122.14787,1455.2,
2959,43.2399,-122.14788,1455.1,
2960,43.23991,-122.14787,1455.2,
2961,43.24063,-122.14861,1451.2,
2962,43.24123,-122.14921,1449.4,
2963,43.24184,-122.14981,1447.1,
2964,43.24245,-122.15041,1443.9,
2965,43.24305,-122.15101,1440.0,
2966,43.24344,-122.15153,1439.4,
2967,43.24382,-122.15206,1439.1,
2968,43.2441,-122.15255,1438.0,
2969,43.24438,-122.15305,1435.5,
2970,43.24486,-122.15384,1430.2,
2971,43.24541,-122.15435,1427.3,
2972,43.24582,-122.15465,1426.0,
2973,43.24623,-122.15495,1422.4,
2974,43.24697,-122.15547,1417.1,
2975,43.24771,-122.156,1414.1,
2976,43.24845,-122.15652,1411.6,
2977,43.24919,-122.15704,1408.0,
2978,43.24993,-122.15756,1404.5,
2979,43.25057,-122.15805,1403.7,
2980,43.25122,-122.15854,1401.7,
2981,43.25187,-122.15903,1399.5,
2982,43.25252,-122.15952,1397.2,
2983,43.25317,-122.16001,1394.9,
2984,43.25341,-122.16031,1393.8,
2985,43.25378,-122.15989,1392.7,
2986,43.25415,-122.15948,1391.7,
2987,43.25458,-122.15904,1390.8,
2988,43.255,-122.15861,1390.2,
2989,43.25576,-122.15802,1389.5,
2990,43.25653,-122.15743,1388.9,
2991,43.25729,-122.15684,1389.6,
2992,43.25805,-122.15625,1389.7,
2993,43.25837,-122.15716,1387.4,
2994,43.25868,-122.15808,1385.0,
2995,43.259,-122.15899,1383.3,
2996,43.25981,-122.15878,1381.1,
2997,43.26062,-122.15856,1378.8,
2998,43.26143,-122.15835,1377.9,
2999,43.26223,-122.15813,1377.0,
3000,43.26304,-122.15792,1375.9,
3001,43.26379,-122.15749,1374.2,
3002,43.26453,-122.15706,1371.5,
3003,43.26528,-122.15663,1368.6,
3004,43.26603,-122.1562,1366.8,
3005,43.26677,-122.15577,1366.0,
3006,43.26759,-122.15587,1365.6,
3007,43.26841,-122.15596,1364.0,
3008,43.26923,-122.15606,1360.7,
3009,43.27005,-122.15616,1356.4,
3010,43.27065,-122.15589,1354.5,
3011,43.27124,-122.15563,1354.2,
3012,43.27183,-122.15541,1354.0,
3013,43.27242,-122.1552,1354.0,
3014,43.27303,-122.15488,1353.6,
3015,43.27364,-122.15456,1352.5,
3016,43.27426,-122.15425,1351.0,
3017,43.2751,-122.15389,1348.1,
3018,43.27595,-122.15354,1344.0,
3019,43.27679,-122.15318,1342.0,
3020,43.27752,-122.15262,1341.6,
3021,43.27826,-122.15206,1340.3,
3022,43.2787,-122.15174,1339.2,
3023,43.27915,-122.15143,1337.4,
3024,43.27991,-122.15104,1333.7,
3025,43.28067,-122.15065,1331.2,
3026,43.28144,-122.15027,1328.9,
3027,43.28194,-122.15009,1328.4,
3028,43.28244,-122.14991,1327.8,
3029,43.28315,-122.14917,1327.2,
3030,43.28342,-122.14903,1326.7,
3031,43.28342,-122.14903,1326.7,
3032,43.28365,-122.14892,1326.5,
3033,43.2844,-122.14879,1325.7,
3034,43.28514,-122.14867,1324.5,
3035,43.28561,-122.14843,1323.9,
3036,43.28608,-122.1482,1322.6,
3037,43.28647,-122.14788,1321.3,
3038,43.28707,-122.14826,1317.7,
3039,43.28768,-122.14864,1316.6,
3040,43.28833,-122.14879,1316.1,
3041,43.28898,-122.14895,1316.1,
3042,43.28951,-122.14892,1316.4,
3043,43.28999,-122.14873,1316.7,
3044,43.29056,-122.14835,1316.6,
3045,43.29097,-122.14776,1316.8,
3046,43.2915,-122.14772,1315.7,
3047,43.29189,-122.14754,1315.3,
3048,43.29219,-122.14782,1314.5,
3049,43.29284,-122.14833,1312.2,
3050,43.2935,-122.14884,1308.2,
3051,43.29415,-122.14935,1305.4,
3052,43.29477,-122.14943,1305.0,
3053,43.29539,-122.14951,1305.2,
3054,43.29608,-122.14979,1304.8,
3055,43.29678,-122.15007,1304.3,
3056,43.29748,-122.15035,1304.1,
3057,43.29818,-122.15063,1306.1,
3058,43.2985,-122.1506,1305.9,
3059,43.2991,-122.15023,1303.8,
3060,43.29958,-122.15043,1302.1,
3061,43.29985,-122.15083,1300.7,
3062,43.29996,-122.15144,1298.8,
3063,43.30008,-122.15206,1296.4,
3064,43.30046,-122.15287,1293.2,
3065,43.30097,-122.15297,1292.2,
3066,43.30147,-122.15307,1292.1,
3067,43.30172,-122.15395,1288.5,
3068,43.30188,-122.15489,1285.1,
3069,43.30227,-122.15536,1283.4,
3070,43.30285,-122.15573,1281.1,
3071,43.30333,-122.15586,1279.7,
3072,43.30385,-122.15586,1279.3,
3073,43.30454,-122.15608,1278.8,
3074,43.30495,-122.15639,1278.4,
3075,43.30536,-122.1567,1277.9,
3076,43.30577,-122.15723,1277.7,
3077,43.30577,-122.15723,1277.7,
3078,43.30612,-122.15767,1277.3,
3079,43.30641,-122.15822,1277.3,
3080,43.30671,-122.15877,1277.8,
3081,43.30717,-122.15933,1277.0,
3082,43.30784,-122.15949,1271.5,
3083,43.30825,-122.15886,1270.9,
3084,43.30889,-122.1584,1270.5,
3085,43.30953,-122.15794,1271.2,
3086,43.30978,-122.15755,1271.1,
3087,43.30993,-122.15715,1271.7,
3088,43.31003,-122.15654,1270.8,
3089,43.31001,-122.15618,1270.8,
3090,43.30992,-122.15577,1272.5,
3091,43.30991,-122.15549,1272.8,
3092,43.31002,-122.15521,1270.7,
3093,43.31025,-122.15503,1269.5,
3094,43.31073,-122.15485,1267.3,
3095,43.31121,-122.15487,1265.3,
3096,43.31146,-122.15493,1265.5,
3097,43.31204,-122.15524,1267.4,
3098,43.31262,-122.15554,1279.3,
3099,43.31272,-122.15481,1280.9,
3100,43.31282,-122.15407,1278.9,
3101,43.31287,-122.15308,1279.3,
3102,43.31293,-122.1521,1279.0,
3103,43.31299,-122.15111,1280.4,
3104,43.31293,-122.1502,1280.2,
3105,43.31269,-122.14909,1279.9,
3106,43.31256,-122.14818,1278.7,
3107,43.31257,-122.14786,1280.4,
3108,43.31266,-122.14699,1285.2,
3109,43.31263,-122.14639,1288.4,
3110,43.31279,-122.1454,1290.6,
3111,43.31296,-122.14441,1292.9,
3112,43.31307,-122.14363,1292.4,
3113,43.31313,-122.14264,1291.6,
3114,43.31314,-122.14144,1287.2,
3115,43.31331,-122.14188,1290.0,
3116,43.31347,-122.14263,1298.6,
3117,43.31363,-122.14338,1306.5,
3118,43.31364,-122.14451,1310.3,
3119,43.31384,-122.14501,1313.1,
3120,43.31416,-122.14551,1318.6,
3121,43.31481,-122.14622,1329.7,
3122,43.3151,-122.14643,1333.8,
3123,43.31516,-122.14657,1334.1,
3124,43.31535,-122.1468,1336.3,
3125,43.31571,-122.14737,1342.4,
3126,43.31575,-122.14746,1343.2,
3127,43.31582,-122.14768,1345.4,
3128,43.31583,-122.1478,1347.5,
3129,43.3158,-122.14789,1348.5,
3130,43.31568,-122.14818,1351.1,
3131,43.3156,-122.14843,1353.5,
3132,43.31535,-122.14886,1354.9,
3133,43.31529,-122.14904,1358.1,
3134,43.31525,-122.1493,1361.0,
3135,43.31524,-122.14946,1362.2,
3136,43.31543,-122.15027,1371.0,
3137,43.31561,-122.15108,1374.5,
3138,43.3158,-122.15145,1377.2,
3139,43.31601,-122.15183,1380.5,
3140,43.3163,-122.15216,1383.0,
3141,43.31648,-122.15232,1384.3,
3142,43.31687,-122.15262,1387.6,
3143,43.3171,-122.15276,1389.8,
3144,43.31752,-122.15298,1395.7,
3145,43.31795,-122.15321,1399.7,
3146,43.31841,-122.15348,1404.9,
3147,43.31862,-122.15356,1406.6,
3148,43.3189,-122.15361,1409.7,
3149,43.31918,-122.15349,1413.7,
3150,43.31943,-122.15331,1418.1,
3151,43.31953,-122.15326,1420.1,
3152,43.31965,-122.15324,1422.3,
3153,43.31975,-122.15325,1423.7,
3154,43.31995,-122.15342,1426.9,
3155,43.32005,-122.15354,1429.7,
3156,43.32015,-122.15372,1433.5,
3157,43.32019,-122.15381,1435.0,
3158,43.32029,-122.15425,1437.5,
3159,43.32044,-122.15467,1439.4,
3160,43.32052,-122.15484,1441.0,
3161,43.32067,-122.15524,1444.0,
3162,43.32088,-122.15554,1446.3,
3163,43.32107,-122.15577,1448.5,
3164,43.3213,-122.15595,1452.0,
3165,43.32164,-122.15612,1457.1,
3166,43.32174,-122.15616,1458.3,
3167,43.32229,-122.15605,1467.2,
3168,43.32264,-122.1561,1472.2,
3169,43.32276,-122.15616,1473.6,
3170,43.32307,-122.15645,1476.4,
3171,43.32354,-122.15702,1483.8,
3172,43.32402,-122.1576,1489.8,
3173,43.3242,-122.15795,1494.6,
3174,43.32426,-122.15809,1496.0,
3175,43.32437,-122.15853,1498.2,
3176,43.32462,-122.15925,1504.9,
3177,43.32465,-122.1594,1506.4,
3178,43.32469,-122.15972,1508.7,
3179,43.3249,-122.16058,1515.6,
3180,43.32495,-122.16098,1518.2,
3181,43.32504,-122.16144,1521.2,
3182,43.32512,-122.16167,1522.6,
3183,43.32528,-122.16198,1524.2,
3184,43.32568,-122.16257,1527.4,
3185,43.32618,-122.16326,1530.7,
3186,43.32669,-122.16395,1533.4,
3187,43.3272,-122.16465,1535.0,
3188,43.32754,-122.16505,1535.2,
3189,43.32789,-122.16544,1535.0,
3190,43.32835,-122.16581,1534.5,
3191,43.32902,-122.16618,1534.0,
3192,43.32969,-122.16656,1533.2,
3193,43.33037,-122.16693,1532.0,
3194,43.33104,-122.1673,1530.9,
3195,43.33174,-122.16772,1529.5,
3196,43.33244,-122.16813,1528.2,
3197,43.33314,-122.16854,1526.8,
3198,43.33385,-122.16893,1527.8,
3199,43.33455,-122.16931,1528.3,
3200,43.33535,-122.16978,1530.6,
3201,43.33615,-122.17025,1533.5,
3202,43.33694,-122.17071,1535.9,
3203,43.33774,-122.17118,1543.5,
3204,43.33854,-122.17165,1552.9,
3205,43.33934,-122.17212,1554.9,
3206,43.34013,-122.17259,1551.0,
3207,43.3409,-122.17294,1550.8,
3208,43.34164,-122.17337,1554.9,
3209,43.34238,-122.1738,1560.0,
3210,43.34312,-122.17423,1566.8,
3211,43.34386,-122.17466,1574.3,
3212,43.3446,-122.17509,1578.3,
3213,43.34534,-122.17552,1577.8,
3214,43.34567,-122.17554,1578.1,
3215,43.34596,-122.17543,1579.6,
3216,43.34675,-122.17502,1585.0,
3217,43.34706,-122.17498,1588.7,
3218,43.34732,-122.17503,1591.0,
3219,43.34799,-122.17544,1596.9,
3220,43.34857,-122.17588,1604.5,
3221,43.34928,-122.17624,1613.3,
3222,43.34994,-122.17641,1620.0,
3223,43.35059,-122.17658,1627.4,
3224,43.35089,-122.1767,1630.4,
3225,43.35144,-122.17726,1635.9,
3226,43.35171,-122.17763,1641.1,
3227,43.3519,-122.17815,1643.4,
3228,43.35233,-122.17882,1646.7,
3229,43.35299,-122.17943,1657.0,
3230,43.3534,-122.17975,1662.9,
3231,43.3538,-122.18006,1666.8,
3232,43.35406,-122.18014,1666.9,
3233,43.35423,-122.18014,1666.7,
3234,43.35459,-122.17967,1668.6,
3235,43.35488,-122.17919,1670.4,
3236,43.3553,-122.17844,1675.3,
3237,43.35562,-122.17798,1676.1,
3238,43.35593,-122.17753,1677.5,
3239,43.35623,-122.1768,1685.1,
3240,43.35672,-122.17634,1687.6,
3241,43.35718,-122.17586,1690.6,
3242,43.35771,-122.17544,1695.2,
3243,43.35824,-122.17503,1696.6,
3244,43.35883,-122.17462,1696.1,
3245,43.35904,-122.17426,1696.1,
3246,43.35918,-122.17385,1696.2,
3247,43.35922,-122.17347,1696.3,
3248,43.35925,-122.17234,1696.9,
3249,43.35927,-122.17122,1697.9,
3250,43.3593,-122.17009,1696.3,
3251,43.35932,-122.16897,1696.7,
3252,43.35934,-122.16833,1697.7,
3253,43.35936,-122.16769,1698.3,
3254,43.35945,-122.16713,1698.0,
3255,43.35965,-122.16675,1697.6,
3256,43.35998,-122.16648,1698.0,
3257,43.36052,-122.16618,1695.4,
3258,43.36097,-122.16576,1695.6,
3259,43.36143,-122.16529,1696.9,
3260,43.36203,-122.16507,1705.1,
3261,43.36263,-122.16485,1706.0,
3262,43.36299,-122.16462,1703.2,
3263,43.36303,-122.16457,1703.4,
3264,43.363028,-122.164566,1703.4,
3265,43.36307,-122.16451,1703.5,
3266,43.3633,-122.16423,1704.6,
3267,43.36334,-122.16418,1704.9,
3268,43.3635,-122.16399,1706.2,
3269,43.36361,-122.16374,1708.0,
3270,43.36368,-122.16363,1708.9,
3271,43.36374,-122.16338,1710.2,
3272,43.36375,-122.16335,1710.3,
3273,43.36389,-122.16241,1714.1,
3274,43.36392,-122.16226,1714.5,
3275,43.36404,-122.16165,1715.2,
3276,43.3642,-122.16066,1716.1,
3277,43.36421,-122.16049,1716.2,
3278,43.36425,-122.15967,1717.5,
3279,43.36426,-122.15924,1719.2,
3280,43.36432,-122.15906,1720.1,
3281,43.36447,-122.15886,1720.2,
3282,43.36451,-122.1588,1720.2,
3283,43.36477,-122.15848,1722.6,
3284,43.36512,-122.15802,1727.8,
3285,43.36527,-122.15783,1729.5,
3286,43.36536,-122.15764,1730.7,
3287,43.36551,-122.15732,1732.4,
3288,43.36575,-122.15653,1732.3,
3289,43.36628,-122.15447,1735.8,
3290,43.36629,-122.15444,1735.9,
3291,43.36637,-122.15423,1736.9,
3292,43.36655,-122.15404,1738.5,
3293,43.36702,-122.1538,1740.5,
3294,43.36717,-122.15373,1740.9,
3295,43.36788,-122.15345,1744.0,
3296,43.36788,-122.15345,1744.0,
3297,43.36804,-122.15354,1745.0,
3298,43.36852,-122.15357,1746.9,
3299,43.36873,-122.15358,1747.0,
3300,43.3689,-122.15354,1746.9,
3301,43.3693,-122.15331,1746.4,
3302,43.36972,-122.15309,1749.2,
3303,43.36978,-122.15306,1749.6,
3304,43.36997,-122.15306,1749.9,
3305,43.37019,-122.15312,1749.1,
3306,43.3704,-122.15329,1747.1,
3307,43.37062,-122.15345,1744.8,
3308,43.3709,-122.15353,1743.6,
3309,43.37098,-122.15355,1744.0,
3310,43.37118,-122.1535,1748.3,
3311,43.37125,-122.15347,1749.8,
3312,43.37151,-122.15332,1752.3,
3313,43.37178,-122.15306,1750.3,
3314,43.37202,-122.15286,1748.5,
3315,43.37203,-122.15286,1748.4,
3316,43.3722,-122.15285,1747.2,
3317,43.3723,-122.15287,1746.6,
3318,43.37238,-122.1529,1746.2,
3319,43.3724,-122.1529,1746.0,
3320,43.37254,-122.1531,1745.7,
3321,43.37267,-122.15326,1745.0,
3322,43.3728,-122.15335,1743.3,
3323,43.37289,-122.15342,1742.0,
3324,43.37297,-122.15344,1741.6,
3325,43.37311,-122.15349,1741.3,
3326,43.37334,-122.1534,1743.2,
3327,43.37347,-122.15328,1743.7,
3328,43.37363,-122.15316,1744.3,
3329,43.37374,-122.15308,1744.6,
3330,43.37407,-122.1528,1744.6,
3331,43.37436,-122.15248,1733.7,
3332,43.37469,-122.15214,1731.7,
3333,43.37488,-122.152,1732.3,
3334,43.37507,-122.15197,1733.3,
3335,43.37516,-122.15198,1733.7,
3336,43.37545,-122.152,1734.4,
3337,43.37581,-122.15217,1738.7,
3338,43.37585,-122.15221,1739.0,
3339,43.37619,-122.15253,1741.1,
3340,43.37661,-122.15288,1740.8,
3341,43.37676,-122.15301,1739.5,
3342,43.37687,-122.1531,1737.7,
3343,43.37726,-122.15333,1731.2,
3344,43.37743,-122.15329,1731.7,
3345,43.37768,-122.1532,1737.5,
3346,43.37776,-122.15321,1738.8,
3347,43.37778,-122.15322,1739.0,
3348,43.37786,-122.15326,1739.8,
3349,43.37793,-122.15335,1739.7,
3350,43.378,-122.15346,1739.6,
3351,43.37826,-122.15374,1735.3,
3352,43.37848,-122.1538,1732.1,
3353,43.37868,-122.15368,1731.5,
3354,43.37887,-122.15361,1735.1,
3355,43.37895,-122.15358,1737.1,
3356,43.37904,-122.15363,1737.9,
3357,43.37923,-122.15375,1738.6,
3358,43.37964,-122.15408,1739.6,
3359,43.37967,-122.1541,1739.9,
3360,43.37987,-122.15431,1741.2,
3361,43.37994,-122.15443,1741.0,
3362,43.37999,-122.1545,1741.1,
3363,43.38011,-122.15473,1741.4,
3364,43.38022,-122.15509,1743.5,
3365,43.3803,-122.15566,1740.5,
3366,43.38043,-122.15604,1735.5,
3367,43.38073,-122.15675,1734.0,
3368,43.38083,-122.1571,1729.6,
3369,43.38084,-122.15715,1729.2,
3370,43.38086,-122.15759,1724.9,
3371,43.38092,-122.15776,1723.3,
3372,43.38094,-122.15781,1722.7,
3373,43.381,-122.15795,1721.2,
3374,43.38131,-122.15818,1720.0,
3375,43.38151,-122.15843,1717.7,
3376,43.38159,-122.15863,1717.5,
3377,43.38168,-122.15884,1718.3,
3378,43.38171,-122.15909,1718.4,
3379,43.38172,-122.15914,1718.4,
3380,43.38168,-122.15965,1717.2,
3381,43.38168,-122.16004,1716.2,
3382,43.3817,-122.1603,1715.0,
3383,43.38181,-122.16052,1715.6,
3384,43.38186,-122.16062,1716.0,
3385,43.38209,-122.16115,1716.8,
3386,43.3821,-122.16118,1716.7,
3387,43.38243,-122.16195,1713.0,
3388,43.38259,-122.1623,1711.0,
3389,43.38269,-122.16236,1710.9,
3390,43.38277,-122.16242,1710.7,
3391,43.38303,-122.1623,1711.4,
3392,43.38323,-122.16213,1711.9,
3393,43.38344,-122.16184,1712.8,
3394,43.38368,-122.16153,1713.6,
3395,43.38396,-122.16115,1713.9,
3396,43.38399,-122.1611,1713.9,
3397,43.38429,-122.16073,1712.3,
3398,43.38467,-122.16022,1711.2,
3399,43.38474,-122.16012,1711.1,
3400,43.38501,-122.15968,1710.9,
3401,43.38517,-122.15934,1712.1,
3402,43.38518,-122.15931,1712.3,
3403,43.38525,-122.15912,1713.7,
3404,43.38535,-122.15887,1715.0,
3405,43.38552,-122.15867,1715.6,
3406,43.38579,-122.15852,1715.9,
3407,43.3858,-122.15851,1716.0,
3408,43.38617,-122.15848,1716.3,
3409,43.38647,-122.15843,1716.9,
3410,43.3865,-122.15842,1716.9,
3411,43.38686,-122.15837,1717.4,
3412,43.3869,-122.15837,1717.5,
3413,43.38722,-122.15839,1717.9,
3414,43.38725,-122.15839,1718.0,
3415,43.38743,-122.15848,1718.0,
3416,43.38761,-122.15877,1716.7,
3417,43.38779,-122.15926,1712.7,
3418,43.38793,-122.15965,1709.2,
3419,43.38813,-122.16014,1704.7,
3420,43.38816,-122.16022,1703.8,
3421,43.38827,-122.16033,1702.7,
3422,43.38843,-122.16043,1702.6,
3423,43.38852,-122.16057,1701.9,
3424,43.38858,-122.16071,1701.1,
3425,43.38867,-122.16138,1695.7,
3426,43.38872,-122.16154,1695.2,
3427,43.38881,-122.16184,1694.6,
3428,43.3889,-122.16197,1694.6,
3429,43.38914,-122.16233,1694.3,
3430,43.38934,-122.16264,1694.7,
3431,43.3894,-122.16267,1694.9,
3432,43.38968,-122.16286,1695.6,
3433,43.3899,-122.16293,1695.5,
3434,43.39007,-122.16298,1695.3,
3435,43.39042,-122.16309,1694.5,
3436,43.39049,-122.16311,1694.3,
3437,43.39084,-122.16312,1693.4,
3438,43.39095,-122.1632,1692.7,
3439,43.39109,-122.16332,1692.0,
3440,43.39122,-122.16351,1691.2,
3441,43.3913,-122.16362,1690.9,
3442,43.39146,-122.16403,1689.1,
3443,43.3916,-122.16418,1688.3,
3444,43.39185,-122.16426,1687.6,
3445,43.39203,-122.16416,1688.1,
3446,43.39212,-122.16412,1688.2,
3447,43.39246,-122.16388,1690.6,
3448,43.39266,-122.16383,1691.8,
3449,43.39281,-122.16386,1692.2,
3450,43.39287,-122.16392,1691.9,
3451,43.39298,-122.16402,1692.0,
3452,43.39322,-122.16421,1693.4,
3453,43.39346,-122.16448,1696.4,
3454,43.39444,-122.16562,1699.4,
3455,43.39469,-122.16574,1699.3,
3456,43.39528,-122.16551,1701.1,
3457,43.39527,-122.16546,1701.6,
3458,43.39546,-122.16542,1703.6,
3459,43.39572,-122.16551,1704.8,
3460,43.39602,-122.16596,1706.1,
3461,43.3964,-122.16686,1705.5,
3462,43.39668,-122.16716,1706.7,
3463,43.39691,-122.16719,1708.8,
3464,43.39707,-122.16714,1709.1,
3465,43.39719,-122.16697,1707.6,
3466,43.39731,-122.16674,1705.2,
3467,43.39762,-122.16636,1701.5,
3468,43.3978,-122.16625,1699.6,
3469,43.39832,-122.16603,1693.5,
3470,43.39866,-122.16583,1687.9,
3471,43.3988,-122.16578,1687.2,
3472,43.39891,-122.16576,1687.2,
3473,43.39899,-122.16577,1687.0,
3474,43.39907,-122.16581,1686.7,
3475,43.39915,-122.16588,1686.3,
3476,43.39935,-122.16621,1682.2,
3477,43.39949,-122.16639,1678.5,
3478,43.39958,-122.1665,1676.5,
3479,43.3997,-122.16658,1675.3,
3480,43.39981,-122.16662,1674.6,
3481,43.39998,-122.16665,1674.2,
3482,43.40031,-122.16665,1673.4,
3483,43.4006,-122.16663,1673.0,
3484,43.40073,-122.16665,1672.8,
3485,43.40084,-122.16668,1672.6,
3486,43.401,-122.16677,1670.1,
3487,43.40169,-122.16722,1665.1,
3488,43.40178,-122.16724,1665.3,
3489,43.40267,-122.16777,1657.9,
3490,43.4035,-122.16822,1649.5,
3491,43.40353,-122.16822,1649.4,
3492,43.40384,-122.16827,1648.7,
3493,43.40434,-122.1682,1645.0,
3494,43.40478,-122.16816,1640.8,
3495,43.40505,-122.16814,1639.9,
3496,43.40545,-122.16806,1638.7,
3497,43.4055,-122.16805,1638.5,
3498,43.40609,-122.16794,1636.2,
3499,43.40621,-122.16792,1635.9,
3500,43.40657,-122.16785,1635.6,
3501,43.406629,-122.167857,1635.4,
3502,43.40663,-122.16788,1635.3,
3503,43.40704,-122.16791,1632.6,
3504,43.4076,-122.16802,1629.8,
3505,43.40816,-122.16813,1626.2,
3506,43.40834,-122.16811,1625.3,
3507,43.40843,-122.16808,1625.0,
3508,43.408589,-122.16798,1624.6,
3509,43.40875,-122.16775,1623.6,
3510,43.40881,-122.16762,1622.2,
3511,43.40885,-122.16739,1619.8,
3512,43.40884,-122.16726,1619.1,
3513,43.40879,-122.16701,1617.8,
3514,43.40851,-122.16642,1610.2,
3515,43.40849,-122.16628,1609.2,
3516,43.40848,-122.16606,1608.1,
3517,43.408589,-122.16581,1605.0,
3518,43.40861,-122.16571,1603.9,
3519,43.4086,-122.16554,1602.7,
3520,43.40828,-122.16492,1603.9,
3521,43.40795,-122.1643,1604.7,
3522,43.40747,-122.16343,1607.0,
3523,43.40697,-122.16274,1607.1,
3524,43.40681,-122.16246,1606.7,
3525,43.4065,-122.16165,1605.0,
3526,43.40619,-122.16083,1606.0,
3527,43.40607,-122.16042,1606.2,
3528,43.40592,-122.15966,1606.1,
3529,43.405769,-122.15891,1604.8,
3530,43.40566,-122.15866,1605.1,
3531,43.40549,-122.15833,1604.9,
3532,43.40499,-122.15767,1604.8,
3533,43.40487,-122.15745,1604.9,
3534,43.40477,-122.15721,1605.7,
3535,43.40447,-122.15612,1605.3,
3536,43.40432,-122.1558,1605.0,
3537,43.40416,-122.15555,1605.3,
3538,43.40396,-122.15536,1606.6,
3539,43.40361,-122.15514,1609.1,
3540,43.40349,-122.155,1609.0,
3541,43.40341,-122.15487,1608.8,
3542,43.40335,-122.15471,1608.0,
3543,43.403239,-122.15449,1607.9,
3544,43.40311,-122.1543,1608.3,
3545,43.40263,-122.15376,1607.9,
3546,43.40251,-122.15359,1607.8,
3547,43.40216,-122.15286,1607.8,
3548,43.40172,-122.15205,1607.2,
3549,43.401269,-122.15128,1605.3,
3550,43.4012,-122.15102,1603.4,
3551,43.40119,-122.15084,1601.8,
3552,43.40121,-122.15015,1597.2,
3553,43.401269,-122.14942,1595.3,
3554,43.40134,-122.1487,1595.1,
3555,43.40137,-122.14774,1596.4,
3556,43.40137,-122.14743,1599.1,
3557,43.40134,-122.1472,1600.9,
3558,43.40129,-122.14698,1601.4,
3559,43.40117,-122.14659,1602.1,
3560,43.40108,-122.14641,1603.7,
3561,43.40078,-122.14594,1612.4,
3562,43.40065,-122.1457,1613.9,
3563,43.40059,-122.14553,1614.5,
3564,43.40057,-122.14535,1614.2,
3565,43.40059,-122.14516,1613.7,
3566,43.40063,-122.14502,1613.5,
3567,43.4007,-122.14487,1614.3,
3568,43.40081,-122.14471,1615.9,
3569,43.40102,-122.1445,1618.7,
3570,43.40153,-122.14409,1623.0,
3571,43.4017,-122.144,1625.0,
3572,43.401829,-122.14398,1625.3,
3573,43.40255,-122.14404,1626.7,
3574,43.402679,-122.144,1625.9,
3575,43.4028,-122.14389,1625.7,
3576,43.40288,-122.14378,1625.6,
3577,43.40293,-122.14365,1626.0,
3578,43.40305,-122.14275,1624.3,
3579,43.40311,-122.14247,1619.6,
3580,43.4032,-122.14226,1618.4,
3581,43.40365,-122.14153,1618.8,
3582,43.40404,-122.14102,1617.5,
3583,43.40416,-122.14082,1617.0,
3584,43.40425,-122.14059,1617.8,
3585,43.40433,-122.14036,1618.3,
3586,43.40448,-122.13965,1619.3,
3587,43.40464,-122.13909,1618.4,
3588,43.40491,-122.13855,1620.9,
3589,43.40537,-122.13785,1623.3,
3590,43.40576,-122.13733,1629.2,
3591,43.4059,-122.13716,1631.2,
3592,43.4062,-122.13694,1635.9,
3593,43.40655,-122.13671,1641.0,
3594,43.40681,-122.13657,1644.4,
3595,43.40696,-122.13643,1647.3,
3596,43.40714,-122.13624,1649.9,
3597,43.40735,-122.13593,1651.4,
3598,43.40744,-122.13575,1651.3,
3599,43.4075,-122.13563,1651.0,
3600,43.40753,-122.13544,1650.4,
3601,43.40757,-122.13484,1649.2,
3602,43.4076,-122.13466,1649.4,
3603,43.407649,-122.13445,1649.9,
3604,43.40785,-122.13392,1650.6,
3605,43.40796,-122.13358,1650.9,
3606,43.40801,-122.13336,1650.7,
3607,43.408029,-122.13321,1650.4,
3608,43.40801,-122.13294,1650.2,
3609,43.40793,-122.13272,1650.9,
3610,43.40787,-122.1326,1651.5,
3611,43.40757,-122.13215,1652.5,
3612,43.40747,-122.13195,1652.4,
3613,43.40741,-122.13181,1652.2,
3614,43.40733,-122.1314,1651.1,
3615,43.40733,-122.13108,1649.3,
3616,43.40741,-122.13076,1646.4,
3617,43.40748,-122.13063,1645.8,
3618,43.40789,-122.12999,1644.1,
3619,43.40796,-122.12988,1644.0,
3620,43.40801,-122.12973,1644.0,
3621,43.40807,-122.12943,1644.3,
3622,43.40807,-122.12928,1644.4,
3623,43.408029,-122.12888,1644.3,
3624,43.40802,-122.12865,1644.1,
3625,43.40805,-122.12823,1643.1,
3626,43.40809,-122.12808,1642.8,
3627,43.40816,-122.12793,1642.4,
3628,43.40823,-122.12782,1642.0,
3629,43.40833,-122.12772,1641.5,
3630,43.40853,-122.12758,1640.6,
3631,43.40895,-122.12733,1638.2,
3632,43.40902,-122.12723,1637.4,
3633,43.40916,-122.12695,1635.5,
3634,43.40932,-122.12636,1629.3,
3635,43.40942,-122.12607,1628.2,
3636,43.40954,-122.12582,1627.9,
3637,43.409999,-122.12519,1631.2,
3638,43.41053,-122.12461,1628.5,
3639,43.41062,-122.12446,1627.6,
3640,43.41066,-122.12434,1627.1,
3641,43.41071,-122.12405,1625.8,
3642,43.41071,-122.12391,1624.9,
3643,43.41058,-122.12286,1620.0,
3644,43.41057,-122.12262,1620.6,
3645,43.41058,-122.12249,1620.4,
3646,43.41062,-122.12229,1619.4,
3647,43.41067,-122.1221,1618.3,
3648,43.410739,-122.12193,1616.7,
3649,43.41083,-122.1218,1614.9,
3650,43.41096,-122.12165,1612.8,
3651,43.41117,-122.1215,1610.0,
3652,43.41136,-122.12142,1610.1,
3653,43.41221,-122.12138,1618.4,
3654,43.41229,-122.12136,1618.4,
3655,43.41237,-122.1213,1618.7,
3656,43.41246,-122.12121,1618.8,
3657,43.41263,-122.12097,1617.5,
3658,43.41275,-122.12068,1616.5,
3659,43.4128,-122.12042,1618.0,
3660,43.41292,-122.12016,1618.0,
3661,43.412999,-122.12008,1617.6,
3662,43.41319,-122.12001,1616.3,
3663,43.4134,-122.12002,1614.8,
3664,43.41382,-122.12014,1613.2,
3665,43.41395,-122.12019,1613.2,
3666,43.41407,-122.12018,1613.5,
3667,43.41413,-122.12012,1613.8,
3668,43.41418,-122.11994,1614.7,
3669,43.4142,-122.11949,1617.2,
3670,43.41421,-122.11916,1618.8,
3671,43.41426,-122.11899,1619.8,
3672,43.41435,-122.11877,1621.1,
3673,43.414409,-122.11851,1622.0,
3674,43.41446,-122.11822,1624.4,
3675,43.41447,-122.11784,1625.7,
3676,43.41443,-122.11761,1625.1,
3677,43.41428,-122.11763,1622.2,
3678,43.41417,-122.1176,1620.9,
3679,43.41408,-122.11752,1620.1,
3680,43.414,-122.1174,1619.2,
3681,43.41384,-122.11672,1616.0,
3682,43.41353,-122.11645,1610.6,
3683,43.4135,-122.11678,1610.7,
3684,43.41342,-122.11693,1610.8,
3685,43.4133,-122.11709,1610.9,
3686,43.41305,-122.11729,1611.0,
3687,43.41287,-122.1174,1610.9,
3688,43.41249,-122.11754,1610.7,
3689,43.41239,-122.11754,1610.6,
3690,43.41216,-122.1175,1610.4,
3691,43.41208,-122.11745,1610.3,
3692,43.411679,-122.11713,1610.0,
3693,43.41158,-122.11698,1609.4,
3694,43.41152,-122.1169,1609.1,
3695,43.41099,-122.11656,1610.0,
3696,43.4109,-122.11641,1609.9,
3697,43.41081,-122.11631,1610.0,
3698,43.410739,-122.11628,1610.2,
3699,43.4106,-122.11628,1611.1,
3700,43.41032,-122.11639,1613.4,
3701,43.4102,-122.11648,1614.3,
3702,43.4099,-122.11686,1616.0,
3703,43.40982,-122.11708,1616.4,
3704,43.40978,-122.11746,1615.0,
3705,43.4097,-122.11801,1615.1,
3706,43.40975,-122.11821,1611.5,
3707,43.40972,-122.11843,1611.0,
3708,43.40963,-122.11873,1614.0,
3709,43.40964,-122.11894,1612.7,
3710,43.4097,-122.11917,1610.8,
3711,43.40976,-122.11928,1610.5,
3712,43.410089,-122.11978,1611.1,
3713,43.4104,-122.1201,1610.0,
3714,43.41085,-122.12044,1609.9,
3715,43.41098,-122.12065,1609.9,
3716,43.41105,-122.1208,1610.0,
3717,43.41113,-122.12107,1610.0,
3718,43.41117,-122.12129,1610.1,
3719,43.41117,-122.1215,1610.0,
3720,43.41125,-122.12205,1606.7,
3721,43.41125,-122.12233,1600.7,
3722,43.4112,-122.12241,1601.5,
3723,43.41108,-122.12248,1605.1,
3724,43.41105,-122.12283,1603.4,
3725,43.41106,-122.12311,1599.8,
3726,43.41106,-122.12311,1599.8,
3727,43.41108,-122.1236,1590.8,
3728,43.41106,-122.12462,1600.9,
3729,43.4111,-122.12516,1597.5,
3730,43.4111,-122.12546,1595.0,
3731,43.411119,-122.12572,1590.6,
3732,43.41137,-122.12528,1583.1,
3733,43.41152,-122.12552,1575.9,
3734,43.41164,-122.12543,1570.9,
3735,43.411679,-122.12524,1567.6,
3736,43.411679,-122.12491,1562.7,
3737,43.41182,-122.12522,1562.7,
3738,43.4122,-122.12555,1553.5,
3739,43.412529,-122.12575,1549.9,
3740,43.41301,-122.12593,1547.5,
3741,43.41334,-122.12601,1545.8,
3742,43.41362,-122.12613,1543.4,
3743,43.41414,-122.12616,1540.1,
3744,43.414409,-122.12633,1537.3,
3745,43.41452,-122.12644,1537.0,
3746,43.41457,-122.12652,1537.3,
3747,43.41474,-122.12683,1537.6,
3748,43.4148,-122.12693,1537.3,
3749,43.41509,-122.12727,1534.6,
3750,43.4152,-122.12745,1534.4,
3751,43.415439,-122.128,1535.8,
3752,43.41552,-122.12811,1535.7,
3753,43.41592,-122.12841,1531.0,
3754,43.41603,-122.12855,1528.7,
3755,43.41612,-122.1287,1526.8,
3756,43.41618,-122.12884,1526.3,
3757,43.41627,-122.12936,1523.1,
3758,43.4163,-122.12945,1521.8,
3759,43.41634,-122.12953,1520.2,
3760,43.41641,-122.12958,1518.6,
3761,43.41683,-122.12965,1517.9,
3762,43.41687,-122.1297,1517.1,
3763,43.41688,-122.12976,1516.2,
3764,43.416759,-122.12997,1510.6,
3765,43.41724,-122.13009,1505.5,
3766,43.41679,-122.1303,1494.9,
3767,43.41701,-122.13041,1492.1,
3768,43.41719,-122.13058,1485.0,
3769,43.417589,-122.13072,1479.6,
3770,43.41696,-122.13077,1474.0,
3771,43.4174,-122.13115,1466.5,
3772,43.41697,-122.13121,1461.0,
3773,43.41718,-122.13158,1452.2,
3774,43.41744,-122.13186,1440.0,
3775,43.4171,-122.13179,1439.9,
3776,43.41706,-122.13199,1431.2,
3777,43.41705,-122.13214,1426.9,
3778,43.41712,-122.1325,1418.4,
3779,43.41713,-122.13272,1414.3,
3780,43.41706,-122.13324,1402.6,
3781,43.41707,-122.13357,1400.0,
3782,43.41705,-122.13374,1398.5,
3783,43.41675,-122.13449,1384.0,
3784,43.41659,-122.13502,1377.9,
3785,43.41657,-122.13518,1376.5,
3786,43.4166,-122.13548,1374.7,
3787,43.4166,-122.13565,1373.3,
3788,43.41657,-122.13575,1372.1,
3789,43.41643,-122.13604,1367.5,
3790,43.41636,-122.13624,1365.0,
3791,43.41633,-122.13637,1363.9,
3792,43.41626,-122.13723,1357.9,
3793,43.41631,-122.13776,1354.2,
3794,43.41631,-122.13792,1353.0,
3795,43.41628,-122.13806,1351.5,
3796,43.41612,-122.13858,1345.0,
3797,43.41611,-122.1387,1343.8,
3798,43.41613,-122.13909,1342.7,
3799,43.41602,-122.13975,1338.2,
3800,43.41595,-122.14047,1334.6,
3801,43.41585,-122.14122,1329.5,
3802,43.41586,-122.14194,1326.1,
3803,43.41588,-122.14222,1324.8,
3804,43.41583,-122.14267,1319.2,
3805,43.41583,-122.14278,1318.0,
3806,43.41586,-122.14295,1317.1,
3807,43.4159,-122.14305,1317.2,
3808,43.41604,-122.14328,1319.6,
3809,43.41627,-122.14378,1321.8,
3810,43.41658,-122.14418,1327.5,
3811,43.41665,-122.14431,1328.9,
3812,43.416849,-122.1452,1319.8,
3813,43.41698,-122.14556,1316.9,
3814,43.41702,-122.14574,1314.7,
3815,43.41702,-122.14591,1311.9,
3816,43.41699,-122.146,1309.6,
3817,43.41677,-122.14628,1298.1,
3818,43.41674,-122.14641,1295.1,
3819,43.41675,-122.14671,1291.1,
3820,43.4167,-122.14683,1287.6,
3821,43.41654,-122.14695,1280.2,
3822,43.41646,-122.14705,1276.0,
3823,43.41644,-122.14714,1273.7,
3824,43.41648,-122.14765,1267.4,
3825,43.416469,-122.14826,1265.5,
3826,43.41645,-122.14847,1264.9,
3827,43.41639,-122.14876,1263.6,
3828,43.41636,-122.14886,1263.0,
3829,43.41618,-122.14924,1259.8,
3830,43.41615,-122.14935,1259.2,
3831,43.41616,-122.14998,1256.5,
3832,43.41619,-122.1502,1256.1,
3833,43.41644,-122.15069,1256.5,
3834,43.41677,-122.15114,1257.1,
3835,43.416849,-122.15131,1256.5,
3836,43.417029,-122.15189,1254.6,
3837,43.41712,-122.15231,1251.8,
3838,43.41715,-122.1526,1249.2,
3839,43.41717,-122.1532,1243.8,
3840,43.41729,-122.15402,1239.8,
3841,43.41729,-122.1543,1237.3,
3842,43.41733,-122.15449,1236.4,
3843,43.41761,-122.15538,1231.0,
3844,43.41775,-122.15604,1225.7,
3845,43.41791,-122.15643,1223.3,
3846,43.41798,-122.15652,1223.5,
3847,43.41808,-122.15659,1224.1,
3848,43.41816,-122.15662,1224.9,
3849,43.418259,-122.15665,1225.6,
3850,43.41855,-122.15662,1228.8,
3851,43.41875,-122.1567,1228.3,
3852,43.41887,-122.15678,1227.3,
3853,43.41892,-122.15683,1226.5,
3854,43.41898,-122.15693,1224.8,
3855,43.4191,-122.15738,1213.6,
3856,43.41919,-122.15759,1209.4,
3857,43.41946,-122.15813,1204.4,
3858,43.41981,-122.15857,1204.3,
3859,43.41977,-122.15876,1199.4,
3860,43.41991,-122.15894,1198.0,
3861,43.42007,-122.15911,1195.6,
3862,43.41988,-122.15926,1187.9,
3863,43.42011,-122.1595,1182.7,
3864,43.41997,-122.15974,1178.5,
3865,43.420229,-122.16004,1176.1,
3866,43.42027,-122.16015,1175.2,
3867,43.42026,-122.1603,1173.7,
3868,43.42012,-122.16087,1168.2,
3869,43.42001,-122.16137,1164.5,
3870,43.41992,-122.16166,1162.3,
3871,43.4199,-122.16182,1161.2,
3872,43.41993,-122.16196,1160.4,
3873,43.41998,-122.16206,1159.9,
3874,43.42012,-122.16219,1159.6,
3875,43.42051,-122.16236,1159.0,
3876,43.42083,-122.16254,1158.3,
3877,43.42096,-122.16266,1158.0,
3878,43.42113,-122.16291,1157.5,
3879,43.42119,-122.16296,1157.4,
3880,43.421259,-122.163,1157.4,
3881,43.42136,-122.16298,1157.7,
3882,43.42142,-122.16295,1158.0,
3883,43.42165,-122.16269,1159.8,
3884,43.42181,-122.16255,1161.1,
3885,43.421909,-122.16251,1161.4,
3886,43.42198,-122.16252,1161.3,
3887,43.4221,-122.16259,1160.4,
3888,43.42282,-122.16324,1156.7,
3889,43.42296,-122.16331,1156.4,
3890,43.42336,-122.16341,1156.2,
3891,43.42363,-122.16354,1156.1,
3892,43.42396,-122.16376,1156.2,
3893,43.42412,-122.1639,1156.2,
3894,43.424259,-122.16405,1156.1,
3895,43.42463,-122.16455,1155.7,
3896,43.42489,-122.16482,1156.3,
3897,43.42507,-122.16508,1156.2,
3898,43.42519,-122.16539,1155.6,
3899,43.42534,-122.16603,1155.6,
3900,43.42542,-122.16621,1156.0,
3901,43.42549,-122.16632,1156.3,
3902,43.42562,-122.16645,1156.9,
3903,43.42595,-122.16665,1158.5,
3904,43.42628,-122.16691,1161.1,
3905,43.42648,-122.1671,1161.4,
3906,43.427079,-122.16774,1161.9,
3907,43.42716,-122.16789,1160.7,
3908,43.42724,-122.16811,1158.7,
3909,43.427259,-122.16824,1157.6,
3910,43.427259,-122.16867,1156.3,
3911,43.42728,-122.16879,1156.6,
3912,43.427349,-122.16894,1157.7,
3913,43.42745,-122.16906,1159.5,
3914,43.42754,-122.16914,1161.3,
3915,43.42808,-122.16954,1166.8,
3916,43.42846,-122.16989,1165.4,
3917,43.42864,-122.17021,1164.3,
3918,43.42886,-122.17093,1157.3,
3919,43.42906,-122.17134,1156.9,
3920,43.42916,-122.17147,1157.8,
3921,43.42954,-122.17191,1157.5,
3922,43.42992,-122.17235,1155.9,
3923,43.43001,-122.17249,1156.1,
3924,43.43022,-122.17292,1156.5,
3925,43.43032,-122.17307,1156.7,
3926,43.43051,-122.17328,1156.6,
3927,43.4306,-122.17341,1156.0,
3928,43.43072,-122.17367,1154.7,
3929,43.43082,-122.17396,1153.9,
3930,43.43087,-122.17414,1153.4,
3931,43.43092,-122.17446,1151.9,
3932,43.43098,-122.17465,1151.1,
3933,43.43131,-122.17546,1148.2,
3934,43.43152,-122.17603,1146.5,
3935,43.43191,-122.17666,1146.0,
3936,43.432229,-122.17712,1146.4,
3937,43.43231,-122.17731,1145.9,
3938,43.432429,-122.17765,1144.6,
3939,43.43247,-122.17785,1143.7,
3940,43.43248,-122.17805,1143.0,
3941,43.43245,-122.17823,1142.3,
3942,43.43228,-122.17861,1141.1,
3943,43.43213,-122.17917,1140.1,
3944,43.43207,-122.17926,1140.1,
3945,43.43201,-122.1793,1140.2,
3946,43.43175,-122.17938,1141.3,
3947,43.43169,-122.17947,1141.7,
3948,43.43168,-122.17961,1141.8,
3949,43.43173,-122.17979,1141.6,
3950,43.43186,-122.18002,1141.0,
3951,43.431959,-122.18014,1140.5,
3952,43.43208,-122.18023,1140.1,
3953,43.4322,-122.18029,1139.5,
3954,43.43242,-122.18035,1138.4,
3955,43.43255,-122.1804,1137.9,
3956,43.43265,-122.18051,1137.5,
3957,43.432989,-122.1813,1136.8,
3958,43.43336,-122.18187,1134.9,
3959,43.43362,-122.18209,1133.9,
3960,43.43372,-122.18221,1133.5,
3961,43.43396,-122.18257,1132.6,
3962,43.43409,-122.18283,1132.0,
3963,43.43431,-122.1831,1130.9,
3964,43.43441,-122.18335,1130.3,
3965,43.43452,-122.18348,1129.9,
3966,43.43472,-122.18368,1128.8,
3967,43.43485,-122.18373,1128.1,
3968,43.43527,-122.18386,1125.8,
3969,43.43568,-122.18406,1123.4,
3970,43.43619,-122.18441,1123.0,
3971,43.4366,-122.18462,1122.9,
3972,43.43674,-122.18468,1122.8,
3973,43.437109,-122.1847,1122.4,
3974,43.4372,-122.18476,1122.3,
3975,43.43724,-122.18482,1122.3,
3976,43.4373,-122.18494,1122.1,
3977,43.43735,-122.18513,1121.9,
3978,43.43737,-122.18537,1121.5,
3979,43.437399,-122.18613,1121.0,
3980,43.43743,-122.18624,1120.9,
3981,43.43748,-122.18636,1120.8,
3982,43.43772,-122.18673,1120.3,
3983,43.43792,-122.18717,1119.5,
3984,43.43806,-122.18738,1118.8,
3985,43.438249,-122.18762,1117.6,
3986,43.43858,-122.1879,1114.1,
3987,43.43889,-122.18839,1111.4,
3988,43.4392,-122.18888,1111.0,
3989,43.439459,-122.18922,1111.8,
3990,43.439549,-122.18937,1111.6,
3991,43.43963,-122.18956,1111.1,
3992,43.43969,-122.18985,1110.2,
3993,43.43977,-122.19003,1109.5,
3994,43.44001,-122.19028,1108.3,
3995,43.44013,-122.19044,1107.9,
3996,43.44025,-122.19057,1107.4,
3997,43.44073,-122.19101,1105.4,
3998,43.44082,-122.19112,1104.7,
3999,43.44095,-122.19153,1102.7,
4000,43.44103,-122.19172,1101.4,
4001,43.44119,-122.19202,1099.6,
4002,43.4414,-122.1925,1099.5,
4003,43.44147,-122.1927,1099.5,
4004,43.44149,-122.19284,1099.6,
4005,43.4415,-122.19339,1099.0,
4006,43.44152,-122.19357,1098.5,
4007,43.441719,-122.19359,1097.6,
4008,43.44185,-122.19357,1097.2,
4009,43.44195,-122.19351,1097.0,
4010,43.44223,-122.19326,1096.8,
4011,43.44254,-122.19292,1096.5,
4012,43.442659,-122.19281,1096.5,
4013,43.44272,-122.19307,1096.4,
4014,43.44274,-122.19323,1096.2,
4015,43.4427,-122.19355,1096.0,
4016,43.44277,-122.19414,1095.6,
4017,43.44277,-122.19455,1095.2,
4018,43.44282,-122.19487,1094.7,
4019,43.44286,-122.19497,1094.5,
4020,43.44292,-122.19506,1094.3,
4021,43.44305,-122.19514,1094.0,
4022,43.44349,-122.19532,1093.1,
4023,43.44382,-122.19557,1091.7,
4024,43.44406,-122.19565,1091.1,
4025,43.44428,-122.19578,1090.2,
4026,43.44437,-122.19587,1089.7,
4027,43.44449,-122.19605,1088.6,
4028,43.44462,-122.19643,1087.5,
4029,43.44466,-122.19652,1087.4,
4030,43.44474,-122.19663,1087.6,
4031,43.44491,-122.19677,1086.5,
4032,43.44506,-122.19695,1086.4,
4033,43.44516,-122.19704,1086.4,
4034,43.44544,-122.19719,1086.4,
4035,43.44561,-122.19739,1085.2,
4036,43.44601,-122.1976,1084.6,
4037,43.44619,-122.19778,1084.7,
4038,43.44642,-122.1982,1085.0,
4039,43.446599,-122.19838,1085.0,
4040,43.446689,-122.19849,1084.7,
4041,43.44673,-122.1986,1084.6,
4042,43.44697,-122.19926,1084.6,
4043,43.44721,-122.19992,1084.6,
4044,43.44728,-122.20007,1084.6,
4045,43.447539,-122.20052,1084.6,
4046,43.44768,-122.20095,1084.6,
4047,43.447719,-122.2012,1084.6,
4048,43.44777,-122.20138,1084.6,
4049,43.44782,-122.20147,1084.9,
4050,43.44809,-122.20171,1087.2,
4051,43.448189,-122.20182,1088.2,
4052,43.44827,-122.20196,1088.8,
4053,43.44842,-122.20229,1089.5,
4054,43.44849,-122.20256,1089.2,
4055,43.4485,-122.20284,1088.4,
4056,43.4485,-122.20312,1087.5,
4057,43.44852,-122.20327,1087.3,
4058,43.44859,-122.20351,1087.6,
4059,43.44862,-122.20374,1087.6,
4060,43.44862,-122.20386,1087.4,
4061,43.44855,-122.20431,1086.6,
4062,43.44853,-122.20447,1086.3,
4063,43.44855,-122.20482,1086.0,
4064,43.44858,-122.20504,1085.9,
4065,43.44863,-122.20516,1086.1,
4066,43.44877,-122.2054,1086.5,
4067,43.4489,-122.20571,1086.5,
4068,43.44899,-122.20585,1086.5,
4069,43.44927,-122.20622,1086.9,
4070,43.4493,-122.2063,1086.7,
4071,43.44939,-122.20661,1085.6,
4072,43.44943,-122.20686,1083.8,
4073,43.44947,-122.20701,1083.1,
4074,43.449599,-122.20726,1082.6,
4075,43.449689,-122.2075,1082.3,
4076,43.44971,-122.20766,1081.9,
4077,43.44972,-122.20819,1080.5,
4078,43.44975,-122.20852,1080.6,
4079,43.44991,-122.20936,1074.2,
4080,43.45018,-122.21015,1069.3,
4081,43.450249,-122.21029,1068.9,
4082,43.45037,-122.21047,1069.0,
4083,43.45079,-122.21096,1068.1,
4084,43.4512,-122.21133,1064.6,
4085,43.4516,-122.2117,1062.1,
4086,43.4517,-122.21175,1061.6,
4087,43.45197,-122.21177,1063.1,
4088,43.4521,-122.21186,1063.2,
4089,43.45225,-122.21209,1062.0,
4090,43.45235,-122.2123,1060.7,
4091,43.45241,-122.21245,1059.8,
4092,43.45247,-122.21282,1057.4,
4093,43.45254,-122.21302,1056.5,
4094,43.45264,-122.21316,1056.0,
4095,43.45302,-122.21353,1052.8,
4096,43.45346,-122.21407,1049.6,
4097,43.45365,-122.21434,1048.5,
4098,43.45391,-122.21475,1046.7,
4099,43.454,-122.21485,1046.2,
4100,43.4544,-122.21506,1045.2,
4101,43.45503,-122.21558,1041.9,
4102,43.45524,-122.21572,1041.4,
4103,43.45582,-122.21596,1043.2,
4104,43.45639,-122.216,1046.0,
4105,43.45679,-122.21607,1044.8,
4106,43.45704,-122.21614,1043.1,
4107,43.45728,-122.21625,1040.9,
4108,43.45743,-122.21628,1039.7,
4109,43.45805,-122.21629,1034.1,
4110,43.45824,-122.21626,1032.2,
4111,43.45846,-122.21617,1030.7,
4112,43.45876,-122.21611,1028.9,
4113,43.459359,-122.21609,1025.9,
4114,43.45942,-122.21601,1026.0,
4115,43.45941,-122.21569,1027.7,
4116,43.45949,-122.21553,1028.3,
4117,43.45966,-122.21563,1027.0,
4118,43.45973,-122.21565,1026.7,
4119,43.46028,-122.21595,1024.3,
4120,43.46042,-122.21606,1023.7,
4121,43.4605,-122.21622,1023.1,
4122,43.46056,-122.21641,1022.3,
4123,43.46064,-122.21656,1021.6,
4124,43.460859,-122.21676,1020.7,
4125,43.46101,-122.21683,1020.3,
4126,43.4612,-122.21687,1020.1,
4127,43.46135,-122.21693,1019.9,
4128,43.46184,-122.21726,1019.4,
4129,43.46193,-122.21738,1019.2,
4130,43.46197,-122.21747,1018.8,
4131,43.46214,-122.2179,1016.8,
4132,43.4623,-122.21818,1015.6,
4133,43.46251,-122.21865,1013.4,
4134,43.4626,-122.21881,1012.7,
4135,43.4628,-122.21905,1011.7,
4136,43.46289,-122.21915,1011.2,
4137,43.46303,-122.21925,1010.9,
4138,43.463389,-122.21935,1010.1,
4139,43.46349,-122.21941,1009.9,
4140,43.46362,-122.21952,1009.5,
4141,43.463859,-122.21978,1008.4,
4142,43.46443,-122.2202,1006.3,
4143,43.46456,-122.22032,1005.9,
4144,43.4646,-122.22039,1005.5,
4145,43.46483,-122.22095,1003.3,
4146,43.4649,-122.22109,1002.6,
4147,43.46499,-122.22119,1002.0,
4148,43.46528,-122.22147,1000.8,
4149,43.46552,-122.22173,1000.5,
4150,43.46567,-122.22195,1000.0,
4151,43.46591,-122.22245,999.0,
4152,43.46601,-122.22255,999.0,
4153,43.46614,-122.22262,999.3,
4154,43.46646,-122.2227,1000.3,
4155,43.46658,-122.22279,1001.2,
4156,43.46662,-122.22286,1001.6,
4157,43.46663,-122.22293,1001.6,
4158,43.46662,-122.22303,1001.3,
4159,43.46655,-122.22325,1000.5,
4160,43.46652,-122.22345,1000.1,
4161,43.46649,-122.22421,999.0,
4162,43.46651,-122.22444,999.0,
4163,43.46655,-122.22462,999.1,
4164,43.46661,-122.22481,999.4,
4165,43.46688,-122.22542,1000.4,
4166,43.4671,-122.22625,999.8,
4167,43.46711,-122.22648,999.4,
4168,43.467149,-122.22664,999.3,
4169,43.46722,-122.22678,999.2,
4170,43.46728,-122.22686,999.2,
4171,43.4675,-122.2271,999.1,
4172,43.4676,-122.22726,998.9,
4173,43.46767,-122.22734,998.8,
4174,43.46791,-122.22743,999.1,
4175,43.46803,-122.2275,999.2,
4176,43.468089,-122.22757,999.2,
4177,43.46849,-122.2283,996.9,
4178,43.46871,-122.22862,994.9,
4179,43.468829,-122.22891,992.1,
4180,43.46892,-122.22905,991.2,
4181,43.46952,-122.22971,982.3,
4182,43.4697,-122.22975,981.6,
4183,43.46964,-122.23015,976.8,
4184,43.46967,-122.23025,976.7,
4185,43.469769,-122.23039,976.9,
4186,43.46986,-122.23043,976.9,
4187,43.47036,-122.23042,975.0,
4188,43.4705,-122.23047,974.3,
4189,43.47067,-122.23064,973.5,
4190,43.4709,-122.23093,973.2,
4191,43.47155,-122.2313,973.2,
4192,43.47183,-122.23151,973.2,
4193,43.47198,-122.23164,973.3,
4194,43.47211,-122.23185,973.4,
4195,43.47237,-122.23245,973.4,
4196,43.47249,-122.2328,973.6,
4197,43.47257,-122.23314,974.9,
4198,43.4726,-122.23331,976.1,
4199,43.47261,-122.23352,977.0,
4200,43.472499,-122.23458,971.1,
4201,43.472499,-122.23481,968.6,
4202,43.47257,-122.23497,968.2,
4203,43.47267,-122.23515,967.9,
4204,43.47271,-122.23525,967.2,
4205,43.47286,-122.23569,961.6,
4206,43.47293,-122.23584,959.7,
4207,43.47309,-122.23609,958.4,
4208,43.47319,-122.2363,956.9,
4209,43.47333,-122.23654,954.9,
4210,43.47339,-122.23666,954.4,
4211,43.47346,-122.23687,953.7,
4212,43.47354,-122.23701,953.5,
4213,43.47384,-122.2373,952.9,
4214,43.47411,-122.23768,951.6,
4215,43.47422,-122.23779,952.1,
4216,43.47431,-122.23784,953.0,
4217,43.47455,-122.23789,956.3,
4218,43.47461,-122.23797,956.7,
4219,43.47487,-122.23842,959.0,
4220,43.47508,-122.23873,962.7,
4221,43.47518,-122.2389,964.8,
4222,43.47523,-122.23903,965.3,
4223,43.47527,-122.23915,965.4,
4224,43.47534,-122.23955,963.8,
4225,43.47544,-122.24001,963.1,
4226,43.47551,-122.24049,960.7,
4227,43.475589,-122.24092,959.2,
4228,43.47561,-122.24116,958.3,
4229,43.47561,-122.24159,955.7,
4230,43.47563,-122.2418,955.2,
4231,43.4757,-122.24216,954.9,
4232,43.47576,-122.24267,952.9,
4233,43.47581,-122.24288,952.4,
4234,43.47603,-122.24343,953.5,
4235,43.47638,-122.2442,955.5,
4236,43.4765,-122.24478,952.7,
4237,43.47657,-122.24497,952.7,
4238,43.47703,-122.24596,952.3,
4239,43.47723,-122.24658,950.1,
4240,43.47743,-122.24694,950.3,
4241,43.47764,-122.24713,952.1,
4242,43.47772,-122.24726,952.1,
4243,43.47792,-122.24788,949.4,
4244,43.478029,-122.24815,947.9,
4245,43.47857,-122.24892,944.2,
4246,43.4786,-122.24933,941.6,
4247,43.47872,-122.24964,941.6,
4248,43.47871,-122.25008,941.0,
4249,43.47861,-122.25032,927.8,
4250,43.47864,-122.25048,926.0,
4251,43.47868,-122.25056,926.8,
4252,43.47885,-122.25076,933.4,
4253,43.47902,-122.25104,933.5,
4254,43.47913,-122.25131,935.1,
4255,43.4792,-122.2514,935.2,
4256,43.47936,-122.25153,937.0,
4257,43.47973,-122.25217,932.0,
4258,43.47974,-122.25239,930.3,
4259,43.47986,-122.25241,931.1,
4260,43.47978,-122.25274,926.9,
4261,43.47994,-122.25316,924.4,
4262,43.48005,-122.25351,919.7,
4263,43.48018,-122.25368,918.9,
4264,43.48037,-122.25383,918.7,
4265,43.48058,-122.25394,918.7,
4266,43.48069,-122.25395,919.2,
4267,43.48079,-122.25392,920.0,
4268,43.481,-122.25372,922.3,
4269,43.4811,-122.2537,922.2,
4270,43.481409,-122.25377,921.0,
4271,43.48154,-122.25384,920.4,
4272,43.4816,-122.25389,920.0,
4273,43.48175,-122.2541,918.5,
4274,43.48206,-122.25463,911.6,
4275,43.4821,-122.2548,908.6,
4276,43.48225,-122.2549,905.8,
4277,43.48234,-122.2551,902.3,
4278,43.4825,-122.2553,900.4,
4279,43.48263,-122.25541,898.8,
4280,43.48275,-122.25537,900.4,
4281,43.4828,-122.25541,899.8,
4282,43.48281,-122.25551,897.6,
4283,43.48295,-122.25579,892.2,
4284,43.48302,-122.25585,891.5,
4285,43.48361,-122.25618,888.6,
4286,43.48371,-122.25628,885.8,
4287,43.48383,-122.25671,876.4,
4288,43.48388,-122.25703,867.0,
4289,43.48407,-122.25718,866.7,
4290,43.48422,-122.25726,867.2,
4291,43.48474,-122.25741,869.8,
4292,43.4849,-122.25748,867.5,
4293,43.48503,-122.25757,868.9,
4294,43.48514,-122.25774,869.7,
4295,43.485349,-122.25797,875.0,
4296,43.485439,-122.2581,875.4,
4297,43.4857,-122.25867,866.2,
4298,43.48608,-122.25926,862.4,
4299,43.486579,-122.25982,858.3,
4300,43.48709,-122.26037,849.0,
4301,43.48719,-122.26045,848.6,
4302,43.487319,-122.26044,850.5,
4303,43.48766,-122.26076,849.7,
4304,43.4878,-122.26093,848.2,
4305,43.48792,-122.26105,846.4,
4306,43.48806,-122.26115,845.1,
4307,43.48868,-122.26147,843.3,
4308,43.48944,-122.26194,840.9,
4309,43.48984,-122.26182,858.1,
4310,43.48995,-122.26185,859.2,
4311,43.49024,-122.26213,852.9,
4312,43.4905,-122.2622,851.1,
4313,43.49106,-122.26257,845.8,
4314,43.49141,-122.26276,841.5,
4315,43.49174,-122.26282,838.9,
4316,43.49239,-122.26283,853.6,
4317,43.49269,-122.26295,853.5,
4318,43.493,-122.26321,845.1,
4319,43.49318,-122.26331,842.4,
4320,43.49333,-122.26341,843.8,
4321,43.49359,-122.26366,843.7,
4322,43.49387,-122.26385,844.6,
4323,43.49397,-122.26397,842.7,
4324,43.49411,-122.26425,835.5,
4325,43.49423,-122.26434,837.7,
4326,43.49429,-122.26447,834.0,
4327,43.49431,-122.26466,827.7,
4328,43.49436,-122.26489,826.6,
4329,43.49442,-122.26502,826.8,
4330,43.49457,-122.26507,828.4,
4331,43.49498,-122.26568,834.3,
4332,43.49514,-122.26602,836.8,
4333,43.49518,-122.26614,836.4,
4334,43.49525,-122.26662,830.1,
4335,43.49527,-122.26742,827.9,
4336,43.4953,-122.26758,827.5,
4337,43.495399,-122.2678,826.7,
4338,43.49566,-122.26828,821.5,
4339,43.49575,-122.2684,820.9,
4340,43.49611,-122.26878,820.3,
4341,43.49678,-122.26958,818.0,
4342,43.49697,-122.27006,818.0,
4343,43.49703,-122.27026,818.5,
4344,43.49707,-122.27051,818.3,
4345,43.49705,-122.2707,817.8,
4346,43.49698,-122.2711,816.0,
4347,43.49697,-122.27137,815.1,
4348,43.497,-122.27156,815.1,
4349,43.49709,-122.27191,815.8,
4350,43.49732,-122.27234,816.6,
4351,43.49741,-122.27257,816.8,
4352,43.49748,-122.27287,816.7,
4353,43.4975,-122.27309,816.4,
4354,43.49749,-122.27321,816.2,
4355,43.497459,-122.27332,815.9,
4356,43.49736,-122.27354,815.3,
4357,43.49731,-122.27368,815.0,
4358,43.4973,-122.27377,814.8,
4359,43.49731,-122.27387,814.8,
4360,43.49743,-122.27439,814.3,
4361,43.49747,-122.27458,814.1,
4362,43.49758,-122.27487,813.6,
4363,43.49766,-122.27502,813.3,
4364,43.49778,-122.27518,812.6,
4365,43.49787,-122.27525,812.1,
4366,43.49822,-122.27545,809.0,
4367,43.49875,-122.27582,807.5,
4368,43.49923,-122.27611,808.7,
4369,43.4995,-122.27637,810.0,
4370,43.49992,-122.27683,810.2,
4371,43.50002,-122.27697,809.7,
4372,43.5001,-122.27714,808.8,
4373,43.50014,-122.27734,807.7,
4374,43.50016,-122.278,805.5,
4375,43.5002,-122.27817,805.6,
4376,43.50025,-122.27831,805.6,
4377,43.50029,-122.27839,805.6,
4378,43.50038,-122.27852,805.7,
4379,43.50054,-122.2787,805.9,
4380,43.50064,-122.27884,805.9,
4381,43.500749,-122.27904,805.8,
4382,43.50085,-122.27918,805.7,
4383,43.50094,-122.27924,805.8,
4384,43.50101,-122.27925,805.9,
4385,43.50125,-122.2792,805.9,
4386,43.50139,-122.27919,806.3,
4387,43.5015,-122.27922,807.1,
4388,43.50157,-122.27927,807.5,
4389,43.50167,-122.2794,807.7,
4390,43.50182,-122.27985,806.8,
4391,43.50202,-122.2804,805.2,
4392,43.50223,-122.28095,802.9,
4393,43.50226,-122.2811,802.1,
4394,43.50227,-122.28149,799.4,
4395,43.5023,-122.28185,797.0,
4396,43.50236,-122.28218,795.0,
4397,43.50245,-122.28252,793.5,
4398,43.50257,-122.28281,792.7,
4399,43.50264,-122.28292,792.5,
4400,43.50269,-122.28297,792.5,
4401,43.50302,-122.28317,792.8,
4402,43.50313,-122.28329,792.6,
4403,43.50321,-122.2834,792.4,
4404,43.50344,-122.28402,791.3,
4405,43.50367,-122.28454,791.0,
4406,43.50381,-122.28493,790.6,
4407,43.50403,-122.28523,790.6,
4408,43.50409,-122.28538,790.5,
4409,43.50419,-122.28577,790.2,
4410,43.50424,-122.28613,789.8,
4411,43.50426,-122.2864,789.4,
4412,43.50413,-122.28735,787.4,
4413,43.50413,-122.28765,786.7,
4414,43.50417,-122.28835,784.8,
4415,43.50418,-122.28929,783.4,
4416,43.50421,-122.28966,783.0,
4417,43.50435,-122.29065,782.4,
4418,43.504309,-122.29092,782.5,
4419,43.50419,-122.29129,782.4,
4420,43.50417,-122.2915,782.5,
4421,43.50419,-122.29159,782.5,
4422,43.50423,-122.29168,782.6,
4423,43.50458,-122.29203,783.3,
4424,43.50462,-122.29211,783.4,
4425,43.50464,-122.29219,783.4,
4426,43.50463,-122.29229,783.2,
4427,43.50458,-122.29247,782.7,
4428,43.50436,-122.29313,782.0,
4429,43.50435,-122.29363,782.8,
4430,43.50442,-122.29415,783.3,
4431,43.50441,-122.29449,783.3,
4432,43.50443,-122.29464,783.4,
4433,43.50456,-122.29522,783.4,
4434,43.50462,-122.29534,783.4,
4435,43.50479,-122.29559,783.5,
4436,43.50484,-122.29571,783.5,
4437,43.50492,-122.29598,783.3,
4438,43.50506,-122.29636,782.9,
4439,43.50507,-122.29686,781.8,
4440,43.50504,-122.29695,781.4,
4441,43.50497,-122.29704,781.0,
4442,43.50448,-122.2972,778.5,
4443,43.50434,-122.2973,777.2,
4444,43.50426,-122.29738,776.3,
4445,43.50409,-122.29763,774.0,
4446,43.50396,-122.29794,771.6,
4447,43.50376,-122.29847,769.1,
4448,43.50373,-122.29872,768.8,
4449,43.50372,-122.29898,768.7,
4450,43.50368,-122.29909,768.7,
4451,43.5033,-122.29945,767.9,
4452,43.50315,-122.29956,767.6,
4453,43.50274,-122.2998,766.6,
4454,43.50257,-122.29993,766.1,
4455,43.5025,-122.30003,765.9,
4456,43.50246,-122.30014,765.8,
4457,43.50245,-122.30024,765.7,
4458,43.50253,-122.30097,765.5,
4459,43.50268,-122.30149,765.7,
4460,43.50271,-122.30189,765.6,
4461,43.50276,-122.30208,765.7,
4462,43.50282,-122.30217,765.9,
4463,43.50289,-122.30222,766.1,
4464,43.50307,-122.30233,766.9,
4465,43.50334,-122.30246,768.3,
4466,43.5034,-122.30252,768.5,
4467,43.50356,-122.30278,769.2,
4468,43.50368,-122.3029,769.6,
4469,43.50396,-122.30306,770.7,
4470,43.50408,-122.30315,771.1,
4471,43.50416,-122.30328,771.1,
4472,43.504219,-122.30347,770.7,
4473,43.50423,-122.30367,769.9,
4474,43.50414,-122.30449,769.2,
4475,43.50412,-122.3051,768.9,
4476,43.50407,-122.30529,768.5,
4477,43.50399,-122.30547,768.0,
4478,43.5039,-122.30561,767.3,
4479,43.50345,-122.30615,764.3,
4480,43.50334,-122.30638,763.4,
4481,43.50321,-122.30685,761.9,
4482,43.50313,-122.30761,760.6,
4483,43.50305,-122.30811,760.1,
4484,43.50304,-122.30865,760.5,
4485,43.5031,-122.30925,761.4,
4486,43.50314,-122.30945,761.8,
4487,43.50338,-122.31007,763.8,
4488,43.50352,-122.31013,764.8,
4489,43.50369,-122.31096,766.3,
4490,43.50374,-122.31137,766.5,
4491,43.5039,-122.31179,767.3,
4492,43.50391,-122.31188,767.3,
4493,43.5039,-122.31206,767.0,
4494,43.50385,-122.31235,766.5,
4495,43.50376,-122.31261,766.0,
4496,43.50365,-122.3133,766.0,
4497,43.50361,-122.31345,765.8,
4498,43.50353,-122.31371,765.6,
4499,43.50317,-122.3145,763.7,
4500,43.50303,-122.31488,763.0,
4501,43.50289,-122.31542,762.6,
4502,43.50277,-122.31617,762.4,
4503,43.50276,-122.31657,762.7,
4504,43.50278,-122.31679,763.0,
4505,43.50287,-122.31713,764.0,
4506,43.50305,-122.31753,765.8,
4507,43.50313,-122.31778,767.1,
4508,43.50317,-122.31802,768.4,
4509,43.50316,-122.31817,768.9,
4510,43.50312,-122.31831,769.2,
4511,43.50305,-122.31844,769.1,
4512,43.50291,-122.31861,768.5,
4513,43.50282,-122.3187,768.0,
4514,43.50259,-122.31886,766.8,
4515,43.50247,-122.31897,766.8,
4516,43.5024,-122.31906,767.0,
4517,43.50236,-122.31915,767.3,
4518,43.50218,-122.31971,770.8,
4519,43.5021,-122.3199,772.4,
4520,43.50192,-122.32017,774.7,
4521,43.50173,-122.32034,775.0,
4522,43.50125,-122.32069,772.7,
4523,43.50101,-122.3209,771.2,
4524,43.50071,-122.32125,769.9,
4525,43.500459,-122.32163,769.0,
4526,43.50005,-122.32242,769.0,
4527,43.49998,-122.32271,770.9,
4528,43.49989,-122.32338,774.1,
4529,43.4998,-122.32379,775.0,
4530,43.499519,-122.32447,776.1,
4531,43.49925,-122.32515,775.3,
4532,43.49915,-122.3253,774.7,
4533,43.49898,-122.32548,773.5,
4534,43.49882,-122.32559,772.2,
4535,43.49798,-122.32601,764.4,
4536,43.49773,-122.32617,764.0,
4537,43.49759,-122.32633,765.3,
4538,43.49706,-122.32733,776.7,
4539,43.49696,-122.3276,777.5,
4540,43.496899,-122.32789,777.4,
4541,43.49688,-122.32817,777.2,
4542,43.49687,-122.32893,774.6,
4543,43.49687,-122.32969,770.0,
4544,43.49692,-122.33031,767.7,
4545,43.496989,-122.33065,767.4,
4546,43.49698,-122.33077,766.3,
4547,43.49689,-122.33079,764.2,
4548,43.49679,-122.33087,761.9,
4549,43.49677,-122.33092,761.3,
4550,43.49676,-122.33101,760.7,
4551,43.49691,-122.33202,757.5,
4552,43.49695,-122.33232,757.5,
4553,43.49692,-122.33269,756.6,
4554,43.49693,-122.33303,756.3,
4555,43.49703,-122.33345,756.4,
4556,43.49703,-122.33351,756.4,
4557,43.49701,-122.33357,756.2,
4558,43.49678,-122.33396,754.6,
4559,43.49671,-122.3342,754.2,
4560,43.4967,-122.33448,754.2,
4561,43.49665,-122.33467,754.0,
4562,43.49626,-122.3351,752.7,
4563,43.49571,-122.33605,752.8,
4564,43.49553,-122.33632,752.9,
4565,43.49544,-122.33649,753.0,
4566,43.49529,-122.33652,752.0,
4567,43.49514,-122.33661,750.9,
4568,43.49505,-122.33668,750.3,
4569,43.494729,-122.33705,748.2,
4570,43.49434,-122.33757,744.2,
4571,43.49422,-122.33767,743.5,
4572,43.49407,-122.33774,742.6,
4573,43.49382,-122.33779,740.9,
4574,43.49363,-122.33779,739.5,
4575,43.49354,-122.33777,738.8,
4576,43.49332,-122.33763,737.3,
4577,43.49297,-122.33722,735.0,
4578,43.49292,-122.33719,734.7,
4579,43.49283,-122.33716,734.1,
4580,43.49269,-122.33721,733.2,
4581,43.49237,-122.33742,729.3,
4582,43.4923,-122.3375,728.3,
4583,43.49224,-122.33768,727.3,
4584,43.49213,-122.33825,724.6,
4585,43.49205,-122.33889,721.6,
4586,43.49198,-122.33953,717.9,
4587,43.49196,-122.33978,716.8,
4588,43.492019,-122.34056,716.2,
4589,43.49196,-122.34114,709.0,
4590,43.49197,-122.34147,710.8,
4591,43.49205,-122.34212,713.8,
4592,43.49218,-122.34256,717.1,
4593,43.49223,-122.34307,719.7,
4594,43.49221,-122.34359,723.1,
4595,43.49214,-122.34423,725.7,
4596,43.49201,-122.34483,725.6,
4597,43.4919,-122.34546,724.4,
4598,43.491729,-122.34606,718.1,
4599,43.491549,-122.34654,715.5,
4600,43.49129,-122.34704,711.3,
4601,43.49121,-122.34722,710.4,
4602,43.49092,-122.34821,708.5,
4603,43.49084,-122.3484,707.5,
4604,43.49053,-122.34908,700.1,
4605,43.49046,-122.34932,700.5,
4606,43.49033,-122.35036,702.5,
4607,43.4902,-122.35127,706.6,
4608,43.49008,-122.35187,706.1,
4609,43.48996,-122.35236,703.6,
4610,43.48978,-122.35322,701.3,
4611,43.48975,-122.35356,701.8,
4612,43.48974,-122.35394,701.3,
4613,43.48977,-122.35435,701.7,
4614,43.489759,-122.35455,703.3,
4615,43.48971,-122.35473,704.1,
4616,43.48965,-122.35487,703.9,
4617,43.48934,-122.35545,699.4,
4618,43.489289,-122.35564,699.5,
4619,43.48927,-122.35637,699.7,
4620,43.48925,-122.35657,700.6,
4621,43.48913,-122.35729,699.8,
4622,43.489109,-122.3575,699.1,
4623,43.48914,-122.35779,698.7,
4624,43.48926,-122.35832,699.4,
4625,43.48948,-122.35905,702.1,
4626,43.48955,-122.35945,700.9,
4627,43.48955,-122.3596,698.9,
4628,43.48951,-122.36051,690.0,
4629,43.48944,-122.36106,687.4,
4630,43.48939,-122.3616,685.8,
4631,43.48935,-122.36189,683.4,
4632,43.48924,-122.3623,683.0,
4633,43.48885,-122.3631,679.7,
4634,43.48872,-122.36322,678.6,
4635,43.48845,-122.36332,676.4,
4636,43.48834,-122.36338,675.4,
4637,43.488259,-122.36346,674.6,
4638,43.48792,-122.36401,672.0,
4639,43.48757,-122.36437,672.6,
4640,43.4875,-122.36446,672.7,
4641,43.487319,-122.36483,672.8,
4642,43.487229,-122.36514,672.6,
4643,43.48717,-122.36601,671.7,
4644,43.48716,-122.36636,670.9,
4645,43.48721,-122.36677,670.7,
4646,43.4873,-122.36737,670.8,
4647,43.48734,-122.3675,670.9,
4648,43.487609,-122.36803,671.4,
4649,43.48781,-122.36851,673.0,
4650,43.48784,-122.36862,673.3,
4651,43.48785,-122.36884,673.3,
4652,43.48785,-122.36964,672.3,
4653,43.48787,-122.36979,672.3,
4654,43.48792,-122.37008,672.6,
4655,43.48802,-122.37053,672.6,
4656,43.48814,-122.37097,671.8,
4657,43.48818,-122.37118,671.6,
4658,43.48818,-122.37163,669.9,
4659,43.48813,-122.37213,667.8,
4660,43.48823,-122.37267,667.1,
4661,43.48827,-122.3728,667.1,
4662,43.48832,-122.37286,667.4,
4663,43.48838,-122.37291,667.9,
4664,43.48884,-122.37304,672.2,
4665,43.48897,-122.37311,674.0,
4666,43.48907,-122.37321,675.2,
4667,43.48923,-122.37354,676.6,
4668,43.48931,-122.37373,677.7,
4669,43.48936,-122.3739,678.1,
4670,43.48938,-122.37405,678.0,
4671,43.48939,-122.37421,677.8,
4672,43.48937,-122.3744,676.7,
4673,43.489289,-122.37484,673.4,
4674,43.48927,-122.37586,673.0,
4675,43.48922,-122.37629,671.7,
4676,43.489109,-122.37685,667.9,
4677,43.48904,-122.37738,665.3,
4678,43.48899,-122.37761,663.6,
4679,43.48891,-122.37787,660.9,
4680,43.48898,-122.37812,662.3,
4681,43.48897,-122.37825,661.7,
4682,43.48897,-122.37868,661.0,
4683,43.48901,-122.37937,660.5,
4684,43.48909,-122.37956,662.9,
4685,43.48893,-122.37959,658.4,
4686,43.48886,-122.37965,657.4,
4687,43.48881,-122.37972,656.8,
4688,43.48879,-122.37982,656.6,
4689,43.48879,-122.38001,656.7,
4690,43.48877,-122.38017,656.7,
4691,43.488639,-122.38062,656.2,
4692,43.48862,-122.38084,656.1,
4693,43.48863,-122.381,656.2,
4694,43.48871,-122.38132,656.4,
4695,43.48875,-122.3814,656.5,
4696,43.48883,-122.38148,656.9,
4697,43.48903,-122.3816,658.3,
4698,43.4891,-122.38169,658.7,
4699,43.48935,-122.38225,658.9,
4700,43.48957,-122.38281,658.1,
4701,43.4897,-122.3837,656.3,
4702,43.48972,-122.38388,655.9,
4703,43.48969,-122.38407,655.4,
4704,43.48957,-122.3845,653.6,
4705,43.48956,-122.38471,652.8,
4706,43.48957,-122.3848,652.6,
4707,43.48963,-122.38491,652.6,
4708,43.48984,-122.38506,653.5,
4709,43.49006,-122.38533,654.3,
4710,43.4902,-122.38543,655.4,
4711,43.49028,-122.38551,656.0,
4712,43.49046,-122.38584,656.9,
4713,43.4906,-122.38603,657.9,
4714,43.49097,-122.38695,659.4,
4715,43.49104,-122.38716,660.2,
4716,43.49106,-122.38731,660.8,
4717,43.491079,-122.38749,661.8,
4718,43.49105,-122.3877,661.9,
4719,43.49101,-122.38786,661.6,
4720,43.49089,-122.3882,660.9,
4721,43.49081,-122.3886,662.9,
4722,43.49076,-122.38877,663.1,
4723,43.49056,-122.38934,663.0,
4724,43.49029,-122.38992,660.1,
4725,43.49027,-122.39009,660.7,
4726,43.4903,-122.39023,662.7,
4727,43.49038,-122.39048,667.1,
4728,43.49041,-122.39067,668.7,
4729,43.49041,-122.39097,669.3,
4730,43.49038,-122.39145,668.3,
4731,43.49045,-122.39225,663.9,
4732,43.49043,-122.39306,660.5,
4733,43.49045,-122.39325,660.5,
4734,43.49056,-122.39359,662.1,
4735,43.49058,-122.39372,662.3,
4736,43.49058,-122.39391,662.2,
4737,43.490519,-122.39409,660.9,
4738,43.490319,-122.39461,654.4,
4739,43.49017,-122.39491,649.9,
4740,43.49012,-122.39505,648.8,
4741,43.49011,-122.3952,648.9,
4742,43.49012,-122.39548,649.0,
4743,43.49016,-122.39575,648.4,
4744,43.49025,-122.39593,649.3,
4745,43.49034,-122.39616,649.1,
4746,43.49036,-122.39629,647.7,
4747,43.49039,-122.39667,643.3,
4748,43.49043,-122.39684,642.2,
4749,43.49049,-122.3969,642.9,
4750,43.49065,-122.39702,644.6,
4751,43.49075,-122.39715,644.6,
4752,43.49109,-122.39748,643.4,
4753,43.49135,-122.39779,637.8,
4754,43.49148,-122.39788,637.3,
4755,43.49169,-122.398,636.1,
4756,43.49192,-122.39804,636.0,
4757,43.49242,-122.39808,635.8,
4758,43.4928,-122.39803,637.4,
4759,43.49295,-122.39804,637.6,
4760,43.49317,-122.3981,636.8,
4761,43.49337,-122.39812,636.5,
4762,43.49412,-122.39802,636.8,
4763,43.49487,-122.39792,637.0,
4764,43.49533,-122.39802,637.0,
4765,43.49546,-122.39807,637.2,
4766,43.49559,-122.39819,636.8,
4767,43.49564,-122.39829,636.3,
4768,43.49575,-122.39857,635.0,
4769,43.49581,-122.39881,633.8,
4770,43.49582,-122.39897,633.2,
4771,43.49575,-122.39923,632.1,
4772,43.49577,-122.39932,631.9,
4773,43.49586,-122.39948,631.5,
4774,43.49603,-122.39961,631.6,
4775,43.49611,-122.39961,631.9,
4776,43.49625,-122.39955,633.1,
4777,43.49636,-122.39955,633.8,
4778,43.49646,-122.3996,634.0,
4779,43.49682,-122.40001,632.7,
4780,43.49739,-122.4005,630.6,
4781,43.49752,-122.40059,630.4,
4782,43.49775,-122.40066,630.8,
4783,43.49782,-122.4007,630.5,
4784,43.4981,-122.40107,628.6,
4785,43.49833,-122.40132,627.7,
4786,43.498579,-122.40173,627.1,
4787,43.49865,-122.40179,627.0,
4788,43.49864,-122.40192,626.9,
4789,43.49826,-122.40236,626.3,
4790,43.49803,-122.40267,625.9,
4791,43.498019,-122.40333,627.6,
4792,43.49807,-122.40396,624.7,
4793,43.49812,-122.4046,623.1,
4794,43.49815,-122.40543,621.1,
4795,43.49818,-122.40627,624.6,
4796,43.49821,-122.4071,625.8,
4797,43.49826,-122.40788,624.3,
4798,43.498309,-122.4083,622.9,
4799,43.49852,-122.40918,619.2,
4800,43.49889,-122.41015,618.0,
4801,43.49927,-122.41112,617.9,
4802,43.49937,-122.41144,617.5,
4803,43.49942,-122.41163,617.4,
4804,43.49944,-122.41188,617.6,
4805,43.49944,-122.41215,617.7,
4806,43.49936,-122.41277,619.9,
4807,43.49933,-122.41323,620.0,
4808,43.49932,-122.41381,619.4,
4809,43.499339,-122.41419,618.1,
4810,43.49954,-122.41521,616.8,
4811,43.49974,-122.41624,615.8,
4812,43.49995,-122.41726,614.5,
4813,43.50001,-122.41768,614.0,
4814,43.50018,-122.41766,613.3,
4815,43.50024,-122.41776,612.9,
4816,43.50026,-122.41783,612.7,
4817,43.50021,-122.41812,612.6,
4818,43.50025,-122.41831,612.1,
4819,43.50025,-122.41844,611.9,
4820,43.50019,-122.41862,611.8,
4821,43.50004,-122.41884,612.0,
4822,43.50002,-122.41892,611.9,
4823,43.50004,-122.41909,611.4,
4824,43.5,-122.4192,611.3,
4825,43.49992,-122.4192,611.6,
4826,43.49973,-122.41941,611.6,
4827,43.49936,-122.42012,610.4,
4828,43.4993,-122.42026,610.4,
4829,43.49926,-122.4205,610.0,
4830,43.49927,-122.42078,609.5,
4831,43.49927,-122.42087,609.5,
4832,43.49931,-122.42102,609.8,
4833,43.49938,-122.42111,610.0,
4834,43.49945,-122.42114,610.1,
4835,43.49956,-122.42115,610.5,
4836,43.49973,-122.42112,610.7,
4837,43.50023,-122.42097,609.8,
4838,43.50071,-122.42097,609.0,
4839,43.50118,-122.42097,609.3,
4840,43.50195,-122.42115,609.7,
4841,43.50208,-122.42122,609.8,
4842,43.50214,-122.42128,609.9,
4843,43.502429,-122.42189,609.9,
4844,43.50271,-122.42214,608.7,
4845,43.50295,-122.42248,609.6,
4846,43.5031,-122.42262,609.4,
4847,43.50321,-122.42273,609.1,
4848,43.50333,-122.42277,608.2,
4849,43.50363,-122.42275,604.7,
4850,43.50389,-122.42285,601.8,
4851,43.50416,-122.42301,599.0,
4852,43.50428,-122.42313,598.1,
4853,43.50441,-122.42332,598.0,
4854,43.50447,-122.42367,598.9,
4855,43.50457,-122.42394,598.9,
4856,43.50471,-122.42418,598.6,
4857,43.50495,-122.42451,597.7,
4858,43.50536,-122.42556,594.9,
4859,43.50542,-122.42603,595.9,
4860,43.5057,-122.42667,596.1,
4861,43.5058,-122.42704,596.5,
4862,43.50592,-122.42762,596.6,
4863,43.506,-122.42813,594.0,
4864,43.50607,-122.42877,586.6,
4865,43.50614,-122.42942,586.0,
4866,43.50624,-122.42999,587.1,
4867,43.50633,-122.4306,585.7,
4868,43.50633,-122.43123,591.4,
4869,43.50634,-122.43186,595.3,
4870,43.50638,-122.43243,592.6,
4871,43.50642,-122.4327,592.5,
4872,43.506659,-122.43379,589.0,
4873,43.50696,-122.43473,586.1,
4874,43.50717,-122.43517,587.4,
4875,43.50747,-122.43559,586.0,
4876,43.507599,-122.43576,584.6,
4877,43.50785,-122.43616,583.0,
4878,43.50806,-122.43641,581.5,
4879,43.50837,-122.43669,580.4,
4880,43.50882,-122.43731,580.2,
4881,43.50925,-122.43779,580.1,
4882,43.50969,-122.43827,581.0,
4883,43.50985,-122.43855,584.0,
4884,43.510039,-122.43896,592.8,
4885,43.51038,-122.43942,598.9,
4886,43.51062,-122.4397,598.7,
4887,43.51088,-122.43994,594.1,
4888,43.51109,-122.44008,586.4,
4889,43.5114,-122.44025,581.7,
4890,43.51169,-122.44043,575.2,
4891,43.51182,-122.44054,572.5,
4892,43.51195,-122.44068,571.5,
4893,43.51235,-122.44122,572.7,
4894,43.51293,-122.44184,573.6,
4895,43.51305,-122.442,574.0,
4896,43.513599,-122.44289,574.9,
4897,43.51375,-122.4431,574.1,
4898,43.51403,-122.44344,572.3,
4899,43.51439,-122.444,570.8,
4900,43.51471,-122.44456,570.5,
4901,43.51487,-122.44491,570.6,
4902,43.51505,-122.44551,571.0,
4903,43.51522,-122.44611,572.2,
4904,43.51533,-122.44675,576.6,
4905,43.5154,-122.44702,579.3,
4906,43.51561,-122.44745,580.1,
4907,43.516039,-122.44816,574.7,
4908,43.51627,-122.4488,572.9,
4909,43.51628,-122.449,572.6,
4910,43.51627,-122.44938,571.5,
4911,43.51624,-122.44953,571.1,
4912,43.516129,-122.44983,570.6,
4913,43.51608,-122.45,570.7,
4914,43.51599,-122.45015,571.7,
4915,43.515949,-122.45033,571.2,
4916,43.51609,-122.45037,570.7,
4917,43.51639,-122.45022,571.1,
4918,43.51668,-122.45029,572.3,
4919,43.51695,-122.45043,573.8,
4920,43.51708,-122.45056,575.0,
4921,43.51726,-122.45081,582.3,
4922,43.51732,-122.45088,584.6,
4923,43.517449,-122.45093,585.5,
4924,43.51765,-122.45096,584.0,
4925,43.51806,-122.45109,584.0,
4926,43.51841,-122.45126,586.9,
4927,43.51836,-122.45108,581.7,
4928,43.5182,-122.45092,577.4,
4929,43.5182,-122.45078,573.8,
4930,43.51809,-122.45069,572.6,
4931,43.51813,-122.45055,570.5,
4932,43.51825,-122.45049,568.9,
4933,43.51836,-122.45056,569.1,
4934,43.51851,-122.45057,567.8,
4935,43.51865,-122.45062,568.5,
4936,43.51937,-122.45108,577.8,
4937,43.51977,-122.45125,575.0,
4938,43.52032,-122.45139,565.1,
4939,43.52103,-122.45144,560.1,
4940,43.52152,-122.45155,562.1,
4941,43.522,-122.45166,564.0,
4942,43.52219,-122.45168,564.0,
4943,43.52236,-122.45167,563.0,
4944,43.52286,-122.45155,560.4,
4945,43.523359,-122.45148,558.7,
4946,43.52364,-122.45148,559.9,
4947,43.52396,-122.45144,561.7,
4948,43.5242,-122.45138,562.4,
4949,43.52473,-122.45117,561.7,
4950,43.52519,-122.45103,561.3,
4951,43.52563,-122.45075,560.4,
4952,43.52584,-122.45066,560.1,
4953,43.526449,-122.45058,560.8,
4954,43.52668,-122.45049,561.6,
4955,43.52689,-122.45035,561.4,
4956,43.52755,-122.44968,555.6,
4957,43.52779,-122.44941,552.8,
4958,43.52825,-122.44899,551.2,
4959,43.52855,-122.44883,550.5,
4960,43.52883,-122.4488,552.2,
4961,43.5289,-122.44876,552.1,
4962,43.52913,-122.44854,551.0,
4963,43.52958,-122.44819,547.2,
4964,43.52975,-122.44815,546.6,
4965,43.53,-122.44816,546.2,
4966,43.530119,-122.44815,546.2,
4967,43.53041,-122.44802,546.0,
4968,43.53065,-122.44784,545.7,
4969,43.53093,-122.44775,545.5,
4970,43.53103,-122.44774,545.4,
4971,43.53128,-122.44778,545.2,
4972,43.53159,-122.44777,544.9,
4973,43.53208,-122.4479,544.6,
4974,43.53254,-122.4479,544.6,
4975,43.5327,-122.44793,544.6,
4976,43.53315,-122.44809,544.6,
4977,43.533589,-122.44825,544.6,
4978,43.533769,-122.4483,544.6,
4979,43.53401,-122.44832,544.6,
4980,43.53441,-122.44821,544.6,
4981,43.534529,-122.44815,544.6,
4982,43.53479,-122.44791,544.6,
4983,43.53491,-122.44783,544.6,
4984,43.53524,-122.4477,544.7,
4985,43.53555,-122.4475,545.1,
4986,43.53572,-122.44743,545.3,
4987,43.53607,-122.4474,545.5,
4988,43.53666,-122.4475,545.1,
4989,43.537439,-122.44751,545.2,
4990,43.53769,-122.44755,545.3,
4991,43.53808,-122.44769,545.4,
4992,43.53868,-122.44774,546.0,
4993,43.53882,-122.44777,546.0,
4994,43.5389,-122.4478,546.0,
4995,43.53895,-122.44793,545.8,
4996,43.53897,-122.44814,545.3,
4997,43.539029,-122.44823,545.2,
4998,43.53917,-122.44829,545.2,
4999,43.53951,-122.44805,545.9,
5000,43.54007,-122.44769,547.1,
5001,43.54027,-122.44772,547.4,
5002,43.54072,-122.44822,548.6,
5003,43.54076,-122.4485,547.7,
5004,43.54098,-122.44889,546.9,
5005,43.5413,-122.44921,546.1,
5006,43.54212,-122.44968,547.1,
5007,43.54237,-122.44967,548.3,
5008,43.54314,-122.45026,546.9,
5009,43.54351,-122.45063,547.3,
5010,43.54388,-122.45099,547.5,
5011,43.54425,-122.45145,547.0,
5012,43.54479,-122.45214,546.6,
5013,43.54533,-122.45283,547.6,
5014,43.545409,-122.45319,546.1,
5015,43.54552,-122.45339,545.7,
5016,43.54554,-122.45361,545.1,
5017,43.54553,-122.45372,544.8,
5018,43.54561,-122.45407,544.3,
5019,43.54557,-122.45447,543.4,
5020,43.54557,-122.4548,542.8,
5021,43.5456,-122.45496,542.7,
5022,43.54563,-122.45504,542.6,
5023,43.54569,-122.45514,542.6,
5024,43.54599,-122.4554,542.9,
5025,43.54662,-122.45586,542.8,
5026,43.5468,-122.45595,542.8,
5027,43.54715,-122.45603,542.9,
5028,43.54765,-122.45627,542.9,
5029,43.54815,-122.45651,542.8,
5030,43.548319,-122.45663,542.7,
5031,43.54874,-122.45701,542.2,
5032,43.54911,-122.45722,542.1,
5033,43.54921,-122.45733,541.8,
5034,43.54928,-122.4575,541.5,
5035,43.54941,-122.458,540.4,
5036,43.54954,-122.45831,539.9,
5037,43.5496,-122.45842,539.8,
5038,43.54989,-122.45874,539.4,
5039,43.55035,-122.459,539.1,
5040,43.5505,-122.4591,538.9,
5041,43.55074,-122.45946,538.1,
5042,43.550849,-122.45957,537.8,
5043,43.55099,-122.45966,537.6,
5044,43.55125,-122.4597,537.5,
5045,43.5514,-122.4597,537.5,
5046,43.55156,-122.45964,537.5,
5047,43.55184,-122.45955,537.3,
5048,43.55216,-122.45949,536.9,
5049,43.55223,-122.45945,536.8,
5050,43.55231,-122.45933,536.7,
5051,43.55242,-122.45913,536.8,
5052,43.55247,-122.45907,536.7,
5053,43.55279,-122.45891,536.1,
5054,43.55333,-122.45857,535.6,
5055,43.55341,-122.45852,535.6,
5056,43.55361,-122.45828,535.8,
5057,43.55369,-122.45823,535.9,
5058,43.553759,-122.45823,535.9,
5059,43.55389,-122.45829,535.7,
5060,43.554139,-122.45849,535.0,
5061,43.55429,-122.45858,534.6,
5062,43.554609,-122.45872,534.0,
5063,43.55473,-122.45874,533.9,
5064,43.55481,-122.45872,533.9,
5065,43.55503,-122.45858,534.0,
5066,43.55513,-122.45857,534.0,
5067,43.55522,-122.45861,533.8,
5068,43.55534,-122.45871,533.5,
5069,43.55548,-122.45888,532.9,
5070,43.55578,-122.4593,531.6,
5071,43.55588,-122.45942,531.2,
5072,43.55601,-122.45954,530.8,
5073,43.55638,-122.45984,529.7,
5074,43.55647,-122.45989,529.5,
5075,43.55657,-122.4599,529.3,
5076,43.55698,-122.45978,528.7,
5077,43.55719,-122.45964,528.4,
5078,43.55734,-122.45946,528.2,
5079,43.55787,-122.45857,526.2,
5080,43.55797,-122.45845,526.0,
5081,43.55818,-122.45832,525.4,
5082,43.5585,-122.45823,525.3,
5083,43.55874,-122.45822,525.6,
5084,43.55939,-122.45842,524.9,
5085,43.55953,-122.45843,524.8,
5086,43.55962,-122.4584,524.8,
5087,43.56031,-122.45803,527.3,
5088,43.5604,-122.45802,527.4,
5089,43.5606,-122.45806,527.3,
5090,43.56087,-122.45806,527.6,
5091,43.5611,-122.45809,527.5,
5092,43.56144,-122.45807,527.6,
5093,43.56167,-122.45815,527.0,
5094,43.56204,-122.45842,524.9,
5095,43.56217,-122.45846,524.8,
5096,43.56238,-122.45847,526.0,
5097,43.56244,-122.45849,526.6,
5098,43.56252,-122.45856,527.2,
5099,43.56259,-122.45863,527.7,
5100,43.56286,-122.45906,528.7,
5101,43.56292,-122.45923,528.3,
5102,43.56309,-122.45991,527.2,
5103,43.56315,-122.46008,527.1,
5104,43.56324,-122.46024,527.2,
5105,43.56357,-122.46067,527.4,
5106,43.56376,-122.46089,527.3,
5107,43.56387,-122.46098,527.4,
5108,43.5641,-122.46111,527.5,
5109,43.56417,-122.46119,527.3,
5110,43.56425,-122.46136,526.7,
5111,43.56439,-122.4618,525.1,
5112,43.56449,-122.46199,524.5,
5113,43.56461,-122.46215,523.8,
5114,43.56481,-122.46235,523.0,
5115,43.56489,-122.4624,522.9,
5116,43.56509,-122.4625,522.5,
5117,43.56548,-122.4626,521.7,
5118,43.56619,-122.46261,520.6,
5119,43.56659,-122.46255,519.8,
5120,43.56702,-122.46232,519.5,
5121,43.56717,-122.46231,519.0,
5122,43.5674,-122.46238,517.9,
5123,43.56755,-122.46239,517.3,
5124,43.5678,-122.46238,516.5,
5125,43.56798,-122.46246,515.7,
5126,43.56829,-122.4627,514.1,
5127,43.56855,-122.46293,513.0,
5128,43.56866,-122.46298,512.8,
5129,43.56882,-122.46299,512.4,
5130,43.56889,-122.46293,512.4,
5131,43.56893,-122.46283,512.5,
5132,43.56898,-122.46258,512.8,
5133,43.56903,-122.46252,512.8,
5134,43.56909,-122.46248,512.7,
5135,43.56946,-122.46233,511.8,
5136,43.569809,-122.46223,511.0,
5137,43.57006,-122.46207,510.5,
5138,43.57013,-122.46204,510.4,
5139,43.57038,-122.46205,509.9,
5140,43.57053,-122.46202,509.7,
5141,43.57078,-122.4619,509.3,
5142,43.57091,-122.46188,509.1,
5143,43.5713,-122.46188,508.6,
5144,43.57147,-122.46183,508.4,
5145,43.57179,-122.4617,508.1,
5146,43.57194,-122.46169,508.0,
5147,43.572249,-122.46177,507.6,
5148,43.57233,-122.46176,507.5,
5149,43.57266,-122.46161,507.3,
5150,43.57303,-122.46148,507.2,
5151,43.5736,-122.46146,506.7,
5152,43.573749,-122.46151,506.6,
5153,43.57409,-122.46179,506.3,
5154,43.57427,-122.4619,506.2,
5155,43.575,-122.46207,506.0,
5156,43.57508,-122.46207,506.0,
5157,43.57518,-122.46202,505.9,
5158,43.5753,-122.46194,505.8,
5159,43.57537,-122.46186,505.8,
5160,43.5755,-122.46161,505.6,
5161,43.57558,-122.46149,505.6,
5162,43.57566,-122.46145,505.6,
5163,43.57573,-122.46144,505.5,
5164,43.57623,-122.46159,504.8,
5165,43.57653,-122.46189,504.2,
5166,43.5766,-122.46192,504.0,
5167,43.57674,-122.46193,503.8,
5168,43.57681,-122.46192,503.6,
5169,43.57696,-122.46184,503.5,
5170,43.57714,-122.46168,503.5,
5171,43.57736,-122.46154,503.4,
5172,43.57765,-122.46142,503.2,
5173,43.57779,-122.4614,503.0,
5174,43.5779,-122.46141,502.9,
5175,43.57852,-122.4615,501.6,
5176,43.57867,-122.46148,501.3,
5177,43.57902,-122.46137,500.7,
5178,43.5794,-122.46135,500.0,
5179,43.57952,-122.46129,499.8,
5180,43.579569,-122.46121,499.8,
5181,43.57968,-122.46092,499.7,
5182,43.57975,-122.46084,499.6,
5183,43.580039,-122.46062,498.6,
5184,43.58062,-122.45984,497.1,
5185,43.58075,-122.45969,496.9,
5186,43.58094,-122.45958,496.4,
5187,43.58126,-122.4595,495.8,
5188,43.5815,-122.45931,495.4,
5189,43.58165,-122.45914,495.2,
5190,43.5817,-122.45903,495.1,
5191,43.58188,-122.45801,495.4,
5192,43.581919,-122.45726,495.9,
5193,43.582009,-122.45698,496.1,
5194,43.58214,-122.45676,496.1,
5195,43.58246,-122.45631,496.3,
5196,43.58301,-122.45568,496.4,
5197,43.58354,-122.45521,496.7,
5198,43.58393,-122.45495,496.8,
5199,43.58423,-122.45483,496.8,
5200,43.58449,-122.45486,496.4,
5201,43.58466,-122.45486,496.3,
5202,43.58534,-122.45476,495.7,
5203,43.58552,-122.45471,495.5,
5204,43.5859,-122.45455,495.2,
5205,43.5859,-122.45455,495.2,
5206,43.58617,-122.45438,495.0,
5207,43.58629,-122.45427,495.0,
5208,43.58652,-122.45397,494.9,
5209,43.58667,-122.45386,494.5,
5210,43.58697,-122.45369,493.1,
5211,43.58708,-122.45361,492.5,
5212,43.58729,-122.45339,490.9,
5213,43.58743,-122.4533,489.9,
5214,43.58794,-122.4531,488.4,
5215,43.58836,-122.45278,488.8,
5216,43.58888,-122.4526,488.1,
5217,43.5894,-122.45242,487.6,
5218,43.59002,-122.45227,487.6,
5219,43.59016,-122.45228,487.5,
5220,43.59047,-122.45243,486.9,
5221,43.59076,-122.45244,487.3,
5222,43.59103,-122.45259,486.8,
5223,43.59117,-122.45264,486.8,
5224,43.59124,-122.45264,487.0,
5225,43.59145,-122.45259,487.5,
5226,43.59157,-122.45258,488.0,
5227,43.59165,-122.45262,488.7,
5228,43.59191,-122.45286,490.0,
5229,43.59232,-122.45338,489.8,
5230,43.59243,-122.45357,488.9,
5231,43.59247,-122.4537,487.9,
5232,43.59251,-122.45395,486.3,
5233,43.59252,-122.45422,485.2,
5234,43.5925,-122.45451,484.4,
5235,43.59254,-122.45481,484.0,
5236,43.59257,-122.45493,484.0,
5237,43.59261,-122.455,484.0,
5238,43.59274,-122.45516,484.0,
5239,43.593089,-122.45545,484.1,
5240,43.59331,-122.45567,484.3,
5241,43.59369,-122.4559,484.6,
5242,43.59378,-122.45598,484.6,
5243,43.59387,-122.45614,484.5,
5244,43.59405,-122.45668,483.7,
5245,43.59414,-122.45682,483.5,
5246,43.5942,-122.45687,483.4,
5247,43.59454,-122.457,482.9,
5248,43.59507,-122.45737,481.7,
5249,43.59523,-122.45743,481.3,
5250,43.5954,-122.45756,480.9,
5251,43.595529,-122.45759,480.6,
5252,43.59573,-122.45754,479.9,
5253,43.59592,-122.45744,479.1,
5254,43.59625,-122.45716,477.5,
5255,43.59646,-122.45693,477.0,
5256,43.59672,-122.45655,476.2,
5257,43.59713,-122.45617,476.2,
5258,43.59722,-122.45612,476.2,
5259,43.59786,-122.45588,476.2,
5260,43.59805,-122.45578,476.2,
5261,43.59852,-122.45547,476.3,
5262,43.59881,-122.45526,475.9,
5263,43.59899,-122.45507,475.8,
5264,43.59932,-122.455,475.8,
5265,43.59953,-122.45491,475.9,
5266,43.59964,-122.45483,476.1,
5267,43.59979,-122.45468,476.4,
5268,43.59991,-122.4545,476.7,
5269,43.60005,-122.45423,477.4,
5270,43.6001,-122.45408,477.8,
5271,43.60026,-122.45336,479.9,
5272,43.60034,-122.45314,480.8,
5273,43.60034,-122.45314,480.8,
5274,43.60057,-122.45268,482.9,
5275,43.60108,-122.45193,485.4,
5276,43.60133,-122.45163,484.0,
5277,43.60148,-122.4514,482.5,
5278,43.6015,-122.4513,481.9,
5279,43.60148,-122.45117,481.4,
5280,43.60139,-122.45091,480.3,
5281,43.60208,-122.45039,474.7,
5282,43.60277,-122.44988,473.1,
5283,43.60345,-122.44937,472.6,
5284,43.60414,-122.44886,472.5,
5285,43.60465,-122.44847,472.5,
5286,43.60517,-122.44808,472.8,
5287,43.60587,-122.4475,473.7,
5288,43.60638,-122.44706,474.8,
5289,43.60688,-122.44662,474.8,
5290,43.60706,-122.4464,475.4,
5291,43.60727,-122.44607,475.6,
5292,43.60744,-122.44587,474.8,
5293,43.60762,-122.44572,473.3,
5294,43.608,-122.44549,474.6,
5295,43.60819,-122.44543,474.6,
5296,43.60853,-122.44543,474.8,
5297,43.60879,-122.44549,474.8,
5298,43.60932,-122.44573,473.0,
5299,43.60943,-122.44575,473.3,
5300,43.60956,-122.44577,473.5,
5301,43.60986,-122.44577,472.6,
5302,43.61006,-122.4457,472.2,
5303,43.6103,-122.44558,471.9,
5304,43.61078,-122.44516,473.3,
5305,43.61133,-122.44471,473.3,
5306,43.61178,-122.44437,475.0,
5307,43.61212,-122.4442,475.2,
5308,43.61228,-122.44415,475.3,
5309,43.61259,-122.4441,475.0,
5310,43.61274,-122.4441,474.8,
5311,43.61295,-122.44413,474.2,
5312,43.6133,-122.44424,474.2,
5313,43.61373,-122.4445,473.0,
5314,43.61406,-122.44474,472.3,
5315,43.61418,-122.44488,472.5,
5316,43.61437,-122.44529,472.4,
5317,43.61467,-122.44596,472.3,
5318,43.61497,-122.44663,472.3,
5319,43.6151,-122.44694,472.3,
5320,43.61527,-122.44722,472.7,
5321,43.6155,-122.44747,473.0,
5322,43.61561,-122.44755,473.0,
5323,43.61581,-122.44766,473.2,
5324,43.61625,-122.44788,474.3,
5325,43.6166,-122.448,476.5,
5326,43.61678,-122.44803,477.1,
5327,43.61696,-122.44804,477.6,
5328,43.61721,-122.44801,477.3,
5329,43.61764,-122.44783,474.4,
5330,43.6179,-122.44768,475.0,
5331,43.61799,-122.4476,476.4,
5332,43.61824,-122.44736,479.9,
5333,43.61841,-122.44713,483.2,
5334,43.61863,-122.4467,486.9,
5335,43.61903,-122.44585,488.7,
5336,43.61942,-122.445,486.6,
5337,43.61954,-122.44479,485.3,
5338,43.6197,-122.44458,484.3,
5339,43.61982,-122.44444,483.8,
5340,43.61993,-122.44434,484.1,
5341,43.6201,-122.44423,485.1,
5342,43.62038,-122.44399,484.6,
5343,43.62056,-122.44376,482.3,
5344,43.62068,-122.44352,482.2,
5345,43.62089,-122.4429,484.5,
5346,43.6212,-122.44227,485.3,
5347,43.62148,-122.44154,488.5,
5348,43.62154,-122.4414,487.8,
5349,43.62168,-122.44124,488.3,
5350,43.62176,-122.44117,488.4,
5351,43.62253,-122.44063,485.2,
5352,43.62322,-122.44008,483.9,
5353,43.62331,-122.44003,483.8,
5354,43.62352,-122.44,483.6,
5355,43.62363,-122.44001,483.4,
5356,43.62394,-122.44012,482.9,
5357,43.62419,-122.44035,484.2,
5358,43.6247,-122.44089,486.1,
5359,43.62501,-122.44114,487.2,
5360,43.6251,-122.44119,487.2,
5361,43.62525,-122.44123,485.9,
5362,43.62554,-122.44126,484.8,
5363,43.62633,-122.44123,483.4,
5364,43.62683,-122.44129,483.1,
5365,43.62732,-122.44136,481.8,
5366,43.62807,-122.44142,482.4,
5367,43.62835,-122.4414,483.1,
5368,43.62895,-122.44122,482.7,
5369,43.62928,-122.44116,482.6,
5370,43.62996,-122.44113,481.1,
5371,43.63131,-122.44116,482.0,
5372,43.63169,-122.44108,484.4,
5373,43.63217,-122.44093,484.3,
5374,43.63235,-122.44089,484.0,
5375,43.63303,-122.44081,482.9,
5376,43.63375,-122.4407,483.6,
5377,43.63434,-122.44057,481.9,
5378,43.63463,-122.44047,480.1,
5379,43.63541,-122.43996,483.3,
5380,43.63558,-122.43988,483.7,
5381,43.63603,-122.43973,483.3,
5382,43.63649,-122.43964,483.3,
5383,43.63662,-122.43964,483.5,
5384,43.637,-122.43966,482.8,
5385,43.63757,-122.43972,481.7,
5386,43.63775,-122.43971,482.3,
5387,43.63795,-122.43968,483.8,
5388,43.63812,-122.43963,484.0,
5389,43.63842,-122.43947,480.5,
5390,43.63866,-122.43934,479.5,
5391,43.6393,-122.43887,473.9,
5392,43.63962,-122.43867,473.3,
5393,43.63976,-122.43858,473.1,
5394,43.64009,-122.43845,474.1,
5395,43.6406,-122.43828,473.6,
5396,43.642,-122.43815,471.9,
5397,43.64218,-122.43811,471.0,
5398,43.64256,-122.43792,476.5,
5399,43.64278,-122.43776,480.9,
5400,43.64294,-122.43761,483.6,
5401,43.64314,-122.43727,483.4,
5402,43.6434,-122.43677,482.2,
5403,43.64362,-122.43649,482.4,
5404,43.64383,-122.43627,481.6,
5405,43.64405,-122.43614,481.4,
5406,43.64413,-122.43611,481.3,
5407,43.64424,-122.43611,482.0,
5408,43.64446,-122.43615,482.3,
5409,43.64512,-122.43658,482.3,
5410,43.64537,-122.43669,483.0,
5411,43.64548,-122.43671,483.0,
5412,43.64572,-122.43672,482.4,
5413,43.64619,-122.4367,483.6,
5414,43.6466,-122.43665,484.4,
5415,43.64687,-122.43657,483.6,
5416,43.64713,-122.43644,484.1,
5417,43.64798,-122.43591,482.0,
5418,43.64842,-122.4356,484.3,
5419,43.64873,-122.43532,483.4,
5420,43.6494,-122.43467,482.0,
5421,43.64972,-122.43433,483.3,
5422,43.65027,-122.43362,481.9,
5423,43.65044,-122.43345,481.9,
5424,43.6511,-122.43286,483.7,
5425,43.65152,-122.43239,483.1,
5426,43.65183,-122.43196,482.1,
5427,43.65213,-122.43147,483.9,
5428,43.65287,-122.42981,481.6,
5429,43.65321,-122.42921,481.2,
5430,43.65329,-122.4291,480.7,
5431,43.65346,-122.42895,481.1,
5432,43.65366,-122.42886,481.2,
5433,43.65392,-122.42887,480.0,
5434,43.65403,-122.4289,480.0,
5435,43.65423,-122.42901,480.7,
5436,43.65444,-122.42918,480.7,
5437,43.65475,-122.42948,480.5,
5438,43.65497,-122.42962,483.9,
5439,43.65513,-122.42965,485.3,
5440,43.65577,-122.42963,483.8,
5441,43.65621,-122.4297,483.8,
5442,43.65698,-122.42987,484.4,
5443,43.6571,-122.42991,484.0,
5444,43.65722,-122.42998,484.8,
5445,43.65745,-122.43017,493.5,
5446,43.6576,-122.43027,494.4,
5447,43.65784,-122.43036,495.7,
5448,43.658,-122.43037,496.9,
5449,43.65825,-122.43034,497.9,
5450,43.65838,-122.43032,498.3,
5451,43.65864,-122.43024,499.6,
5452,43.65881,-122.43011,499.8,
5453,43.65923,-122.42968,497.0,
5454,43.65938,-122.42959,496.9,
5455,43.65956,-122.42953,496.5,
5456,43.65971,-122.42952,496.0,
5457,43.6603,-122.42968,497.1,
5458,43.66045,-122.42969,497.5,
5459,43.66066,-122.42965,497.2,
5460,43.66118,-122.42943,496.4,
5461,43.66132,-122.4294,496.1,
5462,43.66144,-122.4294,496.1,
5463,43.66157,-122.42944,496.3,
5464,43.66183,-122.42958,496.3,
5465,43.6621,-122.42976,496.3,
5466,43.66233,-122.42984,496.1,
5467,43.66251,-122.42983,492.0,
5468,43.66288,-122.42965,485.6,
5469,43.66297,-122.42963,485.9,
5470,43.66309,-122.42961,486.3,
5471,43.66324,-122.42962,486.0,
5472,43.66337,-122.42969,489.7,
5473,43.66358,-122.42997,493.9,
5474,43.66365,-122.43012,493.4,
5475,43.66369,-122.43033,493.4,
5476,43.6637,-122.43061,493.5,
5477,43.66367,-122.43091,493.6,
5478,43.66362,-122.43127,493.3,
5479,43.66359,-122.43137,493.7,
5480,43.6635,-122.43159,494.6,
5481,43.66336,-122.43185,493.5,
5482,43.66317,-122.43203,492.0,
5483,43.66285,-122.43216,490.6,
5484,43.66259,-122.43215,492.0,
5485,43.66216,-122.43219,493.2,
5486,43.66186,-122.43228,494.6,
5487,43.66178,-122.43234,494.6,
5488,43.66172,-122.43239,494.4,
5489,43.66106,-122.43334,481.9,
5490,43.66099,-122.43342,481.5,
5491,43.66084,-122.43351,481.8,
5492,43.66061,-122.43355,483.3,
5493,43.66054,-122.43359,483.3,
5494,43.66039,-122.43371,483.2,
5495,43.66018,-122.43394,482.8,
5496,43.66001,-122.43418,481.6,
5497,43.65967,-122.43474,479.1,
5498,43.6594,-122.43522,481.6,
5499,43.65911,-122.43581,484.9,
5500,43.65901,-122.43624,484.2,
5501,43.65904,-122.43625,483.7,
5502,43.65902,-122.43638,483.3,
5503,43.65897,-122.43677,481.7,
5504,43.65897,-122.43693,480.4,
5505,43.65897,-122.43716,478.7,
5506,43.659,-122.43755,476.9,
5507,43.65902,-122.43767,475.4,
5508,43.65907,-122.43791,476.2,
5509,43.65909,-122.43801,478.5,
5510,43.65913,-122.43814,479.0,
5511,43.65917,-122.43826,478.7,
5512,43.65922,-122.43835,475.8,
5513,43.65932,-122.43854,472.5,
5514,43.65933,-122.43855,472.3,
5515,43.65946,-122.43873,472.2,
5516,43.6595,-122.43878,472.1,
5517,43.65958,-122.4389,472.1,
5518,43.65961,-122.43893,472.1,
5519,43.65975,-122.43905,472.4,
5520,43.65996,-122.43925,472.8,
5521,43.65996,-122.43925,472.8,
5522,43.66031,-122.43912,472.6,
5523,43.66048,-122.43905,472.6,
5524,43.66056,-122.43902,472.9,
5525,43.66083,-122.4389,476.7,
5526,43.66095,-122.43885,479.5,
5527,43.66099,-122.43882,479.7,
5528,43.66132,-122.4386,480.3,
5529,43.66148,-122.43849,480.1,
5530,43.66149,-122.43849,480.2,
5531,43.66215,-122.43812,479.9,
5532,43.66253,-122.4379,478.9,
5533,43.66297,-122.43761,479.9,
5534,43.66351,-122.43726,478.9,
5535,43.66362,-122.43718,479.5,
5536,43.66393,-122.43694,481.2,
5537,43.66435,-122.43663,483.5,
5538,43.6644,-122.43658,483.8,
5539,43.66467,-122.43627,484.0,
5540,43.66468,-122.43626,484.1,
5541,43.66503,-122.43589,483.6,
5542,43.66512,-122.43584,483.8,
5543,43.66542,-122.43565,483.9,
5544,43.66545,-122.43564,484.0,
5545,43.66597,-122.43546,484.8,
5546,43.6662,-122.43537,484.3,
5547,43.66632,-122.43537,484.7,
5548,43.66704,-122.43535,488.2,
5549,43.66722,-122.43535,490.1,
5550,43.6673,-122.43534,490.0,
5551,43.6674,-122.43534,490.0,
5552,43.66758,-122.43533,489.9,
5553,43.66812,-122.43531,490.1,
5554,43.6683,-122.43531,490.9,
5555,43.66834,-122.4353,490.9,
5556,43.66848,-122.43528,491.1,
5557,43.66864,-122.43525,492.1,
5558,43.66883,-122.43516,493.3,
5559,43.66889,-122.43513,493.7,
5560,43.66897,-122.43502,493.5,
5561,43.66915,-122.43481,493.6,
5562,43.66925,-122.4347,493.8,
5563,43.6695,-122.43439,494.9,
5564,43.66952,-122.43437,495.1,
5565,43.66964,-122.43419,496.0,
5566,43.66975,-122.43405,496.9,
5567,43.6699,-122.43385,497.6,
5568,43.67004,-122.43368,497.7,
5569,43.6701,-122.43359,497.6,
5570,43.67018,-122.43353,497.6,
5571,43.67033,-122.43341,497.2,
5572,43.67054,-122.43324,496.5,
5573,43.67066,-122.4332,496.5,
5574,43.67083,-122.43315,496.6,
5575,43.67101,-122.43309,496.4,
5576,43.67156,-122.43292,495.3,
5577,43.67199,-122.4328,493.3,
5578,43.67209,-122.43278,492.4,
5579,43.67245,-122.43272,490.7,
5580,43.67262,-122.43264,491.2,
5581,43.67279,-122.43256,491.9,
5582,43.67296,-122.43248,492.6,
5583,43.67333,-122.43231,493.9,
5584,43.67365,-122.43218,493.9,
5585,43.67376,-122.43214,493.6,
5586,43.67382,-122.43212,493.4,
5587,43.67417,-122.43204,494.4,
5588,43.67421,-122.43203,494.7,
5589,43.67434,-122.43195,494.9,
5590,43.67451,-122.43186,495.7,
5591,43.67474,-122.43172,495.3,
5592,43.67485,-122.4317,495.6,
5593,43.67502,-122.43166,494.9,
5594,43.67507,-122.43165,494.6,
5595,43.6752,-122.43172,494.6,
5596,43.6753,-122.43177,494.0,
5597,43.67535,-122.43183,494.0,
5598,43.67549,-122.43199,493.3,
5599,43.6755,-122.43201,493.3,
5600,43.67568,-122.4324,493.2,
5601,43.67569,-122.43241,493.0,
5602,43.67579,-122.43261,492.5,
5603,43.67586,-122.43274,491.5,
5604,43.67589,-122.43281,490.4,
5605,43.67599,-122.43302,485.4,
5606,43.67615,-122.43337,483.9,
5607,43.67618,-122.43344,483.8,
5608,43.67628,-122.43368,483.7,
5609,43.67642,-122.43379,481.7,
5610,43.67649,-122.43385,481.1,
5611,43.67658,-122.43392,480.5,
5612,43.6767,-122.43401,480.4,
5613,43.67691,-122.43397,481.4,
5614,43.67704,-122.43392,483.4,
5615,43.67708,-122.43388,483.4,
5616,43.67722,-122.43374,483.9,
5617,43.67723,-122.43373,483.9,
5618,43.67745,-122.43334,483.9,
5619,43.67747,-122.4333,484.0,
5620,43.67753,-122.43312,483.7,
5621,43.67766,-122.43269,483.0,
5622,43.67775,-122.43243,483.3,
5623,43.67782,-122.43221,483.0,
5624,43.67786,-122.43207,482.9,
5625,43.67808,-122.43169,490.9,
5626,43.67816,-122.43165,491.7,
5627,43.67833,-122.43156,491.4,
5628,43.67841,-122.43152,491.0,
5629,43.6787,-122.43158,493.7,
5630,43.67885,-122.43166,495.4,
5631,43.67905,-122.43177,494.3,
5632,43.67918,-122.43185,487.7,
5633,43.67938,-122.432,496.0,
5634,43.67959,-122.43231,494.9,
5635,43.67972,-122.43249,494.1,
5636,43.67973,-122.43249,493.8,
5637,43.67988,-122.43261,492.4,
5638,43.68003,-122.43273,491.2,
5639,43.68009,-122.43278,490.6,
5640,43.6805,-122.43295,492.8,
5641,43.68054,-122.43295,492.7,
5642,43.68072,-122.43295,493.5,
5643,43.68085,-122.43295,494.5,
5644,43.68103,-122.43282,493.4,
5645,43.68106,-122.43281,493.5,
5646,43.68123,-122.43273,493.6,
5647,43.6814,-122.43264,492.9,
5648,43.68157,-122.43258,491.2,
5649,43.68158,-122.43258,491.2,
5650,43.68175,-122.43262,492.3,
5651,43.68179,-122.43263,492.2,
5652,43.68193,-122.43267,491.9,
5653,43.6821,-122.43274,492.7,
5654,43.68221,-122.43278,493.3,
5655,43.68265,-122.43285,493.4,
5656,43.68314,-122.43291,494.6,
5657,43.68317,-122.43292,494.6,
5658,43.68335,-122.43296,494.2,
5659,43.68353,-122.433,492.4,
5660,43.68373,-122.43325,494.4,
5661,43.6838,-122.43349,496.2,
5662,43.6838,-122.4336,497.0,
5663,43.68381,-122.43378,496.9,
5664,43.68378,-122.43397,496.2,
5665,43.68375,-122.43408,495.6,
5666,43.68372,-122.43418,494.9,
5667,43.68354,-122.43448,495.5,
5668,43.68352,-122.43452,495.5,
5669,43.68336,-122.43475,496.8,
5670,43.6831,-122.43525,497.8,
5671,43.68309,-122.43526,498.0,
5672,43.68298,-122.43571,497.3,
5673,43.68298,-122.43574,497.1,
5674,43.68295,-122.43598,496.6,
5675,43.68292,-122.43623,496.6,
5676,43.68292,-122.43626,496.5,
5677,43.68288,-122.43657,496.3,
5678,43.68276,-122.43705,496.2,
5679,43.68277,-122.43719,494.7,
5680,43.68277,-122.4374,493.8,
5681,43.68285,-122.43767,493.6,
5682,43.68286,-122.43771,493.9,
5683,43.68293,-122.43789,493.9,
5684,43.68306,-122.43824,494.1,
5685,43.68309,-122.43859,494.4,
5686,43.68309,-122.43862,494.4,
5687,43.68303,-122.43899,494.6,
5688,43.68295,-122.4393,494.3,
5689,43.68288,-122.43957,493.0,
5690,43.68283,-122.43999,495.5,
5691,43.68285,-122.44002,495.1,
5692,43.68294,-122.44029,495.5,
5693,43.68309,-122.44053,493.5,
5694,43.68324,-122.44079,486.0,
5695,43.68325,-122.44084,485.2,
5696,43.68331,-122.44107,484.4,
5697,43.68334,-122.44117,483.7,
5698,43.68342,-122.44162,483.8,
5699,43.68346,-122.44179,483.7,
5700,43.68353,-122.44202,484.2,
5701,43.68356,-122.44214,484.6,
5702,43.68374,-122.44241,483.8,
5703,43.68374,-122.44242,483.9,
5704,43.68389,-122.44254,483.7,
5705,43.68396,-122.4426,484.3,
5706,43.68406,-122.44263,484.5,
5707,43.68423,-122.44267,485.0,
5708,43.68441,-122.44272,485.4,
5709,43.68444,-122.44273,485.4,
5710,43.68459,-122.44275,485.4,
5711,43.68477,-122.44278,485.2,
5712,43.68484,-122.44279,485.0,
5713,43.68495,-122.44278,484.2,
5714,43.68513,-122.44278,482.5,
5715,43.6853,-122.44277,479.9,
5716,43.68549,-122.44276,476.8,
5717,43.68567,-122.44276,474.6,
5718,43.68572,-122.44276,474.1,
5719,43.68594,-122.44259,472.3,
5720,43.68609,-122.44246,472.3,
5721,43.68633,-122.44228,472.4,
5722,43.6864,-122.44221,472.4,
5723,43.68655,-122.44206,472.3,
5724,43.68669,-122.44192,472.4,
5725,43.68673,-122.44189,472.3,
5726,43.68681,-122.44173,472.3,
5727,43.68692,-122.44153,472.3,
5728,43.68697,-122.44145,472.3,
5729,43.68712,-122.44112,472.3,
5730,43.68721,-122.4409,472.3,
5731,43.68723,-122.44085,472.3,
5732,43.68732,-122.44046,472.3,
5733,43.68738,-122.44015,472.8,
5734,43.68743,-122.43976,473.7,
5735,43.68748,-122.43941,475.6,
5736,43.6875,-122.43924,475.4,
5737,43.68752,-122.43904,476.0,
5738,43.68753,-122.43899,476.4,
5739,43.68758,-122.43857,482.3,
5740,43.68757,-122.43818,483.2,
5741,43.68754,-122.43801,483.1,
5742,43.6875,-122.43776,483.2,
5743,43.6875,-122.43772,483.4,
5744,43.68736,-122.43734,481.4,
5745,43.68726,-122.43707,481.1,
5746,43.68718,-122.43676,480.7,
5747,43.68718,-122.43661,480.9,
5748,43.68718,-122.43649,480.7,
5749,43.68723,-122.43626,481.1,
5750,43.68727,-122.43614,481.4,
5751,43.68733,-122.43594,481.2,
5752,43.68747,-122.43566,481.3,
5753,43.68766,-122.43531,480.0,
5754,43.68775,-122.43512,481.3,
5755,43.68775,-122.4351,481.2,
5756,43.68783,-122.43473,482.5,
5757,43.68786,-122.43462,483.0,
5758,43.68795,-122.43417,483.2,
5759,43.68796,-122.43414,483.2,
5760,43.68805,-122.43366,482.3,
5761,43.68806,-122.43364,482.5,
5762,43.6881,-122.43342,483.0,
5763,43.68816,-122.43312,483.7,
5764,43.68824,-122.43282,483.3,
5765,43.68827,-122.43272,483.0,
5766,43.68831,-122.43258,482.2,
5767,43.68843,-122.43242,482.1,
5768,43.6885,-122.43236,482.1,
5769,43.68855,-122.43231,481.8,
5770,43.68866,-122.43222,481.0,
5771,43.68868,-122.4322,480.7,
5772,43.68883,-122.43217,481.7,
5773,43.68905,-122.43213,483.8,
5774,43.68918,-122.43209,487.1,
5775,43.68926,-122.43207,490.1,
5776,43.68936,-122.43204,491.9,
5777,43.68949,-122.432,492.2,
5778,43.68983,-122.43185,492.7,
5779,43.68988,-122.43182,492.4,
5780,43.69004,-122.43171,492.1,
5781,43.69005,-122.43171,492.4,
5782,43.69021,-122.43157,492.3,
5783,43.69042,-122.43143,492.6,
5784,43.69052,-122.43138,492.8,
5785,43.69063,-122.43133,492.7,
5786,43.69069,-122.43132,493.0,
5787,43.69084,-122.43129,492.6,
5788,43.69105,-122.43129,492.3,
5789,43.69122,-122.43136,492.3,
5790,43.69123,-122.43136,492.2,
5791,43.69136,-122.43144,492.1,
5792,43.69154,-122.4316,491.2,
5793,43.69167,-122.4318,487.7,
5794,43.69178,-122.43197,481.3,
5795,43.69179,-122.43198,481.0,
5796,43.69196,-122.43218,479.4,
5797,43.69206,-122.43227,480.4,
5798,43.69214,-122.43234,481.3,
5799,43.69223,-122.43236,481.5,
5800,43.6924,-122.43239,483.5,
5801,43.69262,-122.43235,485.0,
5802,43.69276,-122.4323,488.6,
5803,43.69291,-122.43225,492.2,
5804,43.69311,-122.43216,491.8,
5805,43.69314,-122.43215,491.8,
5806,43.69323,-122.43213,491.8,
5807,43.69328,-122.43212,491.9,
5808,43.69335,-122.43211,491.9,
5809,43.69346,-122.43214,492.9,
5810,43.69356,-122.43219,493.4,
5811,43.69362,-122.43224,493.6,
5812,43.69367,-122.43228,493.1,
5813,43.69377,-122.43239,493.0,
5814,43.69378,-122.4324,492.9,
5815,43.69385,-122.4325,492.2,
5816,43.69389,-122.43257,492.5,
5817,43.69394,-122.4327,493.2,
5818,43.69398,-122.43279,493.5,
5819,43.69404,-122.43291,493.5,
5820,43.69412,-122.43308,493.4,
5821,43.69422,-122.43329,493.1,
5822,43.69429,-122.43339,492.2,
5823,43.69434,-122.43345,491.8,
5824,43.69443,-122.43355,491.4,
5825,43.69447,-122.43359,491.8,
5826,43.69459,-122.43367,492.6,
5827,43.69462,-122.43369,492.3,
5828,43.69482,-122.43376,491.8,
5829,43.69493,-122.4338,492.6,
5830,43.69503,-122.43383,494.3,
5831,43.69511,-122.43385,495.8,
5832,43.6953,-122.4339,496.5,
5833,43.69558,-122.43397,493.9,
5834,43.69564,-122.43398,493.3,
5835,43.69582,-122.43401,492.4,
5836,43.6959,-122.43402,492.6,
5837,43.69621,-122.43394,494.1,
5838,43.69632,-122.43381,493.6,
5839,43.6965,-122.43359,494.6,
5840,43.69659,-122.43347,494.9,
5841,43.69667,-122.43335,492.2,
5842,43.69671,-122.4333,492.8,
5843,43.69684,-122.43312,494.6,
5844,43.69707,-122.43282,494.4,
5845,43.69727,-122.43267,494.9,
5846,43.69731,-122.43264,494.8,
5847,43.69744,-122.43261,494.4,
5848,43.69778,-122.43253,494.4,
5849,43.69807,-122.4327,495.7,
5850,43.69813,-122.43272,494.9,
5851,43.6983,-122.4328,494.2,
5852,43.69844,-122.43286,493.6,
5853,43.69865,-122.43286,491.6,
5854,43.69875,-122.43286,492.7,
5855,43.69882,-122.43281,492.3,
5856,43.69902,-122.43268,492.9,
5857,43.69918,-122.43245,492.7,
5858,43.69924,-122.43235,492.7,
5859,43.69935,-122.43216,492.6,
5860,43.69936,-122.43214,492.5,
5861,43.69951,-122.43196,492.9,
5862,43.69963,-122.43187,492.6,
5863,43.69964,-122.43187,492.7,
5864,43.69983,-122.43181,492.5,
5865,43.69999,-122.43181,492.3,
5866,43.70016,-122.43189,492.3,
5867,43.70021,-122.43191,491.8,
5868,43.70032,-122.43201,491.9,
5869,43.70045,-122.43213,492.0,
5870,43.70063,-122.43225,491.6,
5871,43.70065,-122.43226,491.5,
5872,43.70081,-122.4323,492.1,
5873,43.70096,-122.43233,494.2,
5874,43.70114,-122.4322,493.9,
5875,43.70119,-122.43216,493.8,
5876,43.70138,-122.4319,491.2,
5877,43.70141,-122.43186,491.1,
5878,43.70154,-122.43169,490.8,
5879,43.7016,-122.4316,489.7,
5880,43.70167,-122.43153,489.1,
5881,43.70191,-122.43125,484.3,
5882,43.70219,-122.43084,483.1,
5883,43.70222,-122.43079,482.8,
5884,43.7026,-122.43017,480.6,
5885,43.70277,-122.43,481.9,
5886,43.70287,-122.42992,482.1,
5887,43.7029,-122.4299,482.2,
5888,43.70297,-122.42985,482.0,
5889,43.70314,-122.42978,481.5,
5890,43.70337,-122.42973,480.8,
5891,43.7035,-122.42971,480.0,
5892,43.70364,-122.4297,479.4,
5893,43.70368,-122.42968,478.8,
5894,43.70385,-122.42961,479.1,
5895,43.70387,-122.4296,479.3,
5896,43.704,-122.42949,479.5,
5897,43.70414,-122.42937,480.1,
5898,43.70415,-122.42935,479.9,
5899,43.70428,-122.42918,479.3,
5900,43.70435,-122.42909,478.8,
5901,43.70442,-122.42902,478.5,
5902,43.70452,-122.42893,478.6,
5903,43.70473,-122.42877,478.7,
5904,43.70474,-122.42877,478.8,
5905,43.7049,-122.4287,478.8,
5906,43.70496,-122.42867,478.3,
5907,43.70508,-122.42866,478.4,
5908,43.70517,-122.42866,478.4,
5909,43.70526,-122.42869,478.0,
5910,43.70533,-122.42871,477.7,
5911,43.70553,-122.4288,479.2,
5912,43.70575,-122.42889,478.5,
5913,43.70595,-122.42895,478.6,
5914,43.70597,-122.42896,478.8,
5915,43.70613,-122.42896,478.1,
5916,43.70622,-122.42897,478.4,
5917,43.70648,-122.42891,477.6,
5918,43.70649,-122.42891,477.4,
5919,43.70666,-122.42884,475.3,
5920,43.70672,-122.42882,474.9,
5921,43.70684,-122.42879,474.9,
5922,43.70701,-122.42874,474.0,
5923,43.70714,-122.42887,474.9,
5924,43.70723,-122.42896,475.1,
5925,43.70728,-122.42902,475.1,
5926,43.70749,-122.42925,473.2,
5927,43.70756,-122.42934,473.1,
5928,43.70768,-122.42952,473.1,
5929,43.70776,-122.42963,473.0,
5930,43.70782,-122.42969,472.5,
5931,43.7081,-122.42999,468.5,
5932,43.70812,-122.43002,468.4,
5933,43.70824,-122.43014,468.3,
5934,43.70838,-122.4303,468.7,
5935,43.70846,-122.43038,468.5,
5936,43.70852,-122.43045,468.5,
5937,43.70866,-122.43061,467.8,
5938,43.70874,-122.43071,466.8,
5939,43.7088,-122.43077,465.4,
5940,43.70895,-122.43091,463.1,
5941,43.70899,-122.43095,462.9,
5942,43.70909,-122.43107,462.6,
5943,43.70928,-122.4313,462.0,
5944,43.70934,-122.43141,462.0,
5945,43.70946,-122.43161,461.5,
5946,43.70952,-122.43171,461.1,
5947,43.70957,-122.4318,460.9,
5948,43.70968,-122.432,460.1,
5949,43.70976,-122.43213,459.2,
5950,43.70987,-122.43242,458.7,
5951,43.70998,-122.43268,457.4,
5952,43.71006,-122.43284,456.0,
5953,43.71015,-122.43306,452.5,
5954,43.71017,-122.4331,451.8,
5955,43.71028,-122.43322,449.7,
5956,43.71043,-122.43337,447.7,
5957,43.71045,-122.43339,447.4,
5958,43.71058,-122.43351,445.6,
5959,43.71073,-122.43364,443.6,
5960,43.71088,-122.43377,442.6,
5961,43.71102,-122.43376,441.2,
5962,43.7112,-122.43375,438.5,
5963,43.71127,-122.43375,436.9,
5964,43.71137,-122.43372,434.1,
5965,43.71168,-122.43364,432.4,
5966,43.71173,-122.43362,432.7,
5967,43.7119,-122.43356,433.4,
5968,43.71221,-122.43344,433.6,
5969,43.71242,-122.43339,433.8,
5970,43.7126,-122.43335,433.8,
5971,43.71271,-122.43332,433.4,
5972,43.71278,-122.43333,433.7,
5973,43.71309,-122.43336,433.7,
5974,43.71314,-122.43338,433.9,
5975,43.71331,-122.43346,433.9,
5976,43.71365,-122.43362,427.0,
5977,43.71382,-122.4337,424.1,
5978,43.71399,-122.43378,423.5,
5979,43.71411,-122.43383,423.0,
5980,43.71416,-122.43385,422.7,
5981,43.71451,-122.43397,419.6,
5982,43.71468,-122.43403,418.0,
5983,43.71477,-122.43406,417.3,
5984,43.71486,-122.43409,417.3,
5985,43.71521,-122.43422,413.3,
5986,43.71538,-122.43428,413.0,
5987,43.71543,-122.4343,413.0,
5988,43.71555,-122.43435,412.9,
5989,43.71573,-122.43441,412.5,
5990,43.71581,-122.43444,412.3,
5991,43.7159,-122.43446,411.9,
5992,43.71619,-122.43451,409.7,
5993,43.71625,-122.43455,409.6,
5994,43.71642,-122.43465,408.7,
5995,43.71675,-122.43486,405.2,
5996,43.71691,-122.43496,401.8,
5997,43.71707,-122.43506,399.1,
5998,43.7172,-122.43534,398.3,
5999,43.71734,-122.43563,397.4,
6000,43.71738,-122.43577,397.6,
6001,43.71745,-122.436,398.1,
6002,43.71747,-122.43607,398.3,
6003,43.71758,-122.43616,396.3,
6004,43.71791,-122.43647,390.1,
6005,43.71803,-122.43656,387.3,
6006,43.71819,-122.43668,385.9,
6007,43.71833,-122.43679,385.7,
6008,43.71835,-122.4368,385.6,
6009,43.71851,-122.43689,384.8,
6010,43.71856,-122.43691,384.3,
6011,43.71867,-122.43702,384.5,
6012,43.71882,-122.43716,384.4,
6013,43.71897,-122.4373,383.7,
6014,43.71902,-122.43735,383.5,
6015,43.7191,-122.43747,383.3,
6016,43.71922,-122.43765,383.2,
6017,43.71934,-122.43783,383.2,
6018,43.71939,-122.43791,383.9,
6019,43.71945,-122.43803,385.1,
6020,43.71955,-122.43823,386.3,
6021,43.71965,-122.43843,386.7,
6022,43.71966,-122.43844,386.6,
6023,43.71985,-122.43871,385.6,
6024,43.71991,-122.43878,385.8,
6025,43.71999,-122.43887,386.2,
6026,43.72007,-122.43888,385.8,
6027,43.72017,-122.43889,385.5,
6028,43.72025,-122.43887,384.8,
6029,43.72031,-122.43886,384.4,
6030,43.72061,-122.43879,382.4,
6031,43.72061,-122.43879,382.4,
6032,43.72093,-122.43815,379.0,
6033,43.72103,-122.43795,377.9,
6034,43.72106,-122.43788,377.6,
6035,43.72125,-122.43755,375.7,
6036,43.72136,-122.43736,374.7,
6037,43.72148,-122.43716,373.6,
6038,43.72214,-122.43599,372.1,
6039,43.72248,-122.4354,372.2,
6040,43.72287,-122.43459,373.6,
6041,43.72287,-122.43459,373.6,
6042,43.72323,-122.43492,373.3,
6043,43.72346,-122.43518,373.1,
6044,43.72374,-122.43539,373.3,
6045,43.72418,-122.43569,373.6,
6046,43.72424,-122.43572,373.7,
6047,43.72426,-122.43574,373.7,
6048,43.72449,-122.43588,373.9,
6049,43.72457,-122.43593,374.0,
6050,43.72473,-122.43601,374.5,
6051,43.72498,-122.43614,375.1,
6052,43.72507,-122.4362,375.4,
6053,43.72524,-122.4363,375.8,
6054,43.72539,-122.43639,375.9,
6055,43.72555,-122.4365,375.9,
6056,43.72556,-122.43651,375.9,
6057,43.72572,-122.4366,375.9,
6058,43.72573,-122.43661,375.8,
6059,43.72588,-122.4367,375.7,
6060,43.72593,-122.43674,375.7,
6061,43.72605,-122.4368,375.7,
6062,43.72623,-122.43689,375.6,
6063,43.72638,-122.43697,375.6,
6064,43.7264,-122.43697,375.6,
6065,43.72643,-122.43699,375.6,
6066,43.72665,-122.43711,375.6,
6067,43.72684,-122.43735,375.7,
6068,43.72685,-122.43737,375.7,
6069,43.72691,-122.43745,375.7,
6070,43.72698,-122.4375,375.8,
6071,43.72714,-122.4376,376.0,
6072,43.72718,-122.43763,376.1,
6073,43.72737,-122.43781,376.6,
6074,43.72754,-122.43797,377.2,
6075,43.72759,-122.43804,377.5,
6076,43.72771,-122.4382,378.0,
6077,43.72772,-122.43821,378.0,
6078,43.72779,-122.43829,378.2,
6079,43.72785,-122.43839,378.3,
6080,43.72796,-122.43854,378.4,
6081,43.72818,-122.43896,379.1,
6082,43.7282,-122.439,379.3,
6083,43.72832,-122.43929,380.8,
6084,43.72836,-122.43938,380.9,
6085,43.72837,-122.4394,381.0,
6086,43.72854,-122.43971,381.6,
6087,43.72857,-122.43979,381.6,
6088,43.72877,-122.4402,381.8,
6089,43.72878,-122.44022,381.8,
6090,43.72891,-122.44048,382.0,
6091,43.72912,-122.4408,382.9,
6092,43.72928,-122.44106,383.5,
6093,43.72936,-122.44113,384.0,
6094,43.72951,-122.44127,384.8,
6095,43.72952,-122.44128,384.8,
6096,43.72954,-122.44129,385.0,
6097,43.72981,-122.44151,386.3,
6098,43.72982,-122.44152,386.3,
6099,43.72984,-122.44152,386.5,
6100,43.72999,-122.44161,387.4,
6101,43.73005,-122.44165,387.7,
6102,43.7303,-122.44174,389.2,
6103,43.73033,-122.44175,389.3,
6104,43.73035,-122.44175,389.4,
6105,43.73051,-122.44176,390.4,
6106,43.73053,-122.44176,390.6,
6107,43.73071,-122.44178,391.3,
6108,43.73088,-122.44177,391.7,
6109,43.73089,-122.44177,391.7,
6110,43.73104,-122.44176,391.7,
6111,43.73105,-122.44176,391.6,
6112,43.73107,-122.44176,391.6,
6113,43.73125,-122.44176,391.5,
6114,43.73143,-122.44175,391.6,
6115,43.73157,-122.44175,391.5,
6116,43.73161,-122.44174,391.7,
6117,43.73179,-122.44172,392.0,
6118,43.73191,-122.44171,392.1,
6119,43.73196,-122.4417,392.1,
6120,43.73244,-122.44162,393.7,
6121,43.7325,-122.44162,394.7,
6122,43.73269,-122.4416,399.8,
6123,43.73286,-122.44159,401.3,
6124,43.73301,-122.44166,401.3,
6125,43.73314,-122.44175,401.0,
6126,43.73318,-122.4418,400.8,
6127,43.7334,-122.44207,399.7,
6128,43.7334,-122.44207,399.7,
6129,43.73353,-122.44188,400.5,
6130,43.73365,-122.44173,400.9,
6131,43.73386,-122.44149,401.4,
6132,43.73401,-122.44142,401.6,
6133,43.73408,-122.4414,401.6,
6134,43.73419,-122.44136,401.8,
6135,43.7344,-122.44131,402.4,
6136,43.73461,-122.4413,402.6,
6137,43.73546,-122.44127,402.6,
6138,43.73551,-122.44127,402.5,
6139,43.73559,-122.44126,402.5,
6140,43.73569,-122.44124,402.4,
6141,43.73605,-122.44119,402.0,
6142,43.73631,-122.44115,401.7,
6143,43.73636,-122.44115,401.6,
6144,43.73658,-122.44112,401.5,
6145,43.73676,-122.4411,401.6,
6146,43.73694,-122.44109,401.7,
6147,43.73719,-122.44105,402.1,
6148,43.73719,-122.44105,402.1,
6149,43.7372,-122.44117,401.6,
6150,43.73721,-122.44122,401.5,
6151,43.73721,-122.44122,401.5,
6152,43.73747,-122.44118,401.5,
6153,43.73766,-122.44117,401.2,
6154,43.7378,-122.44116,400.9,
6155,43.73789,-122.44119,400.7,
6156,43.73792,-122.4412,400.6,
6157,43.73801,-122.44124,400.4,
6158,43.73818,-122.44134,399.8,
6159,43.73825,-122.4414,399.4,
6160,43.7384,-122.44153,398.2,
6161,43.73856,-122.44169,396.2,
6162,43.73859,-122.44174,395.5,
6163,43.7386,-122.44176,395.2,
6164,43.7386,-122.44176,395.2,
6165,43.73881,-122.44179,393.9,
6166,43.73895,-122.44181,394.4,
6167,43.73912,-122.44184,395.7,
6168,43.73929,-122.44187,397.5,
6169,43.73936,-122.44191,397.9,
6170,43.73948,-122.44198,398.6,
6171,43.73964,-122.44207,399.4,
6172,43.73981,-122.44217,400.3,
6173,43.73998,-122.44226,401.3,
6174,43.74008,-122.44233,401.6,
6175,43.74014,-122.44236,401.4,
6176,43.74031,-122.44245,399.1,
6177,43.74043,-122.44252,397.8,
6178,43.74065,-122.44263,396.5,
6179,43.74077,-122.44269,395.8,
6180,43.74099,-122.44277,394.2,
6181,43.74101,-122.44278,393.9,
6182,43.74115,-122.44288,391.5,
6183,43.74121,-122.44292,391.0,
6184,43.74134,-122.44305,390.8,
6185,43.74143,-122.44319,390.8,
6186,43.74154,-122.44335,390.8,
6187,43.74155,-122.44337,390.8,
6188,43.74166,-122.44357,388.9,
6189,43.74176,-122.44378,386.1,
6190,43.74177,-122.44379,385.9,
6191,43.74184,-122.44396,383.9,
6192,43.74184,-122.444,383.7,
6193,43.74185,-122.44405,383.3,
6194,43.74186,-122.44411,382.9,
6195,43.74187,-122.44414,382.6,
6196,43.74187,-122.44415,382.6,
6197,43.74188,-122.44416,382.5,
6198,43.74188,-122.44417,382.4,
6199,43.74189,-122.44417,382.3,
6200,43.7419,-122.44417,382.3,
6201,43.74192,-122.44418,382.1,
6202,43.74197,-122.44417,381.7,
6203,43.74197,-122.44417,381.7,
6204,43.74198,-122.44423,381.4,
6205,43.74201,-122.44442,380.7,
6206,43.74202,-122.44446,380.5,
6207,43.74205,-122.44466,379.9,
6208,43.74208,-122.44482,379.3,
6209,43.74214,-122.44514,378.4,
6210,43.74217,-122.44531,378.2,
6211,43.74219,-122.44538,378.1,
6212,43.7422,-122.44543,378.1,
6213,43.74221,-122.44548,378.1,
6214,43.74226,-122.44561,378.0,
6215,43.74229,-122.44567,377.9,
6216,43.74237,-122.44581,377.6,
6217,43.74237,-122.44582,377.7,
6218,43.7424,-122.44584,377.5,
6219,43.74246,-122.4459,377.2,
6220,43.74252,-122.44594,376.9,
6221,43.74264,-122.44602,376.3,
6222,43.74268,-122.44604,376.1,
6223,43.74285,-122.44611,375.0,
6224,43.74286,-122.44612,374.9,
6225,43.74289,-122.44613,374.7,
6226,43.74303,-122.44618,373.9,
6227,43.74309,-122.4462,373.5,
6228,43.7432,-122.44623,372.9,
6229,43.74331,-122.44626,372.3,
6230,43.74348,-122.44628,371.4,
6231,43.74356,-122.44627,371.0,
6232,43.7436,-122.44627,370.9,
6233,43.74369,-122.44627,370.5,
6234,43.74392,-122.44622,369.9,
6235,43.74393,-122.44622,369.9,
6236,43.74409,-122.44617,369.7,
6237,43.74412,-122.44616,369.6,
6238,43.74439,-122.44602,369.7,
6239,43.7447,-122.44584,370.3,
6240,43.74493,-122.44567,370.9,
6241,43.74495,-122.44565,371.0,
6242,43.74566,-122.44519,372.8,
6243,43.746,-122.44499,373.6,
6244,43.74615,-122.44492,374.0,
6245,43.74616,-122.44491,374.0,
6246,43.74637,-122.44484,374.4,
6247,43.74656,-122.44479,374.9,
6248,43.7466,-122.44479,375.0,
6249,43.74678,-122.4448,376.0,
6250,43.74696,-122.44481,377.0,
6251,43.7471,-122.44484,377.7,
6252,43.74728,-122.44485,378.7,
6253,43.74734,-122.44486,379.1,
6254,43.74754,-122.44488,380.2,
6255,43.74769,-122.44491,381.0,
6256,43.74775,-122.44492,381.4,
6257,43.74787,-122.44494,382.1,
6258,43.748,-122.44496,383.5,
6259,43.74811,-122.44497,385.0,
6260,43.7483,-122.44498,388.3,
6261,43.7483,-122.44498,388.3,
6262,43.74829,-122.44534,388.0,
6263,43.7483,-122.44547,388.0,
6264,43.74831,-122.44562,388.0,
6265,43.74832,-122.44572,388.0,
6266,43.74832,-122.44582,387.9,
6267,43.74834,-122.44597,388.0,
6268,43.74836,-122.44612,388.2,
6269,43.74841,-122.4466,387.9,
6270,43.74841,-122.4466,387.9,
6271,43.74854,-122.44657,390.7,
6272,43.74859,-122.44654,391.8,
6273,43.74861,-122.44653,392.2,
6274,43.74869,-122.4464,395.3,
6275,43.74871,-122.44636,396.1,
6276,43.74875,-122.44625,397.8,
6277,43.7488,-122.44617,399.6,
6278,43.74881,-122.44617,399.9,
6279,43.74885,-122.44616,401.1,
6280,43.749,-122.44617,405.6,
6281,43.749,-122.44617,405.6,
6282,43.74902,-122.44644,405.3,
6283,43.74903,-122.44667,404.1,
6284,43.74901,-122.44679,402.6,
6285,43.74901,-122.44688,401.8,
6286,43.74903,-122.44703,400.8,
6287,43.7491,-122.44726,400.3,
6288,43.74914,-122.44738,401.0,
6289,43.74917,-122.44749,402.1,
6290,43.74923,-122.44768,404.9,
6291,43.74925,-122.44788,406.3,
6292,43.74926,-122.4481,407.3,
6293,43.74926,-122.44822,407.5,
6294,43.74926,-122.44828,407.7,
6295,43.74924,-122.44847,407.3,
6296,43.74924,-122.44848,407.3,
6297,43.74926,-122.44871,407.7,
6298,43.74926,-122.44876,407.6,
6299,43.74928,-122.44896,408.1,
6300,43.74929,-122.44905,408.4,
6301,43.74926,-122.4492,407.6,
6302,43.74925,-122.44922,407.3,
6303,43.7492,-122.44938,406.2,
6304,43.74915,-122.44961,405.9,
6305,43.74914,-122.44967,406.0,
6306,43.7491,-122.44982,405.9,
6307,43.74907,-122.4499,405.7,
6308,43.74898,-122.45012,405.1,
6309,43.74898,-122.45013,405.1,
6310,43.74897,-122.45036,405.4,
6311,43.74897,-122.45052,405.8,
6312,43.74897,-122.45061,405.9,
6313,43.74898,-122.45078,406.2,
6314,43.749,-122.45098,406.7,
6315,43.74901,-122.45136,407.0,
6316,43.74903,-122.45186,407.3,
6317,43.74904,-122.45242,406.9,
6318,43.74905,-122.4526,406.9,
6319,43.74906,-122.45309,407.1,
6320,43.74907,-122.45319,407.5,
6321,43.74913,-122.45368,409.7,
6322,43.74916,-122.45392,411.1,
6323,43.74916,-122.45392,411.1,
6324,43.74922,-122.45376,412.4,
6325,43.7493,-122.45354,414.0,
6326,43.74954,-122.45287,416.2,
6327,43.74955,-122.45262,416.0,
6328,43.74955,-122.45261,416.0,
6329,43.74956,-122.45243,416.5,
6330,43.74955,-122.45237,416.9,
6331,43.74954,-122.45187,421.7,
6332,43.74953,-122.45163,423.1,
6333,43.74953,-122.45162,423.2,
6334,43.74956,-122.45138,425.0,
6335,43.74959,-122.4512,425.9,
6336,43.74961,-122.45113,426.5,
6337,43.74968,-122.45089,427.7,
6338,43.74973,-122.45068,427.9,
6339,43.74973,-122.45067,427.9,
6340,43.74984,-122.45047,429.7,
6341,43.74986,-122.45042,430.0,
6342,43.74992,-122.45033,431.2,
6343,43.74992,-122.45033,431.2,
6344,43.75004,-122.45033,434.2,
6345,43.75005,-122.45033,434.5,
6346,43.75007,-122.45034,435.1,
6347,43.75011,-122.45037,436.2,
6348,43.75017,-122.4505,437.7,
6349,43.75022,-122.45075,438.6,
6350,43.75025,-122.45087,438.9,
6351,43.75028,-122.451,438.9,
6352,43.7503,-122.45105,439.0,
6353,43.75039,-122.45128,439.3,
6354,43.7504,-122.45131,439.5,
6355,43.7505,-122.45148,442.1,
6356,43.75066,-122.45166,446.1,
6357,43.75097,-122.4519,450.0,
6358,43.75128,-122.45214,451.2,
6359,43.75151,-122.45232,452.7,
6360,43.75174,-122.45254,456.6,
6361,43.75203,-122.45283,460.0,
6362,43.75218,-122.45297,461.2,
6363,43.75232,-122.45312,462.2,
6364,43.75256,-122.45325,463.8,
6365,43.75262,-122.45326,464.3,
6366,43.75298,-122.45329,469.9,
6367,43.75315,-122.45322,472.1,
6368,43.75317,-122.45321,472.3,
6369,43.7533,-122.4531,473.1,
6370,43.75348,-122.45295,474.3,
6371,43.75353,-122.4529,474.7,
6372,43.75362,-122.4528,475.2,
6373,43.75372,-122.45268,475.5,
6374,43.75375,-122.45265,475.6,
6375,43.75376,-122.45263,475.6,
6376,43.75385,-122.45252,475.3,
6377,43.75388,-122.45249,475.3,
6378,43.75399,-122.45236,475.7,
6379,43.75406,-122.45229,476.4,
6380,43.75414,-122.45222,479.1,
6381,43.75425,-122.45213,483.4,
6382,43.75435,-122.45209,486.3,
6383,43.75442,-122.45207,488.2,
6384,43.75452,-122.45207,489.9,
6385,43.75454,-122.45207,490.2,
6386,43.7547,-122.45209,489.2,
6387,43.75479,-122.45214,487.6,
6388,43.75485,-122.45222,485.9,
6389,43.75488,-122.45226,485.0,
6390,43.75498,-122.45239,482.2,
6391,43.75498,-122.4524,482.1,
6392,43.75503,-122.45251,480.6,
6393,43.75508,-122.45273,478.6,
6394,43.7551,-122.45285,477.8,
6395,43.75513,-122.453,476.7,
6396,43.7552,-122.45349,472.6,
6397,43.75524,-122.45399,470.2,
6398,43.75526,-122.45415,469.2,
6399,43.75527,-122.45429,468.4,
6400,43.75528,-122.45439,467.8,
6401,43.75534,-122.45489,464.8,
6402,43.75536,-122.45502,464.2,
6403,43.75537,-122.45513,463.8,
6404,43.7554,-122.45538,462.6,
6405,43.75543,-122.45562,461.9,
6406,43.75546,-122.45588,461.2,
6407,43.75552,-122.45636,459.7,
6408,43.75555,-122.45661,458.9,
6409,43.75556,-122.4567,458.6,
6410,43.75558,-122.45685,458.2,
6411,43.7556,-122.4571,457.7,
6412,43.75564,-122.45743,457.0,
6413,43.75572,-122.4579,455.8,
6414,43.75583,-122.4583,454.5,
6415,43.75584,-122.45832,454.4,
6416,43.75591,-122.45852,453.6,
6417,43.756,-122.45874,453.1,
6418,43.75603,-122.45883,453.2,
6419,43.75625,-122.45933,452.5,
6420,43.75647,-122.4598,450.3,
6421,43.75665,-122.46023,449.4,
6422,43.75683,-122.46065,448.7,
6423,43.75698,-122.46099,448.4,
6424,43.75714,-122.46133,447.2,
6425,43.75743,-122.46195,445.7,
6426,43.75765,-122.46233,445.7,
6427,43.75766,-122.46235,445.7,
6428,43.7578,-122.46262,445.7,
6429,43.75796,-122.46289,445.7,
6430,43.75812,-122.46309,445.7,
6431,43.75828,-122.46323,445.8,
6432,43.75853,-122.46331,445.7,
6433,43.75867,-122.46336,445.7,
6434,43.7587,-122.46337,445.7,
6435,43.75888,-122.46342,446.7,
6436,43.75892,-122.46344,446.8,
6437,43.75915,-122.46351,446.6,
6438,43.75923,-122.46354,446.5,
6439,43.75941,-122.46362,446.1,
6440,43.75957,-122.46371,445.8,
6441,43.75971,-122.46387,445.8,
6442,43.7598,-122.46397,445.7,
6443,43.75986,-122.46399,445.8,
6444,43.76,-122.46406,445.9,
6445,43.7601,-122.4641,445.9,
6446,43.76019,-122.46426,445.6,
6447,43.76035,-122.46442,444.2,
6448,43.76066,-122.46468,441.7,
6449,43.76076,-122.46477,441.3,
6450,43.76081,-122.46481,441.4,
6451,43.761,-122.46496,442.0,
6452,43.7611,-122.4651,442.0,
6453,43.76116,-122.46519,442.2,
6454,43.76127,-122.46542,442.3,
6455,43.7615,-122.4658,441.0,
6456,43.76159,-122.46596,439.8,
6457,43.7616,-122.46599,439.7,
6458,43.76161,-122.466,439.7,
6459,43.76171,-122.46621,439.2,
6460,43.76178,-122.46635,438.6,
6461,43.76185,-122.4666,436.8,
6462,43.76186,-122.46665,436.7,
6463,43.76186,-122.46666,436.6,
6464,43.76187,-122.46672,436.6,
6465,43.76196,-122.46714,436.1,
6466,43.76197,-122.4672,435.9,
6467,43.76198,-122.46726,435.7,
6468,43.762,-122.46738,435.3,
6469,43.76202,-122.46744,435.0,
6470,43.76205,-122.46762,433.6,
6471,43.76206,-122.46768,433.1,
6472,43.76208,-122.46775,432.8,
6473,43.76222,-122.46844,430.1,
6474,43.76224,-122.46858,429.5,
6475,43.76229,-122.46882,429.3,
6476,43.76229,-122.46883,429.2,
6477,43.7623,-122.46889,428.9,
6478,43.76234,-122.46911,427.8,
6479,43.76244,-122.46953,426.1,
6480,43.76247,-122.46964,425.5,
6481,43.76251,-122.46976,425.1,
6482,43.76259,-122.46999,423.5,
6483,43.76261,-122.47005,422.5,
6484,43.76266,-122.47021,419.9,
6485,43.76266,-122.47022,419.7,
6486,43.76275,-122.47047,420.1,
6487,43.76281,-122.47089,416.6,
6488,43.7628,-122.47093,415.8,
6489,43.7628,-122.47094,415.7,
6490,43.7628,-122.471,415.1,
6491,43.76278,-122.47134,413.8,
6492,43.76269,-122.47165,412.4,
6493,43.76269,-122.47166,412.4,
6494,43.76268,-122.4717,412.3,
6495,43.76267,-122.47172,412.1,
6496,43.76261,-122.47188,410.8,
6497,43.76259,-122.47194,410.2,
6498,43.76253,-122.4721,408.0,
6499,43.76251,-122.47216,407.1,
6500,43.76231,-122.47249,402.2,
6501,43.76228,-122.47254,401.9,
6502,43.76208,-122.47286,400.7,
6503,43.76189,-122.47302,399.9,
6504,43.76171,-122.47316,399.5,
6505,43.76152,-122.47321,398.5,
6506,43.76142,-122.47321,397.8,
6507,43.76131,-122.47322,396.7,
6508,43.76124,-122.47322,395.7,
6509,43.76106,-122.47321,393.6,
6510,43.76093,-122.4732,392.4,
6511,43.7607,-122.47324,390.1,
6512,43.76069,-122.47324,390.0,
6513,43.76052,-122.47333,389.4,
6514,43.76028,-122.4735,389.2,
6515,43.76021,-122.47354,389.2,
6516,43.7601,-122.47368,389.3,
6517,43.75996,-122.47395,389.5,
6518,43.75979,-122.47432,388.5,
6519,43.75977,-122.47437,388.3,
6520,43.75967,-122.47463,387.6,
6521,43.75964,-122.47483,387.5,
6522,43.75949,-122.47509,386.9,
6523,43.75938,-122.47526,386.3,
6524,43.75934,-122.47533,386.3,
6525,43.75924,-122.47541,386.1,
6526,43.75916,-122.47547,385.8,
6527,43.75893,-122.47566,384.3,
6528,43.75886,-122.47572,383.4,
6529,43.75863,-122.47595,380.9,
6530,43.75862,-122.47597,380.7,
6531,43.75847,-122.47623,379.9,
6532,43.75835,-122.47654,377.7,
6533,43.75834,-122.47657,377.5,
6534,43.75827,-122.4768,376.6,
6535,43.75825,-122.47684,376.4,
6536,43.75821,-122.47703,376.9,
6537,43.75804,-122.47774,378.2,
6538,43.75798,-122.47798,377.0,
6539,43.75787,-122.47858,376.3,
6540,43.75786,-122.47871,376.5,
6541,43.75784,-122.47897,376.9,
6542,43.75784,-122.47907,377.2,
6543,43.75784,-122.4791,377.2,
6544,43.75782,-122.47922,377.0,
6545,43.75779,-122.47956,377.1,
6546,43.75776,-122.47994,379.3,
6547,43.75776,-122.47996,379.4,
6548,43.75775,-122.48005,379.2,
6549,43.75771,-122.48045,378.5,
6550,43.7577,-122.48055,378.3,
6551,43.75767,-122.48076,378.0,
6552,43.75767,-122.48079,378.1,
6553,43.75764,-122.48094,378.0,
6554,43.7576,-122.48119,377.4,
6555,43.75757,-122.48135,377.1,
6556,43.75747,-122.4818,376.7,
6557,43.75742,-122.48199,378.5,
6558,43.75736,-122.48217,379.0,
6559,43.7573,-122.48236,378.3,
6560,43.75727,-122.48244,377.5,
6561,43.75717,-122.48282,372.0,
6562,43.75716,-122.48288,370.5,
6563,43.7571,-122.48331,365.8,
6564,43.75706,-122.48375,364.4,
6565,43.75703,-122.4843,363.8,
6566,43.75703,-122.48441,363.8,
6567,43.75704,-122.48457,363.9,
6568,43.75706,-122.48471,364.6,
6569,43.75708,-122.48479,365.2,
6570,43.75714,-122.48502,365.9,
6571,43.75721,-122.48527,365.4,
6572,43.75725,-122.48547,363.2,
6573,43.75726,-122.4856,361.8,
6574,43.75725,-122.48574,360.5,
6575,43.75724,-122.48598,359.7,
6576,43.75724,-122.48604,359.7,
6577,43.75723,-122.48619,359.4,
6578,43.75723,-122.48674,355.8,
6579,43.75723,-122.48686,355.9,
6580,43.75723,-122.48704,355.9,
6581,43.75724,-122.48724,356.4,
6582,43.75725,-122.48729,356.8,
6583,43.75726,-122.48771,356.1,
6584,43.75733,-122.48824,353.0,
6585,43.75741,-122.48891,350.8,
6586,43.75744,-122.48911,349.8,
6587,43.75747,-122.48936,348.1,
6588,43.7575,-122.48952,346.8,
6589,43.75752,-122.4896,346.2,
6590,43.75755,-122.48976,344.7,
6591,43.75756,-122.48978,344.6,
6592,43.75761,-122.48994,343.8,
6593,43.75767,-122.4901,343.9,
6594,43.75771,-122.49021,343.7,
6595,43.75773,-122.49028,343.3,
6596,43.75774,-122.4903,343.2,
6597,43.75779,-122.49042,342.7,
6598,43.75782,-122.49049,342.5,
6599,43.75785,-122.49054,342.4,
6600,43.75791,-122.49071,341.7,
6601,43.75793,-122.49075,341.6,
6602,43.75795,-122.49082,341.3,
6603,43.75797,-122.49088,341.1,
6604,43.75798,-122.49094,340.8,
6605,43.758,-122.49106,340.3,
6606,43.758,-122.49109,340.2,
6607,43.75801,-122.49118,339.8,
6608,43.75801,-122.49131,339.2,
6609,43.75801,-122.49145,338.5,
6610,43.75798,-122.49196,336.1,
6611,43.75796,-122.49227,334.6,
6612,43.75792,-122.49243,334.1,
6613,43.75787,-122.49266,333.3,
6614,43.7578,-122.49291,332.1,
6615,43.75768,-122.49338,328.2,
6616,43.75768,-122.49343,327.7,
6617,43.75763,-122.49367,326.5,
6618,43.75762,-122.49376,326.2,
6619,43.75763,-122.49391,325.6,
6620,43.75764,-122.49405,325.2,
6621,43.75767,-122.49415,325.2,
6622,43.75773,-122.49439,325.2,
6623,43.75798,-122.49483,325.1,
6624,43.75825,-122.49535,325.6,
6625,43.75825,-122.49535,325.6,
6626,43.75844,-122.49513,325.4,
6627,43.75871,-122.49476,324.9,
6628,43.75896,-122.4944,324.9,
6629,43.7592,-122.49404,325.2,
6630,43.75921,-122.49404,325.2,
6631,43.75954,-122.49387,325.1,
6632,43.75971,-122.49377,324.7,
6633,43.75979,-122.49372,324.7,
6634,43.76,-122.49347,325.0,
6635,43.76002,-122.49344,325.0,
6636,43.76015,-122.49318,325.4,
6637,43.7602,-122.49306,325.7,
6638,43.76031,-122.49286,326.0,
6639,43.76051,-122.49245,327.9,
6640,43.76058,-122.49232,328.9,
6641,43.76079,-122.49189,330.6,
6642,43.76096,-122.49157,331.6,
6643,43.76112,-122.49132,332.3,
6644,43.76131,-122.49111,332.9,
6645,43.76163,-122.4909,332.7,
6646,43.76165,-122.49089,332.7,
6647,43.7618,-122.49081,332.3,
6648,43.76189,-122.49076,332.4,
6649,43.76197,-122.49072,332.4,
6650,43.76211,-122.49065,332.3,
6651,43.76242,-122.49048,333.6,
6652,43.76247,-122.49045,333.8,
6653,43.76272,-122.49034,333.4,
6654,43.76281,-122.4903,333.1,
6655,43.76299,-122.49023,331.9,
6656,43.76306,-122.4902,331.6,
6657,43.76315,-122.49014,331.6,
6658,43.76331,-122.49003,332.4,
6659,43.76342,-122.48988,336.5,
6660,43.76345,-122.48986,336.6,
6661,43.76361,-122.48976,336.6,
6662,43.76376,-122.48966,334.1,
6663,43.76377,-122.48966,333.8,
6664,43.76395,-122.48958,332.0,
6665,43.764,-122.48956,331.6,
6666,43.76427,-122.48937,331.9,
6667,43.76443,-122.48927,333.1,
6668,43.76444,-122.48926,333.3,
6669,43.76461,-122.48921,333.0,
6670,43.76468,-122.48919,333.0,
6671,43.76479,-122.48917,333.1,
6672,43.76496,-122.48913,333.3,
6673,43.76504,-122.48911,333.3,
6674,43.76514,-122.48909,333.3,
6675,43.76532,-122.48905,333.4,
6676,43.76533,-122.48905,333.4,
6677,43.76583,-122.48893,335.8,
6678,43.76585,-122.48892,336.0,
6679,43.76603,-122.48889,336.5,
6680,43.76621,-122.48886,337.2,
6681,43.7663,-122.48884,337.4,
6682,43.76639,-122.48882,337.7,
6683,43.76656,-122.48877,338.1,
6684,43.76674,-122.48873,338.6,
6685,43.76692,-122.48868,338.9,
6686,43.76697,-122.48867,338.9,
6687,43.76709,-122.48862,339.3,
6688,43.76743,-122.48847,340.0,
6689,43.76745,-122.48847,339.9,
6690,43.7676,-122.48838,340.1,
6691,43.76777,-122.4883,339.7,
6692,43.76794,-122.48821,339.3,
6693,43.76799,-122.48818,339.2,
6694,43.76827,-122.48802,338.8,
6695,43.76842,-122.48793,338.7,
6696,43.76844,-122.48792,338.6,
6697,43.7686,-122.48782,338.3,
6698,43.76876,-122.48771,337.8,
6699,43.76879,-122.4877,337.5,
6700,43.76892,-122.48759,337.1,
6701,43.76907,-122.48746,336.5,
6702,43.76921,-122.48734,335.8,
6703,43.76921,-122.48734,335.8,
6704,43.7693,-122.4872,336.0,
6705,43.76941,-122.48701,336.3,
6706,43.76947,-122.48692,336.4,
6707,43.76954,-122.48684,336.2,
6708,43.76968,-122.48668,335.9,
6709,43.76981,-122.48653,335.2,
6710,43.76982,-122.48652,335.1,
6711,43.76996,-122.48636,334.1,
6712,43.77018,-122.4861,333.6,
6713,43.77023,-122.48604,333.7,
6714,43.77037,-122.48588,333.5,
6715,43.77051,-122.48571,333.3,
6716,43.77064,-122.48555,332.6,
6717,43.77078,-122.48539,331.8,
6718,43.77091,-122.48523,332.1,
6719,43.77099,-122.48514,332.3,
6720,43.77132,-122.48473,332.4,
6721,43.77137,-122.48467,332.3,
6722,43.77145,-122.48457,332.1,
6723,43.77159,-122.4844,332.7,
6724,43.77172,-122.48424,333.6,
6725,43.77186,-122.48408,333.8,
6726,43.772,-122.48391,334.4,
6727,43.77204,-122.48386,334.6,
6728,43.77213,-122.48375,334.9,
6729,43.77227,-122.48359,335.3,
6730,43.7724,-122.48342,335.2,
6731,43.77259,-122.4832,333.6,
6732,43.7728,-122.48292,333.4,
6733,43.77294,-122.48275,333.2,
6734,43.77306,-122.48259,333.1,
6735,43.77307,-122.48258,333.1,
6736,43.77344,-122.48204,333.1,
6737,43.77351,-122.48192,333.3,
6738,43.77367,-122.48166,333.9,
6739,43.77403,-122.4811,338.0,
6740,43.77412,-122.48094,340.1,
6741,43.77437,-122.48052,341.5,
6742,43.77481,-122.47973,347.0,
6743,43.77514,-122.47915,347.9,
6744,43.77536,-122.47876,347.0,
6745,43.77537,-122.47876,346.8,
6746,43.7756,-122.47837,346.0,
6747,43.77582,-122.47798,345.6,
6748,43.77597,-122.47773,345.5,
6749,43.77605,-122.4776,345.5,
6750,43.77627,-122.4772,345.5,
6751,43.7763,-122.47715,345.4,
6752,43.77645,-122.47678,345.4,
6753,43.77652,-122.47662,345.2,
6754,43.77654,-122.47656,345.2,
6755,43.77661,-122.47633,344.8,
6756,43.77663,-122.47627,344.7,
6757,43.77668,-122.4761,344.4,
6758,43.77675,-122.47587,344.0,
6759,43.77679,-122.47577,343.6,
6760,43.77686,-122.47534,342.5,
6761,43.77688,-122.47515,342.2,
6762,43.7769,-122.4749,341.8,
6763,43.77693,-122.47465,341.8,
6764,43.77694,-122.4745,341.9,
6765,43.77695,-122.47441,341.9,
6766,43.77698,-122.47416,342.0,
6767,43.77703,-122.47367,343.2,
6768,43.77706,-122.47342,344.1,
6769,43.77706,-122.47339,344.2,
6770,43.77708,-122.47317,344.7,
6771,43.77713,-122.47268,345.0,
6772,43.77715,-122.47243,345.2,
6773,43.77716,-122.47231,345.3,
6774,43.77717,-122.47219,345.4,
6775,43.77722,-122.47169,345.4,
6776,43.77726,-122.47122,345.0,
6777,43.77729,-122.47095,344.5,
6778,43.77731,-122.4707,344.1,
6779,43.77738,-122.46996,343.2,
6780,43.77739,-122.46989,343.1,
6781,43.77741,-122.46972,342.8,
6782,43.77745,-122.46922,342.5,
6783,43.77747,-122.46897,342.3,
6784,43.77749,-122.46885,342.1,
6785,43.7775,-122.46873,342.1,
6786,43.77753,-122.46848,342.0,
6787,43.77755,-122.46834,342.1,
6788,43.77757,-122.46824,342.1,
6789,43.77762,-122.468,342.4,
6790,43.77769,-122.46777,342.4,
6791,43.77775,-122.46754,343.1,
6792,43.77775,-122.46753,343.1,
6793,43.77784,-122.46732,343.2,
6794,43.77792,-122.46713,343.5,
6795,43.77793,-122.46711,343.5,
6796,43.77804,-122.4669,343.3,
6797,43.77812,-122.46674,343.0,
6798,43.77814,-122.4667,342.9,
6799,43.77823,-122.46653,342.7,
6800,43.77825,-122.46651,342.5,
6801,43.77865,-122.466,344.1,
6802,43.7787,-122.46593,344.8,
6803,43.77911,-122.46562,347.4,
6804,43.77941,-122.46542,349.5,
6805,43.77961,-122.46533,350.5,
6806,43.77974,-122.46527,350.7,
6807,43.77996,-122.4652,351.4,
6808,43.78009,-122.46516,355.2,
6809,43.78013,-122.46515,355.8,
6810,43.78031,-122.46511,356.4,
6811,43.78049,-122.46507,355.4,
6812,43.7806,-122.46504,353.9,
6813,43.78084,-122.46498,351.3,
6814,43.78102,-122.46493,351.5,
6815,43.78115,-122.46489,351.8,
6816,43.78119,-122.46488,351.8,
6817,43.78137,-122.46483,351.9,
6818,43.78154,-122.46478,352.1,
6819,43.78166,-122.46475,351.9,
6820,43.78172,-122.46473,352.6,
6821,43.78208,-122.46466,356.5,
6822,43.78225,-122.46462,355.7,
6823,43.78243,-122.46458,352.9,
6824,43.78246,-122.46458,352.3,
6825,43.78261,-122.46453,351.1,
6826,43.78278,-122.46448,351.9,
6827,43.78315,-122.46437,352.3,
6828,43.78331,-122.46434,352.5,
6829,43.78349,-122.46429,352.3,
6830,43.7837,-122.46424,351.3,
6831,43.78385,-122.46421,351.2,
6832,43.7842,-122.46413,350.6,
6833,43.78421,-122.46413,350.6,
6834,43.78438,-122.46409,350.5,
6835,43.78455,-122.46404,350.8,
6836,43.78491,-122.46395,349.4,
6837,43.78509,-122.46391,349.3,
6838,43.78522,-122.46387,349.3,
6839,43.78526,-122.46386,349.3,
6840,43.78544,-122.46381,349.7,
6841,43.78561,-122.46376,350.1,
6842,43.78579,-122.46371,350.2,
6843,43.78597,-122.46366,349.7,
6844,43.78614,-122.46361,349.6,
6845,43.78621,-122.4636,349.5,
6846,43.78649,-122.46348,349.6,
6847,43.78666,-122.4634,349.7,
6848,43.7867,-122.46338,349.8,
6849,43.78683,-122.46331,349.9,
6850,43.7871,-122.46315,350.1,
6851,43.78732,-122.463,350.2,
6852,43.78748,-122.46289,350.2,
6853,43.78751,-122.46287,350.2,
6854,43.78764,-122.46278,350.1,
6855,43.78801,-122.46252,350.1,
6856,43.78812,-122.46244,350.4,
6857,43.78828,-122.46232,350.3,
6858,43.78876,-122.46197,349.1,
6859,43.78898,-122.46168,349.5,
6860,43.78925,-122.46135,350.6,
6861,43.78952,-122.46102,351.0,
6862,43.78979,-122.46069,351.6,
6863,43.78992,-122.46052,351.7,
6864,43.79019,-122.46019,351.7,
6865,43.79032,-122.46002,351.5,
6866,43.79046,-122.45985,351.5,
6867,43.79086,-122.45936,351.7,
6868,43.79099,-122.45919,351.6,
6869,43.79126,-122.45886,350.9,
6870,43.79139,-122.45869,351.1,
6871,43.7918,-122.45819,350.7,
6872,43.79193,-122.45802,350.7,
6873,43.79201,-122.45793,350.5,
6874,43.79229,-122.45747,350.5,
6875,43.79253,-122.4571,349.8,
6876,43.79264,-122.45693,349.6,
6877,43.79265,-122.45691,349.6,
6878,43.79294,-122.45628,349.7,
6879,43.79296,-122.45625,349.6,
6880,43.79302,-122.45606,349.7,
6881,43.7931,-122.45583,349.7,
6882,43.79324,-122.45538,349.7,
6883,43.79332,-122.45515,349.6,
6884,43.79336,-122.45501,349.6,
6885,43.79346,-122.4547,349.7,
6886,43.79354,-122.45447,349.9,
6887,43.79375,-122.45378,349.5,
6888,43.79379,-122.45367,349.3,
6889,43.79383,-122.45356,349.2,
6890,43.79416,-122.45267,350.5,
6891,43.79418,-122.45263,350.5,
6892,43.79434,-122.45229,352.2,
6893,43.79436,-122.45226,352.4,
6894,43.79451,-122.45213,355.0,
6895,43.79466,-122.45199,357.0,
6896,43.79478,-122.45188,359.8,
6897,43.79498,-122.45174,358.9,
6898,43.79514,-122.45163,357.5,
6899,43.79529,-122.45152,357.3,
6900,43.79567,-122.45124,359.6,
6901,43.79627,-122.45087,358.0,
6902,43.79678,-122.45054,358.5,
6903,43.79691,-122.45043,359.7,
6904,43.79701,-122.45036,360.1,
6905,43.79724,-122.45024,360.7,
6906,43.7974,-122.45016,362.5,
6907,43.79759,-122.45014,362.4,
6908,43.79777,-122.45013,362.9,
6909,43.79779,-122.45012,363.3,
6910,43.79799,-122.45014,363.4,
6911,43.79813,-122.45011,364.4,
6912,43.79831,-122.45008,364.9,
6913,43.79835,-122.45007,364.9,
6914,43.79848,-122.45002,365.1,
6915,43.79866,-122.44996,364.9,
6916,43.79884,-122.44989,363.8,
6917,43.79897,-122.44973,363.5,
6918,43.7991,-122.44957,363.0,
6919,43.79912,-122.44955,362.9,
6920,43.7992,-122.44936,363.0,
6921,43.79928,-122.44916,362.9,
6922,43.79931,-122.44889,362.8,
6923,43.79934,-122.44873,362.3,
6924,43.79934,-122.44865,362.1,
6925,43.79934,-122.44844,361.6,
6926,43.79925,-122.44817,361.1,
6927,43.79922,-122.44808,361.0,
6928,43.79913,-122.44771,361.4,
6929,43.79909,-122.44756,361.7,
6930,43.79901,-122.4472,362.4,
6931,43.79903,-122.44698,362.6,
6932,43.79905,-122.44678,363.3,
6933,43.79906,-122.44674,363.4,
6934,43.79916,-122.44645,363.0,
6935,43.79924,-122.44632,361.9,
6936,43.79926,-122.44629,361.6,
6937,43.79929,-122.44608,361.5,
6938,43.79931,-122.44594,361.5,
6939,43.79936,-122.44559,361.7,
6940,43.79939,-122.44534,361.9,
6941,43.79941,-122.44522,362.1,
6942,43.79946,-122.44512,362.1,
6943,43.79956,-122.44493,361.9,
6944,43.79984,-122.4446,361.8,
6945,43.79998,-122.44444,361.6,
6946,43.80008,-122.44433,361.8,
6947,43.80026,-122.44412,362.2,
6948,43.80053,-122.44379,363.1,
6949,43.8008,-122.44346,366.6,
6950,43.80086,-122.44339,366.6,
6951,43.80092,-122.44328,367.2,
6952,43.80102,-122.44308,368.2,
6953,43.80113,-122.44288,368.4,
6954,43.80115,-122.44284,368.4,
6955,43.80122,-122.44266,369.0,
6956,43.8013,-122.44244,369.5,
6957,43.8014,-122.44215,370.3,
6958,43.80145,-122.44199,370.8,
6959,43.80152,-122.44176,371.3,
6960,43.80159,-122.44153,371.5,
6961,43.80166,-122.4413,371.6,
6962,43.80173,-122.44107,371.6,
6963,43.80173,-122.44106,371.7,
6964,43.80181,-122.44085,371.1,
6965,43.80198,-122.44041,368.8,
6966,43.80199,-122.44039,368.7,
6967,43.80214,-122.43996,366.8,
6968,43.80219,-122.43978,366.2,
6969,43.80226,-122.43949,365.6,
6970,43.80226,-122.43946,365.7,
6971,43.80228,-122.43924,365.8,
6972,43.8023,-122.43899,366.0,
6973,43.80232,-122.43886,365.9,
6974,43.80232,-122.43875,366.0,
6975,43.80232,-122.4385,366.4,
6976,43.80233,-122.43825,366.2,
6977,43.80233,-122.43806,366.3,
6978,43.80234,-122.438,366.0,
6979,43.80236,-122.43775,365.5,
6980,43.80238,-122.4375,364.2,
6981,43.8024,-122.43726,362.9,
6982,43.80234,-122.43702,363.4,
6983,43.80228,-122.43678,364.4,
6984,43.80227,-122.43671,364.6,
6985,43.80225,-122.43654,364.9,
6986,43.80223,-122.43639,365.4,
6987,43.80225,-122.4363,365.1,
6988,43.80231,-122.43606,364.3,
6989,43.80233,-122.43595,364.3,
6990,43.80242,-122.43567,362.1,
6991,43.80245,-122.43561,361.7,
6992,43.80254,-122.43539,361.9,
6993,43.80255,-122.43535,362.5,
6994,43.80276,-122.43509,364.1,
6995,43.8028,-122.43507,363.8,
6996,43.80313,-122.43489,361.3,
6997,43.80314,-122.43489,361.2,
6998,43.80355,-122.4347,361.3,
6999,43.80364,-122.43463,361.1,
7000,43.80383,-122.43447,361.2,
7001,43.80415,-122.43415,365.2,
7002,43.80442,-122.43391,365.9,
7003,43.80446,-122.43386,366.5,
7004,43.80456,-122.43376,367.3,
7005,43.80459,-122.43373,367.5,
7006,43.80471,-122.43363,367.6,
7007,43.80486,-122.4335,367.7,
7008,43.80487,-122.4335,367.5,
7009,43.80512,-122.4333,366.8,
7010,43.80517,-122.43323,367.2,
7011,43.80527,-122.43306,367.8,
7012,43.80528,-122.43304,367.8,
7013,43.80535,-122.43281,369.2,
7014,43.80539,-122.4327,369.4,
7015,43.80544,-122.43246,368.9,
7016,43.80543,-122.43208,368.7,
7017,43.80542,-122.43197,368.7,
7018,43.80542,-122.43184,368.5,
7019,43.80539,-122.43134,371.1,
7020,43.80539,-122.43127,371.7,
7021,43.80547,-122.43086,374.2,
7022,43.80557,-122.43064,374.1,
7023,43.80563,-122.4305,375.2,
7024,43.80567,-122.43044,375.0,
7025,43.80578,-122.43024,376.1,
7026,43.80581,-122.43019,376.2,
7027,43.80592,-122.43008,374.0,
7028,43.80618,-122.42982,372.6,
7029,43.80635,-122.42964,372.6,
7030,43.80649,-122.42949,372.8,
7031,43.80652,-122.42947,372.5,
7032,43.80672,-122.42935,370.3,
7033,43.80682,-122.42928,369.8,
7034,43.80695,-122.4292,370.6,
7035,43.80699,-122.42918,370.7,
7036,43.80715,-122.42909,371.0,
7037,43.80732,-122.429,371.3,
7038,43.80735,-122.42898,371.5,
7039,43.80749,-122.42894,371.3,
7040,43.80758,-122.42891,371.8,
7041,43.80785,-122.42891,372.2,
7042,43.80787,-122.42891,372.2,
7043,43.80809,-122.42899,368.8,
7044,43.80833,-122.42903,368.3,
7045,43.80838,-122.42901,369.0,
7046,43.80861,-122.42895,370.7,
7047,43.80873,-122.42891,371.4,
7048,43.8089,-122.42885,371.3,
7049,43.8089,-122.42884,371.5,
7050,43.80905,-122.42869,375.1,
7051,43.80911,-122.42863,375.9,
7052,43.80917,-122.42851,376.1,
7053,43.80927,-122.42832,376.4,
7054,43.80927,-122.42831,376.5,
7055,43.80934,-122.42807,376.4,
7056,43.80936,-122.42801,376.3,
7057,43.80936,-122.42759,376.2,
7058,43.80936,-122.42758,376.2,
7059,43.8094,-122.42734,375.7,
7060,43.80944,-122.4271,375.8,
7061,43.80947,-122.42695,376.0,
7062,43.80958,-122.42664,375.9,
7063,43.80966,-122.42641,376.0,
7064,43.8097,-122.42631,376.0,
7065,43.80983,-122.42597,376.3,
7066,43.80988,-122.42583,376.5,
7067,43.80999,-122.42554,376.9,
7068,43.80999,-122.42553,377.0,
7069,43.81009,-122.42532,376.8,
7070,43.81018,-122.4251,377.1,
7071,43.81024,-122.42495,377.8,
7072,43.81028,-122.4249,377.6,
7073,43.8104,-122.42471,377.3,
7074,43.81052,-122.42452,376.7,
7075,43.81072,-122.42411,377.2,
7076,43.81082,-122.42391,377.8,
7077,43.81083,-122.42389,377.8,
7078,43.81093,-122.42371,378.2,
7079,43.81105,-122.42352,378.2,
7080,43.81113,-122.42336,378.5,
7081,43.81127,-122.42312,377.8,
7082,43.81138,-122.42293,377.0,
7083,43.81139,-122.42289,377.1,
7084,43.81156,-122.4225,376.0,
7085,43.81159,-122.42245,375.7,
7086,43.81165,-122.42228,375.4,
7087,43.81174,-122.42206,374.7,
7088,43.81181,-122.42183,374.6,
7089,43.81183,-122.42176,374.5,
7090,43.81185,-122.42159,374.5,
7091,43.81187,-122.42135,374.7,
7092,43.81188,-122.42127,374.7,
7093,43.8119,-122.4211,374.5,
7094,43.81192,-122.42085,374.5,
7095,43.81191,-122.42036,374.8,
7096,43.8119,-122.42019,375.0,
7097,43.8119,-122.42011,375.0,
7098,43.8119,-122.41986,374.9,
7099,43.8119,-122.41961,374.7,
7100,43.81191,-122.41941,374.7,
7101,43.81191,-122.41936,374.8,
7102,43.81193,-122.41911,374.6,
7103,43.81194,-122.41886,374.6,
7104,43.81196,-122.41867,374.6,
7105,43.81196,-122.41862,374.7,
7106,43.812,-122.41837,374.5,
7107,43.81203,-122.41819,374.2,
7108,43.81203,-122.41813,374.2,
7109,43.81203,-122.41788,374.2,
7110,43.81203,-122.41772,374.1,
7111,43.81202,-122.41763,374.2,
7112,43.81195,-122.41731,374.5,
7113,43.8119,-122.41716,374.9,
7114,43.81184,-122.41693,375.3,
7115,43.81183,-122.4169,375.4,
7116,43.81178,-122.41669,375.8,
7117,43.81173,-122.41648,376.2,
7118,43.81172,-122.41645,376.4,
7119,43.81169,-122.41621,377.7,
7120,43.81166,-122.41605,379.3,
7121,43.81167,-122.41597,379.5,
7122,43.81169,-122.41572,380.9,
7123,43.8117,-122.41563,381.6,
7124,43.81175,-122.41549,381.7,
7125,43.81182,-122.41526,382.5,
7126,43.81186,-122.41514,382.8,
7127,43.81191,-122.41504,382.5,
7128,43.81202,-122.41485,381.2,
7129,43.81213,-122.41467,379.5,
7130,43.81213,-122.41465,379.6,
7131,43.81229,-122.41426,377.9,
7132,43.8123,-122.41421,377.9,
7133,43.81234,-122.41397,377.8,
7134,43.81238,-122.41373,378.4,
7135,43.8124,-122.41365,378.5,
7136,43.81244,-122.41349,378.8,
7137,43.81248,-122.4133,379.2,
7138,43.81249,-122.41325,379.4,
7139,43.81256,-122.41302,380.0,
7140,43.81257,-122.41299,380.0,
7141,43.81258,-122.41278,382.1,
7142,43.81258,-122.41253,384.8,
7143,43.81259,-122.41247,385.1,
7144,43.81263,-122.41229,385.9,
7145,43.81268,-122.41205,386.7,
7146,43.81268,-122.41203,386.8,
7147,43.81283,-122.4116,387.6,
7148,43.81288,-122.41146,387.8,
7149,43.81292,-122.41138,387.9,
7150,43.81305,-122.41115,388.7,
7151,43.81315,-122.411,389.5,
7152,43.81323,-122.41091,390.1,
7153,43.8133,-122.41086,390.9,
7154,43.81346,-122.41075,392.5,
7155,43.81356,-122.41068,393.0,
7156,43.81362,-122.41064,393.1,
7157,43.81378,-122.41053,393.2,
7158,43.81383,-122.4105,393.2,
7159,43.81394,-122.41041,393.1,
7160,43.81412,-122.41025,393.0,
7161,43.81438,-122.40997,392.4,
7162,43.81445,-122.4099,392.2,
7163,43.81451,-122.4098,392.3,
7164,43.81463,-122.40962,392.3,
7165,43.81472,-122.40947,392.3,
7166,43.81489,-122.40929,391.2,
7167,43.81503,-122.40913,392.9,
7168,43.81511,-122.40904,393.7,
7169,43.81519,-122.409,393.0,
7170,43.81535,-122.40889,391.9,
7171,43.81568,-122.40869,388.4,
7172,43.81581,-122.4086,387.8,
7173,43.81583,-122.40857,388.1,
7174,43.81596,-122.40839,390.7,
7175,43.81609,-122.40822,392.0,
7176,43.81613,-122.40815,392.6,
7177,43.81619,-122.40801,394.0,
7178,43.81627,-122.40779,395.8,
7179,43.81635,-122.40757,396.6,
7180,43.81643,-122.40735,397.2,
7181,43.81652,-122.40713,396.6,
7182,43.81658,-122.40695,396.1,
7183,43.81665,-122.40667,396.0,
7184,43.81671,-122.40643,395.9,
7185,43.81676,-122.4062,396.2,
7186,43.81677,-122.40619,395.9,
7187,43.81693,-122.40575,396.0,
7188,43.81701,-122.40553,397.3,
7189,43.81701,-122.40551,397.7,
7190,43.81713,-122.40535,397.6,
7191,43.81726,-122.40517,398.0,
7192,43.81738,-122.405,398.2,
7193,43.81739,-122.40499,398.1,
7194,43.81753,-122.40484,397.0,
7195,43.81767,-122.40468,395.4,
7196,43.81781,-122.40453,393.7,
7197,43.81795,-122.40438,392.0,
7198,43.818,-122.40433,391.4,
7199,43.81837,-122.4039,390.3,
7200,43.81846,-122.4038,390.6,
7201,43.81852,-122.40376,390.4,
7202,43.81868,-122.40366,392.0,
7203,43.8188,-122.40359,393.3,
7204,43.81885,-122.40359,393.1,
7205,43.81903,-122.40357,392.9,
7206,43.81921,-122.40355,392.6,
7207,43.81935,-122.40354,393.2,
7208,43.81975,-122.40353,396.0,
7209,43.81993,-122.40352,396.1,
7210,43.82011,-122.40352,396.3,
7211,43.82029,-122.40351,397.7,
7212,43.82065,-122.4035,401.3,
7213,43.82071,-122.4035,401.4,
7214,43.82083,-122.40352,401.3,
7215,43.82101,-122.40354,401.7,
7216,43.82118,-122.40357,402.4,
7217,43.82136,-122.4036,406.9,
7218,43.82147,-122.40362,409.1,
7219,43.82154,-122.40364,409.4,
7220,43.82172,-122.40369,409.4,
7221,43.82207,-122.40379,408.2,
7222,43.82261,-122.40387,407.0,
7223,43.8227,-122.40388,406.9,
7224,43.82278,-122.40386,407.1,
7225,43.82314,-122.40377,407.9,
7226,43.82332,-122.40373,408.3,
7227,43.82367,-122.40364,409.5,
7228,43.82403,-122.4036,408.9,
7229,43.82418,-122.40358,408.4,
7230,43.82473,-122.40334,407.0,
7231,43.82488,-122.40323,406.7,
7232,43.82504,-122.40312,407.4,
7233,43.82521,-122.40302,408.7,
7234,43.82522,-122.403,409.1,
7235,43.82556,-122.40291,409.6,
7236,43.82577,-122.40285,410.5,
7237,43.82609,-122.40286,409.7,
7238,43.82627,-122.40287,408.5,
7239,43.82631,-122.40287,408.1,
7240,43.82645,-122.40283,407.2,
7241,43.8266,-122.40278,405.8,
7242,43.82691,-122.40248,406.5,
7243,43.82691,-122.40247,406.7,
7244,43.82704,-122.4023,407.4,
7245,43.82717,-122.40213,407.9,
7246,43.8273,-122.40196,410.0,
7247,43.82736,-122.40189,410.9,
7248,43.82745,-122.40182,411.6,
7249,43.82761,-122.40171,412.4,
7250,43.82777,-122.4016,412.6,
7251,43.82784,-122.40155,412.7,
7252,43.82811,-122.40143,411.8,
7253,43.82837,-122.40132,410.5,
7254,43.82862,-122.4012,409.3,
7255,43.82874,-122.40114,408.9,
7256,43.82879,-122.40109,409.1,
7257,43.82893,-122.40094,409.3,
7258,43.82907,-122.40079,409.7,
7259,43.8291,-122.40076,409.8,
7260,43.82923,-122.40067,410.1,
7261,43.82955,-122.40045,411.7,
7262,43.82972,-122.40034,412.3,
7263,43.82976,-122.40031,412.5,
7264,43.82989,-122.40027,412.5,
7265,43.83006,-122.40021,412.4,
7266,43.83041,-122.4001,411.7,
7267,43.83076,-122.39998,410.7,
7268,43.83094,-122.39992,410.0,
7269,43.83111,-122.39986,409.5,
7270,43.83125,-122.39981,409.3,
7271,43.83162,-122.39963,411.0,
7272,43.83196,-122.39947,411.7,
7273,43.83202,-122.39944,411.9,
7274,43.83232,-122.39939,411.8,
7275,43.83253,-122.39941,411.8,
7276,43.83268,-122.39943,412.1,
7277,43.83285,-122.39945,412.7,
7278,43.83306,-122.39948,413.3,
7279,43.83321,-122.39953,413.1,
7280,43.83356,-122.39963,412.5,
7281,43.83376,-122.3997,412.0,
7282,43.83384,-122.39972,412.0,
7283,43.83391,-122.39974,411.8,
7284,43.83409,-122.39979,410.9,
7285,43.83444,-122.3999,409.4,
7286,43.83462,-122.39995,409.8,
7287,43.83497,-122.40005,410.3,
7288,43.83514,-122.4001,410.3,
7289,43.83569,-122.40026,411.2,
7290,43.83616,-122.40057,411.3,
7291,43.8362,-122.4006,411.5,
7292,43.83655,-122.40096,410.4,
7293,43.83659,-122.40102,409.9,
7294,43.83664,-122.40111,409.2,
7295,43.83672,-122.40118,409.4,
7296,43.8369,-122.40134,410.4,
7297,43.83739,-122.40154,417.6,
7298,43.83741,-122.40156,417.3,
7299,43.83772,-122.40173,417.7,
7300,43.83789,-122.40182,417.5,
7301,43.83802,-122.40189,418.3,
7302,43.8382,-122.40206,416.2,
7303,43.83848,-122.40234,414.2,
7304,43.83863,-122.40252,414.5,
7305,43.83903,-122.40302,414.9,
7306,43.83943,-122.40352,414.8,
7307,43.8395,-122.40362,414.9,
7308,43.83974,-122.40392,415.8,
7309,43.83984,-122.404,416.5,
7310,43.83999,-122.40414,416.5,
7311,43.84008,-122.40422,415.8,
7312,43.84061,-122.40443,415.2,
7313,43.84084,-122.4045,413.5,
7314,43.84102,-122.40455,411.4,
7315,43.84119,-122.4046,409.5,
7316,43.84122,-122.40461,409.2,
7317,43.84137,-122.40465,408.1,
7318,43.84155,-122.4047,409.8,
7319,43.84172,-122.40475,411.5,
7320,43.84187,-122.40479,412.9,
7321,43.8419,-122.4048,413.2,
7322,43.84224,-122.4049,416.5,
7323,43.84225,-122.4049,416.6,
7324,43.84236,-122.40491,417.7,
7325,43.84243,-122.40489,418.4,
7326,43.84269,-122.40475,417.7,
7327,43.84283,-122.40468,417.8,
7328,43.84286,-122.40466,417.7,
7329,43.84303,-122.40456,417.4,
7330,43.84319,-122.40447,416.8,
7331,43.84336,-122.40438,415.9,
7332,43.84337,-122.40438,415.9,
7333,43.8435,-122.40435,415.6,
7334,43.84359,-122.40436,415.7,
7335,43.84371,-122.40441,416.5,
7336,43.84372,-122.40441,416.5,
7337,43.84388,-122.4045,417.9,
7338,43.84405,-122.40458,419.2,
7339,43.8442,-122.40466,420.4,
7340,43.84422,-122.40466,420.4,
7341,43.8444,-122.40471,420.8,
7342,43.8445,-122.40474,421.3,
7343,43.84457,-122.40472,421.1,
7344,43.84471,-122.4047,421.3,
7345,43.84475,-122.40468,421.1,
7346,43.84483,-122.40463,420.4,
7347,43.84492,-122.40462,420.2,
7348,43.84499,-122.4046,419.7,
7349,43.8451,-122.40458,419.0,
7350,43.84511,-122.40458,419.0,
7351,43.84528,-122.40461,419.1,
7352,43.84546,-122.40463,419.1,
7353,43.84562,-122.40466,419.8,
7354,43.84564,-122.40466,419.8,
7355,43.84582,-122.40466,421.8,
7356,43.84592,-122.40467,426.7,
7357,43.84599,-122.40464,428.8,
7358,43.84609,-122.40459,429.7,
7359,43.8463,-122.40438,429.9,
7360,43.84645,-122.40424,430.8,
7361,43.84659,-122.40409,430.4,
7362,43.84662,-122.40406,430.0,
7363,43.84676,-122.40399,429.1,
7364,43.84687,-122.40396,428.7,
7365,43.84693,-122.40396,428.6,
7366,43.84704,-122.40396,428.5,
7367,43.84711,-122.40398,428.7,
7368,43.84729,-122.40404,429.3,
7369,43.84738,-122.40407,429.6,
7370,43.84746,-122.40409,429.7,
7371,43.84764,-122.40413,429.5,
7372,43.84782,-122.40417,429.2,
7373,43.84798,-122.4042,429.1,
7374,43.84799,-122.40421,429.2,
7375,43.84852,-122.40435,428.7,
7376,43.84865,-122.40438,428.2,
7377,43.8487,-122.4044,428.3,
7378,43.84887,-122.40447,428.6,
7379,43.84905,-122.40454,428.8,
7380,43.84922,-122.40461,429.0,
7381,43.84927,-122.40462,428.5,
7382,43.8495,-122.40479,429.5,
7383,43.84954,-122.40483,430.0,
7384,43.84969,-122.40496,430.7,
7385,43.84984,-122.4051,431.1,
7386,43.85,-122.40523,430.9,
7387,43.85015,-122.40536,430.3,
7388,43.85021,-122.40542,430.2,
7389,43.8503,-122.4055,430.2,
7390,43.85045,-122.40562,430.0,
7391,43.85061,-122.40575,428.9,
7392,43.8507,-122.40583,428.3,
7393,43.85076,-122.40588,428.0,
7394,43.8509,-122.40601,427.8,
7395,43.85091,-122.40603,428.0,
7396,43.85104,-122.40619,428.5,
7397,43.85114,-122.40632,429.0,
7398,43.85117,-122.40637,429.3,
7399,43.85129,-122.40655,429.4,
7400,43.85139,-122.40671,429.7,
7401,43.85155,-122.4069,428.8,
7402,43.85178,-122.40698,432.7,
7403,43.85196,-122.40704,435.9,
7404,43.85213,-122.40713,438.9,
7405,43.8523,-122.40721,442.0,
7406,43.8524,-122.40726,443.8,
7407,43.85244,-122.40733,443.6,
7408,43.85256,-122.40753,440.8,
7409,43.85267,-122.40772,439.6,
7410,43.85278,-122.40792,440.8,
7411,43.85298,-122.40826,440.6,
7412,43.85311,-122.40844,440.3,
7413,43.85327,-122.40865,440.1,
7414,43.85353,-122.409,438.5,
7415,43.85354,-122.40901,438.6,
7416,43.85364,-122.40919,438.0,
7417,43.85374,-122.4094,438.1,
7418,43.85385,-122.4096,438.0,
7419,43.85396,-122.4098,437.9,
7420,43.85406,-122.41,437.7,
7421,43.85411,-122.41009,437.9,
7422,43.85419,-122.41018,439.1,
7423,43.8546,-122.41066,441.1,
7424,43.85473,-122.41082,440.0,
7425,43.85474,-122.41083,439.9,
7426,43.85504,-122.41109,438.8,
7427,43.85514,-122.41118,437.9,
7428,43.85553,-122.41128,436.2,
7429,43.85555,-122.41128,436.2,
7430,43.85573,-122.41126,436.6,
7431,43.85591,-122.41124,437.0,
7432,43.856,-122.41123,436.9,
7433,43.85609,-122.41121,437.0,
7434,43.8566,-122.41107,436.6,
7435,43.85662,-122.41106,436.7,
7436,43.85678,-122.41096,437.4,
7437,43.85711,-122.41076,438.6,
7438,43.85717,-122.41073,439.4,
7439,43.85729,-122.41073,440.2,
7440,43.85756,-122.41073,443.3,
7441,43.85781,-122.41087,438.5,
7442,43.85798,-122.41096,437.3,
7443,43.85807,-122.41101,437.2,
7444,43.85831,-122.41115,436.7,
7445,43.8584,-122.41121,436.3,
7446,43.85881,-122.41142,434.9,
7447,43.85898,-122.4115,434.6,
7448,43.85919,-122.41161,434.2,
7449,43.85968,-122.4117,434.6,
7450,43.85986,-122.41173,434.8,
7451,43.86004,-122.41176,434.7,
7452,43.8601,-122.41177,434.5,
7453,43.86045,-122.41176,433.7,
7454,43.86088,-122.41154,433.1,
7455,43.86094,-122.41149,433.0,
7456,43.86124,-122.41122,433.8,
7457,43.86124,-122.41121,433.9,
7458,43.86137,-122.41105,434.8,
7459,43.86161,-122.41073,438.9,
7460,43.86163,-122.4107,439.7,
7461,43.86174,-122.41054,443.6,
7462,43.86175,-122.41052,444.6,
7463,43.86185,-122.41042,445.8,
7464,43.8619,-122.4104,444.1,
7465,43.86223,-122.41026,436.2,
7466,43.86225,-122.41025,436.0,
7467,43.86242,-122.4102,433.9,
7468,43.8626,-122.41015,433.6,
7469,43.86278,-122.41009,433.3,
7470,43.86305,-122.41001,433.4,
7471,43.86328,-122.40989,433.7,
7472,43.86329,-122.40988,433.7,
7473,43.86357,-122.40961,435.3,
7474,43.86359,-122.40959,435.4,
7475,43.86398,-122.40909,436.9,
7476,43.86412,-122.40892,436.9,
7477,43.86431,-122.40867,437.3,
7478,43.86438,-122.40858,437.6,
7479,43.86451,-122.40841,437.6,
7480,43.86477,-122.40807,436.9,
7481,43.86491,-122.4079,436.6,
7482,43.86504,-122.40773,437.4,
7483,43.86518,-122.40757,438.0,
7484,43.86532,-122.40742,439.2,
7485,43.86546,-122.40726,440.5,
7486,43.8656,-122.4071,442.2,
7487,43.86574,-122.40694,444.9,
7488,43.86581,-122.40685,446.1,
7489,43.86586,-122.40676,447.0,
7490,43.86596,-122.40656,448.6,
7491,43.86596,-122.40655,448.8,
7492,43.86604,-122.40634,449.9,
7493,43.86613,-122.40612,452.8,
7494,43.86624,-122.40584,458.8,
7495,43.86631,-122.40569,459.2,
7496,43.86641,-122.40548,459.3,
7497,43.86645,-122.4054,459.2,
7498,43.86653,-122.40529,458.4,
7499,43.86665,-122.4051,458.2,
7500,43.86677,-122.40492,459.4,
7501,43.86682,-122.40484,459.8,
7502,43.86701,-122.40465,459.3,
7503,43.86705,-122.40452,460.5,
7504,43.86712,-122.40438,461.2,
7505,43.86718,-122.40428,460.8,
7506,43.8673,-122.40395,460.2,
7507,43.86736,-122.4038,458.3,
7508,43.86737,-122.40372,457.9,
7509,43.86745,-122.40328,452.0,
7510,43.86744,-122.40324,451.9,
7511,43.8674,-122.403,451.7,
7512,43.86739,-122.40295,452.3,
7513,43.86733,-122.40276,454.7,
7514,43.8673,-122.40252,454.7,
7515,43.86728,-122.40234,457.5,
7516,43.86728,-122.40227,458.7,
7517,43.8673,-122.40206,461.2,
7518,43.86731,-122.40203,461.1,
7519,43.86739,-122.40181,460.1,
7520,43.86747,-122.40161,458.8,
7521,43.86748,-122.40159,458.8,
7522,43.86758,-122.4014,461.7,
7523,43.86759,-122.40139,461.7,
7524,43.86771,-122.4012,461.9,
7525,43.86776,-122.40113,462.3,
7526,43.86784,-122.40104,462.4,
7527,43.86796,-122.40092,462.2,
7528,43.86799,-122.40091,461.8,
7529,43.86828,-122.40081,458.8,
7530,43.86834,-122.40079,458.5,
7531,43.86852,-122.40074,458.3,
7532,43.86905,-122.40058,458.1,
7533,43.86922,-122.40053,458.1,
7534,43.86928,-122.40051,458.2,
7535,43.86955,-122.40033,458.7,
7536,43.86959,-122.4003,458.7,
7537,43.8697,-122.40019,458.7,
7538,43.86985,-122.40004,459.0,
7539,43.86991,-122.39998,459.3,
7540,43.86999,-122.39989,459.8,
7541,43.87027,-122.39959,461.1,
7542,43.87029,-122.39957,461.1,
7543,43.87044,-122.39949,460.4,
7544,43.87061,-122.3994,460.1,
7545,43.87062,-122.39939,460.2,
7546,43.87078,-122.39933,460.8,
7547,43.87129,-122.3991,462.9,
7548,43.87146,-122.39903,464.0,
7549,43.87164,-122.39895,462.7,
7550,43.87173,-122.39891,461.7,
7551,43.8718,-122.39885,462.2,
7552,43.87209,-122.39856,464.2,
7553,43.87217,-122.39849,464.1,
7554,43.87254,-122.39816,464.2,
7555,43.87258,-122.39812,464.2,
7556,43.87269,-122.39802,464.8,
7557,43.87299,-122.39774,466.7,
7558,43.87325,-122.39749,468.1,
7559,43.87344,-122.39732,469.0,
7560,43.87374,-122.39705,470.4,
7561,43.87389,-122.39692,470.4,
7562,43.87405,-122.39679,470.0,
7563,43.87451,-122.3964,469.4,
7564,43.87459,-122.39634,468.9,
7565,43.87467,-122.39628,468.4,
7566,43.87499,-122.39605,466.6,
7567,43.87547,-122.3957,465.1,
7568,43.87559,-122.39561,464.3,
7569,43.87562,-122.39558,464.3,
7570,43.87592,-122.39531,466.8,
7571,43.87622,-122.39503,472.2,
7572,43.87646,-122.39482,475.8,
7573,43.87668,-122.39463,478.1,
7574,43.87683,-122.39451,479.0,
7575,43.87699,-122.39438,479.9,
7576,43.87704,-122.39433,481.0,
7577,43.87713,-122.39423,484.9,
7578,43.87727,-122.39406,489.5,
7579,43.87732,-122.394,489.8,
7580,43.87739,-122.39388,490.4,
7581,43.8775,-122.39369,490.3,
7582,43.87759,-122.39354,489.3,
7583,43.87766,-122.39325,489.7,
7584,43.87767,-122.39324,489.6,
7585,43.87776,-122.39289,489.2,
7586,43.87783,-122.39254,488.9,
7587,43.87785,-122.39246,488.7,
7588,43.87793,-122.39206,488.2,
7589,43.878,-122.39175,487.5,
7590,43.87801,-122.39157,488.6,
7591,43.87804,-122.39133,488.4,
7592,43.87806,-122.39108,487.3,
7593,43.87807,-122.39093,487.3,
7594,43.8781,-122.39058,486.6,
7595,43.87813,-122.39017,485.7,
7596,43.87813,-122.39009,486.1,
7597,43.87813,-122.38984,489.2,
7598,43.87814,-122.38961,492.0,
7599,43.87814,-122.38959,492.2,
7600,43.87814,-122.38934,494.1,
7601,43.87817,-122.38859,495.7,
7602,43.87818,-122.38834,496.8,
7603,43.87819,-122.38784,502.0,
7604,43.8782,-122.38742,505.1,
7605,43.87822,-122.38735,505.0,
7606,43.87825,-122.3871,505.5,
7607,43.87832,-122.38687,504.9,
7608,43.87839,-122.38664,503.9,
7609,43.87845,-122.38641,502.5,
7610,43.87849,-122.3863,501.0,
7611,43.8786,-122.38595,500.7,
7612,43.87868,-122.38573,502.1,
7613,43.87875,-122.38554,504.4,
7614,43.87892,-122.38509,507.0,
7615,43.879,-122.38487,508.6,
7616,43.87908,-122.38465,511.9,
7617,43.87916,-122.38443,514.3,
7618,43.87925,-122.38421,515.8,
7619,43.87933,-122.38398,517.5,
7620,43.87941,-122.38376,519.2,
7621,43.87945,-122.38366,519.7,
7622,43.87951,-122.38329,522.5,
7623,43.87958,-122.3828,528.3,
7624,43.87962,-122.38255,530.2,
7625,43.87962,-122.38253,530.4,
7626,43.87968,-122.38232,531.0,
7627,43.87982,-122.38183,531.6,
7628,43.87987,-122.38162,533.1,
7629,43.87996,-122.38116,538.5,
7630,43.88005,-122.38091,538.3,
7631,43.88009,-122.3808,538.3,
7632,43.88012,-122.38068,538.1,
7633,43.88015,-122.38058,537.8,
7634,43.88014,-122.38044,539.6,
7635,43.88012,-122.38006,544.0,
7636,43.88012,-122.37994,546.5,
7637,43.88012,-122.37961,550.8,
7638,43.88014,-122.37945,550.6,
7639,43.88018,-122.3792,550.3,
7640,43.8802,-122.37909,550.0,
7641,43.88028,-122.37847,550.6,
7642,43.88029,-122.37835,550.9,
7643,43.88031,-122.37822,550.6,
7644,43.88039,-122.37748,553.0,
7645,43.8804,-122.37741,553.3,
7646,43.88044,-122.37724,553.6,
7647,43.8805,-122.37701,552.8,
7648,43.88062,-122.37654,554.0,
7649,43.88068,-122.3763,554.1,
7650,43.88071,-122.37618,554.0,
7651,43.88076,-122.37608,553.3,
7652,43.88086,-122.37588,553.4,
7653,43.88092,-122.37575,555.1,
7654,43.8812,-122.37554,557.0,
7655,43.88136,-122.37543,560.6,
7656,43.88152,-122.37531,563.6,
7657,43.88157,-122.37528,564.3,
7658,43.88168,-122.37519,565.9,
7659,43.88183,-122.37506,567.6,
7660,43.88214,-122.3748,569.4,
7661,43.88244,-122.37454,569.1,
7662,43.8826,-122.37441,569.3,
7663,43.88291,-122.37416,570.0,
7664,43.88294,-122.37413,570.3,
7665,43.88307,-122.37405,570.6,
7666,43.88326,-122.37393,571.3,
7667,43.88341,-122.37387,571.5,
7668,43.88375,-122.37374,571.8,
7669,43.88392,-122.37367,572.8,
7670,43.8841,-122.3736,575.8,
7671,43.88445,-122.37351,580.4,
7672,43.88498,-122.37338,584.0,
7673,43.88516,-122.37333,583.4,
7674,43.88534,-122.37328,581.8,
7675,43.88569,-122.37319,572.0,
7676,43.88569,-122.37319,572.0,
7677,43.88584,-122.37316,560.3,
7678,43.88586,-122.37313,559.5,
7679,43.88586,-122.37312,559.4,
7680,43.886,-122.37298,558.2,
7681,43.88612,-122.37285,561.9,
7682,43.88614,-122.37282,563.0,
7683,43.88629,-122.3726,569.2,
7684,43.88636,-122.37244,570.1,
7685,43.88636,-122.37243,570.0,
7686,43.8864,-122.37225,569.8,
7687,43.88638,-122.37171,572.3,
7688,43.88631,-122.37146,572.5,
7689,43.88618,-122.371,572.2,
7690,43.88611,-122.37077,571.5,
7691,43.88608,-122.37064,573.6,
7692,43.8857,-122.36966,584.4,
7693,43.88556,-122.36928,584.3,
7694,43.88554,-122.36921,584.4,
7695,43.88547,-122.36898,584.0,
7696,43.88546,-122.36893,583.9,
7697,43.88544,-122.36874,584.3,
7698,43.88542,-122.36853,584.3,
7699,43.88546,-122.36816,587.4,
7700,43.88551,-122.36801,587.9,
7701,43.88557,-122.36782,588.0,
7702,43.88572,-122.36762,588.7,
7703,43.88574,-122.3676,588.8,
7704,43.88611,-122.36742,591.4,
7705,43.88621,-122.36722,591.4,
7706,43.88627,-122.3671,591.7,
7707,43.88638,-122.36678,591.6,
7708,43.88645,-122.3666,591.9,
7709,43.88646,-122.36656,591.8,
7710,43.88663,-122.36612,592.6,
7711,43.88668,-122.36599,592.8,
7712,43.88671,-122.3659,592.9,
7713,43.88679,-122.36569,593.5,
7714,43.8868,-122.36568,593.7,
7715,43.88707,-122.36535,596.3,
7716,43.8872,-122.36518,596.8,
7717,43.88734,-122.36502,597.1,
7718,43.88747,-122.36485,597.0,
7719,43.88761,-122.36469,597.2,
7720,43.88763,-122.36466,597.3,
7721,43.88773,-122.3645,597.8,
7722,43.88784,-122.36431,600.6,
7723,43.88795,-122.36413,603.4,
7724,43.88795,-122.36411,603.4,
7725,43.88805,-122.36391,604.8,
7726,43.88816,-122.3637,606.2,
7727,43.88818,-122.36364,606.3,
7728,43.88826,-122.36349,607.6,
7729,43.8883,-122.3634,608.1,
7730,43.8884,-122.36316,609.2,
7731,43.88842,-122.36305,609.0,
7732,43.88846,-122.36281,608.7,
7733,43.88854,-122.36232,608.6,
7734,43.88856,-122.36224,609.3,
7735,43.88858,-122.36208,611.5,
7736,43.88862,-122.36177,614.9,
7737,43.88864,-122.36159,615.8,
7738,43.88868,-122.36134,617.3,
7739,43.88869,-122.36129,617.6,
7740,43.8887,-122.3611,618.1,
7741,43.8887,-122.36101,618.3,
7742,43.88872,-122.36031,624.8,
7743,43.88874,-122.35985,627.1,
7744,43.88877,-122.35926,629.8,
7745,43.88878,-122.3591,630.6,
7746,43.8888,-122.35888,631.7,
7747,43.8888,-122.35885,631.8,
7748,43.8888,-122.3586,632.7,
7749,43.8888,-122.35841,633.5,
7750,43.88876,-122.35811,636.6,
7751,43.88873,-122.35786,639.6,
7752,43.8887,-122.35762,639.5,
7753,43.8887,-122.35759,639.5,
7754,43.8887,-122.35737,639.5,
7755,43.8887,-122.35735,639.5,
7756,43.88875,-122.35713,640.2,
7757,43.88877,-122.35706,640.4,
7758,43.88885,-122.35685,641.1,
7759,43.88896,-122.35674,642.5,
7760,43.88899,-122.35671,642.9,
7761,43.88911,-122.3566,644.8,
7762,43.88921,-122.35651,647.4,
7763,43.88925,-122.35645,649.2,
7764,43.88938,-122.35628,655.7,
7765,43.88941,-122.35618,656.8,
7766,43.88943,-122.35582,657.1,
7767,43.88944,-122.35578,657.3,
7768,43.88944,-122.35554,655.8,
7769,43.88946,-122.35529,654.4,
7770,43.88946,-122.35524,654.1,
7771,43.8895,-122.35514,654.3,
7772,43.88956,-122.35507,655.0,
7773,43.88963,-122.35501,655.9,
7774,43.88971,-122.355,657.4,
7775,43.88971,-122.35499,657.3,
7776,43.88987,-122.35486,658.7,
7777,43.88997,-122.35478,659.3,
7778,43.89001,-122.35471,659.0,
7779,43.89011,-122.35451,662.1,
7780,43.89032,-122.3541,673.6,
7781,43.89042,-122.3539,679.2,
7782,43.89047,-122.35381,680.8,
7783,43.89053,-122.35369,682.2,
7784,43.89073,-122.35328,685.4,
7785,43.89083,-122.35308,686.1,
7786,43.89094,-122.35287,687.0,
7787,43.89104,-122.35267,687.7,
7788,43.89114,-122.35247,688.1,
7789,43.89135,-122.35206,687.9,
7790,43.89145,-122.35185,687.4,
7791,43.89156,-122.35165,687.0,
7792,43.89157,-122.35162,686.9,
7793,43.89168,-122.35147,686.8,
7794,43.89181,-122.3513,687.0,
7795,43.89188,-122.35121,687.5,
7796,43.89221,-122.35101,690.4,
7797,43.8923,-122.35099,691.3,
7798,43.89247,-122.35095,693.0,
7799,43.89265,-122.35091,694.5,
7800,43.89283,-122.35089,696.5,
7801,43.89315,-122.35087,701.3,
7802,43.89319,-122.35085,701.9,
7803,43.89335,-122.35076,704.4,
7804,43.89343,-122.35072,705.6,
7805,43.89351,-122.35064,706.9,
7806,43.89363,-122.35054,710.3,
7807,43.89377,-122.3503,715.0,
7808,43.8938,-122.35025,715.7,
7809,43.89386,-122.35009,716.8,
7810,43.89395,-122.34987,718.0,
7811,43.89412,-122.34943,717.8,
7812,43.89417,-122.3493,717.5,
7813,43.89434,-122.34902,719.6,
7814,43.89448,-122.3489,723.4,
7815,43.89455,-122.34886,724.6,
7816,43.89465,-122.34879,726.1,
7817,43.89481,-122.34869,728.6,
7818,43.89497,-122.34858,732.8,
7819,43.89503,-122.34854,735.2,
7820,43.89511,-122.34843,737.2,
7821,43.89524,-122.34827,738.7,
7822,43.89525,-122.34826,738.8,
7823,43.89546,-122.34787,738.2,
7824,43.89557,-122.34767,737.2,
7825,43.89558,-122.34765,737.1,
7826,43.8957,-122.34749,736.6,
7827,43.89572,-122.34746,736.6,
7828,43.89585,-122.34736,736.8,
7829,43.89593,-122.3473,736.8,
7830,43.89616,-122.3472,738.2,
7831,43.89654,-122.34711,749.0,
7832,43.89655,-122.3471,749.1,
7833,43.89669,-122.34704,751.6,
7834,43.89671,-122.34702,751.7,
7835,43.89684,-122.34685,751.3,
7836,43.89685,-122.34685,751.6,
7837,43.89697,-122.34668,750.4,
7838,43.89708,-122.34655,748.8,
7839,43.89712,-122.34654,749.0,
7840,43.89724,-122.34649,748.8,
7841,43.89729,-122.3465,749.4,
7842,43.89765,-122.34655,750.9,
7843,43.89783,-122.34657,750.0,
7844,43.89801,-122.3466,748.9,
7845,43.89837,-122.34665,759.3,
7846,43.89856,-122.34668,763.2,
7847,43.89888,-122.34651,773.9,
7848,43.89891,-122.3465,775.6,
7849,43.89899,-122.34632,776.2,
7850,43.89927,-122.34568,775.4,
7851,43.89936,-122.34546,785.7,
7852,43.89945,-122.34525,793.3,
7853,43.89955,-122.34504,797.4,
7854,43.89976,-122.34455,801.5,
7855,43.89982,-122.34439,802.3,
7856,43.8999,-122.34416,806.0,
7857,43.89997,-122.34394,809.5,
7858,43.90004,-122.34376,809.6,
7859,43.90015,-122.34355,809.7,
7860,43.90017,-122.34352,809.8,
7861,43.90025,-122.3434,810.0,
7862,43.90032,-122.34335,811.0,
7863,43.9006,-122.34311,814.7,
7864,43.90069,-122.34301,816.5,
7865,43.90073,-122.34292,817.8,
7866,43.90082,-122.34274,822.1,
7867,43.90103,-122.34201,825.3,
7868,43.90104,-122.34198,825.6,
7869,43.90106,-122.34182,826.3,
7870,43.90107,-122.34177,826.7,
7871,43.90108,-122.34159,827.1,
7872,43.90108,-122.34152,827.3,
7873,43.90108,-122.34125,829.2,
7874,43.90104,-122.34092,830.8,
7875,43.90101,-122.34078,831.0,
7876,43.90101,-122.34076,831.2,
7877,43.90097,-122.34068,830.6,
7878,43.90087,-122.34047,830.1,
7879,43.9007,-122.34018,830.6,
7880,43.90062,-122.34004,831.5,
7881,43.9006,-122.33997,833.0,
7882,43.90054,-122.33982,836.8,
7883,43.90052,-122.33975,838.7,
7884,43.90049,-122.33965,840.2,
7885,43.90046,-122.33951,841.4,
7886,43.90045,-122.33944,842.1,
7887,43.90042,-122.33925,844.8,
7888,43.9004,-122.33901,849.1,
7889,43.90042,-122.33882,851.3,
7890,43.90042,-122.33877,851.7,
7891,43.90045,-122.33858,855.4,
7892,43.90048,-122.33843,859.3,
7893,43.90057,-122.33813,863.1,
7894,43.90064,-122.33782,863.7,
7895,43.9007,-122.33759,864.0,
7896,43.90073,-122.33745,865.4,
7897,43.90078,-122.33717,867.8,
7898,43.90086,-122.33698,868.5,
7899,43.9009,-122.3369,868.8,
7900,43.90094,-122.33683,869.1,
7901,43.90107,-122.33669,870.0,
7902,43.90118,-122.33661,870.7,
7903,43.90126,-122.3366,871.4,
7904,43.90137,-122.33658,872.2,
7905,43.90139,-122.33658,872.4,
7906,43.90155,-122.33657,873.5,
7907,43.90173,-122.33656,874.3,
7908,43.9019,-122.33655,874.8,
7909,43.90225,-122.33651,875.7,
7910,43.90226,-122.33651,875.7,
7911,43.90296,-122.33647,880.6,
7912,43.90298,-122.33646,880.5,
7913,43.90316,-122.33645,880.9,
7914,43.90354,-122.33643,881.9,
7915,43.9037,-122.33644,882.9,
7916,43.90397,-122.33647,885.0,
7917,43.9042,-122.3365,887.4,
7918,43.90491,-122.33658,891.7,
7919,43.90493,-122.33659,891.8,
7920,43.90526,-122.33646,891.9,
7921,43.90536,-122.33643,892.0,
7922,43.9058,-122.33642,892.5,
7923,43.90582,-122.33642,892.5,
7924,43.90631,-122.33664,893.6,
7925,43.90642,-122.33668,893.9,
7926,43.90667,-122.33667,894.6,
7927,43.90682,-122.33667,895.2,
7928,43.90714,-122.33659,897.1,
7929,43.90738,-122.33666,898.8,
7930,43.90755,-122.33672,899.8,
7931,43.90777,-122.33679,900.6,
7932,43.90777,-122.33679,900.6,
7933,43.9079,-122.33662,901.5,
7934,43.90804,-122.33644,902.4,
7935,43.90809,-122.33622,903.2,
7936,43.90815,-122.33598,904.9,
7937,43.90819,-122.33581,906.1,
7938,43.9082,-122.33574,906.5,
7939,43.90821,-122.33549,907.6,
7940,43.90825,-122.33501,909.7,
7941,43.90825,-122.33499,909.8,
7942,43.90825,-122.33474,910.7,
7943,43.90825,-122.33449,911.4,
7944,43.90826,-122.33408,912.5,
7945,43.90826,-122.33375,913.2,
7946,43.90826,-122.33325,914.0,
7947,43.90826,-122.333,915.0,
7948,43.90826,-122.33293,915.6,
7949,43.90841,-122.33228,923.3,
7950,43.90842,-122.33222,923.6,
7951,43.90845,-122.33203,924.4,
7952,43.90849,-122.33179,925.1,
7953,43.90857,-122.3313,926.6,
7954,43.90864,-122.33082,929.1,
7955,43.90868,-122.33057,929.6,
7956,43.90872,-122.33033,929.9,
7957,43.90874,-122.33023,930.1,
7958,43.90875,-122.33008,930.1,
7959,43.90879,-122.32959,930.3,
7960,43.90886,-122.32866,930.0,
7961,43.90887,-122.32859,930.0,
7962,43.90892,-122.32816,929.4,
7963,43.90908,-122.32794,929.7,
7964,43.90923,-122.32775,929.8,
7965,43.90954,-122.32755,930.7,
7966,43.90959,-122.32752,931.1,
7967,43.90968,-122.32741,931.6,
7968,43.90975,-122.32731,932.3,
7969,43.90977,-122.32721,932.4,
7970,43.9098,-122.32705,932.8,
7971,43.90973,-122.32673,932.4,
7972,43.90972,-122.32668,932.4,
7973,43.90964,-122.32651,931.8,
7974,43.90945,-122.32612,931.1,
7975,43.90944,-122.3261,931.0,
7976,43.9093,-122.32577,930.3,
7977,43.90929,-122.32565,930.3,
7978,43.90928,-122.32525,930.1,
7979,43.9093,-122.32497,930.0,
7980,43.90932,-122.32491,930.1,
7981,43.90942,-122.32469,930.8,
7982,43.90946,-122.32446,930.9,
7983,43.90948,-122.32437,931.0,
7984,43.9095,-122.32415,930.9,
7985,43.90949,-122.32396,930.4,
7986,43.90949,-122.32371,930.1,
7987,43.9095,-122.32328,930.1,
7988,43.90951,-122.32293,932.1,
7989,43.90953,-122.32272,933.7,
7990,43.90955,-122.32246,935.1,
7991,43.90958,-122.32205,936.6,
7992,43.90956,-122.32172,937.9,
7993,43.90956,-122.3217,938.1,
7994,43.90949,-122.32145,939.2,
7995,43.90944,-122.32125,939.6,
7996,43.90943,-122.32119,939.7,
7997,43.90943,-122.32101,940.7,
7998,43.90943,-122.32042,944.3,
7999,43.90942,-122.32026,944.8,
8000,43.9094,-122.32006,945.3,
8001,43.90934,-122.31982,945.6,
8002,43.90916,-122.31959,944.5,
8003,43.90912,-122.31939,944.9,
8004,43.90907,-122.31919,945.1,
8005,43.90902,-122.31891,945.3,
8006,43.90901,-122.31884,945.3,
8007,43.90895,-122.31851,945.5,
8008,43.90894,-122.31842,945.6,
8009,43.90892,-122.31824,945.7,
8010,43.90887,-122.31788,945.7,
8011,43.90886,-122.31769,946.0,
8012,43.90884,-122.31744,946.2,
8013,43.90883,-122.31741,946.1,
8014,43.90884,-122.31687,947.4,
8015,43.90888,-122.3167,948.5,
8016,43.90895,-122.31636,950.0,
8017,43.90905,-122.31599,951.0,
8018,43.90906,-122.31596,951.0,
8019,43.90917,-122.3158,951.8,
8020,43.90926,-122.31567,952.6,
8021,43.90941,-122.31551,953.8,
8022,43.9095,-122.31543,954.5,
8023,43.90975,-122.31522,957.2,
8024,43.9099,-122.31509,958.8,
8025,43.91005,-122.31497,960.0,
8026,43.91006,-122.31496,960.1,
8027,43.91034,-122.31466,961.8,
8028,43.91044,-122.31456,962.2,
8029,43.91047,-122.31448,962.2,
8030,43.91054,-122.31429,962.5,
8031,43.91061,-122.31427,962.7,
8032,43.9107,-122.31413,962.8,
8033,43.91076,-122.31392,962.8,
8034,43.91083,-122.31369,962.9,
8035,43.9109,-122.31346,963.0,
8036,43.91097,-122.31323,963.0,
8037,43.91102,-122.31305,963.0,
8038,43.91103,-122.31299,963.0,
8039,43.91118,-122.31228,963.0,
8040,43.91129,-122.3118,962.9,
8041,43.91138,-122.31134,962.9,
8042,43.91152,-122.31106,962.9,
8043,43.9116,-122.31092,962.9,
8044,43.91172,-122.31071,962.9,
8045,43.91184,-122.31054,962.9,
8046,43.91209,-122.31018,963.0,
8047,43.91222,-122.31001,963.1,
8048,43.91234,-122.30983,963.1,
8049,43.91292,-122.309,963.1,
8050,43.91341,-122.30849,962.5,
8051,43.91346,-122.30844,962.4,
8052,43.91363,-122.30823,961.9,
8053,43.91366,-122.30815,961.8,
8054,43.91374,-122.30794,961.5,
8055,43.91379,-122.30743,961.1,
8056,43.91379,-122.30718,960.8,
8057,43.91378,-122.30696,960.6,
8058,43.91367,-122.30652,960.6,
8059,43.91355,-122.30626,961.0,
8060,43.91346,-122.30608,961.2,
8061,43.91322,-122.30579,962.0,
8062,43.91319,-122.30571,962.0,
8063,43.91308,-122.30551,962.3,
8064,43.91298,-122.30531,962.6,
8065,43.913,-122.30506,962.1,
8066,43.91303,-122.30481,961.8,
8067,43.91307,-122.30439,961.1,
8068,43.91308,-122.30432,961.0,
8069,43.91313,-122.30408,960.7,
8070,43.91316,-122.30388,960.4,
8071,43.91331,-122.30337,959.5,
8072,43.91358,-122.30245,958.4,
8073,43.91368,-122.3021,958.1,
8074,43.91374,-122.302,958.0,
8075,43.91386,-122.30182,957.7,
8076,43.91391,-122.30174,957.6,
8077,43.91435,-122.30157,956.3,
8078,43.9147,-122.30143,955.1,
8079,43.91472,-122.30143,955.0,
8080,43.91537,-122.30108,952.4,
8081,43.91545,-122.30103,952.4,
8082,43.91552,-122.30094,952.6,
8083,43.91565,-122.30077,953.0,
8084,43.91591,-122.30042,953.6,
8085,43.91609,-122.30027,953.6,
8086,43.91634,-122.3,953.7,
8087,43.91647,-122.29993,953.8,
8088,43.91663,-122.29985,954.1,
8089,43.91664,-122.29985,954.1,
8090,43.91682,-122.29983,954.2,
8091,43.917,-122.29981,954.6,
8092,43.91754,-122.29976,954.9,
8093,43.91772,-122.29975,954.6,
8094,43.91812,-122.29971,953.2,
8095,43.91826,-122.2997,952.5,
8096,43.91897,-122.29964,952.1,
8097,43.91915,-122.29963,952.1,
8098,43.91933,-122.29961,952.9,
8099,43.91951,-122.2996,955.0,
8100,43.91969,-122.29958,956.5,
8101,43.91987,-122.29957,957.4,
8102,43.92023,-122.29954,958.5,
8103,43.92077,-122.29949,958.9,
8104,43.92098,-122.29948,958.7,
8105,43.92113,-122.29943,958.5,
8106,43.92128,-122.2993,958.4,
8107,43.9213,-122.29927,958.4,
8108,43.92157,-122.29901,958.1,
8109,43.92201,-122.29857,957.3,
8110,43.92205,-122.29854,957.2,
8111,43.9223,-122.29829,956.6,
8112,43.92275,-122.29786,956.3,
8113,43.92289,-122.29772,956.3,
8114,43.92334,-122.29729,956.0,
8115,43.92348,-122.29714,955.8,
8116,43.92388,-122.29676,955.0,
8117,43.92407,-122.29656,954.4,
8118,43.92456,-122.29606,948.9,
8119,43.92464,-122.29595,946.5,
8120,43.92476,-122.29577,942.8,
8121,43.925,-122.29545,935.5,
8122,43.92507,-122.29521,931.9,
8123,43.92502,-122.29489,929.9,
8124,43.92494,-122.29472,930.4,
8125,43.92475,-122.29429,931.5,
8126,43.92466,-122.29411,932.2,
8127,43.92465,-122.29408,932.2,
8128,43.92459,-122.29385,931.9,
8129,43.92455,-122.2937,931.6,
8130,43.92446,-122.29335,931.0,
8131,43.9244,-122.29315,930.7,
8132,43.92434,-122.29292,930.0,
8133,43.92433,-122.29291,930.1,
8134,43.92419,-122.29267,930.6,
8135,43.9241,-122.29253,931.0,
8136,43.92399,-122.29234,931.3,
8137,43.92393,-122.29225,931.5,
8138,43.92388,-122.29214,931.5,
8139,43.92378,-122.29194,932.0,
8140,43.92378,-122.29193,931.9,
8141,43.92369,-122.29152,931.1,
8142,43.92367,-122.29146,931.1,
8143,43.9236,-122.29123,930.7,
8144,43.92359,-122.29123,930.8,
8145,43.92346,-122.29106,930.9,
8146,43.92336,-122.29094,930.9,
8147,43.92333,-122.29089,930.7,
8148,43.92319,-122.2907,930.4,
8149,43.92314,-122.29049,930.1,
8150,43.92313,-122.29046,930.2,
8151,43.92317,-122.29024,929.3,
8152,43.92324,-122.28987,928.1,
8153,43.92323,-122.2897,928.4,
8154,43.9232,-122.28926,928.6,
8155,43.92315,-122.28856,927.6,
8156,43.92313,-122.28826,926.8,
8157,43.92312,-122.28806,925.5,
8158,43.92307,-122.28778,925.3,
8159,43.92302,-122.28753,925.7,
8160,43.92301,-122.28744,925.7,
8161,43.92298,-122.28709,925.6,
8162,43.92301,-122.2868,926.3,
8163,43.92315,-122.28662,929.0,
8164,43.9233,-122.28649,933.5,
8165,43.9233,-122.28649,933.5,
8166,43.92349,-122.2866,936.7,
8167,43.92356,-122.28666,937.6,
8168,43.92372,-122.28696,938.2,
8169,43.92384,-122.28721,938.2,
8170,43.92389,-122.28736,937.9,
8171,43.92391,-122.2874,937.9,
8172,43.924,-122.28756,938.0,
8173,43.92405,-122.28762,938.2,
8174,43.92412,-122.28788,937.0,
8175,43.92416,-122.28801,936.4,
8176,43.92422,-122.28824,935.3,
8177,43.92422,-122.28825,935.2,
8178,43.92428,-122.28847,934.0,
8179,43.92442,-122.28864,934.0,
8180,43.92471,-122.28893,934.2,
8181,43.92471,-122.28894,934.2,
8182,43.92489,-122.28908,934.6,
8183,43.92499,-122.28919,934.7,
8184,43.92501,-122.28921,934.7,
8185,43.92511,-122.28936,934.6,
8186,43.92529,-122.28975,932.3,
8187,43.92543,-122.29002,929.8,
8188,43.92558,-122.29032,928.7,
8189,43.92576,-122.29061,928.4,
8190,43.92587,-122.2908,928.1,
8191,43.92591,-122.29086,927.9,
8192,43.926,-122.29098,927.7,
8193,43.92617,-122.29122,927.1,
8194,43.92624,-122.29135,926.5,
8195,43.92638,-122.29163,924.7,
8196,43.92646,-122.29174,924.0,
8197,43.92647,-122.29175,924.0,
8198,43.92669,-122.2919,922.8,
8199,43.92679,-122.29192,922.4,
8200,43.92681,-122.29192,922.3,
8201,43.92697,-122.29194,921.3,
8202,43.927,-122.29195,921.0,
8203,43.92709,-122.2919,920.6,
8204,43.92724,-122.29165,919.9,
8205,43.92726,-122.29162,919.6,
8206,43.92731,-122.29143,919.3,
8207,43.92736,-122.29125,918.8,
8208,43.92736,-122.29119,919.0,
8209,43.92738,-122.29094,919.5,
8210,43.92738,-122.29089,919.6,
8211,43.92749,-122.29047,918.8,
8212,43.92755,-122.29023,918.5,
8213,43.92761,-122.29,918.3,
8214,43.92767,-122.28976,918.3,
8215,43.9278,-122.28929,917.6,
8216,43.92785,-122.28909,916.1,
8217,43.92786,-122.28906,915.9,
8218,43.92794,-122.28883,915.7,
8219,43.92818,-122.28816,913.9,
8220,43.92819,-122.28815,913.8,
8221,43.92826,-122.28794,913.2,
8222,43.92835,-122.28772,912.8,
8223,43.92868,-122.28683,912.8,
8224,43.92872,-122.28671,913.0,
8225,43.92876,-122.28661,913.0,
8226,43.92899,-122.28609,912.8,
8227,43.92905,-122.28598,912.6,
8228,43.92926,-122.28558,912.1,
8229,43.92936,-122.2854,912.0,
8230,43.92937,-122.28538,912.0,
8231,43.92947,-122.28517,912.1,
8232,43.92967,-122.28477,914.2,
8233,43.92992,-122.28409,917.7,
8234,43.92995,-122.284,918.4,
8235,43.93002,-122.28388,918.7,
8236,43.93022,-122.28347,920.8,
8237,43.93025,-122.28341,921.2,
8238,43.93032,-122.28327,922.2,
8239,43.93047,-122.28297,924.1,
8240,43.93054,-122.28287,924.6,
8241,43.93056,-122.28285,924.6,
8242,43.93066,-122.28277,924.7,
8243,43.9307,-122.28276,924.5,
8244,43.93106,-122.28264,923.6,
8245,43.93122,-122.28258,923.3,
8246,43.93133,-122.28254,923.0,
8247,43.9314,-122.28253,922.5,
8248,43.93155,-122.28251,921.3,
8249,43.93157,-122.28249,921.3,
8250,43.9317,-122.28238,921.1,
8251,43.93182,-122.28224,921.0,
8252,43.93185,-122.28218,921.1,
8253,43.93189,-122.28207,921.5,
8254,43.93193,-122.28194,921.7,
8255,43.93195,-122.28176,922.2,
8256,43.93194,-122.28171,922.5,
8257,43.9319,-122.28152,923.6,
8258,43.93189,-122.28147,923.8,
8259,43.93183,-122.28117,925.1,
8260,43.93185,-122.2809,926.3,
8261,43.93191,-122.28076,927.1,
8262,43.93191,-122.28075,927.2,
8263,43.93201,-122.28067,928.2,
8264,43.93214,-122.28062,928.5,
8265,43.93237,-122.28069,926.6,
8266,43.93257,-122.28077,925.4,
8267,43.9326,-122.28078,925.2,
8268,43.93294,-122.2808,923.0,
8269,43.93346,-122.28053,922.4,
8270,43.93347,-122.28052,922.4,
8271,43.93398,-122.28033,923.7,
8272,43.93427,-122.28023,924.2,
8273,43.93432,-122.2802,924.4,
8274,43.93443,-122.28016,924.5,
8275,43.93458,-122.28017,924.4,
8276,43.93467,-122.28021,924.4,
8277,43.9347,-122.28022,924.5,
8278,43.93494,-122.28035,927.1,
8279,43.93501,-122.28039,927.8,
8280,43.93517,-122.2805,929.5,
8281,43.93529,-122.28059,930.9,
8282,43.93547,-122.2808,933.9,
8283,43.93547,-122.2808,933.9,
8284,43.93563,-122.28069,934.5,
8285,43.93595,-122.28048,935.8,
8286,43.93612,-122.28037,936.6,
8287,43.93628,-122.28027,938.8,
8288,43.93638,-122.2802,940.3,
8289,43.93653,-122.28012,941.0,
8290,43.93675,-122.28004,941.3,
8291,43.93679,-122.28005,941.5,
8292,43.93751,-122.28012,942.5,
8293,43.93762,-122.28013,942.7,
8294,43.93769,-122.28013,942.8,
8295,43.93792,-122.28015,943.0,
8296,43.93825,-122.28029,944.6,
8297,43.93857,-122.28037,945.7,
8298,43.93886,-122.28044,947.0,
8299,43.9391,-122.28047,949.5,
8300,43.93946,-122.28051,952.3,
8301,43.93964,-122.28053,953.3,
8302,43.93964,-122.28054,953.4,
8303,43.93998,-122.28062,955.5,
8304,43.93998,-122.28062,955.5,
8305,43.94016,-122.28065,956.4,
8306,43.94069,-122.28073,960.0,
8307,43.94123,-122.28082,967.0,
8308,43.94128,-122.28082,967.4,
8309,43.94141,-122.28082,968.4,
8310,43.94164,-122.28081,971.0,
8311,43.94177,-122.28083,974.3,
8312,43.94194,-122.28087,977.0,
8313,43.94212,-122.2809,978.1,
8314,43.9423,-122.28094,979.4,
8315,43.94236,-122.28095,979.8,
8316,43.94248,-122.28099,981.0,
8317,43.94282,-122.2811,984.4,
8318,43.94336,-122.28115,990.3,
8319,43.9439,-122.28119,992.5,
8320,43.94426,-122.28121,993.9,
8321,43.94444,-122.28123,995.4,
8322,43.94459,-122.28126,998.5,
8323,43.94477,-122.28137,1002.5,
8324,43.94478,-122.28138,1002.7,
8325,43.94487,-122.28144,1003.7,
8326,43.94494,-122.28149,1004.4,
8327,43.94496,-122.28151,1004.6,
8328,43.94516,-122.28178,1007.5,
8329,43.9452,-122.28183,1007.9,
8330,43.94543,-122.28208,1009.6,
8331,43.94571,-122.28232,1012.1,
8332,43.94581,-122.28236,1013.1,
8333,43.94615,-122.28253,1015.2,
8334,43.94649,-122.28269,1017.6,
8335,43.94653,-122.28271,1018.0,
8336,43.94683,-122.28284,1021.2,
8337,43.94701,-122.28287,1022.7,
8338,43.94719,-122.28289,1024.5,
8339,43.94737,-122.28292,1025.7,
8340,43.9474,-122.28292,1025.8,
8341,43.94755,-122.28295,1026.7,
8342,43.94808,-122.28305,1029.8,
8343,43.94819,-122.28307,1030.6,
8344,43.94826,-122.28307,1031.1,
8345,43.94833,-122.28307,1031.5,
8346,43.94849,-122.283,1031.9,
8347,43.94865,-122.28294,1032.5,
8348,43.94882,-122.28283,1032.9,
8349,43.94908,-122.2826,1033.1,
8350,43.9492,-122.28249,1033.4,
8351,43.94937,-122.28231,1035.5,
8352,43.94981,-122.28186,1044.5,
8353,43.9499,-122.28168,1044.6,
8354,43.94992,-122.28167,1044.9,
8355,43.95018,-122.28132,1046.9,
8356,43.95031,-122.28115,1049.7,
8357,43.9504,-122.28103,1050.8,
8358,43.95045,-122.281,1051.2,
8359,43.95058,-122.28091,1051.9,
8360,43.95078,-122.28083,1053.0,
8361,43.95086,-122.2808,1053.4,
8362,43.95096,-122.28075,1053.7,
8363,43.95113,-122.28067,1054.1,
8364,43.9513,-122.28059,1054.5,
8365,43.95165,-122.28057,1057.5,
8366,43.95187,-122.28056,1060.9,
8367,43.95201,-122.2805,1063.2,
8368,43.95218,-122.28042,1063.9,
8369,43.95235,-122.28035,1066.1,
8370,43.9525,-122.28028,1068.7,
8371,43.95255,-122.28001,1069.3,
8372,43.95259,-122.27976,1069.6,
8373,43.95263,-122.2795,1069.1,
8374,43.95266,-122.27927,1067.8,
8375,43.9527,-122.27907,1066.3,
8376,43.95281,-122.27888,1065.2,
8377,43.95294,-122.2788,1065.0,
8378,43.95314,-122.27883,1065.7,
8379,43.95319,-122.27885,1066.1,
8380,43.95339,-122.27893,1068.2,
8381,43.95359,-122.27902,1070.9,
8382,43.95371,-122.27902,1071.7,
8383,43.95379,-122.27903,1072.2,
8384,43.95389,-122.27891,1074.0,
8385,43.95393,-122.27865,1075.7,
8386,43.95391,-122.27846,1075.1,
8387,43.95389,-122.27831,1074.6,
8388,43.95389,-122.27821,1074.5,
8389,43.95388,-122.27791,1074.1,
8390,43.95387,-122.2775,1073.6,
8391,43.95389,-122.27723,1075.6,
8392,43.95389,-122.27722,1075.7,
8393,43.95395,-122.27708,1076.0,
8394,43.954,-122.27702,1076.3,
8395,43.95407,-122.27692,1076.4,
8396,43.95415,-122.27689,1076.9,
8397,43.9543,-122.27682,1077.7,
8398,43.95449,-122.27673,1079.1,
8399,43.95451,-122.27672,1079.3,
8400,43.95469,-122.27658,1081.3,
8401,43.95482,-122.27646,1083.2,
8402,43.95497,-122.27608,1087.6,
8403,43.95507,-122.27584,1091.2,
8404,43.95515,-122.27562,1092.8,
8405,43.95524,-122.2754,1094.4,
8406,43.95537,-122.27506,1098.4,
8407,43.95555,-122.27478,1102.9,
8408,43.95578,-122.27441,1104.9,
8409,43.95593,-122.27417,1105.1,
8410,43.95615,-122.2741,1106.6,
8411,43.95641,-122.2742,1108.1,
8412,43.9565,-122.27423,1107.1,
8413,43.95672,-122.27443,1107.8,
8414,43.95704,-122.27472,1110.4,
8415,43.95718,-122.27482,1111.1,
8416,43.95734,-122.27493,1112.4,
8417,43.95736,-122.27495,1112.7,
8418,43.95759,-122.27499,1109.2,
8419,43.95769,-122.27504,1110.0,
8420,43.95784,-122.27512,1111.9,
8421,43.95798,-122.27532,1120.3,
8422,43.95801,-122.27537,1122.4,
8423,43.95812,-122.27548,1123.5,
8424,43.95826,-122.27562,1123.6,
8425,43.95841,-122.27577,1124.4,
8426,43.95857,-122.27588,1125.5,
8427,43.95868,-122.27596,1128.1,
8428,43.95878,-122.27616,1135.1,
8429,43.95889,-122.27636,1138.7,
8430,43.95894,-122.27646,1139.4,
8431,43.95896,-122.27681,1143.7,
8432,43.95893,-122.27708,1147.6,
8433,43.95892,-122.27713,1148.6,
8434,43.95884,-122.27729,1152.6,
8435,43.95873,-122.27749,1155.6,
8436,43.95852,-122.2779,1158.2,
8437,43.95822,-122.27847,1160.9,
8438,43.95815,-122.27874,1165.6,
8439,43.95813,-122.27881,1166.3,
8440,43.95814,-122.27914,1169.0,
8441,43.95831,-122.27964,1173.7,
8442,43.95834,-122.27967,1174.9,
8443,43.95844,-122.27981,1179.2,
8444,43.95847,-122.27983,1180.1,
8445,43.95863,-122.27995,1184.6,
8446,43.95885,-122.28011,1190.1,
8447,43.95895,-122.28052,1192.7,
8448,43.95894,-122.28074,1192.9,
8449,43.95893,-122.28085,1192.8,
8450,43.95888,-122.28123,1192.5,
8451,43.95885,-122.28148,1192.3,
8452,43.95883,-122.28163,1192.1,
8453,43.95883,-122.28172,1192.0,
8454,43.95883,-122.282,1191.8,
8455,43.9589,-122.28238,1191.3,
8456,43.95894,-122.28244,1191.3,
8457,43.95909,-122.28263,1190.9,
8458,43.95924,-122.2827,1191.1,
8459,43.95934,-122.28274,1191.1,
8460,43.95957,-122.28273,1192.0,
8461,43.95959,-122.28272,1192.1,
8462,43.96012,-122.28255,1192.7,
8463,43.9603,-122.2825,1192.2,
8464,43.96065,-122.28239,1191.8,
8465,43.96117,-122.28222,1192.5,
8466,43.9612,-122.28222,1192.4,
8467,43.96153,-122.28215,1192.4,
8468,43.96165,-122.28212,1192.2,
8469,43.96189,-122.28215,1190.7,
8470,43.96196,-122.28216,1190.3,
8471,43.96224,-122.2822,1189.3,
8472,43.96241,-122.28222,1189.1,
8473,43.9626,-122.2822,1190.0,
8474,43.96278,-122.28218,1190.9,
8475,43.96302,-122.28215,1192.1,
8476,43.96332,-122.28216,1192.5,
8477,43.9635,-122.28216,1192.6,
8478,43.96386,-122.28217,1191.5,
8479,43.96387,-122.28217,1191.5,
8480,43.96403,-122.28207,1192.2,
8481,43.96434,-122.28182,1193.0,
8482,43.96449,-122.28169,1194.1,
8483,43.96456,-122.28163,1195.0,
8484,43.96477,-122.28169,1195.7,
8485,43.96518,-122.28186,1194.7,
8486,43.96523,-122.28188,1194.3,
8487,43.96554,-122.28188,1194.7,
8488,43.96572,-122.28188,1194.9,
8489,43.96589,-122.28192,1194.5,
8490,43.96608,-122.28196,1194.0,
8491,43.96619,-122.28211,1192.9,
8492,43.96625,-122.28237,1192.9,
8493,43.96627,-122.28244,1193.1,
8494,43.96631,-122.28261,1193.0,
8495,43.9664,-122.28302,1192.0,
8496,43.96643,-122.28307,1192.1,
8497,43.96665,-122.28349,1192.2,
8498,43.96682,-122.28352,1193.7,
8499,43.96706,-122.28355,1194.4,
8500,43.96735,-122.28349,1194.6,
8501,43.96755,-122.28345,1193.6,
8502,43.96786,-122.28326,1193.7,
8503,43.96813,-122.28309,1193.0,
8504,43.96851,-122.28284,1191.0,
8505,43.96868,-122.28274,1189.2,
8506,43.96879,-122.28255,1190.0,
8507,43.96914,-122.282,1193.0,
8508,43.96946,-122.28177,1191.4,
8509,43.96947,-122.28176,1191.5,
8510,43.96971,-122.28155,1193.5,
8511,43.97025,-122.28135,1200.1,
8512,43.97039,-122.28133,1202.7,
8513,43.97044,-122.28132,1203.1,
8514,43.97056,-122.28133,1203.3,
8515,43.97057,-122.28133,1203.3,
8516,43.9707,-122.28138,1203.0,
8517,43.97092,-122.28148,1203.1,
8518,43.97118,-122.28159,1203.7,
8519,43.97126,-122.28159,1204.3,
8520,43.97135,-122.28159,1205.2,
8521,43.97178,-122.28161,1213.1,
8522,43.9718,-122.2816,1213.3,
8523,43.97192,-122.28159,1213.0,
8524,43.97197,-122.28157,1213.1,
8525,43.97204,-122.28154,1213.1,
8526,43.97213,-122.28146,1213.3,
8527,43.97214,-122.28146,1213.2,
8528,43.97223,-122.28134,1213.3,
8529,43.97239,-122.28101,1213.2,
8530,43.97246,-122.28087,1213.2,
8531,43.97257,-122.28067,1213.3,
8532,43.97258,-122.28064,1213.5,
8533,43.97268,-122.28048,1214.3,
8534,43.97279,-122.28031,1216.3,
8535,43.97295,-122.28014,1222.2,
8536,43.97327,-122.27979,1227.3,
8537,43.97354,-122.27957,1228.6,
8538,43.97363,-122.27957,1229.2,
8539,43.97372,-122.27958,1230.2,
8540,43.97407,-122.27967,1240.3,
8541,43.97417,-122.27969,1242.0,
8542,43.97425,-122.27972,1242.3,
8543,43.97442,-122.27977,1243.3,
8544,43.97456,-122.27982,1243.4,
8545,43.97459,-122.27984,1243.3,
8546,43.97482,-122.27995,1243.6,
8547,43.97504,-122.28007,1244.3,
8548,43.97513,-122.28019,1243.0,
8549,43.97518,-122.28034,1241.2,
8550,43.97519,-122.28037,1240.8,
8551,43.97523,-122.28056,1240.2,
8552,43.97524,-122.28058,1240.4,
8553,43.97525,-122.28071,1240.9,
8554,43.97523,-122.28082,1241.4,
8555,43.97522,-122.2809,1242.2,
8556,43.97517,-122.28101,1242.8,
8557,43.97515,-122.28104,1242.8,
8558,43.9751,-122.28111,1242.8,
8559,43.97497,-122.28117,1241.2,
8560,43.97482,-122.28121,1239.7,
8561,43.97467,-122.28124,1241.1,
8562,43.97464,-122.28124,1241.6,
8563,43.97446,-122.28127,1244.9,
8564,43.97429,-122.2813,1245.0,
8565,43.97427,-122.2813,1245.0,
8566,43.97418,-122.28132,1244.8,
8567,43.97411,-122.28136,1245.3,
8568,43.97408,-122.28138,1245.5,
8569,43.97402,-122.28142,1245.9,
8570,43.97397,-122.2815,1246.9,
8571,43.97387,-122.28185,1249.2,
8572,43.97383,-122.28208,1250.3,
8573,43.97381,-122.28222,1250.7,
8574,43.97379,-122.28247,1253.3,
8575,43.97379,-122.28248,1253.4,
8576,43.97374,-122.28271,1257.7,
8577,43.97374,-122.28272,1257.9,
8578,43.97365,-122.28293,1260.5,
8579,43.97357,-122.28315,1261.5,
8580,43.97352,-122.28326,1261.4,
8581,43.97328,-122.28393,1262.6,
8582,43.97326,-122.28404,1264.1,
8583,43.97325,-122.28409,1265.2,
8584,43.97324,-122.28446,1273.8,
8585,43.97323,-122.28479,1277.3,
8586,43.97323,-122.28501,1281.7,
8587,43.9732,-122.28529,1287.1,
8588,43.97314,-122.28578,1290.1,
8589,43.97314,-122.2858,1290.4,
8590,43.97308,-122.28602,1293.4,
8591,43.97299,-122.28637,1298.7,
8592,43.97276,-122.28691,1299.0,
8593,43.9727,-122.28704,1299.3,
8594,43.97267,-122.28712,1299.6,
8595,43.97251,-122.28751,1300.8,
8596,43.97251,-122.28756,1301.3,
8597,43.97251,-122.28775,1303.4,
8598,43.97252,-122.28781,1304.4,
8599,43.97253,-122.28791,1306.4,
8600,43.97261,-122.28801,1310.6,
8601,43.97263,-122.28804,1311.9,
8602,43.97277,-122.28811,1317.5,
8603,43.97284,-122.28814,1319.6,
8604,43.97299,-122.28813,1322.7,
8605,43.97312,-122.28808,1324.7,
8606,43.97315,-122.28806,1325.0,
8607,43.97327,-122.28793,1325.8,
8608,43.97331,-122.28789,1326.2,
8609,43.97336,-122.28773,1325.4,
8610,43.97344,-122.2875,1324.9,
8611,43.97348,-122.28736,1324.6,
8612,43.97357,-122.28703,1324.2,
8613,43.97364,-122.2868,1324.4,
8614,43.97368,-122.28664,1324.2,
8615,43.9737,-122.28657,1324.2,
8616,43.97388,-122.28586,1323.4,
8617,43.97389,-122.28582,1323.3,
8618,43.97408,-122.28549,1323.7,
8619,43.9742,-122.28536,1323.3,
8620,43.97425,-122.28533,1323.3,
8621,43.97432,-122.28529,1323.1,
8622,43.97445,-122.28528,1323.1,
8623,43.97457,-122.28532,1323.0,
8624,43.97459,-122.28534,1323.1,
8625,43.97474,-122.28546,1322.9,
8626,43.97475,-122.28547,1322.9,
8627,43.97528,-122.28609,1332.6,
8628,43.97556,-122.28645,1334.4,
8629,43.9756,-122.2865,1334.6,
8630,43.97569,-122.28663,1335.8,
8631,43.97581,-122.28681,1337.5,
8632,43.97589,-122.28693,1338.1,
8633,43.97602,-122.28717,1339.3,
8634,43.97613,-122.28754,1343.5,
8635,43.97616,-122.28767,1344.0,
8636,43.9762,-122.28792,1345.0,
8637,43.97621,-122.28794,1344.9,
8638,43.97629,-122.28838,1345.2,
8639,43.97641,-122.28867,1346.3,
8640,43.97648,-122.28883,1347.3,
8641,43.97668,-122.28924,1348.3,
8642,43.97678,-122.28945,1348.3,
8643,43.97695,-122.28981,1348.0,
8644,43.97697,-122.28987,1348.1,
8645,43.97707,-122.29008,1348.3,
8646,43.97716,-122.2903,1349.1,
8647,43.97727,-122.29055,1349.7,
8648,43.97732,-122.29075,1350.5,
8649,43.97737,-122.29098,1351.2,
8650,43.97752,-122.29158,1351.5,
8651,43.97763,-122.29191,1351.8,
8652,43.97771,-122.29214,1352.8,
8653,43.97777,-122.29232,1354.3,
8654,43.97779,-122.29237,1354.6,
8655,43.97785,-122.29266,1356.5,
8656,43.9779,-122.29306,1358.2,
8657,43.97792,-122.29309,1358.1,
8658,43.97799,-122.29332,1361.0,
8659,43.978,-122.29333,1361.2,
8660,43.97813,-122.29359,1367.1,
8661,43.97824,-122.29374,1371.6,
8662,43.97837,-122.29381,1373.7,
8663,43.97854,-122.29385,1375.1,
8664,43.97855,-122.29385,1375.1,
8665,43.97875,-122.29384,1376.1,
8666,43.97899,-122.29377,1376.3,
8667,43.97907,-122.2937,1375.6,
8668,43.97917,-122.2936,1375.6,
8669,43.97921,-122.29354,1376.1,
8670,43.97934,-122.29337,1377.8,
8671,43.97941,-122.29328,1380.5,
8672,43.97971,-122.29283,1390.2,
8673,43.97975,-122.29277,1391.1,
8674,43.98026,-122.29201,1406.5,
8675,43.98047,-122.29176,1410.8,
8676,43.9805,-122.29172,1411.1,
8677,43.98059,-122.29158,1411.8,
8678,43.98073,-122.29137,1412.9,
8679,43.98089,-122.29113,1413.6,
8680,43.98113,-122.2907,1412.6,
8681,43.98117,-122.29063,1412.5,
8682,43.98128,-122.29043,1412.3,
8683,43.98133,-122.29035,1412.3,
8684,43.98152,-122.28998,1412.3,
8685,43.98162,-122.28984,1413.1,
8686,43.98172,-122.28969,1414.2,
8687,43.98174,-122.28966,1414.3,
8688,43.98188,-122.2895,1416.9,
8689,43.98192,-122.28944,1417.4,
8690,43.98201,-122.28932,1419.2,
8691,43.98215,-122.28912,1423.6,
8692,43.98225,-122.28896,1426.4,
8693,43.9823,-122.28887,1427.3,
8694,43.9824,-122.28869,1428.8,
8695,43.98245,-122.28854,1428.1,
8696,43.98245,-122.28853,1428.1,
8697,43.98249,-122.28833,1426.5,
8698,43.98253,-122.28813,1425.7,
8699,43.98265,-122.28785,1427.7,
8700,43.98265,-122.28785,1427.7,
8701,43.98257,-122.28763,1429.0,
8702,43.9825,-122.2874,1430.2,
8703,43.98247,-122.28733,1430.5,
8704,43.98231,-122.28673,1433.0,
8705,43.98228,-122.28645,1434.8,
8706,43.98224,-122.28606,1436.3,
8707,43.98222,-122.28554,1437.3,
8708,43.98222,-122.28546,1437.4,
8709,43.98223,-122.28521,1437.5,
8710,43.98227,-122.28492,1436.7,
8711,43.98234,-122.28476,1436.0,
8712,43.98243,-122.28462,1435.3,
8713,43.98256,-122.28448,1434.7,
8714,43.98269,-122.28442,1435.9,
8715,43.9828,-122.2844,1438.0,
8716,43.98294,-122.28438,1440.7,
8717,43.98298,-122.28435,1440.5,
8718,43.98313,-122.28422,1440.4,
8719,43.98347,-122.2839,1445.9,
8720,43.98356,-122.28378,1446.1,
8721,43.98362,-122.28371,1446.8,
8722,43.9837,-122.28361,1448.4,
8723,43.9838,-122.2835,1451.1,
8724,43.98384,-122.28346,1452.1,
8725,43.98398,-122.28333,1455.0,
8726,43.98414,-122.28319,1455.8,
8727,43.98424,-122.2831,1456.2,
8728,43.98429,-122.28304,1456.6,
8729,43.98433,-122.28297,1456.9,
8730,43.98439,-122.28283,1457.6,
8731,43.9844,-122.2828,1457.7,
8732,43.98456,-122.28216,1458.8,
8733,43.98457,-122.28213,1458.9,
8734,43.98468,-122.28174,1460.3,
8735,43.98478,-122.28136,1463.0,
8736,43.98482,-122.28119,1463.7,
8737,43.98484,-122.28108,1464.2,
8738,43.98485,-122.28094,1463.3,
8739,43.98489,-122.2807,1463.0,
8740,43.98496,-122.2801,1462.8,
8741,43.98498,-122.27996,1462.8,
8742,43.98502,-122.27978,1463.3,
8743,43.9851,-122.27949,1464.0,
8744,43.9852,-122.27912,1463.7,
8745,43.98521,-122.27902,1462.7,
8746,43.98522,-122.27882,1460.8,
8747,43.98523,-122.27856,1458.2,
8748,43.98524,-122.27852,1458.0,
8749,43.98526,-122.2783,1456.2,
8750,43.98528,-122.27828,1456.5,
8751,43.98537,-122.27814,1457.1,
8752,43.9854,-122.2781,1457.4,
8753,43.98547,-122.27802,1458.2,
8754,43.98554,-122.27793,1458.7,
8755,43.98555,-122.27791,1458.7,
8756,43.98564,-122.27775,1458.8,
8757,43.98564,-122.27773,1458.4,
8758,43.9857,-122.27752,1456.8,
8759,43.98573,-122.27729,1453.7,
8760,43.98579,-122.27702,1450.3,
8761,43.98585,-122.27678,1449.7,
8762,43.98602,-122.27606,1448.4,
8763,43.98607,-122.27583,1448.3,
8764,43.98613,-122.27559,1448.4,
8765,43.98625,-122.27508,1449.1,
8766,43.98627,-122.27487,1448.8,
8767,43.98629,-122.27465,1448.1,
8768,43.98629,-122.27462,1447.8,
8769,43.98629,-122.27437,1443.8,
8770,43.98628,-122.27412,1440.3,
8771,43.98628,-122.27411,1440.2,
8772,43.98619,-122.2739,1439.9,
8773,43.98612,-122.27374,1440.0,
8774,43.98608,-122.27371,1440.9,
8775,43.98592,-122.27361,1443.7,
8776,43.98572,-122.27347,1448.2,
8777,43.98559,-122.27342,1449.5,
8778,43.9853,-122.2733,1449.9,
8779,43.98524,-122.27329,1449.8,
8780,43.98499,-122.27326,1451.6,
8781,43.98489,-122.27322,1454.8,
8782,43.98469,-122.27316,1456.3,
8783,43.98456,-122.27308,1457.9,
8784,43.98442,-122.27298,1459.9,
8785,43.98439,-122.27295,1460.6,
8786,43.98376,-122.27245,1469.8,
8787,43.98349,-122.27228,1470.9,
8788,43.98343,-122.27225,1471.3,
8789,43.98332,-122.2722,1472.4,
8790,43.98311,-122.27215,1473.5,
8791,43.98295,-122.27217,1473.5,
8792,43.9829,-122.27217,1473.8,
8793,43.98277,-122.2722,1473.9,
8794,43.98266,-122.27226,1473.2,
8795,43.98255,-122.27226,1473.4,
8796,43.98246,-122.27223,1473.6,
8797,43.98241,-122.27215,1474.1,
8798,43.98238,-122.272,1474.2,
8799,43.98238,-122.2719,1473.9,
8800,43.98238,-122.27187,1473.8,
8801,43.98242,-122.27174,1473.9,
8802,43.98248,-122.27163,1474.3,
8803,43.98256,-122.27143,1474.6,
8804,43.98262,-122.27124,1475.4,
8805,43.98263,-122.27119,1475.6,
8806,43.98266,-122.27097,1475.9,
8807,43.98268,-122.27071,1481.5,
8808,43.98267,-122.27029,1488.1,
8809,43.98261,-122.26985,1490.8,
8810,43.98254,-122.26951,1492.8,
8811,43.98252,-122.2694,1494.7,
8812,43.9825,-122.26927,1497.4,
8813,43.98244,-122.26893,1498.8,
8814,43.98242,-122.26878,1499.5,
8815,43.98235,-122.26809,1501.3,
8816,43.98233,-122.26776,1505.6,
8817,43.98234,-122.26754,1509.7,
8818,43.98234,-122.26748,1510.2,
8819,43.98234,-122.26729,1511.4,
8820,43.98234,-122.26711,1512.6,
8821,43.98226,-122.26683,1512.3,
8822,43.98205,-122.2664,1510.0,
8823,43.98203,-122.26636,1509.8,
8824,43.98184,-122.26583,1511.1,
8825,43.98165,-122.26536,1515.9,
8826,43.98151,-122.26519,1519.0,
8827,43.98139,-122.26506,1519.4,
8828,43.98125,-122.26493,1518.8,
8829,43.98121,-122.2649,1518.5,
8830,43.98112,-122.26475,1518.8,
8831,43.98105,-122.26462,1519.3,
8832,43.98094,-122.26434,1521.4,
8833,43.98074,-122.26369,1529.4,
8834,43.98071,-122.26365,1529.3,
8835,43.98065,-122.26359,1528.6,
8836,43.98056,-122.26351,1527.3,
8837,43.98048,-122.26345,1526.3,
8838,43.9804,-122.26341,1524.9,
8839,43.98023,-122.26331,1523.4,
8840,43.98011,-122.26325,1522.8,
8841,43.98006,-122.26322,1522.9,
8842,43.97973,-122.26303,1522.9,
8843,43.97962,-122.26296,1523.4,
8844,43.97926,-122.2628,1524.0,
8845,43.97918,-122.26277,1523.7,
8846,43.97907,-122.26273,1522.7,
8847,43.97905,-122.26271,1522.6,
8848,43.97899,-122.26264,1522.3,
8849,43.97893,-122.26253,1521.8,
8850,43.97892,-122.2625,1521.8,
8851,43.9789,-122.26228,1520.8,
8852,43.97889,-122.26206,1518.0,
8853,43.9789,-122.26204,1517.8,
8854,43.97895,-122.26187,1514.7,
8855,43.979,-122.26185,1514.7,
8856,43.97918,-122.26178,1513.8,
8857,43.97943,-122.26171,1513.8,
8858,43.97952,-122.2617,1514.9,
8859,43.97958,-122.26168,1515.2,
8860,43.97977,-122.2616,1515.8,
8861,43.98003,-122.26145,1517.0,
8862,43.98009,-122.26141,1517.2,
8863,43.98019,-122.26134,1518.0,
8864,43.98035,-122.26122,1519.0,
8865,43.98047,-122.26113,1520.2,
8866,43.98049,-122.26108,1520.0,
8867,43.98059,-122.26086,1519.9,
8868,43.98068,-122.26065,1520.4,
8869,43.98068,-122.26064,1520.2,
8870,43.98069,-122.2604,1514.6,
8871,43.9807,-122.26022,1512.1,
8872,43.98075,-122.25965,1510.5,
8873,43.98078,-122.25941,1511.6,
8874,43.9808,-122.25916,1511.4,
8875,43.98082,-122.25891,1510.6,
8876,43.98088,-122.25831,1514.7,
8877,43.98087,-122.25817,1514.6,
8878,43.98085,-122.25803,1513.9,
8879,43.98082,-122.25793,1512.8,
8880,43.9807,-122.25746,1507.4,
8881,43.98069,-122.2574,1506.4,
8882,43.98068,-122.25721,1503.4,
8883,43.98068,-122.25714,1502.3,
8884,43.98067,-122.25696,1499.5,
8885,43.98066,-122.25691,1498.6,
8886,43.98068,-122.25671,1496.5,
8887,43.98068,-122.2567,1496.4,
8888,43.98075,-122.25656,1496.3,
8889,43.98078,-122.25651,1496.4,
8890,43.98082,-122.25642,1496.2,
8891,43.98087,-122.2563,1495.9,
8892,43.98093,-122.25588,1493.6,
8893,43.981,-122.25541,1491.5,
8894,43.98108,-122.25508,1487.2,
8895,43.98109,-122.25505,1486.7,
8896,43.98117,-122.25486,1484.8,
8897,43.98124,-122.25468,1483.8,
8898,43.98126,-122.25465,1483.8,
8899,43.98134,-122.25442,1482.3,
8900,43.98137,-122.25434,1481.7,
8901,43.98141,-122.2542,1480.0,
8902,43.98148,-122.254,1476.5,
8903,43.9816,-122.25354,1475.0,
8904,43.98161,-122.2535,1474.9,
8905,43.98167,-122.25326,1473.6,
8906,43.98171,-122.25302,1471.1,
8907,43.98172,-122.25294,1469.8,
8908,43.98173,-122.25263,1464.3,
8909,43.98173,-122.25252,1462.9,
8910,43.98171,-122.25227,1460.0,
8911,43.9817,-122.25212,1458.7,
8912,43.98169,-122.25203,1457.9,
8913,43.98168,-122.25195,1457.3,
8914,43.98162,-122.25154,1455.7,
8915,43.98162,-122.2512,1456.3,
8916,43.98162,-122.25111,1456.6,
8917,43.98162,-122.25103,1457.0,
8918,43.98162,-122.25103,1457.0,
8919,43.98183,-122.25104,1455.0,
8920,43.98188,-122.25105,1454.3,
8921,43.98196,-122.25109,1452.6,
8922,43.98197,-122.2511,1452.3,
8923,43.98203,-122.25113,1451.0,
8924,43.98209,-122.25116,1449.5,
8925,43.98218,-122.2512,1447.3,
8926,43.98233,-122.25137,1443.7,
8927,43.98249,-122.25147,1438.4,
8928,43.98295,-122.25176,1432.7,
8929,43.98299,-122.25177,1432.1,
8930,43.98322,-122.25185,1429.4,
8931,43.98341,-122.25199,1427.3,
8932,43.98362,-122.25221,1421.6,
8933,43.9839,-122.2525,1419.9,
8934,43.98391,-122.25251,1419.9,
8935,43.98411,-122.25273,1418.7,
8936,43.98428,-122.25282,1415.1,
8937,43.98438,-122.25283,1413.7,
8938,43.98446,-122.25283,1412.9,
8939,43.98456,-122.25279,1412.2,
8940,43.98467,-122.25276,1411.6,
8941,43.98473,-122.25273,1411.0,
8942,43.98483,-122.25268,1409.6,
8943,43.98501,-122.25261,1405.8,
8944,43.98507,-122.25257,1404.4,
8945,43.98519,-122.25249,1401.8,
8946,43.98535,-122.25236,1399.5,
8947,43.98539,-122.25233,1399.0,
8948,43.98547,-122.25227,1397.7,
8949,43.98555,-122.25224,1396.4,
8950,43.9856,-122.25222,1395.6,
8951,43.98576,-122.2522,1393.0,
8952,43.98592,-122.25219,1389.7,
8953,43.98609,-122.25219,1385.6,
8954,43.98621,-122.2522,1385.0,
8955,43.98635,-122.25216,1384.7,
8956,43.98645,-122.25213,1386.5,
8957,43.98647,-122.25212,1387.0,
8958,43.98655,-122.252,1388.7,
8959,43.98655,-122.25195,1388.2,
8960,43.98656,-122.25187,1387.9,
8961,43.98654,-122.2517,1386.5,
8962,43.98653,-122.25167,1386.1,
8963,43.98655,-122.25146,1386.1,
8964,43.98656,-122.25145,1386.3,
8965,43.9866,-122.25129,1385.5,
8966,43.98665,-122.25124,1385.8,
8967,43.98669,-122.25119,1385.9,
8968,43.98682,-122.25108,1387.9,
8969,43.98693,-122.25096,1390.3,
8970,43.98694,-122.25095,1390.5,
8971,43.98701,-122.25081,1392.4,
8972,43.98703,-122.25074,1393.1,
8973,43.98704,-122.25067,1393.4,
8974,43.98703,-122.25049,1388.1,
8975,43.98703,-122.25049,1388.1,
8976,43.98683,-122.25053,1381.2,
8977,43.98665,-122.25057,1377.6,
8978,43.98648,-122.25061,1372.2,
8979,43.98633,-122.25062,1367.9,
8980,43.98619,-122.25055,1360.3,
8981,43.98613,-122.25052,1357.4,
8982,43.98597,-122.25045,1354.8,
8983,43.98579,-122.25034,1354.1,
8984,43.98563,-122.25024,1354.5,
8985,43.98544,-122.25012,1354.2,
8986,43.98532,-122.24999,1350.8,
8987,43.98518,-122.24983,1346.4,
8988,43.98504,-122.24967,1344.5,
8989,43.9849,-122.24951,1342.7,
8990,43.98477,-122.24937,1343.1,
8991,43.98463,-122.24918,1341.6,
8992,43.98422,-122.24862,1334.1,
8993,43.98408,-122.24822,1330.2,
8994,43.984,-122.24799,1325.1,
8995,43.98396,-122.24788,1324.0,
8996,43.98384,-122.24717,1313.2,
8997,43.98384,-122.24703,1311.2,
8998,43.98384,-122.24653,1309.7,
8999,43.98389,-122.24629,1305.1,
9000,43.98398,-122.2458,1298.8,
9001,43.98402,-122.24556,1299.5,
9002,43.98408,-122.24528,1299.6,
9003,43.98432,-122.24438,1289.7,
9004,43.98434,-122.24433,1290.0,
9005,43.98438,-122.24415,1291.7,
9006,43.98445,-122.24391,1293.2,
9007,43.98453,-122.2436,1296.1,
9008,43.98461,-122.24348,1293.9,
9009,43.98474,-122.2433,1290.2,
9010,43.98477,-122.24326,1289.5,
9011,43.98489,-122.24318,1284.3,
9012,43.98505,-122.24307,1280.7,
9013,43.98515,-122.243,1279.7,
9014,43.98539,-122.24291,1275.7,
9015,43.98552,-122.24285,1272.5,
9016,43.98557,-122.24283,1271.7,
9017,43.98582,-122.24271,1267.9,
9018,43.9859,-122.24264,1267.4,
9019,43.98605,-122.2425,1267.2,
9020,43.98619,-122.24236,1268.4,
9021,43.9863,-122.24225,1269.6,
9022,43.98635,-122.24227,1267.7,
9023,43.98644,-122.24231,1263.2,
9024,43.98653,-122.24245,1256.3,
9025,43.98655,-122.24263,1253.0,
9026,43.98655,-122.24264,1252.8,
9027,43.98642,-122.24281,1253.6,
9028,43.98629,-122.24298,1252.2,
9029,43.98624,-122.24304,1252.1,
9030,43.98615,-122.24314,1252.2,
9031,43.98589,-122.24343,1252.4,
9032,43.98588,-122.24346,1252.1,
9033,43.98576,-122.24365,1251.6,
9034,43.98563,-122.24387,1251.6,
9035,43.98557,-122.24407,1250.8,
9036,43.98547,-122.24439,1249.1,
9037,43.98547,-122.24479,1242.0,
9038,43.98547,-122.24484,1241.4,
9039,43.98554,-122.24509,1238.5,
9040,43.9857,-122.24532,1235.3,
9041,43.98577,-122.24537,1234.1,
9042,43.98593,-122.24549,1233.8,
9043,43.98601,-122.24555,1234.2,
9044,43.98609,-122.24559,1234.0,
9045,43.98621,-122.24566,1233.6,
9046,43.98644,-122.2457,1234.4,
9047,43.98648,-122.2457,1234.4,
9048,43.98662,-122.24568,1233.9,
9049,43.98677,-122.24565,1233.1,
9050,43.98679,-122.24564,1232.9,
9051,43.98715,-122.24557,1229.6,
9052,43.98736,-122.24552,1225.1,
9053,43.98751,-122.24553,1223.3,
9054,43.98769,-122.24554,1221.8,
9055,43.98782,-122.24554,1221.7,
9056,43.98805,-122.24556,1221.5,
9057,43.98816,-122.24557,1221.3,
9058,43.98823,-122.24558,1221.5,
9059,43.98841,-122.24558,1221.3,
9060,43.98847,-122.24559,1221.6,
9061,43.98875,-122.24554,1219.0,
9062,43.98876,-122.24554,1218.9,
9063,43.98894,-122.2455,1214.9,
9064,43.989,-122.24549,1214.4,
9065,43.98943,-122.24527,1210.8,
9066,43.98945,-122.24526,1210.7,
9067,43.98995,-122.24497,1199.8,
9068,43.99011,-122.24487,1197.3,
9069,43.99017,-122.24484,1197.2,
9070,43.99046,-122.24472,1198.0,
9071,43.99063,-122.24464,1198.0,
9072,43.9908,-122.24457,1198.1,
9073,43.99097,-122.24449,1198.0,
9074,43.99149,-122.24427,1189.5,
9075,43.9916,-122.24422,1187.7,
9076,43.99165,-122.24418,1186.7,
9077,43.99182,-122.24408,1185.3,
9078,43.99198,-122.24397,1184.5,
9079,43.99231,-122.24376,1183.5,
9080,43.99237,-122.24372,1182.2,
9081,43.99248,-122.24368,1180.4,
9082,43.99282,-122.24355,1177.0,
9083,43.993,-122.24349,1176.4,
9084,43.99317,-122.24342,1175.4,
9085,43.99334,-122.24336,1174.6,
9086,43.9935,-122.2433,1173.8,
9087,43.99352,-122.2433,1173.9,
9088,43.99384,-122.24317,1166.9,
9089,43.99402,-122.2431,1165.9,
9090,43.99419,-122.24303,1166.9,
9091,43.99454,-122.2429,1170.0,
9092,43.99471,-122.24283,1171.5,
9093,43.99485,-122.24277,1172.7,
9094,43.99488,-122.24275,1172.5,
9095,43.99504,-122.24263,1168.6,
9096,43.9952,-122.24252,1165.0,
9097,43.99536,-122.2424,1162.4,
9098,43.99567,-122.24217,1159.4,
9099,43.99583,-122.24205,1158.9,
9100,43.99599,-122.24194,1158.3,
9101,43.99615,-122.24182,1157.2,
9102,43.99653,-122.24154,1151.7,
9103,43.99663,-122.24147,1151.0,
9104,43.99679,-122.24135,1150.3,
9105,43.99694,-122.24122,1147.8,
9106,43.99726,-122.24098,1144.1,
9107,43.99742,-122.24086,1143.9,
9108,43.99773,-122.24062,1141.1,
9109,43.99805,-122.24038,1137.1,
9110,43.99841,-122.2401,1138.1,
9111,43.99853,-122.24006,1135.2,
9112,43.9987,-122.23999,1132.8,
9113,43.9988,-122.23995,1133.3,
9114,43.99886,-122.23987,1140.0,
9115,43.99899,-122.23971,1134.9,
9116,43.99925,-122.23937,1136.0,
9117,43.99956,-122.23911,1135.7,
9118,43.99972,-122.23898,1143.4,
9119,43.99981,-122.23891,1128.2,
9120,43.99988,-122.23886,1123.6,
9121,44.00004,-122.23875,1125.6,
9122,44.0002,-122.23865,1124.9,
9123,44.00036,-122.23854,1124.5,
9124,44.00069,-122.23832,1116.4,
9125,44.00085,-122.23822,1115.9,
9126,44.00101,-122.23811,1114.5,
9127,44.00134,-122.2379,1106.5,
9128,44.0015,-122.23779,1105.6,
9129,44.00157,-122.23774,1105.1,
9130,44.00166,-122.23769,1104.7,
9131,44.002,-122.23751,1102.8,
9132,44.00217,-122.23741,1099.4,
9133,44.00233,-122.23732,1092.6,
9134,44.0025,-122.23723,1089.7,
9135,44.00267,-122.23714,1089.9,
9136,44.00284,-122.23705,1090.8,
9137,44.003,-122.23695,1090.6,
9138,44.00317,-122.23686,1089.9,
9139,44.00334,-122.23677,1087.7,
9140,44.00344,-122.23671,1084.7,
9141,44.00351,-122.23668,1083.6,
9142,44.00368,-122.2366,1082.5,
9143,44.00384,-122.23652,1081.4,
9144,44.00401,-122.23643,1080.2,
9145,44.00418,-122.23635,1078.3,
9146,44.00452,-122.23618,1072.1,
9147,44.00469,-122.2361,1071.2,
9148,44.00486,-122.23602,1070.1,
9149,44.00518,-122.23586,1067.6,
9150,44.0052,-122.23585,1067.1,
9151,44.00538,-122.23581,1061.9,
9152,44.00556,-122.23577,1060.0,
9153,44.00582,-122.2357,1056.4,
9154,44.00591,-122.23572,1055.8,
9155,44.00609,-122.23574,1053.6,
9156,44.00611,-122.23575,1053.5,
9157,44.00624,-122.23589,1054.5,
9158,44.00638,-122.23603,1055.0,
9159,44.00646,-122.23611,1055.5,
9160,44.00655,-122.23612,1054.3,
9161,44.0067,-122.23615,1053.3,
9162,44.00672,-122.23615,1053.2,
9163,44.00705,-122.23616,1052.8,
9164,44.00726,-122.23616,1053.0,
9165,44.00744,-122.23616,1051.3,
9166,44.00782,-122.23607,1044.4,
9167,44.00798,-122.23608,1044.5,
9168,44.0081,-122.23609,1045.0,
9169,44.00834,-122.23613,1046.3,
9170,44.00849,-122.23616,1046.5,
9171,44.00851,-122.23617,1046.6,
9172,44.00868,-122.23625,1046.6,
9173,44.00878,-122.2363,1046.2,
9174,44.00885,-122.23633,1045.5,
9175,44.00903,-122.2364,1042.1,
9176,44.00921,-122.2364,1037.8,
9177,44.00939,-122.23639,1035.8,
9178,44.00955,-122.23629,1035.3,
9179,44.0097,-122.2362,1035.1,
9180,44.00971,-122.23619,1035.0,
9181,44.00986,-122.23605,1034.3,
9182,44.00995,-122.23597,1033.8,
9183,44.01001,-122.23591,1033.5,
9184,44.01016,-122.23576,1032.6,
9185,44.01038,-122.23555,1031.5,
9186,44.01053,-122.2354,1030.9,
9187,44.01067,-122.23526,1030.6,
9188,44.01093,-122.235,1032.6,
9189,44.01095,-122.23495,1032.7,
9190,44.01099,-122.2347,1031.9,
9191,44.01101,-122.23462,1032.2,
9192,44.01101,-122.23446,1031.5,
9193,44.01101,-122.23434,1030.9,
9194,44.011,-122.23396,1027.1,
9195,44.01099,-122.23371,1023.8,
9196,44.01099,-122.23355,1023.0,
9197,44.01103,-122.23321,1021.6,
9198,44.01104,-122.23319,1021.6,
9199,44.01113,-122.23297,1020.6,
9200,44.01126,-122.23284,1020.4,
9201,44.01155,-122.23255,1017.0,
9202,44.01185,-122.23226,1012.7,
9203,44.01186,-122.23225,1012.7,
9204,44.01196,-122.23207,1011.1,
9205,44.01211,-122.23179,1008.4,
9206,44.01248,-122.23151,1006.4,
9207,44.01253,-122.23149,1006.2,
9208,44.01303,-122.23121,1001.6,
9209,44.0131,-122.23117,1000.3,
9210,44.01318,-122.23125,999.0,
9211,44.01328,-122.23134,998.2,
9212,44.01333,-122.2314,998.0,
9213,44.01345,-122.23158,997.5,
9214,44.01357,-122.23176,997.2,
9215,44.0137,-122.23194,997.2,
9216,44.0137,-122.23195,997.3,
9217,44.01382,-122.23212,997.7,
9218,44.01395,-122.2323,998.2,
9219,44.01395,-122.23231,998.2,
9220,44.01406,-122.23237,998.3,
9221,44.01412,-122.23235,998.4,
9222,44.01418,-122.23232,998.5,
9223,44.01424,-122.23219,998.7,
9224,44.01426,-122.23215,998.7,
9225,44.01424,-122.23195,997.4,
9226,44.01424,-122.23194,997.3,
9227,44.01426,-122.23166,995.1,
9228,44.01432,-122.23147,993.5,
9229,44.0144,-122.23121,990.0,
9230,44.0145,-122.23104,987.0,
9231,44.01461,-122.23087,983.2,
9232,44.01463,-122.23087,983.3,
9233,44.01487,-122.23085,983.5,
9234,44.01516,-122.23087,982.6,
9235,44.01534,-122.23088,977.2,
9236,44.01558,-122.23089,970.0,
9237,44.0158,-122.23107,967.8,
9238,44.01584,-122.23111,967.8,
9239,44.01599,-122.23125,968.9,
9240,44.01614,-122.23139,970.1,
9241,44.0162,-122.23145,970.6,
9242,44.0163,-122.2315,970.7,
9243,44.01634,-122.23153,971.0,
9244,44.01647,-122.23152,970.3,
9245,44.01663,-122.23152,970.3,
9246,44.01665,-122.23151,970.2,
9247,44.0168,-122.23137,969.3,
9248,44.01684,-122.23133,969.2,
9249,44.01702,-122.23097,967.6,
9250,44.01712,-122.23077,967.1,
9251,44.01722,-122.23056,965.5,
9252,44.01723,-122.23054,965.4,
9253,44.0173,-122.23034,964.4,
9254,44.01739,-122.23012,964.3,
9255,44.01747,-122.2299,964.1,
9256,44.01755,-122.2297,963.6,
9257,44.01755,-122.22968,963.6,
9258,44.01761,-122.22944,962.5,
9259,44.01766,-122.2292,961.0,
9260,44.01769,-122.22907,960.2,
9261,44.0177,-122.22895,959.5,
9262,44.01772,-122.22871,958.2,
9263,44.01774,-122.22853,957.2,
9264,44.01775,-122.22846,956.9,
9265,44.01781,-122.22822,955.8,
9266,44.01783,-122.22812,955.4,
9267,44.0179,-122.22802,954.6,
9268,44.01811,-122.22777,952.3,
9269,44.01819,-122.22775,951.7,
9270,44.01837,-122.22773,950.3,
9271,44.01863,-122.22768,948.0,
9272,44.01873,-122.22765,946.9,
9273,44.01901,-122.22757,943.8,
9274,44.01923,-122.2274,941.4,
9275,44.01938,-122.22727,939.6,
9276,44.01946,-122.22721,938.7,
9277,44.01953,-122.22713,937.8,
9278,44.01966,-122.22696,936.3,
9279,44.01979,-122.22679,934.9,
9280,44.01984,-122.22673,934.4,
9281,44.01996,-122.22671,933.2,
9282,44.02014,-122.22669,931.3,
9283,44.02018,-122.22668,930.8,
9284,44.0203,-122.22677,929.9,
9285,44.02046,-122.22689,929.5,
9286,44.02046,-122.22689,929.5,
9287,44.02054,-122.22667,927.8,
9288,44.02061,-122.22647,923.8,
9289,44.02061,-122.22644,923.2,
9290,44.02064,-122.22594,914.8,
9291,44.02066,-122.22569,913.9,
9292,44.02066,-122.22563,913.9,
9293,44.02067,-122.22544,913.9,
9294,44.02069,-122.22519,913.7,
9295,44.02069,-122.22514,913.6,
9296,44.02073,-122.22495,913.0,
9297,44.02078,-122.22471,912.0,
9298,44.0208,-122.22458,911.2,
9299,44.02078,-122.22421,908.5,
9300,44.02078,-122.22406,907.5,
9301,44.02074,-122.22398,907.4,
9302,44.02056,-122.22361,906.7,
9303,44.02039,-122.22342,905.2,
9304,44.02038,-122.2234,905.0,
9305,44.02022,-122.22336,905.5,
9306,44.0202,-122.22336,905.6,
9307,44.02,-122.22323,906.0,
9308,44.01991,-122.22312,905.7,
9309,44.01961,-122.22275,903.4,
9310,44.0195,-122.22262,902.4,
9311,44.0194,-122.22249,901.4,
9312,44.0192,-122.22238,900.5,
9313,44.01903,-122.22228,899.7,
9314,44.01886,-122.22219,898.3,
9315,44.0187,-122.22209,896.0,
9316,44.0186,-122.22204,894.3,
9317,44.01854,-122.22198,893.0,
9318,44.01844,-122.22188,891.3,
9319,44.01841,-122.22181,890.7,
9320,44.01834,-122.22168,889.5,
9321,44.01832,-122.22137,888.9,
9322,44.01832,-122.22134,888.9,
9323,44.01827,-122.2211,887.5,
9324,44.01825,-122.22098,886.8,
9325,44.01822,-122.22086,885.8,
9326,44.01808,-122.2204,881.0,
9327,44.01806,-122.22033,880.2,
9328,44.01801,-122.22013,877.9,
9329,44.01795,-122.21984,873.9,
9330,44.01795,-122.21968,871.4,
9331,44.01795,-122.21953,869.1,
9332,44.01819,-122.21936,869.3,
9333,44.01855,-122.21924,867.0,
9334,44.01858,-122.21903,864.8,
9335,44.0185,-122.21883,862.9,
9336,44.01838,-122.21862,860.4,
9337,44.01825,-122.21855,859.2,
9338,44.01809,-122.21856,858.6,
9339,44.01803,-122.21858,858.5,
9340,44.0179,-122.2186,857.8,
9341,44.01785,-122.21861,857.5,
9342,44.01769,-122.21864,856.2,
9343,44.01769,-122.21864,856.2,
9344,44.01756,-122.21847,851.7,
9345,44.01754,-122.21839,849.7,
9346,44.0175,-122.21824,845.5,
9347,44.01751,-122.21815,843.8,
9348,44.01753,-122.21806,842.6,
9349,44.01779,-122.21787,839.0,
9350,44.01811,-122.21765,837.8,
9351,44.01835,-122.21728,831.1,
9352,44.01849,-122.21712,829.7,
9353,44.01863,-122.21696,828.6,
9354,44.01888,-122.21668,826.1,
9355,44.01891,-122.21666,826.2,
9356,44.01938,-122.21627,825.4,
9357,44.01946,-122.2162,823.6,
9358,44.01952,-122.21612,822.0,
9359,44.01964,-122.21594,819.4,
9360,44.01976,-122.21575,816.4,
9361,44.01993,-122.2155,814.3,
9362,44.02002,-122.21541,813.0,
9363,44.02017,-122.21528,809.4,
9364,44.02032,-122.21514,806.7,
9365,44.02045,-122.21502,804.2,
9366,44.02048,-122.21501,804.3,
9367,44.02065,-122.21497,804.1,
9368,44.0208,-122.21493,798.3,
9369,44.02083,-122.21495,798.2,
9370,44.021,-122.21503,798.8,
9371,44.02102,-122.21504,799.0,
9372,44.02118,-122.21507,799.5,
9373,44.02124,-122.21508,799.9,
9374,44.02133,-122.21497,798.1,
9375,44.02143,-122.21485,798.0,
9376,44.02145,-122.21479,797.3,
9377,44.02154,-122.21457,795.7,
9378,44.02172,-122.21414,790.2,
9379,44.0218,-122.21392,786.6,
9380,44.02188,-122.21374,785.9,
9381,44.0219,-122.21371,785.8,
9382,44.02209,-122.21339,784.9,
9383,44.02214,-122.21335,784.8,
9384,44.02231,-122.21325,783.4,
9385,44.02232,-122.21325,783.4,
9386,44.02249,-122.21328,782.9,
9387,44.02302,-122.2134,773.8,
9388,44.0232,-122.21343,773.7,
9389,44.02331,-122.21346,775.0,
9390,44.02338,-122.21345,775.2,
9391,44.02356,-122.21344,775.7,
9392,44.02391,-122.21342,775.3,
9393,44.02392,-122.21342,775.2,
9394,44.02409,-122.21339,774.0,
9395,44.02427,-122.21337,773.1,
9396,44.02445,-122.21334,773.3,
9397,44.02463,-122.21332,773.6,
9398,44.02467,-122.21331,773.5,
9399,44.02481,-122.21332,773.0,
9400,44.0249,-122.21333,772.3,
9401,44.02497,-122.21341,771.8,
9402,44.02513,-122.2136,770.3,
9403,44.02521,-122.21377,767.1,
9404,44.02531,-122.21395,763.1,
9405,44.02532,-122.21398,763.0,
9406,44.02543,-122.21417,761.0,
9407,44.02549,-122.21428,760.9,
9408,44.02556,-122.21433,760.5,
9409,44.02572,-122.21445,760.2,
9410,44.02573,-122.21446,760.2,
9411,44.02598,-122.21449,759.9,
9412,44.02687,-122.21482,767.7,
9413,44.02707,-122.21503,766.6,
9414,44.02718,-122.21515,765.4,
9415,44.02721,-122.2152,764.9,
9416,44.02742,-122.21553,762.9,
9417,44.02757,-122.21575,762.3,
9418,44.0276,-122.21579,762.1,
9419,44.02767,-122.21596,762.1,
9420,44.02793,-122.21662,762.3,
9421,44.02802,-122.21684,762.6,
9422,44.0281,-122.21705,763.5,
9423,44.02813,-122.21712,763.9,
9424,44.02823,-122.21722,763.8,
9425,44.02843,-122.21743,764.5,
9426,44.02854,-122.21747,764.1,
9427,44.02858,-122.21749,764.0,
9428,44.02869,-122.2176,764.3,
9429,44.02884,-122.21775,764.5,
9430,44.02892,-122.21783,764.5,
9431,44.02908,-122.21793,763.7,
9432,44.02915,-122.21799,763.3,
9433,44.0293,-122.21809,762.1,
9434,44.02931,-122.21811,762.1,
9435,44.0297,-122.21862,759.1,
9436,44.02974,-122.21866,759.6,
9437,44.02986,-122.21875,761.8,
9438,44.02988,-122.21876,762.1,
9439,44.03006,-122.21872,765.6,
9440,44.03019,-122.21862,766.6,
9441,44.03037,-122.21857,768.5,
9442,44.03055,-122.21852,764.2,
9443,44.03072,-122.21846,761.0,
9444,44.03107,-122.21836,754.8,
9445,44.03125,-122.21831,753.0,
9446,44.03137,-122.21827,752.8,
9447,44.0314,-122.21821,752.3,
9448,44.03151,-122.21801,750.8,
9449,44.03162,-122.21781,749.6,
9450,44.03184,-122.21742,747.0,
9451,44.03185,-122.21742,747.1,
9452,44.03202,-122.21736,746.8,
9453,44.03254,-122.21717,742.8,
9454,44.03261,-122.21715,740.6,
9455,44.03288,-122.21699,736.1,
9456,44.03307,-122.21687,735.7,
9457,44.03327,-122.21651,735.4,
9458,44.03339,-122.21632,737.0,
9459,44.03341,-122.21607,735.9,
9460,44.03341,-122.21602,735.4,
9461,44.03353,-122.21568,733.2,
9462,44.03358,-122.21564,733.2,
9463,44.03374,-122.21553,730.5,
9464,44.0338,-122.21549,727.9,
9465,44.03409,-122.21553,725.1,
9466,44.03414,-122.21554,725.0,
9467,44.03427,-122.21556,724.7,
9468,44.03445,-122.2156,724.5,
9469,44.03449,-122.2156,724.2,
9470,44.03481,-122.21558,721.6,
9471,44.03484,-122.21558,721.6,
9472,44.03498,-122.21551,719.7,
9473,44.03515,-122.21544,716.3,
9474,44.03523,-122.2154,715.7,
9475,44.03531,-122.21533,715.1,
9476,44.03547,-122.21521,715.3,
9477,44.03553,-122.21516,715.4,
9478,44.0356,-122.21504,714.8,
9479,44.03573,-122.21483,714.3,
9480,44.03586,-122.2144,708.1,
9481,44.03589,-122.2143,706.5,
9482,44.03588,-122.21416,705.6,
9483,44.03585,-122.21366,703.6,
9484,44.03584,-122.21354,702.0,
9485,44.0359,-122.21343,701.7,
9486,44.036,-122.21323,700.4,
9487,44.03606,-122.21312,699.2,
9488,44.03613,-122.21306,698.7,
9489,44.03645,-122.21282,695.5,
9490,44.0365,-122.21278,694.7,
9491,44.03661,-122.21282,694.7,
9492,44.03679,-122.21288,694.3,
9493,44.03696,-122.21294,691.2,
9494,44.03714,-122.213,686.9,
9495,44.03731,-122.21306,686.4,
9496,44.03749,-122.21312,685.8,
9497,44.03759,-122.21316,685.4,
9498,44.03766,-122.21317,684.6,
9499,44.03784,-122.2132,683.5,
9500,44.03802,-122.21323,680.0,
9501,44.03838,-122.21328,675.8,
9502,44.03856,-122.21331,674.5,
9503,44.03859,-122.21332,674.3,
9504,44.03901,-122.21365,673.2,
9505,44.03903,-122.21366,673.1,
9506,44.03921,-122.21371,670.5,
9507,44.03946,-122.21378,662.7,
9508,44.03956,-122.21383,662.7,
9509,44.03972,-122.21392,663.0,
9510,44.03988,-122.21404,663.7,
9511,44.04004,-122.21416,663.9,
9512,44.04007,-122.21419,664.0,
9513,44.04021,-122.21424,662.4,
9514,44.04038,-122.21431,661.5,
9515,44.04038,-122.21431,661.5,
9516,44.04041,-122.21411,658.3,
9517,44.04041,-122.21409,657.8,
9518,44.04037,-122.2139,654.1,
9519,44.04034,-122.21386,653.9,
9520,44.04022,-122.21367,652.3,
9521,44.04021,-122.21365,652.0,
9522,44.04006,-122.21358,652.6,
9523,44.03989,-122.21351,653.1,
9524,44.03977,-122.21345,653.1,
9525,44.03972,-122.21342,653.0,
9526,44.03955,-122.21334,652.9,
9527,44.03945,-122.21329,652.9,
9528,44.03925,-122.21307,651.2,
9529,44.03919,-122.21302,651.4,
9530,44.03913,-122.21288,650.0,
9531,44.03904,-122.2127,649.0,
9532,44.03904,-122.21267,648.5,
9533,44.03899,-122.21243,647.8,
9534,44.03897,-122.21235,647.0,
9535,44.03882,-122.21199,640.8,
9536,44.03874,-122.21177,639.2,
9537,44.03865,-122.21155,637.7,
9538,44.03861,-122.21145,636.8,
9539,44.03859,-122.21132,635.6,
9540,44.03853,-122.21102,638.0,
9541,44.03855,-122.21083,640.2,
9542,44.03856,-122.21069,642.4,
9543,44.03864,-122.21066,638.9,
9544,44.03881,-122.21061,633.9,
9545,44.03916,-122.21051,628.5,
9546,44.03918,-122.21051,627.8,
9547,44.03919,-122.21028,627.4,
9548,44.03919,-122.21026,627.2,
9549,44.03915,-122.21003,625.8,
9550,44.03914,-122.21,625.7,
9551,44.03905,-122.20982,625.6,
9552,44.03885,-122.20942,624.3,
9553,44.03874,-122.20921,622.0,
9554,44.0387,-122.20913,620.0,
9555,44.03862,-122.20903,617.3,
9556,44.03826,-122.20854,611.5,
9557,44.03824,-122.2085,611.0,
9558,44.03812,-122.20831,609.0,
9559,44.038,-122.20813,606.3,
9560,44.03776,-122.20775,605.1,
9561,44.03765,-122.20756,604.0,
9562,44.03753,-122.20737,601.9,
9563,44.03746,-122.20726,600.3,
9564,44.03739,-122.20729,600.8,
9565,44.03722,-122.20737,602.1,
9566,44.03688,-122.20753,600.7,
9567,44.03671,-122.20761,595.9,
9568,44.03665,-122.20764,593.4,
9569,44.03654,-122.20771,591.3,
9570,44.0364,-122.2078,590.3,
9571,44.03638,-122.20781,590.1,
9572,44.03621,-122.20784,588.3,
9573,44.03614,-122.20759,585.4,
9574,44.03601,-122.20712,584.2,
9575,44.03595,-122.20689,584.0,
9576,44.03592,-122.20677,584.0,
9577,44.03589,-122.20665,583.9,
9578,44.03579,-122.20617,582.7,
9579,44.03572,-122.20582,580.3,
9580,44.03577,-122.2057,579.4,
9581,44.03585,-122.20547,578.2,
9582,44.03609,-122.20481,575.6,
9583,44.03619,-122.2046,574.2,
9584,44.03629,-122.20439,572.6,
9585,44.03642,-122.20413,570.1,
9586,44.03649,-122.20397,568.3,
9587,44.03659,-122.20376,566.6,
9588,44.03663,-122.20369,566.1,
9589,44.03668,-122.20355,565.4,
9590,44.03676,-122.20333,564.4,
9591,44.03685,-122.20309,563.5,
9592,44.03689,-122.20286,562.4,
9593,44.03691,-122.20274,561.9,
9594,44.03691,-122.20261,561.4,
9595,44.03691,-122.20236,561.0,
9596,44.03691,-122.20226,560.9,
9597,44.03692,-122.20211,560.7,
9598,44.03697,-122.2015,559.8,
9599,44.03697,-122.2015,559.8,
9600,44.03742,-122.20161,559.0,
9601,44.0375,-122.20164,559.0,
9602,44.03785,-122.20175,559.2,
9603,44.03825,-122.20225,557.9,
9604,44.03826,-122.20226,558.0,
9605,44.03838,-122.20244,557.4,
9606,44.0385,-122.20263,557.7,
9607,44.03874,-122.203,558.6,
9608,44.03886,-122.20319,558.6,
9609,44.03898,-122.20337,559.1,
9610,44.03906,-122.20349,559.4,
9611,44.0391,-122.20356,559.5,
9612,44.03922,-122.20374,559.7,
9613,44.03934,-122.20392,559.9,
9614,44.03947,-122.20411,560.2,
9615,44.03971,-122.20447,559.9,
9616,44.03983,-122.20466,559.7,
9617,44.03989,-122.20474,559.7,
9618,44.03996,-122.20483,559.7,
9619,44.04023,-122.20517,559.7,
9620,44.04036,-122.20534,559.6,
9621,44.04062,-122.20566,559.1,
9622,44.04063,-122.20567,559.1,
9623,44.04079,-122.20578,559.3,
9624,44.04095,-122.2059,559.4,
9625,44.04105,-122.20597,559.5,
9626,44.0414,-122.20623,560.2,
9627,44.04143,-122.20625,560.3,
9628,44.04158,-122.20639,560.4,
9629,44.04166,-122.20646,559.6,
9630,44.04197,-122.2069,549.8,
9631,44.04219,-122.2073,551.9,
9632,44.04228,-122.20745,553.4,
9633,44.0423,-122.20749,553.7,
9634,44.04252,-122.2079,555.2,
9635,44.04279,-122.2084,554.2,
9636,44.04283,-122.2085,553.6,
9637,44.04311,-122.20905,549.7,
9638,44.04314,-122.20912,549.1,
9639,44.04325,-122.20932,548.1,
9640,44.04346,-122.20973,546.9,
9641,44.04349,-122.20981,546.7,
9642,44.04357,-122.20992,546.5,
9643,44.04369,-122.21011,546.1,
9644,44.04375,-122.2102,545.8,
9645,44.04382,-122.21027,545.6,
9646,44.04397,-122.21041,544.7,
9647,44.04406,-122.2105,544.1,
9648,44.04436,-122.21079,542.1,
9649,44.04459,-122.21093,541.9,
9650,44.04484,-122.21111,541.9,
9651,44.04502,-122.21135,541.4,
9652,44.04515,-122.21154,541.8,
9653,44.04527,-122.212,541.5,
9654,44.04532,-122.21218,542.5,
9655,44.04532,-122.21224,542.4,
9656,44.0453,-122.21274,541.7,
9657,44.04528,-122.21319,541.1,
9658,44.04528,-122.21324,541.2,
9659,44.04531,-122.21358,542.6,
9660,44.04544,-122.21394,544.8,
9661,44.04568,-122.21461,542.3,
9662,44.0457,-122.21466,542.2,
9663,44.04578,-122.21509,540.4,
9664,44.04587,-122.21554,540.0,
9665,44.04588,-122.21557,540.0,
9666,44.04594,-122.21581,540.2,
9667,44.04605,-122.21629,539.1,
9668,44.04608,-122.21642,537.8,
9669,44.04622,-122.21673,535.6,
9670,44.04625,-122.21681,535.3,
9671,44.04633,-122.21692,535.0,
9672,44.04643,-122.21705,534.9,
9673,44.04647,-122.21708,535.0,
9674,44.04663,-122.2172,535.0,
9675,44.04678,-122.21732,534.7,
9676,44.04681,-122.21734,534.6,
9677,44.04696,-122.21735,534.6,
9678,44.04727,-122.21737,534.2,
9679,44.04732,-122.21736,534.1,
9680,44.0475,-122.21732,533.6,
9681,44.04767,-122.21729,532.7,
9682,44.04785,-122.21725,532.1,
9683,44.04794,-122.21723,532.3,
9684,44.04803,-122.21721,533.0,
9685,44.04821,-122.21718,534.4,
9686,44.04839,-122.21715,535.3,
9687,44.0491,-122.21702,534.9,
9688,44.04929,-122.21699,534.2,
9689,44.0495,-122.21696,533.2,
9690,44.04968,-122.21693,532.8,
9691,44.05004,-122.21687,531.3,
9692,44.05013,-122.21686,530.9,
9693,44.05022,-122.21684,530.7,
9694,44.0504,-122.2168,530.5,
9695,44.05057,-122.21676,530.2,
9696,44.05093,-122.21669,529.4,
9697,44.05111,-122.21665,529.3,
9698,44.05128,-122.21661,529.5,
9699,44.05137,-122.21659,529.6,
9700,44.05146,-122.2166,529.4,
9701,44.05164,-122.21662,529.0,
9702,44.05182,-122.21663,528.8,
9703,44.05191,-122.21664,528.7,
9704,44.05218,-122.21668,528.6,
9705,44.05236,-122.21671,528.5,
9706,44.05254,-122.21674,528.4,
9707,44.05272,-122.21676,528.8,
9708,44.05279,-122.21677,529.0,
9709,44.05289,-122.2168,529.4,
9710,44.05307,-122.21686,530.3,
9711,44.05323,-122.21691,531.8,
9712,44.05324,-122.21692,531.7,
9713,44.05341,-122.21702,532.5,
9714,44.05357,-122.21712,532.7,
9715,44.05373,-122.21723,532.4,
9716,44.0539,-122.21733,532.4,
9717,44.05406,-122.21743,532.0,
9718,44.05408,-122.21745,531.8,
9719,44.05422,-122.21755,531.5,
9720,44.05438,-122.21766,531.2,
9721,44.05454,-122.21777,530.8,
9722,44.0547,-122.21789,530.1,
9723,44.05486,-122.218,529.5,
9724,44.05502,-122.21812,528.8,
9725,44.05506,-122.21814,528.6,
9726,44.05534,-122.21836,525.2,
9727,44.05549,-122.21849,523.1,
9728,44.05576,-122.21871,522.3,
9729,44.0558,-122.21874,522.2,
9730,44.05596,-122.21887,522.2,
9731,44.05612,-122.21899,522.0,
9732,44.05617,-122.21903,522.0,
9733,44.05641,-122.21901,522.9,
9734,44.05665,-122.219,523.6,
9735,44.05683,-122.219,523.8,
9736,44.05701,-122.21899,523.9,
9737,44.05719,-122.219,523.7,
9738,44.05737,-122.21901,523.5,
9739,44.05755,-122.21902,523.5,
9740,44.05759,-122.21903,523.4,
9741,44.05772,-122.21908,523.0,
9742,44.05789,-122.21916,522.5,
9743,44.058,-122.2192,522.4,
9744,44.05819,-122.21941,522.0,
9745,44.0582,-122.21942,522.0,
9746,44.05834,-122.21956,522.5,
9747,44.05834,-122.21956,522.5,
9748,44.05836,-122.21972,522.7,
9749,44.05837,-122.21978,522.9,
9750,44.05838,-122.2199,523.0,
9751,44.05838,-122.22005,522.6,
9752,44.05838,-122.22028,521.9,
9753,44.05836,-122.22036,521.4,
9754,44.0583,-122.2206,520.2,
9755,44.05824,-122.22084,521.5,
9756,44.05818,-122.22107,522.8,
9757,44.05812,-122.22131,524.1,
9758,44.05807,-122.22155,525.4,
9759,44.05806,-122.22156,525.5,
9760,44.05803,-122.22177,526.6,
9761,44.05803,-122.22181,526.8,
9762,44.05803,-122.22188,527.2,
9763,44.05804,-122.222,527.8,
9764,44.05805,-122.22204,528.1,
9765,44.05807,-122.22208,528.7,
9766,44.05813,-122.22223,530.3,
9767,44.05814,-122.22225,530.4,
9768,44.05822,-122.22239,531.0,
9769,44.05826,-122.22245,531.1,
9770,44.05848,-122.22277,531.4,
9771,44.05851,-122.2228,531.1,
9772,44.05865,-122.22296,530.7,
9773,44.05878,-122.22313,530.6,
9774,44.05892,-122.22329,530.3,
9775,44.05906,-122.22345,530.4,
9776,44.05919,-122.22362,531.0,
9777,44.05922,-122.22365,531.1,
9778,44.05944,-122.22387,532.0,
9779,44.05948,-122.22392,532.5,
9780,44.0597,-122.22412,533.7,
9781,44.05995,-122.22427,534.8,
9782,44.05998,-122.22429,535.0,
9783,44.06031,-122.22438,535.0,
9784,44.06048,-122.22443,535.1,
9785,44.0605,-122.22443,534.9,
9786,44.06066,-122.22445,533.9,
9787,44.06102,-122.22449,531.5,
9788,44.0612,-122.22451,534.2,
9789,44.06138,-122.22449,540.2,
9790,44.06174,-122.22444,546.3,
9791,44.06185,-122.22443,546.1,
9792,44.06192,-122.22443,546.2,
9793,44.0621,-122.22445,546.3,
9794,44.06214,-122.22445,545.9,
9795,44.06227,-122.22451,546.2,
9796,44.06243,-122.22458,545.2,
9797,44.06259,-122.22472,545.0,
9798,44.06272,-122.22482,543.2,
9799,44.06301,-122.22517,542.5,
9800,44.06315,-122.22535,542.5,
9801,44.06328,-122.22552,542.5,
9802,44.06341,-122.22569,542.7,
9803,44.06367,-122.22604,550.1,
9804,44.06373,-122.22611,552.8,
9805,44.0638,-122.22621,555.3,
9806,44.06393,-122.22638,557.2,
9807,44.06397,-122.22643,558.0,
9808,44.06409,-122.2265,558.0,
9809,44.06429,-122.22663,558.9,
9810,44.06461,-122.22666,557.6,
9811,44.06505,-122.22671,559.6,
9812,44.06532,-122.22661,558.6,
9813,44.06544,-122.22657,559.3,
9814,44.06549,-122.22653,558.8,
9815,44.06564,-122.22641,557.1,
9816,44.0657,-122.22637,556.8,
9817,44.06581,-122.22632,557.5,
9818,44.06598,-122.22624,558.2,
9819,44.06604,-122.22621,558.6,
9820,44.06652,-122.22617,564.0,
9821,44.06669,-122.22624,564.8,
9822,44.06682,-122.22629,566.0,
9823,44.06686,-122.22629,566.0,
9824,44.06704,-122.22631,566.5,
9825,44.06722,-122.22632,567.3,
9826,44.06737,-122.22633,568.2,
9827,44.06758,-122.22633,568.8,
9828,44.06788,-122.22632,568.2,
9829,44.06812,-122.22636,568.3,
9830,44.06846,-122.22642,568.2,
9831,44.06848,-122.22642,568.1,
9832,44.06866,-122.22641,567.5,
9833,44.06884,-122.2264,567.6,
9834,44.06892,-122.22639,567.7,
9835,44.06902,-122.22638,567.9,
9836,44.06919,-122.22637,568.6,
9837,44.06934,-122.22635,569.0,
9838,44.06937,-122.22637,569.8,
9839,44.06954,-122.22645,574.2,
9840,44.06958,-122.22646,575.0,
9841,44.06969,-122.22659,577.3,
9842,44.06979,-122.22671,577.4,
9843,44.06979,-122.22678,578.1,
9844,44.06981,-122.22701,580.0,
9845,44.06981,-122.22703,580.2,
9846,44.06979,-122.22728,582.2,
9847,44.06977,-122.22752,583.4,
9848,44.06976,-122.22765,583.6,
9849,44.06973,-122.22827,583.4,
9850,44.06972,-122.22847,583.2,
9851,44.06973,-122.22852,583.0,
9852,44.06977,-122.22877,581.8,
9853,44.06979,-122.2289,581.2,
9854,44.0699,-122.22923,579.6,
9855,44.06993,-122.2293,579.4,
9856,44.07001,-122.22943,578.7,
9857,44.07012,-122.22963,578.6,
9858,44.07014,-122.22967,578.7,
9859,44.0704,-122.22994,579.5,
9860,44.07074,-122.22997,578.2,
9861,44.07076,-122.22997,578.1,
9862,44.07093,-122.23002,577.7,
9863,44.07106,-122.23005,577.0,
9864,44.07111,-122.23005,576.6,
9865,44.07129,-122.23007,576.0,
9866,44.07165,-122.23009,575.4,
9867,44.07183,-122.2301,575.2,
9868,44.07219,-122.23012,574.7,
9869,44.07237,-122.23013,574.5,
9870,44.07243,-122.23014,574.5,
9871,44.07255,-122.23017,574.6,
9872,44.0729,-122.23027,575.1,
9873,44.07307,-122.23032,575.3,
9874,44.07325,-122.23038,575.7,
9875,44.07333,-122.2304,575.7,
9876,44.07343,-122.23042,575.4,
9877,44.0736,-122.23046,573.3,
9878,44.07396,-122.23054,572.2,
9879,44.07414,-122.23059,571.9,
9880,44.07449,-122.23068,570.2,
9881,44.07466,-122.23073,569.6,
9882,44.07484,-122.23078,569.4,
9883,44.07519,-122.23088,569.8,
9884,44.07555,-122.23098,569.9,
9885,44.07572,-122.23102,569.6,
9886,44.0758,-122.23104,569.5,
9887,44.07617,-122.23121,568.8,
9888,44.07623,-122.23126,568.8,
9889,44.07638,-122.2314,568.6,
9890,44.07669,-122.23166,564.9,
9891,44.07684,-122.2318,560.8,
9892,44.07699,-122.23193,557.2,
9893,44.07714,-122.23207,556.6,
9894,44.07722,-122.23213,556.9,
9895,44.0773,-122.2322,557.6,
9896,44.07741,-122.23228,558.2,
9897,44.07762,-122.2324,557.4,
9898,44.07768,-122.23243,556.9,
9899,44.0778,-122.23243,555.0,
9900,44.07798,-122.23243,552.7,
9901,44.07814,-122.23243,551.0,
9902,44.07816,-122.23243,550.8,
9903,44.07851,-122.23233,544.2,
9904,44.07869,-122.23227,543.9,
9905,44.07874,-122.23226,544.3,
9906,44.07886,-122.23222,544.6,
9907,44.07904,-122.23217,543.7,
9908,44.07921,-122.23211,543.2,
9909,44.07936,-122.23207,543.0,
9910,44.07956,-122.23201,542.1,
9911,44.07975,-122.232,542.7,
9912,44.07981,-122.232,542.9,
9913,44.08004,-122.232,542.9,
9914,44.0801,-122.23202,543.6,
9915,44.08031,-122.23208,543.2,
9916,44.08057,-122.23225,538.9,
9917,44.08081,-122.2324,531.4,
9918,44.08095,-122.23241,529.9,
9919,44.08115,-122.23235,528.7,
9920,44.08129,-122.23225,529.3,
9921,44.08132,-122.23222,529.3,
9922,44.08145,-122.23214,529.7,
9923,44.08151,-122.2321,529.6,
9924,44.08162,-122.23205,529.1,
9925,44.08169,-122.23202,528.7,
9926,44.08177,-122.23199,528.1,
9927,44.08187,-122.23199,527.8,
9928,44.082,-122.23202,527.6,
9929,44.08222,-122.23207,527.0,
9930,44.08239,-122.23215,527.3,
9931,44.08247,-122.23223,527.1,
9932,44.08255,-122.2323,526.5,
9933,44.08265,-122.2324,525.9,
9934,44.08266,-122.23241,525.9,
9935,44.08281,-122.23252,525.6,
9936,44.08283,-122.23254,525.6,
9937,44.08295,-122.23263,525.5,
9938,44.08297,-122.23264,525.5,
9939,44.08314,-122.23272,525.6,
9940,44.08315,-122.23273,525.6,
9941,44.08332,-122.23276,526.1,
9942,44.0835,-122.23277,526.8,
9943,44.08353,-122.23277,527.0,
9944,44.08378,-122.23273,528.7,
9945,44.08386,-122.2327,529.5,
9946,44.08402,-122.23265,530.9,
9947,44.08411,-122.23262,531.1,
9948,44.08436,-122.23249,528.2,
9949,44.08452,-122.2324,527.2,
9950,44.08485,-122.23222,529.0,
9951,44.08486,-122.23222,529.1,
9952,44.08503,-122.23213,528.2,
9953,44.08505,-122.23213,528.4,
9954,44.0852,-122.23207,528.5,
9955,44.08529,-122.23204,528.8,
9956,44.08538,-122.23203,529.2,
9957,44.08545,-122.23203,529.2,
9958,44.08556,-122.23205,529.1,
9959,44.08569,-122.23207,528.4,
9960,44.08591,-122.23217,529.5,
9961,44.08593,-122.23218,529.7,
9962,44.08607,-122.23227,532.4,
9963,44.08619,-122.23234,536.2,
9964,44.08624,-122.23237,538.4,
9965,44.0864,-122.23248,543.0,
9966,44.08656,-122.23259,543.5,
9967,44.08672,-122.2327,543.4,
9968,44.08684,-122.23278,543.0,
9969,44.08689,-122.2328,542.4,
9970,44.08705,-122.23289,541.4,
9971,44.08722,-122.23298,539.9,
9972,44.08756,-122.23316,532.9,
9973,44.08773,-122.23325,532.9,
9974,44.08786,-122.23323,532.4,
9975,44.08804,-122.23321,532.6,
9976,44.08811,-122.2332,532.8,
9977,44.0882,-122.23312,532.6,
9978,44.08824,-122.23308,532.5,
9979,44.08835,-122.23299,532.9,
9980,44.0884,-122.23295,533.3,
9981,44.08852,-122.23278,533.2,
9982,44.08862,-122.23265,533.5,
9983,44.08875,-122.23247,533.8,
9984,44.08878,-122.23243,534.0,
9985,44.08885,-122.23233,536.1,
9986,44.08888,-122.23232,536.6,
9987,44.08906,-122.23226,537.3,
9988,44.08923,-122.23219,537.4,
9989,44.08929,-122.23217,537.4,
9990,44.08958,-122.23226,534.6,
9991,44.08967,-122.23229,533.7,
9992,44.08974,-122.23238,534.0,
9993,44.08987,-122.23254,534.1,
9994,44.08997,-122.23266,533.7,
9995,44.09,-122.23271,533.9,
9996,44.09012,-122.23291,534.2,
9997,44.09023,-122.2331,534.7,
9998,44.09026,-122.23314,534.7,
9999,44.09038,-122.23324,533.8,
10000,44.09041,-122.23328,533.7,
10001,44.09053,-122.23338,532.7,
10002,44.09054,-122.23339,532.7,
10003,44.0907,-122.23345,532.1,
10004,44.09074,-122.23347,532.5,
10005,44.09087,-122.23351,534.3,
10006,44.09108,-122.23339,532.5,
10007,44.09119,-122.23328,530.1,
10008,44.09123,-122.23324,530.5,
10009,44.09134,-122.23313,536.1,
10010,44.09148,-122.23299,541.4,
10011,44.09174,-122.23274,545.0,
10012,44.09178,-122.23271,545.3,
10013,44.09182,-122.23268,545.4,
10014,44.09194,-122.23259,545.2,
10015,44.09215,-122.23243,541.6,
10016,44.09227,-122.23242,541.5,
10017,44.09281,-122.23239,542.1,
10018,44.09299,-122.23238,541.9,
10019,44.09317,-122.23238,541.4,
10020,44.09335,-122.23237,540.4,
10021,44.09338,-122.23236,540.0,
10022,44.0937,-122.23242,538.0,
10023,44.09388,-122.23245,531.7,
10024,44.09406,-122.23248,531.2,
10025,44.09434,-122.23253,532.3,
10026,44.09442,-122.23253,532.1,
10027,44.0946,-122.23255,532.6,
10028,44.09478,-122.23256,532.6,
10029,44.09486,-122.23257,532.9,
10030,44.09518,-122.23256,532.3,
10031,44.09532,-122.23256,531.3,
10032,44.09536,-122.23256,530.9,
10033,44.09537,-122.23256,530.8,
10034,44.09564,-122.23278,535.7,
10035,44.09572,-122.23285,537.3,
10036,44.09573,-122.23296,537.3,
10037,44.09575,-122.23321,535.7,
10038,44.09576,-122.23338,533.5,
10039,44.09571,-122.2337,533.8,
10040,44.09568,-122.23394,532.7,
10041,44.09563,-122.23425,531.4,
10042,44.09562,-122.2343,531.1,
10043,44.09566,-122.23443,528.8,
10044,44.09568,-122.23449,528.5,
10045,44.09573,-122.23466,528.5,
10046,44.09578,-122.23481,531.3,
10047,44.09583,-122.23483,531.5,
10048,44.09601,-122.23488,532.5,
10049,44.09607,-122.2349,533.2,
10050,44.09618,-122.23485,532.0,
10051,44.09635,-122.23478,531.2,
10052,44.09643,-122.23474,530.8,
10053,44.09652,-122.23469,530.6,
10054,44.09669,-122.2346,530.8,
10055,44.09673,-122.23458,531.0,
10056,44.09687,-122.23455,532.3,
10057,44.09704,-122.23452,533.6,
10058,44.09722,-122.23448,533.6,
10059,44.09727,-122.23447,533.1,
10060,44.0974,-122.23447,531.8,
10061,44.09758,-122.23448,530.9,
10062,44.09763,-122.23448,530.8,
10063,44.09776,-122.23448,530.6,
10064,44.09794,-122.23448,530.3,
10065,44.09812,-122.23448,530.2,
10066,44.0983,-122.23448,530.2,
10067,44.09843,-122.23448,530.1,
10068,44.09848,-122.23447,530.2,
10069,44.09866,-122.23445,532.8,
10070,44.09884,-122.23442,535.0,
10071,44.09902,-122.23439,535.6,
10072,44.0991,-122.23437,535.4,
10073,44.09919,-122.23434,535.6,
10074,44.09937,-122.23427,536.4,
10075,44.09954,-122.2342,536.1,
10076,44.09984,-122.23408,530.0,
10077,44.09988,-122.23411,529.9,
10078,44.09993,-122.23413,529.4,
10079,44.10005,-122.23419,528.9,
10080,44.10014,-122.23424,528.5,
10081,44.10021,-122.23431,529.1,
10082,44.10042,-122.23454,528.8,
10083,44.10057,-122.23513,533.3,
10084,44.10059,-122.2352,533.6,
10085,44.10064,-122.23536,533.2,
10086,44.10066,-122.23542,532.8,
10087,44.10071,-122.23559,531.5,
10088,44.10071,-122.23561,531.5,
10089,44.10084,-122.23576,528.3,
10090,44.10097,-122.23591,529.1,
10091,44.10098,-122.23591,529.0,
10092,44.10103,-122.23593,529.1,
10093,44.10116,-122.23596,529.6,
10094,44.10151,-122.23606,529.7,
10095,44.10155,-122.23608,530.1,
10096,44.10199,-122.2364,532.1,
10097,44.10206,-122.23645,531.5,
10098,44.10214,-122.23654,531.4,
10099,44.10227,-122.23671,531.5,
10100,44.1023,-122.23675,531.3,
10101,44.1024,-122.23688,530.9,
10102,44.10244,-122.23692,530.7,
10103,44.10254,-122.23705,530.7,
10104,44.10267,-122.23721,530.8,
10105,44.10269,-122.23724,530.9,
10106,44.10282,-122.23736,530.3,
10107,44.10306,-122.2376,530.3,
10108,44.10329,-122.23768,529.9,
10109,44.10347,-122.23774,530.1,
10110,44.1035,-122.23775,530.1,
10111,44.10364,-122.2378,530.2,
10112,44.10387,-122.23787,529.5,
10113,44.10408,-122.23818,532.2,
10114,44.10421,-122.23836,531.1,
10115,44.10428,-122.23846,529.9,
10116,44.10434,-122.23881,531.2,
10117,44.10443,-122.2393,531.4,
10118,44.10457,-122.24002,529.0,
10119,44.1046,-122.24021,529.5,
10120,44.10463,-122.24025,528.6,
10121,44.10466,-122.2403,528.3,
10122,44.10481,-122.24056,528.4,
10123,44.10505,-122.24069,526.2,
10124,44.10509,-122.24072,526.1,
10125,44.10513,-122.24074,526.2,
10126,44.10522,-122.2407,526.5,
10127,44.10544,-122.24061,527.0,
10128,44.10563,-122.24052,529.3,
10129,44.10574,-122.24037,530.0,
10130,44.1058,-122.24031,530.9,
10131,44.10582,-122.24023,530.1,
10132,44.10584,-122.24017,529.7,
10133,44.10589,-122.24,529.1,
10134,44.10592,-122.23988,529.8,
10135,44.10603,-122.2392,532.2,
10136,44.10608,-122.23877,531.1,
10137,44.10611,-122.23855,530.5,
10138,44.10611,-122.23853,530.3,
10139,44.10616,-122.23829,529.9,
10140,44.10617,-122.23822,529.4,
10141,44.10621,-122.23805,529.0,
10142,44.10624,-122.23787,528.2,
10143,44.10629,-122.23784,529.4,
10144,44.10645,-122.23774,532.9,
10145,44.10662,-122.23764,534.0,
10146,44.10678,-122.23754,533.1,
10147,44.10683,-122.23751,532.9,
10148,44.10711,-122.23733,531.0,
10149,44.10721,-122.23727,529.6,
10150,44.10727,-122.23723,529.1,
10151,44.10744,-122.23712,530.1,
10152,44.10759,-122.23701,532.8,
10153,44.1076,-122.23701,533.2,
10154,44.10772,-122.23683,533.4,
10155,44.10785,-122.23665,534.0,
10156,44.10802,-122.23641,533.5,
10157,44.10823,-122.23612,532.7,
10158,44.10836,-122.23595,532.0,
10159,44.1084,-122.2359,531.4,
10160,44.10853,-122.23585,532.4,
10161,44.1087,-122.23579,532.3,
10162,44.10886,-122.23573,530.2,
10163,44.10887,-122.23572,530.0,
10164,44.10904,-122.23581,531.6,
10165,44.10921,-122.2359,532.0,
10166,44.10938,-122.23599,531.7,
10167,44.10943,-122.23602,531.7,
10168,44.10972,-122.23613,529.0,
10169,44.10988,-122.2362,529.6,
10170,44.10989,-122.2362,529.5,
10171,44.11025,-122.23625,530.3,
10172,44.11043,-122.23627,528.9,
10173,44.11051,-122.23628,528.0,
10174,44.11074,-122.23651,529.9,
10175,44.11086,-122.23662,530.4,
10176,44.11088,-122.23663,530.3,
10177,44.11089,-122.23664,530.3,
10178,44.11106,-122.23671,528.9,
10179,44.11158,-122.23692,525.4,
10180,44.11162,-122.23694,524.9,
10181,44.11188,-122.2372,528.5,
10182,44.11214,-122.23746,529.7,
10183,44.11216,-122.23751,530.1,
10184,44.11227,-122.23771,530.2,
10185,44.11235,-122.23787,530.1,
10186,44.11235,-122.2379,530.5,
10187,44.11236,-122.23792,530.4,
10188,44.11242,-122.23816,531.2,
10189,44.11242,-122.23818,531.3,
10190,44.11242,-122.23841,532.6,
10191,44.11242,-122.23854,532.5,
10192,44.11238,-122.23864,533.8,
10193,44.1123,-122.23884,535.9,
10194,44.11228,-122.23886,536.7,
10195,44.11215,-122.23903,542.2,
10196,44.11206,-122.23916,546.1,
10197,44.11204,-122.23919,546.6,
10198,44.11202,-122.2392,548.0,
10199,44.11193,-122.23933,550.2,
10200,44.11192,-122.23937,549.0,
10201,44.11192,-122.2394,547.4,
10202,44.1119,-122.23952,543.0,
10203,44.11191,-122.23962,538.5,
10204,44.11191,-122.23965,537.7,
10205,44.11191,-122.23969,536.7,
10206,44.11196,-122.23988,533.3,
10207,44.11199,-122.23999,532.4,
10208,44.11204,-122.24011,531.2,
10209,44.1121,-122.24022,529.7,
10210,44.11216,-122.24029,528.3,
10211,44.11228,-122.24041,526.8,
10212,44.11229,-122.24042,526.8,
10213,44.11231,-122.24042,526.5,
10214,44.11248,-122.2405,526.5,
10215,44.1126,-122.24055,527.8,
10216,44.11266,-122.24056,528.0,
10217,44.11288,-122.24061,528.4,
10218,44.11299,-122.24067,529.5,
10219,44.113,-122.24068,529.6,
10220,44.11316,-122.24075,528.8,
10221,44.11317,-122.24076,528.9,
10222,44.11325,-122.2408,528.2,
10223,44.11339,-122.2411,529.7,
10224,44.11339,-122.24111,529.9,
10225,44.11351,-122.2413,528.8,
10226,44.11352,-122.24132,528.8,
10227,44.11362,-122.24148,528.3,
10228,44.11364,-122.2415,528.4,
10229,44.11388,-122.2417,530.9,
10230,44.11396,-122.24172,531.6,
10231,44.11414,-122.24177,530.9,
10232,44.11417,-122.24178,530.5,
10233,44.1143,-122.24189,529.2,
10234,44.11443,-122.24205,528.7,
10235,44.11448,-122.24212,529.3,
10236,44.11458,-122.24217,528.6,
10237,44.11475,-122.24226,528.6,
10238,44.11484,-122.24231,528.3,
10239,44.1149,-122.24235,527.8,
10240,44.11506,-122.24246,526.9,
10241,44.11507,-122.24247,526.9,
10242,44.1151,-122.24249,526.6,
10243,44.11531,-122.24269,527.5,
10244,44.11533,-122.24277,528.4,
10245,44.11533,-122.24279,528.7,
10246,44.11539,-122.24301,529.8,
10247,44.11539,-122.24303,530.0,
10248,44.11543,-122.24318,529.8,
10249,44.11551,-122.24376,528.9,
10250,44.11551,-122.24379,529.0,
10251,44.11555,-122.24412,529.4,
10252,44.1157,-122.24435,528.3,
10253,44.11574,-122.24437,527.9,
10254,44.11575,-122.24438,527.9,
10255,44.11592,-122.24446,528.9,
10256,44.11594,-122.24447,529.3,
10257,44.11621,-122.24445,533.6,
10258,44.1164,-122.24423,531.1,
10259,44.1165,-122.24412,531.0,
10260,44.11653,-122.24408,530.9,
10261,44.11654,-122.24407,530.9,
10262,44.11678,-122.24379,532.1,
10263,44.11706,-122.24337,532.6,
10264,44.11716,-122.24322,532.9,
10265,44.1174,-122.24279,532.0,
10266,44.11745,-122.24269,531.5,
10267,44.11752,-122.24261,531.6,
10268,44.11773,-122.24234,532.7,
10269,44.11779,-122.24234,535.1,
10270,44.11781,-122.24234,535.5,
10271,44.11799,-122.24232,536.5,
10272,44.118,-122.24232,536.6,
10273,44.11819,-122.2424,535.1,
10274,44.11828,-122.24257,531.5,
10275,44.11835,-122.24269,530.0,
10276,44.11837,-122.24303,530.8,
10277,44.11837,-122.24304,530.8,
10278,44.11839,-122.24328,529.7,
10279,44.11841,-122.24353,528.8,
10280,44.11841,-122.24362,528.7,
10281,44.1184,-122.24378,528.9,
10282,44.11839,-122.24397,529.6,
10283,44.11841,-122.24402,528.8,
10284,44.11844,-122.24412,528.4,
10285,44.1185,-122.24421,527.5,
10286,44.11851,-122.24423,527.4,
10287,44.11854,-122.24427,527.2,
10288,44.11865,-122.24432,526.8,
10289,44.11867,-122.24433,527.0,
10290,44.11875,-122.24436,528.4,
10291,44.11884,-122.24432,528.7,
10292,44.11901,-122.24423,529.4,
10293,44.11913,-122.24416,531.0,
10294,44.11931,-122.24396,533.2,
10295,44.11937,-122.24388,533.9,
10296,44.11944,-122.24379,534.4,
10297,44.11955,-122.24366,534.8,
10298,44.11958,-122.24364,535.3,
10299,44.11974,-122.24352,535.0,
10300,44.11983,-122.24346,536.2,
10301,44.11991,-122.24347,535.9,
10302,44.12001,-122.24348,534.2,
10303,44.12006,-122.24356,533.7,
10304,44.12014,-122.24368,532.7,
10305,44.12016,-122.24376,533.0,
10306,44.1202,-122.24389,532.6,
10307,44.12023,-122.24399,532.1,
10308,44.12026,-122.24405,531.1,
10309,44.1203,-122.24422,530.4,
10310,44.12032,-122.24427,529.9,
10311,44.12041,-122.24453,528.1,
10312,44.12046,-122.24467,528.0,
10313,44.1205,-122.24475,528.3,
10314,44.12058,-122.24485,529.3,
10315,44.12066,-122.24494,530.6,
10316,44.12072,-122.24494,530.4,
10317,44.12073,-122.24494,530.3,
10318,44.12074,-122.24493,530.0,
10319,44.1209,-122.24483,529.9,
10320,44.12091,-122.24482,529.8,
10321,44.12107,-122.24475,531.0,
10322,44.12109,-122.24473,531.1,
10323,44.12122,-122.2446,535.9,
10324,44.12126,-122.24456,537.1,
10325,44.12138,-122.24445,537.6,
10326,44.12154,-122.24442,537.1,
10327,44.12157,-122.24442,536.9,
10328,44.1217,-122.24444,530.1,
10329,44.12187,-122.24447,527.7,
10330,44.1219,-122.24448,527.5,
10331,44.12204,-122.24458,528.5,
10332,44.12206,-122.24459,528.7,
10333,44.12217,-122.24466,530.1,
10334,44.12223,-122.24467,530.0,
10335,44.12241,-122.2447,530.0,
10336,44.12257,-122.24472,529.8,
10337,44.12258,-122.24472,529.8,
10338,44.12259,-122.24472,529.7,
10339,44.12275,-122.24482,530.6,
10340,44.12279,-122.24484,530.6,
10341,44.12293,-122.24496,530.3,
10342,44.12307,-122.24506,529.6,
10343,44.12312,-122.2451,529.5,
10344,44.12322,-122.2452,529.6,
10345,44.12336,-122.24534,530.3,
10346,44.12337,-122.24535,530.4,
10347,44.12349,-122.24545,532.1,
10348,44.12352,-122.24547,532.3,
10349,44.12368,-122.24557,533.4,
10350,44.12385,-122.24567,533.8,
10351,44.12397,-122.24574,534.4,
10352,44.12401,-122.24577,535.0,
10353,44.12417,-122.24589,533.9,
10354,44.12436,-122.24603,523.7,
10355,44.12448,-122.24615,520.7,
10356,44.12459,-122.24627,519.8,
10357,44.12462,-122.2463,519.7,
10358,44.12474,-122.2464,520.1,
10359,44.12478,-122.24642,520.2,
10360,44.12493,-122.24651,521.1,
10361,44.12494,-122.24652,521.3,
10362,44.125,-122.24655,522.1,
10363,44.12512,-122.24659,523.8,
10364,44.12523,-122.24663,524.5,
10365,44.12529,-122.24665,525.1,
10366,44.12535,-122.24667,525.8,
10367,44.12547,-122.24664,527.4,
10368,44.12551,-122.24663,527.7,
10369,44.12563,-122.24654,528.0,
10370,44.12567,-122.24652,528.1,
10371,44.1258,-122.24647,528.4,
10372,44.12583,-122.24646,528.5,
10373,44.12596,-122.24636,528.1,
10374,44.12616,-122.2462,528.9,
10375,44.12632,-122.24609,529.1,
10376,44.12639,-122.24603,528.7,
10377,44.12644,-122.24602,528.6,
10378,44.12662,-122.246,528.7,
10379,44.12672,-122.24598,528.5,
10380,44.1268,-122.24601,529.3,
10381,44.12695,-122.24608,531.3,
10382,44.12697,-122.24609,531.7,
10383,44.12715,-122.24608,534.7,
10384,44.12721,-122.24607,536.2,
10385,44.12733,-122.24604,536.6,
10386,44.12738,-122.24603,535.3,
10387,44.12756,-122.24585,534.7,
10388,44.12762,-122.24577,534.0,
10389,44.12775,-122.2456,533.6,
10390,44.12785,-122.24547,533.6,
10391,44.12787,-122.24541,533.2,
10392,44.12796,-122.24508,532.9,
10393,44.128,-122.24487,533.6,
10394,44.12798,-122.24469,531.4,
10395,44.12796,-122.24444,525.7,
10396,44.12796,-122.24441,525.0,
10397,44.12798,-122.24416,521.4,
10398,44.12803,-122.24396,520.1,
10399,44.12803,-122.24396,520.1,
10400,44.12809,-122.24393,520.0,
10401,44.12819,-122.24389,519.3,
10402,44.12833,-122.24389,517.7,
10403,44.12833,-122.24389,517.7,
10404,44.12845,-122.24403,514.9,
10405,44.12847,-122.24406,514.6,
10406,44.12859,-122.24424,515.8,
10407,44.12867,-122.24436,517.8,
10408,44.12882,-122.24453,523.3,
10409,44.12887,-122.24456,523.6,
10410,44.12904,-122.24466,524.3,
10411,44.1292,-122.24475,523.4,
10412,44.12928,-122.2448,521.8,
10413,44.12936,-122.24487,521.1,
10414,44.12951,-122.245,520.5,
10415,44.12967,-122.24513,520.2,
10416,44.12982,-122.24526,519.9,
10417,44.12998,-122.24539,519.4,
10418,44.13013,-122.24552,519.1,
10419,44.13028,-122.24565,519.3,
10420,44.13035,-122.2457,517.6,
10421,44.13043,-122.24578,517.4,
10422,44.13058,-122.24592,516.4,
10423,44.13059,-122.24593,516.3,
10424,44.13072,-122.24609,516.9,
10425,44.13082,-122.24624,515.1,
10426,44.13084,-122.24627,512.9,
10427,44.13094,-122.24648,507.6,
10428,44.13105,-122.24667,507.9,
10429,44.13109,-122.24673,508.4,
10430,44.13119,-122.24683,509.4,
10431,44.13121,-122.24685,509.7,
10432,44.1313,-122.24692,510.3,
10433,44.13135,-122.24693,510.2,
10434,44.13144,-122.24695,509.6,
10435,44.13153,-122.24694,509.1,
10436,44.13171,-122.24693,511.2,
10437,44.13189,-122.24693,511.0,
10438,44.13207,-122.24692,509.6,
10439,44.13214,-122.24692,509.4,
10440,44.13225,-122.24692,509.3,
10441,44.13243,-122.24694,508.9,
10442,44.13244,-122.24694,508.8,
10443,44.13258,-122.24701,508.7,
10444,44.1326,-122.24703,508.5,
10445,44.13271,-122.24718,509.5,
10446,44.13272,-122.24721,509.1,
10447,44.13284,-122.24749,507.5,
10448,44.13289,-122.24765,508.2,
10449,44.13297,-122.24788,509.3,
10450,44.13301,-122.24797,509.3,
10451,44.13307,-122.24808,509.0,
10452,44.13311,-122.24814,508.9,
10453,44.13326,-122.24827,508.7,
10454,44.13355,-122.2484,509.0,
10455,44.13371,-122.24847,507.8,
10456,44.13372,-122.24848,507.8,
10457,44.13389,-122.24857,505.0,
10458,44.13392,-122.24859,504.3,
10459,44.13401,-122.24869,500.4,
10460,44.13413,-122.24893,495.3,
10461,44.13422,-122.24914,491.2,
10462,44.13426,-122.24922,488.7,
10463,44.13432,-122.24935,487.1,
10464,44.13451,-122.24978,485.7,
10465,44.1346,-122.25,485.4,
10466,44.13463,-122.25006,485.3,
10467,44.1347,-122.25021,484.9,
10468,44.13479,-122.25042,484.9,
10469,44.13485,-122.25055,485.1,
10470,44.13509,-122.25093,483.6,
10471,44.13524,-122.2512,482.5,
10472,44.13526,-122.25123,482.4,
10473,44.13532,-122.25143,482.9,
10474,44.13533,-122.25159,483.1,
10475,44.13531,-122.25179,483.8,
10476,44.13529,-122.25194,484.2,
10477,44.13522,-122.25215,485.4,
10478,44.13522,-122.25216,485.4,
10479,44.1352,-122.25233,485.2,
10480,44.13521,-122.2524,484.4,
10481,44.13523,-122.25256,483.0,
10482,44.13528,-122.25278,481.1,
10483,44.13533,-122.25287,480.1,
10484,44.13537,-122.25296,480.0,
10485,44.13545,-122.25305,480.1,
10486,44.13548,-122.25309,480.4,
10487,44.13559,-122.25319,481.1,
10488,44.13572,-122.2533,481.7,
10489,44.13575,-122.25333,481.8,
10490,44.1359,-122.25345,481.9,
10491,44.13594,-122.25348,481.9,
10492,44.13604,-122.25356,481.7,
10493,44.13606,-122.25358,481.8,
10494,44.1362,-122.25367,481.7,
10495,44.13624,-122.25369,481.7,
10496,44.13636,-122.25372,481.5,
10497,44.1364,-122.25372,481.3,
10498,44.13654,-122.2537,480.8,
10499,44.13658,-122.25369,480.8,
10500,44.13659,-122.25369,480.8,
10501,44.13667,-122.25365,480.7,
10502,44.13671,-122.25362,480.6,
10503,44.13686,-122.25342,480.0,
10504,44.13687,-122.25341,480.0,
10505,44.13688,-122.25338,479.8,
10506,44.13691,-122.25332,479.5,
10507,44.13693,-122.25326,479.2,
10508,44.13705,-122.25298,476.5,
10509,44.13714,-122.25276,473.1,
10510,44.13722,-122.25259,470.2,
10511,44.13738,-122.25239,466.6,
10512,44.13739,-122.25238,466.4,
10513,44.13754,-122.25229,462.9,
10514,44.13758,-122.25226,461.7,
10515,44.13772,-122.25225,458.8,
10516,44.13778,-122.25225,457.9,
10517,44.13789,-122.25228,456.7,
10518,44.13805,-122.25232,455.0,
10519,44.1382,-122.25246,455.2,
10520,44.13822,-122.25248,455.3,
10521,44.13837,-122.25262,455.8,
10522,44.13837,-122.25263,456.0,
10523,44.13851,-122.25275,456.3,
10524,44.13852,-122.25276,456.4,
10525,44.13864,-122.2528,455.7,
10526,44.13886,-122.25285,454.4,
10527,44.13887,-122.25285,454.2,
10528,44.13903,-122.25295,454.7,
10529,44.1391,-122.25299,454.7,
10530,44.13919,-122.25307,455.2,
10531,44.13931,-122.25319,455.7,
10532,44.13945,-122.25342,456.0,
10533,44.13947,-122.25345,455.9,
10534,44.13957,-122.2536,455.5,
10535,44.13959,-122.25364,455.4,
10536,44.13971,-122.25375,453.7,
10537,44.13973,-122.25376,453.3,
10538,44.14,-122.25387,450.1,
10539,44.14006,-122.25387,449.8,
10540,44.14024,-122.25385,448.8,
10541,44.14042,-122.25384,447.6,
10542,44.1406,-122.25382,445.5,
10543,44.14063,-122.25382,445.1,
10544,44.14084,-122.25386,442.5,
10545,44.14093,-122.25395,441.9,
10546,44.14101,-122.25403,441.2,
10547,44.14107,-122.25412,440.3,
10548,44.14119,-122.2543,437.2,
10549,44.14125,-122.25439,437.0,
10550,44.14131,-122.25448,437.2,
10551,44.1414,-122.25461,437.7,
10552,44.14144,-122.25466,437.8,
10553,44.14159,-122.2548,437.5,
10554,44.14165,-122.25486,437.4,
10555,44.14189,-122.25507,436.8,
10556,44.14204,-122.25521,436.9,
10557,44.14223,-122.25537,436.4,
10558,44.14236,-122.25546,433.4,
10559,44.14252,-122.25557,427.6,
10560,44.14267,-122.25568,426.7,
10561,44.14268,-122.25569,426.7,
10562,44.14284,-122.2558,426.3,
10563,44.14308,-122.25598,425.3,
10564,44.1433,-122.25619,425.0,
10565,44.14345,-122.25633,424.4,
10566,44.14359,-122.25647,423.7,
10567,44.14368,-122.25655,423.0,
10568,44.14374,-122.25661,422.7,
10569,44.1439,-122.25674,421.9,
10570,44.14405,-122.25687,421.9,
10571,44.14412,-122.25692,421.7,
10572,44.1443,-122.25707,421.0,
10573,44.14435,-122.25714,421.3,
10574,44.14449,-122.25731,420.9,
10575,44.14459,-122.25751,422.0,
10576,44.14467,-122.25766,422.7,
10577,44.1447,-122.25772,423.1,
10578,44.1448,-122.25792,424.1,
10579,44.14483,-122.25796,424.1,
10580,44.14494,-122.25807,423.4,
10581,44.14499,-122.25811,423.0,
10582,44.1451,-122.2582,422.2,
10583,44.14521,-122.2583,421.5,
10584,44.1454,-122.25847,420.3,
10585,44.14546,-122.25851,419.7,
10586,44.14554,-122.25862,419.7,
10587,44.14568,-122.25879,418.6,
10588,44.14572,-122.25884,418.1,
10589,44.14593,-122.25914,413.1,
10590,44.14598,-122.2592,411.7,
10591,44.14605,-122.25933,411.5,
10592,44.14613,-122.25948,411.6,
10593,44.14617,-122.25952,411.6,
10594,44.1462,-122.25955,411.5,
10595,44.14625,-122.25958,411.4,
10596,44.14632,-122.25962,411.2,
10597,44.14645,-122.25968,410.8,
10598,44.14668,-122.2597,409.3,
10599,44.1467,-122.2597,409.2,
10600,44.14686,-122.25969,407.9,
10601,44.14704,-122.25967,406.8,
10602,44.14711,-122.25966,406.5,
10603,44.14739,-122.2596,405.5,
10604,44.14793,-122.2595,404.9,
10605,44.14807,-122.25947,404.6,
10606,44.14828,-122.25941,403.3,
10607,44.14837,-122.25938,402.2,
10608,44.14857,-122.25933,401.5,
10609,44.14863,-122.25929,401.3,
10610,44.14866,-122.25927,401.2,
10611,44.14875,-122.25922,401.0,
10612,44.14894,-122.25905,399.5,
10613,44.149,-122.259,399.0,
10614,44.14908,-122.25889,398.0,
10615,44.14909,-122.25887,397.9,
10616,44.14918,-122.25879,397.4,
10617,44.14922,-122.25874,397.0,
10618,44.14942,-122.25851,395.3,
10619,44.14949,-122.25845,394.9,
10620,44.14951,-122.25843,394.8,
10621,44.14961,-122.25837,394.7,
10622,44.14968,-122.25834,394.7,
10623,44.14973,-122.25831,394.6,
10624,44.14985,-122.25829,394.8,
10625,44.14991,-122.25828,394.9,
10626,44.15029,-122.25829,395.5,
10627,44.15038,-122.2583,395.5,
10628,44.15039,-122.2583,395.5,
10629,44.15056,-122.25827,394.5,
10630,44.15057,-122.25827,394.5,
10631,44.15075,-122.25822,393.2,
10632,44.15091,-122.25818,391.8,
10633,44.15092,-122.25817,391.6,
10634,44.1511,-122.2581,387.4,
10635,44.15117,-122.25807,386.6,
10636,44.15145,-122.25805,385.4,
10637,44.1516,-122.25808,385.5,
10638,44.15163,-122.25809,385.7,
10639,44.15181,-122.25814,385.8,
10640,44.15188,-122.25816,385.6,
10641,44.15197,-122.2582,385.3,
10642,44.15216,-122.25834,384.4,
10643,44.15222,-122.25838,383.9,
10644,44.15242,-122.25858,383.4,
10645,44.15243,-122.2586,383.5,
10646,44.15262,-122.25883,383.1,
10647,44.15298,-122.25926,383.2,
10648,44.153,-122.25929,383.3,
10649,44.15311,-122.25942,383.7,
10650,44.15326,-122.25956,383.7,
10651,44.1534,-122.25969,383.4,
10652,44.15341,-122.2597,383.3,
10653,44.15357,-122.25982,382.3,
10654,44.15373,-122.25994,379.7,
10655,44.15379,-122.25999,378.2,
10656,44.15387,-122.26007,375.8,
10657,44.15388,-122.26008,375.6,
10658,44.15399,-122.26018,373.8,
10659,44.15405,-122.26022,372.7,
10660,44.15416,-122.26038,372.1,
10661,44.15429,-122.26055,371.4,
10662,44.15442,-122.26072,371.1,
10663,44.15456,-122.2609,370.9,
10664,44.1546,-122.26095,370.9,
10665,44.15495,-122.26141,370.8,
10666,44.15498,-122.26144,370.7,
10667,44.15509,-122.26157,369.8,
10668,44.15536,-122.26189,367.8,
10669,44.15542,-122.26196,367.5,
10670,44.1555,-122.26205,366.8,
10671,44.15564,-122.26222,364.7,
10672,44.15577,-122.26238,363.0,
10673,44.15605,-122.26271,362.1,
10674,44.15613,-122.26282,362.2,
10675,44.15618,-122.26286,362.1,
10676,44.15627,-122.26292,361.7,
10677,44.15636,-122.26295,361.3,
10678,44.15647,-122.26295,360.4,
10679,44.15653,-122.26295,360.0,
10680,44.15654,-122.26295,359.9,
10681,44.15656,-122.26294,359.6,
10682,44.15667,-122.26286,358.3,
10683,44.1567,-122.26284,357.9,
10684,44.15673,-122.26281,357.5,
10685,44.15682,-122.26267,356.0,
10686,44.15691,-122.26244,355.8,
10687,44.157,-122.26223,355.7,
10688,44.15709,-122.26201,355.5,
10689,44.15724,-122.26163,355.3,
10690,44.15735,-122.26135,355.2,
10691,44.15744,-122.26113,355.2,
10692,44.1577,-122.26047,355.2,
10693,44.15796,-122.25981,355.7,
10694,44.15813,-122.25937,356.0,
10695,44.15815,-122.25931,356.0,
10696,44.15849,-122.2585,356.8,
10697,44.15867,-122.25806,357.4,
10698,44.15889,-122.25753,358.1,
10699,44.15895,-122.25743,358.2,
10700,44.15895,-122.25743,358.2,
10701,44.159,-122.25725,358.5,
10702,44.15903,-122.25714,358.6,
10703,44.15906,-122.25696,358.9,
10704,44.15906,-122.25693,358.9,
10705,44.15906,-122.25685,359.1,
10706,44.15905,-122.25677,359.2,
10707,44.15904,-122.2567,359.3,
10708,44.15897,-122.25649,359.7,
10709,44.15897,-122.25649,359.7,
10710,44.15881,-122.25637,360.1,
10711,44.15881,-122.25637,360.1,
10712,44.15845,-122.25613,360.9,
10713,44.15832,-122.25604,361.2,
10714,44.15768,-122.25559,362.6,
10715,44.15735,-122.25537,363.4,
10716,44.15655,-122.25481,364.9,
10717,44.15623,-122.25459,365.3,
10718,44.15618,-122.25455,365.4,
10719,44.15607,-122.25447,365.5,
10720,44.15559,-122.25411,366.4,
10721,44.15512,-122.25375,367.4,
10722,44.15512,-122.25375,367.4,
10723,44.15517,-122.25313,367.7,
10724,44.15518,-122.25295,367.8,
10725,44.15519,-122.2527,368.0,
10726,44.1552,-122.25245,368.2,
10727,44.1552,-122.25237,368.2,
10728,44.15519,-122.25195,368.6,
10729,44.15518,-122.2518,368.9,
10730,44.15515,-122.25164,369.1,
10731,44.15513,-122.25148,369.5,
10732,44.15514,-122.25145,369.5,
10733,44.15515,-122.25139,369.7,
10734,44.15518,-122.25127,370.0,
10735,44.15525,-122.25108,370.5,
10736,44.15528,-122.251,370.7,
10737,44.15536,-122.25081,371.2,
10738,44.1556,-122.25039,372.3,
10739,44.15579,-122.25004,373.4,
10740,44.15615,-122.2494,375.4,
10741,44.15638,-122.24901,376.0,
10742,44.15646,-122.24887,376.1,
10743,44.1566,-122.24862,376.2,
10744,44.15683,-122.24824,376.3,
10745,44.15695,-122.24805,376.3,
10746,44.15707,-122.24785,376.3,
10747,44.15716,-122.24771,376.3,
10748,44.15719,-122.24767,376.3,
10749,44.15732,-122.2475,376.3,
10750,44.15745,-122.24732,376.2,
10751,44.15761,-122.24711,376.3,
10752,44.15774,-122.24692,376.4,
10753,44.15787,-122.24674,376.4,
10754,44.15796,-122.24665,376.2,
10755,44.15797,-122.24664,376.2,
10756,44.15802,-122.2466,376.2,
10757,44.15816,-122.24648,376.0,
10758,44.15831,-122.24631,375.9,
10759,44.15839,-122.24623,375.7,
10760,44.15844,-122.24614,375.7,
10761,44.15852,-122.24601,375.6,
10762,44.15856,-122.24595,375.6,
10763,44.15867,-122.24575,375.5,
10764,44.15869,-122.24572,375.5,
10765,44.15875,-122.24553,375.6,
10766,44.15876,-122.24551,375.6,
10767,44.15881,-122.24529,375.7,
10768,44.15883,-122.24523,375.8,
10769,44.15885,-122.24505,375.9,
10770,44.15888,-122.2448,376.0,
10771,44.15889,-122.24465,376.1,
10772,44.15891,-122.24455,376.2,
10773,44.15898,-122.24414,376.5,
10774,44.159,-122.24407,376.6,
10775,44.15906,-122.24383,376.7,
10776,44.15911,-122.24359,377.0,
10777,44.15928,-122.24288,377.6,
10778,44.15939,-122.2424,377.8,
10779,44.1595,-122.24191,378.0,
10780,44.15969,-122.2412,378.0,
10781,44.15986,-122.24055,378.1,
10782,44.15995,-122.24006,378.2,
10783,44.16004,-122.23958,378.3,
10784,44.16008,-122.23933,378.3,
10785,44.16014,-122.239,378.6,
10786,44.16019,-122.23886,378.5,
10787,44.16034,-122.2384,378.6,
10788,44.16041,-122.23817,378.5,
10789,44.16048,-122.23794,378.6,
10790,44.16052,-122.23783,378.6,
10791,44.16056,-122.23772,378.6,
10792,44.16065,-122.2375,378.6,
10793,44.16069,-122.23741,378.6,
10794,44.16075,-122.23729,378.6,
10795,44.16086,-122.23709,378.5,
10796,44.16094,-122.23693,378.5,
10797,44.16097,-122.23689,378.4,
10798,44.1611,-122.23672,378.2,
10799,44.16119,-122.2366,378.0,
10800,44.16138,-122.23641,377.9,
10801,44.16153,-122.23628,377.8,
10802,44.16164,-122.23618,377.8,
10803,44.16196,-122.23587,377.8,
10804,44.16225,-122.23566,377.5,
10805,44.16238,-122.23563,377.1,
10806,44.16274,-122.23564,375.8,
10807,44.16328,-122.23567,373.5,
10808,44.16331,-122.23567,373.4,
10809,44.16381,-122.23567,371.3,
10810,44.16411,-122.23566,370.2,
10811,44.16417,-122.23563,370.0,
10812,44.16446,-122.23563,368.9,
10813,44.16451,-122.23562,368.8,
10814,44.16453,-122.23562,368.8,
10815,44.16471,-122.23556,368.3,
10816,44.1648,-122.23551,368.1,
10817,44.16485,-122.23547,368.1,
10818,44.16492,-122.23536,368.1,
10819,44.16498,-122.23531,368.0,
10820,44.16503,-122.23525,368.0,
10821,44.16518,-122.23505,368.0,
10822,44.16526,-122.23488,368.1,
10823,44.16542,-122.23444,368.2,
10824,44.16548,-122.23428,368.2,
10825,44.16548,-122.23427,368.2,
10826,44.16564,-122.23379,368.0,
10827,44.16578,-122.23335,368.0,
10828,44.16586,-122.23314,367.9,
10829,44.16586,-122.23312,368.0,
10830,44.16604,-122.23272,368.0,
10831,44.16614,-122.2325,368.0,
10832,44.16639,-122.23189,368.7,
10833,44.1665,-122.23163,369.0,
10834,44.16654,-122.23153,369.2,
10835,44.16669,-122.2312,369.5,
10836,44.16676,-122.23098,369.9,
10837,44.1668,-122.23082,370.3,
10838,44.16687,-122.2305,371.1,
10839,44.16688,-122.23048,371.2,
10840,44.16691,-122.23031,371.6,
10841,44.16692,-122.23014,372.1,
10842,44.16694,-122.22996,372.7,
10843,44.16694,-122.22976,373.2,
10844,44.16693,-122.22965,373.6,
10845,44.1669,-122.22937,374.4,
10846,44.1669,-122.22926,374.7,
10847,44.16689,-122.22924,374.8,
10848,44.1669,-122.22901,375.4,
10849,44.16691,-122.2289,375.7,
10850,44.16695,-122.22878,375.8,
10851,44.16702,-122.22862,376.0,
10852,44.16705,-122.22856,376.0,
10853,44.16715,-122.22835,376.0,
10854,44.16717,-122.22831,376.0,
10855,44.1673,-122.22795,376.0,
10856,44.1673,-122.22795,376.0,
10857,44.16747,-122.22805,375.3,
10858,44.16763,-122.22816,374.5,
10859,44.16781,-122.22828,374.1,
10860,44.16798,-122.22836,373.7,
10861,44.16815,-122.22844,373.3,
10862,44.16819,-122.22845,373.3,
10863,44.16835,-122.22853,372.9,
10864,44.16835,-122.22853,372.9,
10865,44.16839,-122.22828,372.6,
10866,44.16844,-122.22799,372.8,
10867,44.16846,-122.22788,372.8,
10868,44.16849,-122.2278,372.9,
10869,44.16855,-122.22757,373.1,
10870,44.16861,-122.22738,373.1,
10871,44.16862,-122.22734,373.2,
10872,44.1689,-122.22649,373.6,
10873,44.16912,-122.22581,374.0,
10874,44.16913,-122.22579,374.0,
10875,44.16927,-122.22535,374.2,
10876,44.16935,-122.22512,374.3,
10877,44.16957,-122.22444,374.7,
10878,44.16962,-122.22432,374.8,
10879,44.16965,-122.22421,374.8,
10880,44.16971,-122.22404,375.0,
10881,44.16973,-122.22399,375.0,
10882,44.16981,-122.22376,375.1,
10883,44.16996,-122.22331,375.4,
10884,44.17001,-122.22319,375.5,
10885,44.17004,-122.22308,375.5,
10886,44.17012,-122.22286,375.7,
10887,44.17033,-122.22227,375.9,
10888,44.17059,-122.2218,376.0,
10889,44.1708,-122.22141,376.2,
10890,44.17094,-122.22122,376.2,
10891,44.1713,-122.22072,376.6,
10892,44.17154,-122.22045,376.7,
10893,44.17181,-122.22012,377.2,
10894,44.17187,-122.22005,377.3,
10895,44.17216,-122.21955,377.8,
10896,44.17228,-122.21936,378.0,
10897,44.17229,-122.21934,378.0,
10898,44.17248,-122.21895,378.5,
10899,44.17263,-122.21864,378.8,
10900,44.17268,-122.21853,378.8,
10901,44.17282,-122.21822,379.1,
10902,44.17286,-122.2181,379.2,
10903,44.17305,-122.21758,379.4,
10904,44.17316,-122.21718,379.4,
10905,44.17326,-122.2168,379.5,
10906,44.17327,-122.21671,379.5,
10907,44.1733,-122.21646,379.6,
10908,44.17331,-122.21645,379.6,
10909,44.17331,-122.21621,379.6,
10910,44.17331,-122.21596,379.6,
10911,44.17326,-122.21547,379.5,
10912,44.17323,-122.21522,379.5,
10913,44.17321,-122.215,379.5,
10914,44.17321,-122.21497,379.5,
10915,44.17318,-122.21472,379.5,
10916,44.17315,-122.21447,379.6,
10917,44.1731,-122.21398,379.6,
10918,44.17307,-122.21368,379.6,
10919,44.17305,-122.21348,379.6,
10920,44.17298,-122.21281,379.7,
10921,44.17297,-122.21274,379.7,
10922,44.17294,-122.21249,379.8,
10923,44.17289,-122.21199,379.9,
10924,44.1728,-122.21104,380.9,
10925,44.17279,-122.211,381.0,
10926,44.17276,-122.21075,381.5,
10927,44.17265,-122.20976,383.0,
10928,44.1726,-122.20926,383.8,
10929,44.17257,-122.20902,384.1,
10930,44.17255,-122.20886,384.4,
10931,44.17252,-122.20852,384.9,
10932,44.17249,-122.20827,385.2,
10933,44.17247,-122.20802,385.5,
10934,44.17244,-122.20777,385.8,
10935,44.17242,-122.20753,386.1,
10936,44.1724,-122.20728,386.4,
10937,44.17239,-122.20704,386.7,
10938,44.1724,-122.20678,387.0,
10939,44.17241,-122.20653,387.3,
10940,44.17243,-122.20573,388.1,
10941,44.17258,-122.20505,388.7,
10942,44.17265,-122.20473,389.0,
10943,44.1727,-122.20458,389.0,
10944,44.17279,-122.20436,389.3,
10945,44.17296,-122.20392,389.6,
10946,44.17307,-122.20373,389.7,
10947,44.17357,-122.20288,390.4,
10948,44.17375,-122.20255,390.9,
10949,44.17385,-122.20235,391.1,
10950,44.1739,-122.20226,391.1,
10951,44.17394,-122.20213,391.1,
10952,44.17409,-122.20171,391.1,
10953,44.17416,-122.20145,391.0,
10954,44.17428,-122.20098,390.9,
10955,44.17429,-122.20096,390.9,
10956,44.17433,-122.20073,391.1,
10957,44.17437,-122.20049,391.3,
10958,44.17442,-122.20025,391.5,
10959,44.17457,-122.1994,392.0,
10960,44.17464,-122.19878,392.5,
10961,44.17474,-122.19778,393.3,
10962,44.17479,-122.19729,393.7,
10963,44.17482,-122.19704,393.9,
10964,44.17485,-122.19679,394.2,
10965,44.17487,-122.19654,394.3,
10966,44.17493,-122.19605,394.7,
10967,44.17498,-122.19555,395.0,
10968,44.17503,-122.19506,395.3,
10969,44.17506,-122.19481,395.5,
10970,44.17508,-122.19456,395.7,
10971,44.17508,-122.19455,395.7,
10972,44.17515,-122.19413,396.0,
10973,44.17516,-122.19407,396.1,
10974,44.17527,-122.19359,396.7,
10975,44.17532,-122.19335,397.0,
10976,44.17538,-122.19311,397.4,
10977,44.17543,-122.19287,397.8,
10978,44.17549,-122.19264,398.2,
10979,44.17554,-122.1924,398.6,
10980,44.1756,-122.19216,399.0,
10981,44.17571,-122.19168,399.8,
10982,44.17593,-122.19073,401.6,
10983,44.17598,-122.19049,402.2,
10984,44.17616,-122.18978,404.6,
10985,44.17628,-122.1893,405.1,
10986,44.17634,-122.18906,405.5,
10987,44.17639,-122.18883,405.7,
10988,44.17645,-122.18859,405.9,
10989,44.17651,-122.18835,406.1,
10990,44.17657,-122.18812,406.3,
10991,44.17662,-122.18794,406.5,
10992,44.17664,-122.18789,406.6,
10993,44.17675,-122.18769,407.2,
10994,44.17676,-122.18768,407.3,
10995,44.17702,-122.18742,408.9,
10996,44.17702,-122.18742,408.9,
10997,44.17708,-122.18673,407.7,
10998,44.17714,-122.18608,407.9,
10999,44.1772,-122.1854,408.5,
11000,44.17722,-122.18515,408.6,
11001,44.17725,-122.18484,409.1,
11002,44.17726,-122.18465,409.2,
11003,44.17727,-122.1842,409.1,
11004,44.17728,-122.18415,409.2,
11005,44.17728,-122.1839,409.1,
11006,44.17729,-122.18365,409.0,
11007,44.17729,-122.18355,409.0,
11008,44.17728,-122.18283,409.0,
11009,44.17724,-122.18211,409.3,
11010,44.17718,-122.18129,408.8,
11011,44.17712,-122.18065,407.8,
11012,44.17698,-122.17916,406.5,
11013,44.17688,-122.17799,407.3,
11014,44.17684,-122.17671,408.6,
11015,44.17684,-122.17641,408.9,
11016,44.17685,-122.17641,409.0,
11017,44.17685,-122.17616,409.2,
11018,44.17686,-122.17571,409.6,
11019,44.17687,-122.17546,409.9,
11020,44.17687,-122.17535,410.0,
11021,44.17689,-122.17491,410.5,
11022,44.17689,-122.1749,410.5,
11023,44.17691,-122.17466,410.7,
11024,44.17691,-122.17465,410.7,
11025,44.17694,-122.17421,411.0,
11026,44.17698,-122.17346,411.3,
11027,44.17702,-122.17219,411.9,
11028,44.17699,-122.17155,412.3,
11029,44.17692,-122.17091,413.0,
11030,44.17692,-122.17091,413.0,
11031,44.17707,-122.17029,413.7,
11032,44.17707,-122.17019,413.9,
11033,44.17711,-122.16969,415.0,
11034,44.17712,-122.16944,415.6,
11035,44.17714,-122.16919,415.7,
11036,44.17715,-122.16903,415.8,
11037,44.17715,-122.16894,415.8,
11038,44.17717,-122.16845,415.9,
11039,44.17717,-122.16844,415.9,
11040,44.17718,-122.16819,416.0,
11041,44.17718,-122.16818,416.0,
11042,44.17718,-122.16793,416.0,
11043,44.17718,-122.16774,416.0,
11044,44.17718,-122.16743,416.1,
11045,44.17718,-122.16718,416.2,
11046,44.17718,-122.16694,416.3,
11047,44.17718,-122.16693,416.3,
11048,44.17718,-122.16669,416.5,
11049,44.17718,-122.16668,416.5,
11050,44.17719,-122.16653,416.6,
11051,44.17719,-122.16644,416.6,
11052,44.17719,-122.16643,416.6,
11053,44.1772,-122.16619,416.7,
11054,44.1772,-122.16618,416.7,
11055,44.17721,-122.16593,416.8,
11056,44.17721,-122.16583,416.8,
11057,44.17721,-122.16574,416.9,
11058,44.17721,-122.16569,416.9,
11059,44.1772,-122.16568,417.0,
11060,44.1772,-122.16564,417.0,
11061,44.17717,-122.16546,417.1,
11062,44.17717,-122.16543,417.1,
11063,44.17716,-122.16539,417.1,
11064,44.17714,-122.16531,417.2,
11065,44.17712,-122.16525,417.3,
11066,44.1771,-122.16521,417.3,
11067,44.17709,-122.1652,417.4,
11068,44.177,-122.16508,417.6,
11069,44.17687,-122.16496,417.8,
11070,44.17665,-122.16484,418.2,
11071,44.17653,-122.16477,418.4,
11072,44.17649,-122.16474,418.4,
11073,44.17632,-122.16465,418.6,
11074,44.17582,-122.16436,418.7,
11075,44.17565,-122.16427,418.7,
11076,44.17549,-122.16417,418.7,
11077,44.17515,-122.16398,418.5,
11078,44.17507,-122.16394,418.4,
11079,44.17482,-122.16379,418.0,
11080,44.17482,-122.16379,418.0,
11081,44.17464,-122.16321,417.7,
11082,44.1746,-122.1631,417.6,
11083,44.17448,-122.16271,417.2,
11084,44.1744,-122.16247,416.9,
11085,44.17427,-122.16205,416.9,
11086,44.17411,-122.16154,416.9,
11087,44.17394,-122.16101,416.9,
11088,44.1738,-122.16058,416.9,
11089,44.17378,-122.16052,416.9,
11090,44.17372,-122.16031,416.9,
11091,44.17367,-122.16012,417.1,
11092,44.17361,-122.15988,417.5,
11093,44.1736,-122.15984,417.5,
11094,44.17356,-122.15961,417.9,
11095,44.17353,-122.15941,418.1,
11096,44.1735,-122.15922,418.4,
11097,44.17348,-122.15898,418.7,
11098,44.17347,-122.15876,418.9,
11099,44.17347,-122.15851,419.3,
11100,44.17347,-122.15841,419.4,
11101,44.17348,-122.15827,419.6,
11102,44.17349,-122.15802,419.9,
11103,44.17352,-122.15776,420.3,
11104,44.17357,-122.15739,420.8,
11105,44.1736,-122.15717,421.1,
11106,44.17361,-122.15711,421.2,
11107,44.17364,-122.15692,421.5,
11108,44.17364,-122.15687,421.5,
11109,44.17386,-122.15545,423.5,
11110,44.17389,-122.1552,423.8,
11111,44.17393,-122.15496,424.1,
11112,44.17401,-122.1544,424.5,
11113,44.17412,-122.15367,425.3,
11114,44.17434,-122.15219,426.6,
11115,44.17435,-122.15213,426.7,
11116,44.17442,-122.15164,427.3,
11117,44.17477,-122.14931,431.8,
11118,44.17478,-122.14925,431.9,
11119,44.17485,-122.14876,432.7,
11120,44.17507,-122.14728,434.5,
11121,44.17522,-122.1463,435.2,
11122,44.17526,-122.14606,435.4,
11123,44.17528,-122.14587,435.5,
11124,44.17529,-122.14581,435.6,
11125,44.17532,-122.14562,435.7,
11126,44.17559,-122.14385,435.9,
11127,44.17568,-122.14326,435.4,
11128,44.17578,-122.14265,435.0,
11129,44.17586,-122.14213,435.0,
11130,44.17587,-122.14208,435.0,
11131,44.17595,-122.14161,435.3,
11132,44.17603,-122.14119,435.7,
11133,44.17614,-122.14057,436.4,
11134,44.17622,-122.14012,436.9,
11135,44.17629,-122.1397,437.4,
11136,44.17635,-122.13936,437.5,
11137,44.17642,-122.13896,437.5,
11138,44.17651,-122.1385,437.1,
11139,44.17651,-122.13848,437.1,
11140,44.17656,-122.13824,436.7,
11141,44.17659,-122.13805,436.4,
11142,44.1766,-122.138,436.3,
11143,44.17664,-122.13775,436.2,
11144,44.17669,-122.13747,436.2,
11145,44.17677,-122.13704,436.3,
11146,44.17677,-122.13702,436.3,
11147,44.17685,-122.13659,436.7,
11148,44.1769,-122.13629,436.8,
11149,44.17693,-122.13614,436.7,
11150,44.17695,-122.13605,436.7,
11151,44.17699,-122.13581,436.6,
11152,44.17701,-122.13571,436.5,
11153,44.17703,-122.13556,436.6,
11154,44.17708,-122.13532,436.5,
11155,44.17708,-122.13527,436.5,
11156,44.17714,-122.13497,436.2,
11157,44.17722,-122.13452,436.0,
11158,44.17733,-122.13392,435.7,
11159,44.17742,-122.13344,435.8,
11160,44.17752,-122.13291,436.2,
11161,44.17762,-122.13249,436.7,
11162,44.17768,-122.13223,437.0,
11163,44.17769,-122.13217,437.2,
11164,44.17773,-122.13199,437.5,
11165,44.17775,-122.13194,437.6,
11166,44.17779,-122.13176,437.8,
11167,44.1778,-122.1317,437.9,
11168,44.17786,-122.13145,438.3,
11169,44.17793,-122.13116,438.6,
11170,44.17799,-122.1309,438.8,
11171,44.17806,-122.13066,438.9,
11172,44.17811,-122.13046,438.9,
11173,44.17817,-122.13028,439.0,
11174,44.17819,-122.13022,439.0,
11175,44.17826,-122.13001,439.2,
11176,44.17832,-122.12984,439.3,
11177,44.17833,-122.12983,439.3,
11178,44.17839,-122.1297,439.3,
11179,44.17848,-122.1295,439.5,
11180,44.17858,-122.12928,439.8,
11181,44.17873,-122.129,440.7,
11182,44.17887,-122.12873,441.0,
11183,44.17903,-122.12843,441.0,
11184,44.17917,-122.12815,441.1,
11185,44.17926,-122.12794,441.3,
11186,44.17934,-122.12774,441.4,
11187,44.17945,-122.12745,441.5,
11188,44.1795,-122.12731,441.6,
11189,44.17953,-122.12719,441.8,
11190,44.17957,-122.12708,441.8,
11191,44.17961,-122.12694,441.9,
11192,44.17969,-122.12663,442.2,
11193,44.17975,-122.12638,442.5,
11194,44.17982,-122.1261,442.7,
11195,44.17988,-122.12586,442.7,
11196,44.17995,-122.12557,442.8,
11197,44.18002,-122.12529,442.9,
11198,44.18008,-122.12505,442.9,
11199,44.18014,-122.12482,443.0,
11200,44.18022,-122.12451,443.1,
11201,44.1803,-122.12418,443.3,
11202,44.18036,-122.12388,443.5,
11203,44.18039,-122.12376,443.6,
11204,44.18041,-122.12365,443.6,
11205,44.18043,-122.12352,443.7,
11206,44.18044,-122.12343,443.7,
11207,44.18046,-122.12326,443.8,
11208,44.18048,-122.12308,443.9,
11209,44.18049,-122.1229,444.1,
11210,44.1805,-122.12276,444.2,
11211,44.18051,-122.12258,444.3,
11212,44.18051,-122.12252,444.4,
11213,44.1805,-122.12237,444.6,
11214,44.1805,-122.12217,444.8,
11215,44.18049,-122.12202,445.0,
11216,44.18049,-122.12199,445.0,
11217,44.18048,-122.12182,445.3,
11218,44.18047,-122.12177,445.4,
11219,44.18046,-122.12165,445.5,
11220,44.18045,-122.12152,445.7,
11221,44.18044,-122.12143,445.8,
11222,44.18041,-122.12116,446.3,
11223,44.18039,-122.12091,446.6,
11224,44.18036,-122.12064,447.0,
11225,44.18034,-122.12039,447.3,
11226,44.18031,-122.12015,447.7,
11227,44.18028,-122.11989,448.0,
11228,44.18027,-122.11978,448.2,
11229,44.18026,-122.11962,448.4,
11230,44.18025,-122.11954,448.5,
11231,44.18023,-122.11934,448.7,
11232,44.1802,-122.11911,448.9,
11233,44.18017,-122.11883,449.2,
11234,44.18015,-122.11858,449.4,
11235,44.18013,-122.11837,449.6,
11236,44.18013,-122.11834,449.7,
11237,44.18009,-122.11798,449.9,
11238,44.18006,-122.11768,450.1,
11239,44.18003,-122.11736,450.2,
11240,44.18001,-122.11713,450.3,
11241,44.18,-122.11701,450.4,
11242,44.17993,-122.11653,450.6,
11243,44.17993,-122.11648,450.6,
11244,44.17988,-122.11596,450.9,
11245,44.17983,-122.11546,451.1,
11246,44.17978,-122.11497,451.4,
11247,44.17973,-122.11445,451.7,
11248,44.17968,-122.1139,452.0,
11249,44.17967,-122.11384,452.1,
11250,44.17962,-122.11335,452.8,
11251,44.17955,-122.11273,454.0,
11252,44.1795,-122.11224,454.8,
11253,44.17949,-122.11217,455.0,
11254,44.17944,-122.11173,455.6,
11255,44.17942,-122.11148,456.0,
11256,44.1794,-122.11123,456.3,
11257,44.17939,-122.11102,456.6,
11258,44.17938,-122.11082,456.8,
11259,44.17938,-122.1106,457.1,
11260,44.17939,-122.11035,457.3,
11261,44.1794,-122.11013,457.5,
11262,44.17942,-122.1099,457.8,
11263,44.17946,-122.10963,458.0,
11264,44.17952,-122.10935,458.1,
11265,44.17958,-122.10904,458.3,
11266,44.17967,-122.10873,458.4,
11267,44.1797,-122.10858,458.5,
11268,44.1798,-122.10826,458.8,
11269,44.18006,-122.10732,459.2,
11270,44.18014,-122.10703,459.3,
11271,44.18044,-122.10598,459.8,
11272,44.18074,-122.1049,460.4,
11273,44.18074,-122.1049,460.4,
11274,44.18091,-122.10498,460.1,
11275,44.18093,-122.10499,460.1,
11276,44.18109,-122.10503,459.8,
11277,44.18114,-122.10504,459.7,
11278,44.18136,-122.10502,459.4,
11279,44.18145,-122.10501,459.2,
11280,44.18158,-122.10499,459.0,
11281,44.18163,-122.10499,459.0,
11282,44.1818,-122.10499,458.7,
11283,44.18181,-122.10499,458.7,
11284,44.18197,-122.10499,458.5,
11285,44.18199,-122.10499,458.5,
11286,44.18213,-122.10505,458.2,
11287,44.18216,-122.10506,458.2,
11288,44.18232,-122.10509,458.0,
11289,44.18234,-122.10509,458.0,
11290,44.18252,-122.1051,457.9,
11291,44.18269,-122.10505,457.9,
11292,44.18273,-122.10504,458.0,
11293,44.18286,-122.10497,458.2,
11294,44.18293,-122.10494,458.2,
11295,44.18302,-122.10486,458.4,
11296,44.18306,-122.10482,458.5,
11297,44.18315,-122.10468,458.7,
11298,44.18315,-122.10468,458.7,
11299,44.18315,-122.10467,458.8,
11300,44.18313,-122.10462,458.8,
11301,44.1831,-122.10459,458.8,
11302,44.18307,-122.10455,458.8,
11303,44.18292,-122.1044,459.0,
11304,44.18286,-122.10434,459.0,
11305,44.18284,-122.1043,459.1,
11306,44.18283,-122.10428,459.1,
11307,44.18282,-122.10425,459.1,
11308,44.18282,-122.10421,459.2,
11309,44.18281,-122.10421,459.2,
11310,44.18281,-122.1042,459.2,
11311,44.18278,-122.10413,459.3,
11312,44.18272,-122.10401,459.5,
11313,44.18272,-122.104,459.5,
11314,44.18269,-122.1039,459.6,
11315,44.18268,-122.10376,459.9,
11316,44.1827,-122.10363,460.0,
11317,44.18271,-122.10352,460.2,
11318,44.18271,-122.10351,460.2,
11319,44.18271,-122.10341,460.4,
11320,44.18273,-122.10332,460.5,
11321,44.18273,-122.10326,460.6,
11322,44.18273,-122.10325,460.6,
11323,44.18272,-122.10318,460.7,
11324,44.18269,-122.10302,460.9,
11325,44.18269,-122.10301,460.9,
11326,44.18269,-122.10299,460.9,
11327,44.18269,-122.10277,461.3,
11328,44.18269,-122.10276,461.3,
11329,44.18264,-122.10252,461.8,
11330,44.18261,-122.1024,462.0,
11331,44.18261,-122.10228,462.1,
11332,44.18261,-122.10227,462.1,
11333,44.18264,-122.10213,462.4,
11334,44.18266,-122.10205,462.5,
11335,44.18267,-122.10204,462.5,
11336,44.18271,-122.10187,462.7,
11337,44.18273,-122.10181,462.7,
11338,44.18274,-122.10181,462.7,
11339,44.18281,-122.10159,463.1,
11340,44.18282,-122.10158,463.1,
11341,44.18289,-122.10137,463.3,
11342,44.1829,-122.10136,463.4,
11343,44.18297,-122.10114,463.6,
11344,44.18298,-122.10113,463.6,
11345,44.18299,-122.10109,463.7,
11346,44.18302,-122.10101,463.8,
11347,44.18302,-122.10098,463.8,
11348,44.18302,-122.10096,463.9,
11349,44.18302,-122.10093,463.9,
11350,44.18301,-122.10091,464.0,
11351,44.18301,-122.1009,464.0,
11352,44.18297,-122.10084,464.1,
11353,44.18296,-122.10081,464.1,
11354,44.18295,-122.10077,464.2,
11355,44.18294,-122.10073,464.3,
11356,44.18294,-122.10069,464.3,
11357,44.18294,-122.10068,464.3,
11358,44.18293,-122.10059,464.4,
11359,44.18294,-122.10044,464.7,
11360,44.18294,-122.10043,464.7,
11361,44.18294,-122.1004,464.8,
11362,44.18298,-122.10023,465.2,
11363,44.18299,-122.10019,465.3,
11364,44.18305,-122.09995,465.6,
11365,44.18311,-122.09972,465.8,
11366,44.18311,-122.09971,465.9,
11367,44.18317,-122.09948,466.2,
11368,44.18319,-122.09942,466.4,
11369,44.18325,-122.09926,466.8,
11370,44.18325,-122.09925,466.8,
11371,44.18327,-122.0992,466.9,
11372,44.18336,-122.09907,467.4,
11373,44.18344,-122.09897,467.7,
11374,44.1835,-122.0989,468.1,
11375,44.18364,-122.09874,469.0,
11376,44.1837,-122.09867,469.5,
11377,44.18379,-122.09862,469.8,
11378,44.18379,-122.09861,469.9,
11379,44.18396,-122.09851,470.9,
11380,44.18407,-122.09844,471.5,
11381,44.18411,-122.0984,471.8,
11382,44.18425,-122.09824,473.1,
11383,44.18425,-122.09823,473.2,
11384,44.18433,-122.09813,473.9,
11385,44.18454,-122.09795,474.7,
11386,44.18455,-122.09795,474.6,
11387,44.18464,-122.09787,474.7,
11388,44.18476,-122.09772,474.7,
11389,44.18481,-122.09763,474.8,
11390,44.18482,-122.09762,474.8,
11391,44.18486,-122.09754,474.8,
11392,44.1849,-122.0974,474.9,
11393,44.18492,-122.09734,474.9,
11394,44.18494,-122.09717,475.1,
11395,44.18494,-122.09716,475.1,
11396,44.18495,-122.09713,475.1,
11397,44.18503,-122.09694,474.9,
11398,44.18507,-122.09683,474.7,
11399,44.18509,-122.09671,474.7,
11400,44.18513,-122.09647,474.5,
11401,44.18513,-122.09646,474.5,
11402,44.18515,-122.09638,474.3,
11403,44.18516,-122.09622,474.0,
11404,44.18518,-122.09576,473.0,
11405,44.18518,-122.09572,472.9,
11406,44.18518,-122.09571,472.9,
11407,44.18518,-122.0957,472.8,
11408,44.18517,-122.09567,472.8,
11409,44.18516,-122.09563,472.8,
11410,44.18515,-122.0956,472.8,
11411,44.18514,-122.09557,472.8,
11412,44.18514,-122.09553,472.7,
11413,44.18514,-122.09548,472.5,
11414,44.18514,-122.09547,472.5,
11415,44.18515,-122.09542,472.3,
11416,44.18514,-122.09536,472.2,
11417,44.18511,-122.09524,472.1,
11418,44.18511,-122.09523,472.0,
11419,44.18508,-122.09514,472.0,
11420,44.18505,-122.09508,472.0,
11421,44.18501,-122.09503,472.1,
11422,44.18499,-122.09499,472.1,
11423,44.18497,-122.09494,472.1,
11424,44.18496,-122.09487,472.0,
11425,44.18493,-122.09481,472.0,
11426,44.1849,-122.09473,472.1,
11427,44.18487,-122.09463,472.1,
11428,44.18484,-122.09456,472.1,
11429,44.18479,-122.09449,472.2,
11430,44.18475,-122.09439,472.4,
11431,44.18474,-122.09439,472.4,
11432,44.18471,-122.09432,472.5,
11433,44.18465,-122.09423,472.7,
11434,44.18464,-122.0942,472.8,
11435,44.18461,-122.09414,472.9,
11436,44.18458,-122.09409,473.0,
11437,44.18454,-122.09405,473.2,
11438,44.18451,-122.09402,473.3,
11439,44.18445,-122.09397,473.5,
11440,44.18441,-122.09391,473.7,
11441,44.1844,-122.09387,473.8,
11442,44.18439,-122.09384,473.9,
11443,44.18439,-122.09382,473.9,
11444,44.18439,-122.09378,474.0,
11445,44.18441,-122.0936,474.4,
11446,44.18439,-122.09335,475.2,
11447,44.18438,-122.09327,475.5,
11448,44.18438,-122.09318,475.8,
11449,44.1844,-122.09309,475.9,
11450,44.18446,-122.09286,476.1,
11451,44.18447,-122.09252,476.7,
11452,44.18443,-122.09237,477.0,
11453,44.18444,-122.09221,477.2,
11454,44.18445,-122.09212,477.3,
11455,44.18445,-122.09211,477.3,
11456,44.18446,-122.09209,477.3,
11457,44.18445,-122.09194,477.4,
11458,44.18446,-122.09187,477.5,
11459,44.18446,-122.09186,477.5,
11460,44.18448,-122.09169,477.5,
11461,44.18447,-122.09162,477.5,
11462,44.18447,-122.09161,477.5,
11463,44.18447,-122.09143,477.6,
11464,44.18446,-122.09137,477.6,
11465,44.18444,-122.09121,477.6,
11466,44.18443,-122.09112,477.6,
11467,44.18443,-122.09111,477.6,
11468,44.18442,-122.09099,477.7,
11469,44.18442,-122.09089,477.7,
11470,44.18442,-122.09087,477.8,
11471,44.18444,-122.09078,477.8,
11472,44.18447,-122.09067,477.7,
11473,44.18447,-122.09064,477.7,
11474,44.18448,-122.09063,477.7,
11475,44.18448,-122.09061,477.7,
11476,44.18447,-122.09055,477.7,
11477,44.18444,-122.09039,477.9,
11478,44.18444,-122.09038,477.9,
11479,44.18439,-122.09015,478.1,
11480,44.18439,-122.09014,478.1,
11481,44.18438,-122.09005,478.2,
11482,44.18437,-122.08998,478.2,
11483,44.18438,-122.08994,478.2,
11484,44.18439,-122.08991,478.2,
11485,44.1844,-122.0899,478.2,
11486,44.1844,-122.08989,478.2,
11487,44.18442,-122.08982,478.2,
11488,44.18445,-122.08967,478.2,
11489,44.18445,-122.08966,478.2,
11490,44.18448,-122.08943,478.2,
11491,44.18448,-122.08942,478.3,
11492,44.18448,-122.08941,478.3,
11493,44.18448,-122.08917,478.4,
11494,44.18448,-122.08916,478.4,
11495,44.18448,-122.0891,478.4,
11496,44.18446,-122.08892,478.4,
11497,44.18446,-122.08891,478.4,
11498,44.18443,-122.08867,478.6,
11499,44.18441,-122.08843,478.6,
11500,44.18441,-122.08842,478.6,
11501,44.18438,-122.08818,478.7,
11502,44.18438,-122.08817,478.7,
11503,44.18435,-122.08793,478.9,
11504,44.18435,-122.08792,478.9,
11505,44.18432,-122.08768,479.1,
11506,44.18429,-122.08745,479.4,
11507,44.18429,-122.08744,479.4,
11508,44.18429,-122.08743,479.4,
11509,44.1843,-122.0873,479.5,
11510,44.18433,-122.0872,479.5,
11511,44.18433,-122.08719,479.5,
11512,44.18434,-122.08717,479.5,
11513,44.18438,-122.08706,479.5,
11514,44.18438,-122.08696,479.6,
11515,44.18438,-122.08695,479.6,
11516,44.18438,-122.08671,479.9,
11517,44.18438,-122.0867,480.0,
11518,44.18438,-122.08646,480.4,
11519,44.18438,-122.08631,480.7,
11520,44.18439,-122.08621,480.9,
11521,44.18439,-122.0862,480.9,
11522,44.1844,-122.08612,481.1,
11523,44.18439,-122.08601,481.4,
11524,44.18438,-122.08595,481.5,
11525,44.18436,-122.08589,481.8,
11526,44.18435,-122.08577,482.2,
11527,44.18435,-122.08572,482.4,
11528,44.18435,-122.08571,482.5,
11529,44.18435,-122.08568,482.6,
11530,44.18437,-122.08558,482.8,
11531,44.1844,-122.08551,482.9,
11532,44.18441,-122.08549,482.9,
11533,44.18441,-122.08548,483.0,
11534,44.18445,-122.0854,483.1,
11535,44.18449,-122.08527,483.3,
11536,44.18449,-122.08526,483.3,
11537,44.18451,-122.08522,483.4,
11538,44.18463,-122.0848,484.5,
11539,44.1847,-122.08457,485.1,
11540,44.18477,-122.08434,485.7,
11541,44.18477,-122.08433,485.8,
11542,44.1848,-122.08425,486.0,
11543,44.18487,-122.08413,486.3,
11544,44.18497,-122.08398,486.7,
11545,44.18499,-122.08395,486.8,
11546,44.185,-122.08395,486.8,
11547,44.18514,-122.08382,487.0,
11548,44.18515,-122.08381,487.0,
11549,44.18526,-122.08371,487.3,
11550,44.1853,-122.08369,487.4,
11551,44.18537,-122.08366,487.3,
11552,44.18542,-122.08362,487.5,
11553,44.18546,-122.08357,487.7,
11554,44.18549,-122.08352,487.9,
11555,44.18556,-122.08338,488.6,
11556,44.18557,-122.08337,488.6,
11557,44.18583,-122.08304,489.2,
11558,44.18583,-122.08303,489.2,
11559,44.18594,-122.0829,489.2,
11560,44.18597,-122.08288,489.1,
11561,44.18597,-122.08287,489.2,
11562,44.18613,-122.08276,488.7,
11563,44.18639,-122.08257,487.3,
11564,44.18643,-122.0825,487.2,
11565,44.18644,-122.0825,487.1,
11566,44.18656,-122.08232,486.6,
11567,44.18668,-122.08214,486.2,
11568,44.18668,-122.08213,486.2,
11569,44.18678,-122.08199,485.8,
11570,44.18679,-122.08195,485.9,
11571,44.18679,-122.08194,485.9,
11572,44.18689,-122.08146,486.7,
11573,44.18694,-122.08123,486.9,
11574,44.18694,-122.08122,487.0,
11575,44.18693,-122.08122,487.0,
11576,44.18691,-122.08097,487.8,
11577,44.1869,-122.08086,488.1,
11578,44.18693,-122.08073,488.0,
11579,44.18693,-122.08072,488.0,
11580,44.18698,-122.08049,487.9,
11581,44.18704,-122.08025,487.7,
11582,44.18704,-122.08024,487.7,
11583,44.18709,-122.08001,487.5,
11584,44.18709,-122.08,487.5,
11585,44.18714,-122.07978,487.3,
11586,44.18713,-122.07977,487.4,
11587,44.18713,-122.07976,487.4,
11588,44.18708,-122.07953,487.8,
11589,44.18707,-122.07952,487.9,
11590,44.18704,-122.07939,488.1,
11591,44.18712,-122.07937,487.6,
11592,44.18729,-122.07933,486.6,
11593,44.18747,-122.07928,485.4,
11594,44.18748,-122.07928,485.3,
11595,44.18765,-122.07924,484.3,
11596,44.18767,-122.07923,484.1,
11597,44.18779,-122.07908,483.4,
11598,44.18782,-122.07904,483.2,
11599,44.18785,-122.07886,482.9,
11600,44.18785,-122.07885,482.9,
11601,44.18789,-122.07861,482.6,
11602,44.18793,-122.07837,482.3,
11603,44.18804,-122.07818,481.6,
11604,44.18816,-122.07798,480.8,
11605,44.18827,-122.07779,480.2,
11606,44.18828,-122.07778,480.2,
11607,44.18832,-122.07771,479.9,
11608,44.1884,-122.07761,479.5,
11609,44.1884,-122.0776,479.5,
11610,44.18852,-122.07743,478.9,
11611,44.18853,-122.07743,478.9,
11612,44.18865,-122.07726,478.3,
11613,44.18866,-122.07725,478.3,
11614,44.18874,-122.07714,477.8,
11615,44.18876,-122.07706,477.8,
11616,44.18881,-122.07681,477.4,
11617,44.18885,-122.07658,477.4,
11618,44.18885,-122.07657,477.4,
11619,44.18887,-122.07645,477.7,
11620,44.18888,-122.07633,478.0,
11621,44.18888,-122.07632,478.1,
11622,44.18888,-122.07608,479.2,
11623,44.18888,-122.07607,479.3,
11624,44.18889,-122.07583,480.3,
11625,44.18889,-122.07577,480.5,
11626,44.18895,-122.07559,481.3,
11627,44.18902,-122.07536,482.0,
11628,44.18908,-122.07515,482.5,
11629,44.18904,-122.07489,482.7,
11630,44.18904,-122.07488,482.7,
11631,44.189,-122.07464,482.9,
11632,44.18899,-122.07454,483.0,
11633,44.18892,-122.07444,482.9,
11634,44.18891,-122.07443,482.8,
11635,44.18879,-122.07426,482.7,
11636,44.18879,-122.07425,482.7,
11637,44.1887,-122.07412,482.7,
11638,44.1887,-122.07406,482.7,
11639,44.1887,-122.07405,482.7,
11640,44.18873,-122.07381,482.8,
11641,44.18873,-122.0738,482.9,
11642,44.18873,-122.07379,482.9,
11643,44.18866,-122.07358,482.9,
11644,44.18866,-122.07357,482.9,
11645,44.18858,-122.07335,483.0,
11646,44.18856,-122.07329,483.0,
11647,44.18849,-122.07314,483.1,
11648,44.18849,-122.07313,483.1,
11649,44.1884,-122.07292,483.2,
11650,44.1884,-122.07291,483.2,
11651,44.18834,-122.07277,483.3,
11652,44.18828,-122.07278,483.3,
11653,44.1881,-122.07279,483.5,
11654,44.18795,-122.0728,483.6,
11655,44.18793,-122.07278,483.7,
11656,44.18792,-122.07277,483.7,
11657,44.18778,-122.07263,484.1,
11658,44.18778,-122.07262,484.1,
11659,44.18764,-122.07248,484.4,
11660,44.18764,-122.07247,484.4,
11661,44.18757,-122.07241,484.6,
11662,44.18751,-122.0723,484.9,
11663,44.1874,-122.0721,485.3,
11664,44.18729,-122.07191,486.0,
11665,44.18729,-122.0719,486.0,
11666,44.18725,-122.07184,486.4,
11667,44.18725,-122.07168,486.5,
11668,44.18725,-122.07167,486.5,
11669,44.18725,-122.07143,486.6,
11670,44.18725,-122.07142,486.6,
11671,44.18724,-122.07118,486.9,
11672,44.18724,-122.07117,486.9,
11673,44.18727,-122.07092,487.0,
11674,44.18729,-122.07068,487.3,
11675,44.18729,-122.07067,487.3,
11676,44.18731,-122.07043,487.6,
11677,44.18731,-122.07042,487.6,
11678,44.18734,-122.07018,488.0,
11679,44.18734,-122.07017,488.0,
11680,44.18736,-122.06993,488.3,
11681,44.18736,-122.06992,488.3,
11682,44.18737,-122.06985,488.3,
11683,44.1874,-122.06969,488.0,
11684,44.1874,-122.06968,488.0,
11685,44.18744,-122.06944,487.7,
11686,44.18753,-122.06923,486.9,
11687,44.18754,-122.06922,486.8,
11688,44.18763,-122.06901,486.6,
11689,44.18772,-122.0688,486.6,
11690,44.18772,-122.06879,486.6,
11691,44.18781,-122.06858,486.5,
11692,44.1879,-122.06837,486.4,
11693,44.18791,-122.06836,486.4,
11694,44.188,-122.06815,486.7,
11695,44.18809,-122.06794,487.0,
11696,44.18809,-122.06793,487.0,
11697,44.18814,-122.06782,487.2,
11698,44.1882,-122.06774,487.3,
11699,44.1882,-122.06773,487.4,
11700,44.18832,-122.06756,487.9,
11701,44.18833,-122.06756,487.8,
11702,44.18845,-122.06739,487.9,
11703,44.18846,-122.06738,487.8,
11704,44.18858,-122.06721,487.2,
11705,44.18858,-122.0672,487.2,
11706,44.18871,-122.06702,486.7,
11707,44.18883,-122.06685,486.5,
11708,44.18884,-122.06685,486.5,
11709,44.18896,-122.06668,486.6,
11710,44.18896,-122.06667,486.6,
11711,44.18904,-122.06657,486.8,
11712,44.18901,-122.06647,487.0,
11713,44.18895,-122.06624,487.4,
11714,44.18895,-122.06623,487.4,
11715,44.18894,-122.06621,487.4,
11716,44.18909,-122.06629,487.4,
11717,44.18909,-122.0663,487.4,
11718,44.1891,-122.0663,487.4,
11719,44.18924,-122.06618,488.3,
11720,44.18925,-122.06618,488.4,
11721,44.1894,-122.06605,489.6,
11722,44.18946,-122.066,490.1,
11723,44.18937,-122.06563,489.9,
11724,44.18936,-122.06562,489.7,
11725,44.18931,-122.06539,489.3,
11726,44.18931,-122.06538,489.3,
11727,44.18928,-122.06528,489.0,
11728,44.18937,-122.06522,490.5,
11729,44.18938,-122.06522,490.7,
11730,44.1894,-122.0652,491.1,
11731,44.18943,-122.0654,491.1,
11732,44.18947,-122.06564,491.0,
11733,44.18947,-122.06565,491.0,
11734,44.18951,-122.06588,490.7,
11735,44.18951,-122.06589,490.7,
11736,44.18952,-122.06598,490.4,
11737,44.18962,-122.06593,490.9,
11738,44.18963,-122.06593,491.0,
11739,44.1898,-122.06585,491.3,
11740,44.18996,-122.06577,491.5,
11741,44.19004,-122.06573,491.5,
11742,44.19008,-122.06561,492.5,
11743,44.19008,-122.0656,492.5,
11744,44.19015,-122.06538,494.8,
11745,44.19015,-122.06537,495.0,
11746,44.19017,-122.06532,495.6,
11747,44.19028,-122.0654,494.5,
11748,44.19029,-122.0654,494.5,
11749,44.19037,-122.06547,493.3,
11750,44.19033,-122.06556,492.2,
11751,44.1903,-122.06564,491.5,
11752,44.19039,-122.06572,490.1,
11753,44.1904,-122.06572,490.1,
11754,44.19055,-122.06584,488.1,
11755,44.19055,-122.06585,488.1,
11756,44.19056,-122.06585,488.1,
11757,44.1907,-122.06573,488.3,
11758,44.19071,-122.06573,488.3,
11759,44.19086,-122.06561,488.9,
11760,44.19087,-122.06561,488.9,
11761,44.19102,-122.06549,489.6,
11762,44.19102,-122.06548,489.7,
11763,44.19103,-122.06548,489.6,
11764,44.19098,-122.06525,494.5,
11765,44.19092,-122.06502,499.7,
11766,44.19092,-122.06501,499.9,
11767,44.19087,-122.06478,503.5,
11768,44.19087,-122.06477,503.7,
11769,44.19085,-122.0647,504.8,
11770,44.19098,-122.06466,503.9,
11771,44.19114,-122.0646,501.1,
11772,44.19114,-122.06459,501.2,
11773,44.1911,-122.06435,506.0,
11774,44.1911,-122.06434,506.1,
11775,44.19106,-122.06411,511.5,
11776,44.19106,-122.0641,511.6,
11777,44.19102,-122.06386,514.3,
11778,44.19102,-122.06385,514.3,
11779,44.19098,-122.06366,514.4,
11780,44.19096,-122.06363,514.7,
11781,44.19082,-122.06347,515.3,
11782,44.19082,-122.06346,515.3,
11783,44.19071,-122.06332,514.8,
11784,44.1907,-122.06329,514.6,
11785,44.1907,-122.06328,514.6,
11786,44.1907,-122.06304,512.1,
11787,44.1907,-122.06303,512.0,
11788,44.19069,-122.06288,510.0,
11789,44.19064,-122.06282,509.6,
11790,44.19063,-122.06282,509.6,
11791,44.1905,-122.06266,508.1,
11792,44.19036,-122.06251,507.2,
11793,44.19035,-122.0625,507.1,
11794,44.19029,-122.06243,506.9,
11795,44.19028,-122.0623,506.3,
11796,44.19028,-122.06229,506.2,
11797,44.19025,-122.06205,505.5,
11798,44.19023,-122.06186,505.2,
11799,44.19022,-122.06181,505.2,
11800,44.19022,-122.0618,505.2,
11801,44.1902,-122.06156,505.0,
11802,44.1902,-122.06155,505.0,
11803,44.1902,-122.06151,505.1,
11804,44.19037,-122.06085,505.3,
11805,44.19037,-122.06084,505.3,
11806,44.1904,-122.06076,505.3,
11807,44.19041,-122.06061,505.7,
11808,44.19041,-122.0606,505.8,
11809,44.19044,-122.06035,506.7,
11810,44.19046,-122.06011,508.1,
11811,44.19046,-122.0601,508.1,
11812,44.19048,-122.0599,509.8,
11813,44.19047,-122.05986,510.3,
11814,44.1904,-122.05963,512.7,
11815,44.19033,-122.0594,513.3,
11816,44.19033,-122.05939,513.3,
11817,44.19026,-122.05917,513.5,
11818,44.19026,-122.05916,513.5,
11819,44.19023,-122.05907,513.6,
11820,44.19032,-122.0587,514.0,
11821,44.19032,-122.05869,514.0,
11822,44.19034,-122.05845,514.0,
11823,44.19034,-122.05844,514.0,
11824,44.19034,-122.05834,514.0,
11825,44.19034,-122.0582,514.0,
11826,44.19034,-122.05819,514.0,
11827,44.19033,-122.05795,514.0,
11828,44.19032,-122.0577,514.0,
11829,44.19031,-122.05745,514.0,
11830,44.19031,-122.05732,514.0,
11831,44.19032,-122.0572,514.0,
11832,44.19032,-122.05719,514.0,
11833,44.19034,-122.05695,513.9,
11834,44.19036,-122.05669,513.9,
11835,44.19039,-122.05645,513.8,
11836,44.19039,-122.05644,513.8,
11837,44.19041,-122.0562,513.7,
11838,44.19043,-122.05595,513.8,
11839,44.19046,-122.05571,513.8,
11840,44.19046,-122.0557,513.8,
11841,44.19047,-122.05553,513.8,
11842,44.19048,-122.05545,513.7,
11843,44.19051,-122.05521,513.7,
11844,44.19051,-122.0552,513.7,
11845,44.19053,-122.05496,513.6,
11846,44.19053,-122.05495,513.6,
11847,44.19055,-122.05471,513.4,
11848,44.19058,-122.05446,513.0,
11849,44.19058,-122.05445,513.0,
11850,44.19058,-122.0544,512.8,
11851,44.19058,-122.05421,512.2,
11852,44.19058,-122.0542,512.1,
11853,44.19058,-122.05396,510.6,
11854,44.19058,-122.05395,510.5,
11855,44.19058,-122.05387,510.1,
11856,44.19049,-122.05377,509.8,
11857,44.19049,-122.05376,509.7,
11858,44.19035,-122.0536,509.5,
11859,44.19021,-122.05344,509.4,
11860,44.19015,-122.05336,509.4,
11861,44.1901,-122.0533,509.5,
11862,44.19012,-122.05315,509.2,
11863,44.19014,-122.0529,508.8,
11864,44.19016,-122.05265,508.6,
11865,44.19019,-122.0524,508.3,
11866,44.19021,-122.05215,508.2,
11867,44.19049,-122.05151,507.0,
11868,44.19057,-122.05128,506.7,
11869,44.19061,-122.05113,506.5,
11870,44.19061,-122.05104,506.5,
11871,44.1906,-122.05079,506.4,
11872,44.19059,-122.05054,506.3,
11873,44.19058,-122.05029,506.1,
11874,44.19057,-122.05004,505.9,
11875,44.19056,-122.04979,505.5,
11876,44.19055,-122.04954,505.1,
11877,44.19054,-122.04929,504.5,
11878,44.19054,-122.04904,503.9,
11879,44.19053,-122.04879,503.6,
11880,44.19052,-122.04863,503.8,
11881,44.19051,-122.04854,504.0,
11882,44.19047,-122.04831,505.0,
11883,44.19048,-122.04829,504.9,
11884,44.19052,-122.04805,504.6,
11885,44.19056,-122.04781,504.3,
11886,44.19061,-122.04756,503.9,
11887,44.19065,-122.04732,503.6,
11888,44.1907,-122.04708,503.3,
11889,44.19072,-122.04694,503.4,
11890,44.19075,-122.04684,503.7,
11891,44.19082,-122.04661,505.7,
11892,44.19089,-122.04638,507.3,
11893,44.19096,-122.04615,508.4,
11894,44.19103,-122.04592,509.2,
11895,44.19108,-122.04576,509.5,
11896,44.19111,-122.04569,509.6,
11897,44.19122,-122.04549,509.9,
11898,44.19133,-122.04529,510.4,
11899,44.19143,-122.04509,510.9,
11900,44.19157,-122.04492,511.3,
11901,44.1917,-122.04475,511.6,
11902,44.19183,-122.04459,511.9,
11903,44.19185,-122.04457,511.9,
11904,44.19199,-122.04446,511.7,
11905,44.19215,-122.04434,511.6,
11906,44.1923,-122.04421,511.7,
11907,44.19246,-122.04409,511.8,
11908,44.19258,-122.044,511.9,
11909,44.19262,-122.04398,511.9,
11910,44.19279,-122.04391,511.9,
11911,44.19297,-122.04384,512.1,
11912,44.19298,-122.04384,512.1,
11913,44.19313,-122.04373,512.2,
11914,44.19329,-122.04362,512.5,
11915,44.19336,-122.04357,512.7,
11916,44.19346,-122.04353,512.8,
11917,44.19363,-122.04346,513.0,
11918,44.1938,-122.04339,513.1,
11919,44.19397,-122.04332,513.2,
11920,44.19415,-122.04325,513.1,
11921,44.19432,-122.04318,513.2,
11922,44.19433,-122.04318,513.2,
11923,44.19443,-122.04299,513.8,
11924,44.19453,-122.04278,514.4,
11925,44.19463,-122.04258,515.0,
11926,44.19471,-122.04242,515.5,
11927,44.19476,-122.04243,515.5,
11928,44.19493,-122.04246,515.5,
11929,44.19504,-122.04248,515.5,
11930,44.19509,-122.04241,515.5,
11931,44.19523,-122.04224,515.6,
11932,44.19536,-122.04208,516.0,
11933,44.19537,-122.04206,516.1,
11934,44.19553,-122.04201,516.2,
11935,44.19571,-122.04196,516.1,
11936,44.19588,-122.04191,516.2,
11937,44.19606,-122.04186,516.3,
11938,44.19624,-122.04181,516.4,
11939,44.19641,-122.04176,516.5,
11940,44.19644,-122.04175,516.5,
11941,44.19659,-122.04174,516.5,
11942,44.19684,-122.04172,516.4,
11943,44.19695,-122.04174,516.2,
11944,44.1972,-122.04177,515.8,
11945,44.19731,-122.04174,515.9,
11946,44.19748,-122.04169,515.9,
11947,44.19755,-122.04167,515.9,
11948,44.19766,-122.04163,515.9,
11949,44.1978,-122.04157,516.0,
11950,44.19783,-122.04159,515.9,
11951,44.19799,-122.04171,515.4,
11952,44.19814,-122.04183,514.9,
11953,44.1983,-122.04195,514.4,
11954,44.19832,-122.04197,514.3,
11955,44.19845,-122.04209,513.8,
11956,44.1986,-122.04223,513.3,
11957,44.19869,-122.04231,513.1,
11958,44.19876,-122.04233,513.1,
11959,44.19894,-122.04238,513.2,
11960,44.19912,-122.04243,513.3,
11961,44.19929,-122.04248,513.3,
11962,44.19931,-122.04248,513.3,
11963,44.19946,-122.04256,513.3,
11964,44.19963,-122.04264,513.3,
11965,44.1998,-122.04273,513.3,
11966,44.19997,-122.04281,513.3,
11967,44.19999,-122.04282,513.3,
11968,44.20015,-122.04287,513.4,
11969,44.20032,-122.04292,513.5,
11970,44.2005,-122.04298,513.4,
11971,44.20067,-122.04304,513.3,
11972,44.20085,-122.04309,513.2,
11973,44.20093,-122.04312,513.2,
11974,44.20102,-122.0431,513.2,
11975,44.20129,-122.04306,513.2,
11976,44.20135,-122.04297,513.4,
11977,44.20147,-122.04278,513.6,
11978,44.20159,-122.0426,514.2,
11979,44.20159,-122.04259,514.3,
11980,44.20166,-122.04236,515.6,
11981,44.20172,-122.04213,516.8,
11982,44.20175,-122.04203,517.3,
11983,44.20178,-122.04189,517.8,
11984,44.20184,-122.04165,518.8,
11985,44.20189,-122.04141,519.5,
11986,44.2019,-122.04138,519.6,
11987,44.20198,-122.0412,520.2,
11988,44.20208,-122.04098,520.8,
11989,44.20215,-122.04082,521.3,
11990,44.20217,-122.04077,521.4,
11991,44.20224,-122.04054,521.9,
11992,44.2023,-122.04037,522.3,
11993,44.20233,-122.04033,522.4,
11994,44.20248,-122.04018,522.8,
11995,44.20262,-122.04003,523.2,
11996,44.20274,-122.03992,523.4,
11997,44.20277,-122.03989,523.5,
11998,44.20293,-122.03976,523.7,
11999,44.20308,-122.03964,523.9,
12000,44.20321,-122.03953,524.0,
12001,44.20324,-122.03952,524.0,
12002,44.20341,-122.03945,524.0,
12003,44.20359,-122.03938,524.1,
12004,44.20376,-122.03931,524.3,
12005,44.2038,-122.0393,524.3,
12006,44.20391,-122.03919,524.8,
12007,44.20406,-122.03905,525.0,
12008,44.20412,-122.039,525.2,
12009,44.20423,-122.03905,525.4,
12010,44.2044,-122.03914,525.7,
12011,44.20456,-122.03922,525.4,
12012,44.20473,-122.03931,525.3,
12013,44.2049,-122.03939,525.3,
12014,44.20507,-122.03948,525.3,
12015,44.20509,-122.03949,525.3,
12016,44.20521,-122.03963,525.2,
12017,44.20535,-122.03979,525.1,
12018,44.20536,-122.0398,525.1,
12019,44.20551,-122.0397,526.8,
12020,44.20558,-122.03965,527.6,
12021,44.20558,-122.03965,527.6,
12022,44.20595,-122.04014,528.3,
12023,44.20611,-122.04037,528.7,
12024,44.2062,-122.04051,528.9,
12025,44.20634,-122.04075,529.1,
12026,44.20645,-122.04095,529.3,
12027,44.20657,-122.04114,529.7,
12028,44.20665,-122.04128,529.9,
12029,44.20692,-122.04173,529.9,
12030,44.20716,-122.04208,529.8,
12031,44.20728,-122.04227,529.7,
12032,44.20741,-122.04245,529.7,
12033,44.20753,-122.04263,529.8,
12034,44.20765,-122.04282,529.7,
12035,44.20778,-122.043,529.9,
12036,44.2079,-122.04318,530.1,
12037,44.20802,-122.04336,530.3,
12038,44.20855,-122.04415,530.8,
12039,44.20901,-122.04482,529.5,
12040,44.2093,-122.04524,528.1,
12041,44.20956,-122.04553,527.6,
12042,44.20969,-122.04565,527.6,
12043,44.20983,-122.04579,527.4,
12044,44.20985,-122.04581,527.4,
12045,44.20999,-122.04591,527.7,
12046,44.21015,-122.04603,527.7,
12047,44.21017,-122.04605,527.6,
12048,44.21129,-122.04678,527.2,
12049,44.2113,-122.04678,527.4,
12050,44.21145,-122.04689,527.4,
12051,44.21161,-122.04701,527.6,
12052,44.21177,-122.04713,528.3,
12053,44.21193,-122.04724,528.8,
12054,44.21208,-122.04736,529.0,
12055,44.21232,-122.04753,529.6,
12056,44.21256,-122.04772,529.7,
12057,44.21271,-122.04785,529.4,
12058,44.21287,-122.04798,528.9,
12059,44.21302,-122.0481,529.0,
12060,44.21318,-122.04823,529.3,
12061,44.21333,-122.04836,529.8,
12062,44.21348,-122.0485,530.5,
12063,44.21378,-122.04878,531.5,
12064,44.21413,-122.04909,532.7,
12065,44.21442,-122.04938,534.0,
12066,44.21452,-122.04948,535.5,
12067,44.21467,-122.04964,536.8,
12068,44.21476,-122.04974,536.8,
12069,44.21481,-122.0498,536.4,
12070,44.21494,-122.04997,535.8,
12071,44.21512,-122.0502,535.6,
12072,44.21553,-122.05092,543.9,
12073,44.21594,-122.05173,542.4,
12074,44.21626,-122.05235,542.6,
12075,44.21669,-122.05321,544.5,
12076,44.2168,-122.05342,545.0,
12077,44.21694,-122.05371,545.3,
12078,44.21721,-122.05423,545.8,
12079,44.21789,-122.05554,546.3,
12080,44.21852,-122.05678,546.7,
12081,44.21871,-122.05705,546.8,
12082,44.21883,-122.05722,546.9,
12083,44.21898,-122.05739,547.0,
12084,44.21912,-122.05753,547.2,
12085,44.21912,-122.05754,547.2,
12086,44.21927,-122.05768,547.4,
12087,44.2194,-122.05779,547.5,
12088,44.21959,-122.05791,547.9,
12089,44.21981,-122.05805,548.2,
12090,44.22021,-122.05824,548.3,
12091,44.22061,-122.05836,551.0,
12092,44.22062,-122.05836,551.3,
12093,44.2208,-122.05839,553.7,
12094,44.22092,-122.05841,554.2,
12095,44.22202,-122.05858,555.2,
12096,44.22205,-122.05858,555.3,
12097,44.22258,-122.05869,555.6,
12098,44.22267,-122.05871,555.5,
12099,44.22276,-122.05873,555.5,
12100,44.22297,-122.05878,555.4,
12101,44.22311,-122.05882,555.1,
12102,44.22329,-122.05887,555.0,
12103,44.22361,-122.05897,555.0,
12104,44.22364,-122.05898,555.0,
12105,44.22429,-122.05917,554.4,
12106,44.22464,-122.05928,554.7,
12107,44.2247,-122.05929,554.9,
12108,44.22487,-122.05932,555.3,
12109,44.22508,-122.05936,555.3,
12110,44.22541,-122.05941,554.0,
12111,44.22554,-122.05943,553.2,
12112,44.22559,-122.05944,553.1,
12113,44.2263,-122.05955,557.1,
12114,44.22648,-122.05957,557.2,
12115,44.22684,-122.05963,557.6,
12116,44.22689,-122.05963,557.9,
12117,44.22702,-122.05965,558.2,
12118,44.2272,-122.05967,558.6,
12119,44.22756,-122.05971,558.0,
12120,44.22764,-122.05971,557.8,
12121,44.2278,-122.0597,557.6,
12122,44.2281,-122.05967,556.9,
12123,44.22814,-122.05966,556.8,
12124,44.22827,-122.05962,556.7,
12125,44.22845,-122.05956,556.6,
12126,44.2286,-122.0595,556.4,
12127,44.22897,-122.05932,557.1,
12128,44.22923,-122.05917,557.9,
12129,44.22983,-122.05867,558.8,
12130,44.23019,-122.05831,558.9,
12131,44.23048,-122.05801,559.2,
12132,44.23056,-122.05794,559.3,
12133,44.23137,-122.05714,563.6,
12134,44.23225,-122.05628,562.9,
12135,44.2324,-122.05613,563.0,
12136,44.23256,-122.05602,563.3,
12137,44.23272,-122.05591,563.9,
12138,44.23291,-122.05578,564.9,
12139,44.23322,-122.05565,566.5,
12140,44.23375,-122.05546,569.7,
12141,44.23416,-122.05537,571.5,
12142,44.23428,-122.05536,571.7,
12143,44.23458,-122.05535,572.1,
12144,44.23494,-122.05536,572.0,
12145,44.235,-122.05536,572.0,
12146,44.23518,-122.05536,572.1,
12147,44.23554,-122.05537,572.1,
12148,44.2359,-122.05538,572.2,
12149,44.23608,-122.05539,572.3,
12150,44.23612,-122.05539,572.3,
12151,44.23626,-122.05539,572.4,
12152,44.23662,-122.05541,572.3,
12153,44.2368,-122.05541,572.4,
12154,44.23713,-122.05542,572.6,
12155,44.23713,-122.05542,572.6,
12156,44.23719,-122.05553,572.3,
12157,44.23725,-122.05566,571.9,
12158,44.2373,-122.05572,571.8,
12159,44.23732,-122.05575,571.7,
12160,44.23741,-122.05591,571.2,
12161,44.23753,-122.05611,570.7,
12162,44.23764,-122.0563,570.3,
12163,44.23775,-122.0565,569.9,
12164,44.23782,-122.05661,569.7,
12165,44.23787,-122.05668,569.6,
12166,44.238,-122.05686,569.3,
12167,44.23804,-122.05692,569.3,
12168,44.23827,-122.0572,569.0,
12169,44.2384,-122.05736,568.9,
12170,44.23854,-122.05753,569.0,
12171,44.23867,-122.0577,569.2,
12172,44.23881,-122.05787,569.5,
12173,44.23894,-122.05803,569.8,
12174,44.23921,-122.05837,570.9,
12175,44.23934,-122.05853,571.4,
12176,44.23946,-122.05867,571.9,
12177,44.23965,-122.05888,572.6,
12178,44.23975,-122.05895,572.9,
12179,44.23982,-122.05897,573.2,
12180,44.23986,-122.05899,573.2,
12181,44.23993,-122.05899,573.2,
12182,44.23993,-122.05899,573.2,
12183,44.24007,-122.05884,572.7,
12184,44.24021,-122.05868,572.1,
12185,44.2403,-122.05858,571.8,
12186,44.24033,-122.05857,571.8,
12187,44.24036,-122.05857,571.8,
12188,44.24052,-122.05869,572.1,
12189,44.24068,-122.0588,572.6,
12190,44.24082,-122.05889,572.8,
12191,44.24085,-122.05889,572.8,
12192,44.24103,-122.05893,572.6,
12193,44.24104,-122.05893,572.5,
12194,44.2412,-122.05892,572.1,
12195,44.24127,-122.05891,572.0,
12196,44.24146,-122.05901,571.9,
12197,44.24147,-122.05902,571.9,
12198,44.2415,-122.05901,571.8,
12199,44.24155,-122.05899,571.7,
12200,44.24163,-122.05894,571.4,
12201,44.24164,-122.05893,571.4,
12202,44.24166,-122.0589,571.3,
12203,44.24167,-122.05888,571.3,
12204,44.24168,-122.05884,571.2,
12205,44.24172,-122.05865,571.3,
12206,44.24173,-122.05863,571.4,
12207,44.24172,-122.05861,571.4,
12208,44.24171,-122.05861,571.3,
12209,44.24162,-122.05851,571.1,
12210,44.2416,-122.0585,571.1,
12211,44.2416,-122.05847,571.4,
12212,44.2416,-122.05846,571.5,
12213,44.24162,-122.05845,571.9,
12214,44.24178,-122.0584,578.8,
12215,44.24179,-122.0584,579.3,
12216,44.24179,-122.05839,579.8,
12217,44.2418,-122.05838,580.7,
12218,44.2418,-122.05837,581.1,
12219,44.24179,-122.05835,581.7,
12220,44.24167,-122.05825,580.9,
12221,44.24161,-122.0582,579.8,
12222,44.24159,-122.05818,579.6,
12223,44.24158,-122.05817,579.5,
12224,44.24156,-122.05807,581.5,
12225,44.2415,-122.05789,581.9,
12226,44.2415,-122.05783,582.3,
12227,44.24149,-122.05758,581.5,
12228,44.24156,-122.05735,581.8,
12229,44.24159,-122.0572,581.2,
12230,44.24161,-122.05711,580.9,
12231,44.24164,-122.05686,578.9,
12232,44.24165,-122.05676,577.9,
12233,44.2417,-122.05662,577.5,
12234,44.24178,-122.0564,576.8,
12235,44.24183,-122.05624,575.6,
12236,44.24187,-122.05618,575.8,
12237,44.24199,-122.056,576.7,
12238,44.24203,-122.05593,576.8,
12239,44.24209,-122.0558,576.8,
12240,44.24219,-122.05559,577.6,
12241,44.24222,-122.05554,578.0,
12242,44.24228,-122.05537,578.1,
12243,44.24236,-122.05515,579.0,
12244,44.24245,-122.05492,579.9,
12245,44.24253,-122.0547,580.4,
12246,44.2426,-122.0545,580.5,
12247,44.24261,-122.05448,580.6,
12248,44.24261,-122.05446,580.4,
12249,44.24257,-122.05427,578.7,
12250,44.24257,-122.05425,578.6,
12251,44.24257,-122.05423,578.5,
12252,44.24266,-122.05402,578.9,
12253,44.24275,-122.0538,579.3,
12254,44.24282,-122.05365,579.7,
12255,44.24284,-122.05358,579.7,
12256,44.24289,-122.05334,579.7,
12257,44.24294,-122.05316,580.0,
12258,44.24294,-122.0531,579.8,
12259,44.24292,-122.05285,579.1,
12260,44.24291,-122.0526,578.6,
12261,44.2429,-122.05235,578.3,
12262,44.24289,-122.0521,577.8,
12263,44.24288,-122.05194,577.5,
12264,44.24288,-122.05192,577.5,
12265,44.24289,-122.05188,577.5,
12266,44.24291,-122.05186,577.7,
12267,44.24301,-122.05165,578.6,
12268,44.24309,-122.05149,579.4,
12269,44.2431,-122.05144,579.5,
12270,44.24316,-122.0512,579.9,
12271,44.24318,-122.05111,580.1,
12272,44.24317,-122.05095,579.7,
12273,44.24316,-122.0507,579.1,
12274,44.24315,-122.05067,578.9,
12275,44.24315,-122.05065,578.9,
12276,44.24316,-122.05062,578.9,
12277,44.24321,-122.05047,579.2,
12278,44.24329,-122.05024,579.6,
12279,44.24337,-122.05002,580.1,
12280,44.24345,-122.04979,580.4,
12281,44.24368,-122.04912,580.8,
12282,44.24371,-122.04905,580.9,
12283,44.24376,-122.04889,580.8,
12284,44.24378,-122.04881,580.8,
12285,44.24388,-122.0487,581.6,
12286,44.24402,-122.04854,582.5,
12287,44.24422,-122.0483,583.5,
12288,44.24429,-122.04823,583.8,
12289,44.24444,-122.04808,584.2,
12290,44.24458,-122.04793,584.2,
12291,44.24473,-122.04778,584.2,
12292,44.24482,-122.04769,584.1,
12293,44.24488,-122.04764,584.0,
12294,44.24504,-122.04752,584.0,
12295,44.24519,-122.0474,583.9,
12296,44.24535,-122.04728,584.3,
12297,44.24551,-122.04716,585.5,
12298,44.24565,-122.04704,587.1,
12299,44.24567,-122.04704,587.5,
12300,44.24584,-122.04699,590.5,
12301,44.24602,-122.04693,593.5,
12302,44.24603,-122.04693,593.7,
12303,44.24605,-122.04692,594.0,
12304,44.24608,-122.04689,594.1,
12305,44.24615,-122.04677,592.7,
12306,44.24627,-122.04658,589.7,
12307,44.24639,-122.04639,586.7,
12308,44.24648,-122.04624,585.0,
12309,44.24651,-122.0462,584.7,
12310,44.24663,-122.04603,584.0,
12311,44.2467,-122.04594,583.8,
12312,44.24676,-122.04585,583.8,
12313,44.24677,-122.04585,583.8,
12314,44.24692,-122.04576,583.8,
12315,44.24693,-122.04576,583.8,
12316,44.24709,-122.04565,583.9,
12317,44.24723,-122.04557,583.9,
12318,44.24726,-122.04555,584.0,
12319,44.24742,-122.04543,584.0,
12320,44.24754,-122.04534,583.9,
12321,44.24757,-122.04531,583.8,
12322,44.24772,-122.04516,583.9,
12323,44.24786,-122.045,584.1,
12324,44.248,-122.04485,584.3,
12325,44.24809,-122.04476,584.7,
12326,44.24814,-122.04469,584.8,
12327,44.24828,-122.04453,586.2,
12328,44.24841,-122.04436,587.3,
12329,44.24854,-122.0442,588.2,
12330,44.24855,-122.0442,588.3,
12331,44.24872,-122.04412,590.1,
12332,44.24889,-122.04405,591.2,
12333,44.24896,-122.04402,591.5,
12334,44.24905,-122.04394,591.5,
12335,44.24917,-122.04383,591.5,
12336,44.2492,-122.04381,591.6,
12337,44.24935,-122.04377,592.1,
12338,44.24937,-122.04375,592.1,
12339,44.24937,-122.04374,592.0,
12340,44.24938,-122.04372,592.0,
12341,44.24945,-122.04352,591.4,
12342,44.24953,-122.04329,590.8,
12343,44.24961,-122.04306,590.4,
12344,44.24964,-122.04296,590.2,
12345,44.24968,-122.04283,590.0,
12346,44.24975,-122.0426,589.6,
12347,44.24979,-122.04247,589.5,
12348,44.24982,-122.04237,589.3,
12349,44.24987,-122.04213,588.8,
12350,44.24988,-122.04211,588.8,
12351,44.24989,-122.04208,588.8,
12352,44.24991,-122.04205,588.8,
12353,44.25002,-122.04201,589.9,
12354,44.25019,-122.04195,591.7,
12355,44.2503,-122.0419,592.7,
12356,44.25036,-122.04186,593.0,
12357,44.25051,-122.04173,593.0,
12358,44.25067,-122.04161,591.9,
12359,44.25069,-122.04159,591.5,
12360,44.2508,-122.04154,590.5,
12361,44.25082,-122.04154,590.4,
12362,44.25084,-122.04154,590.4,
12363,44.25085,-122.04154,590.4,
12364,44.25098,-122.04159,591.1,
12365,44.25101,-122.04159,590.9,
12366,44.25119,-122.04156,588.4,
12367,44.25137,-122.04153,587.0,
12368,44.2515,-122.04151,586.3,
12369,44.25155,-122.0415,586.1,
12370,44.25173,-122.04148,585.7,
12371,44.25191,-122.04146,586.0,
12372,44.25206,-122.04144,586.6,
12373,44.25209,-122.04143,586.8,
12374,44.25226,-122.04137,587.5,
12375,44.25243,-122.0413,588.4,
12376,44.25248,-122.04128,588.7,
12377,44.2526,-122.04121,588.9,
12378,44.25277,-122.04112,588.9,
12379,44.25283,-122.04109,588.8,
12380,44.25294,-122.04106,588.7,
12381,44.25312,-122.04101,588.2,
12382,44.2533,-122.04096,588.4,
12383,44.25347,-122.04091,592.6,
12384,44.25351,-122.0409,593.8,
12385,44.25383,-122.04086,597.4,
12386,44.25401,-122.04084,598.0,
12387,44.25419,-122.04082,598.2,
12388,44.2543,-122.04081,598.3,
12389,44.25437,-122.04082,598.4,
12390,44.25455,-122.04083,598.5,
12391,44.25473,-122.04084,598.6,
12392,44.25491,-122.04085,598.6,
12393,44.25508,-122.04086,598.4,
12394,44.25509,-122.04087,598.5,
12395,44.25526,-122.04094,598.6,
12396,44.25543,-122.04101,598.8,
12397,44.2556,-122.04108,598.9,
12398,44.25578,-122.04115,598.9,
12399,44.2558,-122.04116,598.9,
12400,44.25594,-122.04126,599.1,
12401,44.2561,-122.04138,599.3,
12402,44.25626,-122.0415,599.2,
12403,44.25642,-122.04161,598.8,
12404,44.25657,-122.04172,598.4,
12405,44.25657,-122.04173,598.4,
12406,44.25671,-122.04189,598.4,
12407,44.25685,-122.04205,598.2,
12408,44.25699,-122.04222,598.2,
12409,44.25713,-122.04238,598.2,
12410,44.25722,-122.04248,598.2,
12411,44.25726,-122.04254,598.3,
12412,44.25739,-122.04271,598.5,
12413,44.25752,-122.04289,598.7,
12414,44.25765,-122.04306,598.6,
12415,44.25778,-122.04323,598.5,
12416,44.2579,-122.04339,598.5,
12417,44.25791,-122.0434,598.5,
12418,44.25803,-122.04359,598.6,
12419,44.25816,-122.04378,598.6,
12420,44.25828,-122.04396,598.5,
12421,44.2584,-122.04415,598.2,
12422,44.25852,-122.04434,598.0,
12423,44.25854,-122.04437,598.1,
12424,44.25865,-122.04451,598.0,
12425,44.25878,-122.04468,598.2,
12426,44.25892,-122.04484,598.5,
12427,44.25905,-122.04501,599.0,
12428,44.25919,-122.04518,599.3,
12429,44.25932,-122.04534,599.8,
12430,44.25932,-122.04535,600.0,
12431,44.25947,-122.04548,599.8,
12432,44.25962,-122.04561,599.8,
12433,44.25977,-122.04575,600.1,
12434,44.25993,-122.04588,600.1,
12435,44.26008,-122.04602,601.5,
12436,44.26023,-122.04615,604.1,
12437,44.2603,-122.04621,606.0,
12438,44.26038,-122.04626,607.5,
12439,44.26039,-122.04627,607.9,
12440,44.26053,-122.04632,608.4,
12441,44.26056,-122.04633,608.4,
12442,44.26074,-122.04638,607.6,
12443,44.26092,-122.04643,607.0,
12444,44.26109,-122.04648,606.1,
12445,44.26127,-122.04654,605.4,
12446,44.26144,-122.04659,604.8,
12447,44.26162,-122.04664,604.2,
12448,44.2618,-122.04669,603.4,
12449,44.26197,-122.04674,602.6,
12450,44.26204,-122.04677,602.1,
12451,44.26215,-122.04681,600.1,
12452,44.26232,-122.04688,598.2,
12453,44.26249,-122.04695,600.0,
12454,44.26266,-122.04702,600.4,
12455,44.26283,-122.0471,600.5,
12456,44.26297,-122.04715,600.8,
12457,44.26301,-122.04716,601.0,
12458,44.26319,-122.0472,602.1,
12459,44.26336,-122.04723,603.6,
12460,44.26354,-122.04727,606.0,
12461,44.26372,-122.0473,609.4,
12462,44.26388,-122.04733,611.2,
12463,44.2639,-122.04733,611.3,
12464,44.26408,-122.0473,611.8,
12465,44.26426,-122.04728,611.9,
12466,44.26443,-122.04725,611.4,
12467,44.26461,-122.04722,610.8,
12468,44.26473,-122.0472,610.2,
12469,44.26479,-122.04723,610.3,
12470,44.26496,-122.0473,610.4,
12471,44.26513,-122.04737,610.4,
12472,44.26522,-122.04741,610.2,
12473,44.26547,-122.04757,610.1,
12474,44.26563,-122.04768,610.0,
12475,44.26568,-122.04771,610.0,
12476,44.26579,-122.0478,610.1,
12477,44.26594,-122.04792,610.3,
12478,44.2661,-122.04805,610.5,
12479,44.26616,-122.04811,610.8,
12480,44.26625,-122.04818,610.8,
12481,44.26632,-122.04825,610.9,
12482,44.26638,-122.04835,611.7,
12483,44.26646,-122.04849,613.0,
12484,44.26649,-122.04855,613.6,
12485,44.26661,-122.04873,614.8,
12486,44.26668,-122.04883,615.1,
12487,44.2668,-122.04901,615.8,
12488,44.26692,-122.04919,616.1,
12489,44.26705,-122.04937,615.6,
12490,44.26709,-122.04944,615.7,
12491,44.26716,-122.04957,615.9,
12492,44.26727,-122.04977,616.0,
12493,44.26738,-122.04996,615.9,
12494,44.26745,-122.05008,615.9,
12495,44.2675,-122.05015,615.6,
12496,44.26753,-122.05018,615.3,
12497,44.26766,-122.05027,613.5,
12498,44.26782,-122.05038,611.6,
12499,44.26788,-122.05042,611.3,
12500,44.26794,-122.05048,612.3,
12501,44.26797,-122.05052,612.7,
12502,44.26808,-122.05072,614.5,
12503,44.2682,-122.05091,615.5,
12504,44.2683,-122.05107,616.0,
12505,44.26832,-122.0511,616.1,
12506,44.26844,-122.05128,616.5,
12507,44.26856,-122.05146,616.8,
12508,44.26869,-122.05165,617.2,
12509,44.26881,-122.05183,617.6,
12510,44.26893,-122.05201,617.6,
12511,44.26895,-122.05203,617.6,
12512,44.26902,-122.0521,617.8,
12513,44.26909,-122.05214,617.5,
12514,44.26925,-122.05224,616.8,
12515,44.26942,-122.05233,618.4,
12516,44.26958,-122.05243,620.3,
12517,44.26966,-122.05247,620.6,
12518,44.26976,-122.05249,620.6,
12519,44.26994,-122.05252,620.3,
12520,44.27011,-122.05255,620.7,
12521,44.27025,-122.05257,620.7,
12522,44.27029,-122.05259,620.6,
12523,44.27046,-122.05267,621.3,
12524,44.27063,-122.05274,624.5,
12525,44.2708,-122.05282,633.1,
12526,44.27097,-122.0529,643.8,
12527,44.27098,-122.0529,644.0,
12528,44.27105,-122.0529,645.7,
12529,44.27114,-122.05288,646.9,
12530,44.27115,-122.05288,647.0,
12531,44.27133,-122.05281,647.1,
12532,44.2715,-122.05275,644.4,
12533,44.27168,-122.05269,640.8,
12534,44.2717,-122.05268,640.5,
12535,44.27185,-122.05261,639.3,
12536,44.27202,-122.05254,640.4,
12537,44.27219,-122.05246,643.3,
12538,44.27235,-122.0524,647.1,
12539,44.27236,-122.05238,647.0,
12540,44.27241,-122.05234,647.7,
12541,44.2725,-122.05223,647.8,
12542,44.27259,-122.05212,647.1,
12543,44.27264,-122.05207,646.5,
12544,44.2727,-122.05202,645.8,
12545,44.27281,-122.05197,644.9,
12546,44.27285,-122.05195,644.6,
12547,44.27291,-122.05194,644.3,
12548,44.27298,-122.05195,644.4,
12549,44.273,-122.05195,644.2,
12550,44.27316,-122.052,644.2,
12551,44.27331,-122.05205,644.3,
12552,44.27333,-122.05206,644.3,
12553,44.27351,-122.05213,645.2,
12554,44.27365,-122.05218,645.6,
12555,44.27368,-122.05218,645.6,
12556,44.27386,-122.05215,645.8,
12557,44.27392,-122.05214,646.0,
12558,44.27397,-122.05209,646.1,
12559,44.27401,-122.05204,646.5,
12560,44.27402,-122.05203,646.7,
12561,44.27409,-122.05182,648.9,
12562,44.27409,-122.05182,648.9,
12563,44.27402,-122.05166,648.2,
12564,44.274,-122.0516,647.9,
12565,44.27394,-122.05148,646.6,
12566,44.27392,-122.05145,645.7,
12567,44.2739,-122.0514,644.0,
12568,44.27381,-122.05125,643.2,
12569,44.27378,-122.0512,643.6,
12570,44.2737,-122.05106,643.3,
12571,44.27367,-122.05101,642.9,
12572,44.27358,-122.05086,643.6,
12573,44.27355,-122.05081,643.6,
12574,44.27344,-122.05062,643.8,
12575,44.27323,-122.05026,644.7,
12576,44.27295,-122.04982,644.6,
12577,44.27284,-122.04964,643.9,
12578,44.27278,-122.04955,643.6,
12579,44.27272,-122.04948,643.3,
12580,44.27272,-122.04944,643.2,
12581,44.27273,-122.04939,643.1,
12582,44.27276,-122.04932,642.9,
12583,44.27285,-122.0492,642.4,
12584,44.27287,-122.04916,642.3,
12585,44.2729,-122.04911,642.2,
12586,44.27291,-122.04907,642.3,
12587,44.27284,-122.04887,642.9,
12588,44.27284,-122.04885,642.6,
12589,44.27282,-122.0488,641.9,
12590,44.27283,-122.04875,640.8,
12591,44.27283,-122.0487,639.8,
12592,44.27284,-122.04867,639.3,
12593,44.27284,-122.04865,638.9,
12594,44.27289,-122.04846,637.6,
12595,44.273,-122.04804,638.0,
12596,44.27307,-122.04781,638.8,
12597,44.27309,-122.04773,639.1,
12598,44.2731,-122.04771,639.2,
12599,44.27311,-122.04767,639.3,
12600,44.27314,-122.04757,639.7,
12601,44.27316,-122.0475,640.1,
12602,44.2732,-122.04734,640.7,
12603,44.27322,-122.04726,641.0,
12604,44.27323,-122.04724,641.1,
12605,44.27324,-122.0472,641.3,
12606,44.27327,-122.04711,641.8,
12607,44.27329,-122.04703,642.1,
12608,44.2734,-122.04664,643.8,
12609,44.27342,-122.04656,644.2,
12610,44.27343,-122.0465,644.3,
12611,44.27345,-122.04644,644.5,
12612,44.27346,-122.0464,644.6,
12613,44.27353,-122.04617,645.0,
12614,44.27353,-122.04617,645.0,
12615,44.27445,-122.0466,648.5,
12616,44.27469,-122.0467,648.7,
12617,44.27502,-122.04684,648.7,
12618,44.27521,-122.04692,648.6,
12619,44.27538,-122.04696,648.5,
12620,44.27548,-122.04698,648.5,
12621,44.27549,-122.04699,648.4,
12622,44.27559,-122.047,648.5,
12623,44.27567,-122.047,648.5,
12624,44.27571,-122.047,648.5,
12625,44.2758,-122.047,648.5,
12626,44.27589,-122.04699,648.6,
12627,44.27603,-122.04697,648.7,
12628,44.2762,-122.04692,649.1,
12629,44.2762,-122.04691,649.2,
12630,44.27634,-122.04685,649.3,
12631,44.27637,-122.04683,649.4,
12632,44.27651,-122.04676,649.2,
12633,44.27654,-122.04674,649.2,
12634,44.27676,-122.04658,649.6,
12635,44.277,-122.04638,649.2,
12636,44.27724,-122.04613,650.5,
12637,44.2773,-122.04608,650.2,
12638,44.27752,-122.04586,650.4,
12639,44.27771,-122.04567,650.3,
12640,44.27791,-122.04549,649.9,
12641,44.27819,-122.04526,649.3,
12642,44.27842,-122.0451,647.9,
12643,44.27869,-122.04493,646.5,
12644,44.27953,-122.04447,648.6,
12645,44.27963,-122.04442,648.5,
12646,44.2797,-122.04438,648.5,
12647,44.27987,-122.04429,648.3,
12648,44.28011,-122.04416,648.9,
12649,44.28103,-122.04367,649.5,
12650,44.28165,-122.04333,649.0,
12651,44.28171,-122.0433,649.0,
12652,44.28205,-122.04312,649.1,
12653,44.28206,-122.04311,649.2,
12654,44.28221,-122.04303,649.2,
12655,44.28261,-122.04281,649.6,
12656,44.28321,-122.04249,649.8,
12657,44.28369,-122.04222,650.1,
12658,44.28389,-122.0421,650.2,
12659,44.28392,-122.04208,650.3,
12660,44.28409,-122.04195,650.6,
12661,44.28427,-122.04178,651.2,
12662,44.28459,-122.04143,653.3,
12663,44.28459,-122.04143,653.3,
12664,44.28476,-122.04144,651.4,
12665,44.28477,-122.04144,651.2,
12666,44.28482,-122.04142,650.9,
12667,44.28486,-122.0414,650.7,
12668,44.28491,-122.04137,650.4,
12669,44.28495,-122.04134,650.2,
12670,44.28499,-122.0413,650.2,
12671,44.28502,-122.04127,650.1,
12672,44.28507,-122.04121,650.0,
12673,44.28519,-122.04102,649.8,
12674,44.28526,-122.04089,649.5,
12675,44.2853,-122.04081,649.1,
12676,44.28539,-122.04057,648.0,
12677,44.28541,-122.0405,648.0,
12678,44.28544,-122.04044,648.0,
12679,44.28547,-122.04037,648.3,
12680,44.28552,-122.04029,648.6,
12681,44.28566,-122.04027,649.1,
12682,44.28579,-122.04025,649.6,
12683,44.28584,-122.04025,649.8,
12684,44.28585,-122.04025,649.9,
12685,44.28596,-122.04024,650.3,
12686,44.28603,-122.04024,650.6,
12687,44.28614,-122.04024,651.0,
12688,44.28632,-122.04025,651.8,
12689,44.28647,-122.04008,653.4,
12690,44.2865,-122.04004,653.7,
12691,44.28661,-122.03992,654.9,
12692,44.28663,-122.03989,655.2,
12693,44.28664,-122.03988,655.3,
12694,44.28674,-122.03976,656.7,
12695,44.28678,-122.03971,657.3,
12696,44.28688,-122.03959,658.4,
12697,44.28692,-122.03955,659.2,
12698,44.28715,-122.03927,659.4,
12699,44.28732,-122.03906,661.7,
12700,44.28742,-122.03894,663.2,
12701,44.28746,-122.03889,663.7,
12702,44.2876,-122.03873,665.3,
12703,44.28773,-122.03857,666.4,
12704,44.28787,-122.0384,667.3,
12705,44.28828,-122.03791,668.9,
12706,44.28842,-122.03775,669.3,
12707,44.28855,-122.03759,669.5,
12708,44.28869,-122.03742,669.9,
12709,44.28881,-122.03728,670.1,
12710,44.28883,-122.03726,670.1,
12711,44.28896,-122.03709,670.4,
12712,44.2891,-122.03693,670.5,
12713,44.28923,-122.03676,670.7,
12714,44.28937,-122.0366,670.7,
12715,44.28951,-122.03644,670.7,
12716,44.28964,-122.03627,670.6,
12717,44.28978,-122.03611,670.3,
12718,44.28991,-122.03594,669.6,
12719,44.29003,-122.0358,668.5,
12720,44.29005,-122.03579,668.4,
12721,44.29022,-122.0357,667.7,
12722,44.29028,-122.03566,667.7,
12723,44.29039,-122.03571,669.6,
12724,44.29043,-122.03572,670.3,
12725,44.29056,-122.03578,673.0,
12726,44.29074,-122.03584,676.8,
12727,44.29074,-122.03584,676.8,
12728,44.29081,-122.03552,673.8,
12729,44.29086,-122.03528,671.6,
12730,44.29091,-122.03504,669.5,
12731,44.29096,-122.0348,667.1,
12732,44.29099,-122.03469,666.0,
12733,44.29101,-122.03463,665.4,
12734,44.29103,-122.03457,664.9,
12735,44.29104,-122.03456,664.9,
12736,44.29117,-122.0344,664.5,
12737,44.29125,-122.0343,664.1,
12738,44.29128,-122.03427,664.1,
12739,44.29131,-122.03425,664.2,
12740,44.29148,-122.03417,665.6,
12741,44.29165,-122.03409,666.9,
12742,44.2918,-122.03401,667.7,
12743,44.29181,-122.034,667.7,
12744,44.29185,-122.03396,667.4,
12745,44.29187,-122.03393,667.1,
12746,44.29195,-122.03383,666.0,
12747,44.29207,-122.03365,662.8,
12748,44.29221,-122.03349,659.7,
12749,44.29235,-122.03334,659.1,
12750,44.29235,-122.03333,659.1,
12751,44.29237,-122.03332,659.1,
12752,44.2924,-122.03332,659.1,
12753,44.29249,-122.03339,659.1,
12754,44.29252,-122.0334,659.1,
12755,44.29253,-122.03339,659.1,
12756,44.2927,-122.03335,659.9,
12757,44.29275,-122.03333,660.4,
12758,44.29287,-122.03328,661.8,
12759,44.29304,-122.03322,663.2,
12760,44.29316,-122.03317,663.7,
12761,44.29321,-122.03314,663.7,
12762,44.29338,-122.03304,663.4,
12763,44.29371,-122.03283,662.2,
12764,44.29387,-122.03273,662.0,
12765,44.294,-122.03265,661.9,
12766,44.29403,-122.03262,661.7,
12767,44.2942,-122.03251,661.8,
12768,44.29436,-122.0324,663.6,
12769,44.29452,-122.03229,665.8,
12770,44.29468,-122.03218,667.1,
12771,44.29484,-122.03207,667.8,
12772,44.295,-122.03196,668.4,
12773,44.29517,-122.03185,668.7,
12774,44.2953,-122.03176,669.0,
12775,44.29533,-122.03174,669.0,
12776,44.29548,-122.0316,669.2,
12777,44.2956,-122.03149,669.3,
12778,44.29561,-122.03148,669.4,
12779,44.29563,-122.03148,669.4,
12780,44.29564,-122.03148,669.4,
12781,44.29581,-122.03153,669.7,
12782,44.29593,-122.03156,670.0,
12783,44.29598,-122.03157,670.0,
12784,44.29616,-122.0316,670.0,
12785,44.29633,-122.03163,669.8,
12786,44.29634,-122.03163,669.8,
12787,44.2965,-122.03175,670.4,
12788,44.29666,-122.03187,671.4,
12789,44.29682,-122.03199,672.6,
12790,44.29698,-122.0321,673.6,
12791,44.29713,-122.03222,674.3,
12792,44.29714,-122.03222,674.2,
12793,44.29732,-122.03223,672.1,
12794,44.29738,-122.03224,671.9,
12795,44.29749,-122.03228,671.6,
12796,44.29766,-122.03236,671.5,
12797,44.29783,-122.03243,671.3,
12798,44.29801,-122.03251,671.3,
12799,44.29809,-122.03254,671.3,
12800,44.29811,-122.03256,671.3,
12801,44.29813,-122.03259,671.3,
12802,44.29814,-122.03261,671.3,
12803,44.29815,-122.03264,671.3,
12804,44.29819,-122.03278,673.4,
12805,44.2982,-122.03281,674.7,
12806,44.29822,-122.03283,675.3,
12807,44.29824,-122.03285,675.8,
12808,44.29825,-122.03286,676.1,
12809,44.29827,-122.03287,676.1,
12810,44.29841,-122.03289,674.4,
12811,44.2985,-122.03291,673.8,
12812,44.29852,-122.0329,673.2,
12813,44.29854,-122.03289,672.8,
12814,44.29855,-122.03287,672.3,
12815,44.29857,-122.03284,672.2,
12816,44.29857,-122.03283,672.2,
12817,44.29861,-122.03261,671.9,
12818,44.29861,-122.03259,671.9,
12819,44.29858,-122.03234,671.6,
12820,44.29856,-122.03216,671.3,
12821,44.29856,-122.03211,671.3,
12822,44.29856,-122.03209,671.3,
12823,44.29857,-122.03207,671.3,
12824,44.29858,-122.03204,671.3,
12825,44.29867,-122.03189,671.3,
12826,44.29878,-122.0317,671.3,
12827,44.29885,-122.03159,671.3,
12828,44.29887,-122.03157,671.3,
12829,44.29892,-122.03154,671.3,
12830,44.29904,-122.03146,671.3,
12831,44.29906,-122.03143,671.3,
12832,44.29907,-122.03141,671.3,
12833,44.29917,-122.03121,671.3,
12834,44.29921,-122.03115,671.3,
12835,44.29923,-122.03113,671.3,
12836,44.29925,-122.03112,671.3,
12837,44.29933,-122.03115,671.3,
12838,44.2995,-122.0312,671.3,
12839,44.29953,-122.03121,671.3,
12840,44.29968,-122.03121,671.7,
12841,44.29982,-122.03122,671.9,
12842,44.29986,-122.03121,671.9,
12843,44.30004,-122.0312,671.9,
12844,44.30022,-122.03118,671.8,
12845,44.30025,-122.03118,671.7,
12846,44.30026,-122.03119,671.8,
12847,44.30037,-122.03131,671.8,
12848,44.30052,-122.03149,671.9,
12849,44.30066,-122.03159,672.0,
12850,44.30083,-122.03169,672.1,
12851,44.30087,-122.03172,672.1,
12852,44.301,-122.03177,672.2,
12853,44.30117,-122.03183,672.4,
12854,44.30125,-122.03186,672.6,
12855,44.30135,-122.03188,672.6,
12856,44.3017,-122.03194,674.8,
12857,44.30188,-122.03198,676.3,
12858,44.30197,-122.03199,677.0,
12859,44.30206,-122.03199,677.6,
12860,44.30224,-122.03199,678.7,
12861,44.30241,-122.03199,679.3,
12862,44.30242,-122.03199,679.4,
12863,44.3026,-122.03204,680.1,
12864,44.30278,-122.03208,681.1,
12865,44.30292,-122.03212,682.7,
12866,44.30295,-122.03211,683.0,
12867,44.30296,-122.03211,683.1,
12868,44.30298,-122.03209,683.4,
12869,44.30309,-122.03196,684.4,
12870,44.30323,-122.03179,685.1,
12871,44.30336,-122.03162,685.9,
12872,44.30342,-122.03156,686.4,
12873,44.30346,-122.03153,687.1,
12874,44.30352,-122.03152,688.8,
12875,44.3036,-122.0315,691.1,
12876,44.30364,-122.03148,691.9,
12877,44.30367,-122.03145,692.0,
12878,44.30368,-122.03142,691.5,
12879,44.30377,-122.03128,689.7,
12880,44.30381,-122.03126,690.0,
12881,44.30397,-122.03114,689.8,
12882,44.30397,-122.03113,689.5,
12883,44.30399,-122.03113,689.8,
12884,44.30402,-122.03113,690.2,
12885,44.30413,-122.03121,693.3,
12886,44.30414,-122.03121,693.4,
12887,44.30432,-122.03123,694.9,
12888,44.3045,-122.03124,695.9,
12889,44.30467,-122.03126,696.8,
12890,44.30477,-122.03127,697.3,
12891,44.30485,-122.0313,698.4,
12892,44.30503,-122.03136,701.1,
12893,44.30517,-122.03141,702.8,
12894,44.3052,-122.0314,702.4,
12895,44.30531,-122.03137,701.1,
12896,44.30533,-122.03137,701.2,
12897,44.30537,-122.03139,701.9,
12898,44.30553,-122.03151,705.4,
12899,44.30564,-122.03159,706.9,
12900,44.30569,-122.03162,707.3,
12901,44.30587,-122.03169,707.9,
12902,44.30604,-122.03176,709.4,
12903,44.30614,-122.0318,710.2,
12904,44.30621,-122.03178,709.9,
12905,44.30639,-122.03174,707.4,
12906,44.30649,-122.03172,706.3,
12907,44.30651,-122.03172,706.5,
12908,44.30652,-122.03173,706.7,
12909,44.30654,-122.03176,707.4,
12910,44.30655,-122.03178,708.1,
12911,44.30656,-122.03179,708.5,
12912,44.30659,-122.0318,709.6,
12913,44.30673,-122.0318,717.0,
12914,44.30681,-122.0318,720.2,
12915,44.30691,-122.03182,721.8,
12916,44.30704,-122.03185,722.9,
12917,44.30705,-122.03185,723.0,
12918,44.30708,-122.03184,723.2,
12919,44.30708,-122.03183,723.2,
12920,44.30719,-122.03168,723.3,
12921,44.30719,-122.03166,723.3,
12922,44.30719,-122.03163,723.1,
12923,44.30714,-122.03148,722.2,
12924,44.30713,-122.03146,722.1,
12925,44.30713,-122.03143,722.0,
12926,44.30713,-122.03141,721.9,
12927,44.30714,-122.03141,722.0,
12928,44.30721,-122.03122,721.9,
12929,44.30723,-122.0312,722.0,
12930,44.30737,-122.03104,722.1,
12931,44.3074,-122.031,722.1,
12932,44.30753,-122.03092,722.4,
12933,44.30761,-122.03085,722.4,
12934,44.30768,-122.03078,722.4,
12935,44.30782,-122.03062,722.0,
12936,44.30806,-122.03035,720.0,
12937,44.30809,-122.03033,719.6,
12938,44.30811,-122.03032,719.6,
12939,44.30835,-122.03036,721.4,
12940,44.30846,-122.03032,721.1,
12941,44.30863,-122.03025,721.1,
12942,44.30865,-122.03024,721.1,
12943,44.30881,-122.03025,721.8,
12944,44.30887,-122.03025,722.2,
12945,44.30889,-122.03024,722.2,
12946,44.30891,-122.03023,722.3,
12947,44.30898,-122.03017,722.4,
12948,44.30903,-122.03011,722.4,
12949,44.30931,-122.03003,728.6,
12950,44.30932,-122.03002,728.8,
12951,44.30956,-122.02983,732.2,
12952,44.30959,-122.02982,732.4,
12953,44.30961,-122.02983,732.6,
12954,44.30964,-122.02985,732.9,
12955,44.3097,-122.0299,733.1,
12956,44.30972,-122.02991,733.1,
12957,44.30974,-122.02991,733.2,
12958,44.3098,-122.0299,733.2,
12959,44.30984,-122.0299,733.3,
12960,44.30995,-122.0298,733.4,
12961,44.30996,-122.02978,733.4,
12962,44.31008,-122.02959,733.5,
12963,44.31019,-122.02941,733.3,
12964,44.31023,-122.02935,733.3,
12965,44.31025,-122.02932,733.2,
12966,44.31027,-122.0293,733.2,
12967,44.31034,-122.02926,733.3,
12968,44.31046,-122.0292,733.2,
12969,44.31064,-122.02923,733.4,
12970,44.31067,-122.02922,733.3,
12971,44.31069,-122.02921,733.3,
12972,44.31085,-122.02911,733.4,
12973,44.31092,-122.02906,733.1,
12974,44.31101,-122.02899,732.5,
12975,44.31118,-122.02891,732.9,
12976,44.31133,-122.02884,732.6,
12977,44.31147,-122.02876,731.4,
12978,44.31148,-122.02875,731.2,
12979,44.31149,-122.02873,730.7,
12980,44.3115,-122.02871,730.2,
12981,44.31152,-122.02864,727.3,
12982,44.31153,-122.02862,726.5,
12983,44.31155,-122.0286,725.9,
12984,44.31163,-122.02855,725.2,
12985,44.31176,-122.02845,724.3,
12986,44.31178,-122.02845,725.0,
12987,44.31179,-122.02846,725.5,
12988,44.31194,-122.02861,731.4,
12989,44.31197,-122.02864,732.0,
12990,44.31198,-122.02865,732.2,
12991,44.312,-122.02864,732.3,
12992,44.31201,-122.02863,732.3,
12993,44.31206,-122.02851,732.1,
12994,44.31209,-122.02844,732.0,
12995,44.31211,-122.02828,731.6,
12996,44.31212,-122.02825,731.6,
12997,44.31212,-122.02824,731.6,
12998,44.31212,-122.02822,731.6,
12999,44.31222,-122.02809,732.7,
13000,44.31236,-122.02791,732.9,
13001,44.31239,-122.02786,733.0,
13002,44.3124,-122.02786,733.0,
13003,44.3124,-122.02784,733.0,
13004,44.3124,-122.02783,732.9,
13005,44.3124,-122.02782,732.9,
13006,44.31235,-122.02771,732.8,
13007,44.31227,-122.02754,733.8,
13008,44.31227,-122.02749,734.0,
13009,44.31225,-122.02726,734.9,
13010,44.31225,-122.02725,735.0,
13011,44.31225,-122.02724,735.0,
13012,44.31226,-122.02724,734.9,
13013,44.31227,-122.02724,734.7,
13014,44.31243,-122.02731,733.1,
13015,44.31244,-122.02731,733.1,
13016,44.31245,-122.02731,733.1,
13017,44.31246,-122.02731,733.0,
13018,44.31258,-122.02718,733.2,
13019,44.31259,-122.02716,733.2,
13020,44.31271,-122.02702,733.9,
13021,44.31273,-122.02699,734.1,
13022,44.31286,-122.02688,734.9,
13023,44.3129,-122.02685,735.1,
13024,44.31292,-122.02683,735.3,
13025,44.31292,-122.0268,735.3,
13026,44.31294,-122.02667,735.4,
13027,44.31296,-122.02642,735.9,
13028,44.31299,-122.02617,736.7,
13029,44.313,-122.02608,737.0,
13030,44.313,-122.02592,737.7,
13031,44.31299,-122.02567,738.9,
13032,44.31298,-122.02542,740.4,
13033,44.31298,-122.02541,740.5,
13034,44.31293,-122.02518,741.4,
13035,44.31292,-122.02517,741.3,
13036,44.31282,-122.02499,741.4,
13037,44.3127,-122.0248,742.8,
13038,44.31266,-122.02473,743.9,
13039,44.31263,-122.02471,744.3,
13040,44.31255,-122.02466,745.2,
13041,44.31238,-122.02458,745.9,
13042,44.31234,-122.02456,746.0,
13043,44.31223,-122.02444,746.7,
13044,44.31209,-122.0243,747.2,
13045,44.31192,-122.02421,746.9,
13046,44.31183,-122.02417,746.4,
13047,44.31175,-122.02411,746.0,
13048,44.31159,-122.02399,744.9,
13049,44.31157,-122.02397,744.8,
13050,44.31156,-122.02394,744.8,
13051,44.31155,-122.02391,744.8,
13052,44.31156,-122.02389,744.9,
13053,44.31159,-122.02377,745.5,
13054,44.31164,-122.02362,746.5,
13055,44.31167,-122.02355,747.1,
13056,44.31177,-122.02334,749.0,
13057,44.31187,-122.02313,751.7,
13058,44.31197,-122.02292,754.8,
13059,44.312,-122.02284,755.8,
13060,44.31201,-122.02282,756.1,
13061,44.31201,-122.0228,756.3,
13062,44.312,-122.02278,756.3,
13063,44.31199,-122.02275,756.4,
13064,44.31195,-122.02272,756.0,
13065,44.31187,-122.02263,755.3,
13066,44.3118,-122.0226,754.3,
13067,44.31173,-122.02257,753.2,
13068,44.31172,-122.02256,753.0,
13069,44.3117,-122.02253,752.9,
13070,44.31168,-122.02244,753.2,
13071,44.3116,-122.02221,753.7,
13072,44.3115,-122.02201,754.0,
13073,44.31128,-122.02161,755.1,
13074,44.31124,-122.02154,755.4,
13075,44.31113,-122.02147,754.6,
13076,44.31106,-122.02142,754.0,
13077,44.31105,-122.02141,754.1,
13078,44.31104,-122.02139,754.4,
13079,44.31102,-122.0213,755.8,
13080,44.31097,-122.02106,757.3,
13081,44.31094,-122.02095,757.3,
13082,44.31096,-122.02082,758.0,
13083,44.31097,-122.02073,758.4,
13084,44.31095,-122.02057,758.7,
13085,44.31091,-122.02032,758.6,
13086,44.31088,-122.02007,758.6,
13087,44.31085,-122.0199,758.4,
13088,44.31086,-122.01983,758.5,
13089,44.3109,-122.01959,758.6,
13090,44.3109,-122.01958,758.6,
13091,44.3109,-122.01956,758.5,
13092,44.31089,-122.01952,758.4,
13093,44.31084,-122.01934,757.7,
13094,44.31082,-122.01928,757.5,
13095,44.31082,-122.01925,757.4,
13096,44.31082,-122.01922,757.4,
13097,44.31083,-122.0191,757.5,
13098,44.31086,-122.01885,757.8,
13099,44.3109,-122.01861,757.8,
13100,44.3109,-122.01858,757.8,
13101,44.31089,-122.01835,757.6,
13102,44.31088,-122.0181,757.6,
13103,44.31088,-122.01804,757.6,
13104,44.31091,-122.01786,757.8,
13105,44.31095,-122.01761,758.2,
13106,44.311,-122.01737,758.5,
13107,44.31101,-122.01731,758.5,
13108,44.31099,-122.01687,758.5,
13109,44.31098,-122.01662,758.3,
13110,44.31097,-122.01637,758.1,
13111,44.31107,-122.01628,758.2,
13112,44.31112,-122.01624,758.2,
13113,44.31128,-122.0161,758.3,
13114,44.31135,-122.01604,758.3,
13115,44.31142,-122.01596,758.3,
13116,44.31156,-122.01579,758.1,
13117,44.31157,-122.01578,758.1,
13118,44.3119,-122.01562,758.9,
13119,44.31198,-122.01558,759.1,
13120,44.312,-122.01556,759.2,
13121,44.31203,-122.01548,759.2,
13122,44.31209,-122.01535,759.2,
13123,44.3121,-122.01525,759.1,
13124,44.31211,-122.01521,759.1,
13125,44.31217,-122.01502,759.0,
13126,44.31224,-122.01479,759.0,
13127,44.31231,-122.01458,759.3,
13128,44.31232,-122.01457,759.4,
13129,44.31235,-122.01454,759.7,
13130,44.31238,-122.01451,760.1,
13131,44.31249,-122.01446,761.5,
13132,44.31264,-122.01439,763.2,
13133,44.31266,-122.01439,763.3,
13134,44.31284,-122.01438,764.1,
13135,44.31291,-122.01438,764.3,
13136,44.31301,-122.01441,764.5,
13137,44.31319,-122.01446,765.0,
13138,44.31327,-122.01449,765.2,
13139,44.31337,-122.01447,765.5,
13140,44.31355,-122.01444,766.1,
13141,44.31356,-122.01443,766.1,
13142,44.3137,-122.01432,766.6,
13143,44.31385,-122.0142,766.9,
13144,44.31386,-122.0142,767.0,
13145,44.31403,-122.01412,767.5,
13146,44.3142,-122.01404,768.2,
13147,44.3143,-122.01399,768.6,
13148,44.31436,-122.01393,768.7,
13149,44.31447,-122.01383,768.8,
13150,44.31452,-122.0138,768.8,
13151,44.31465,-122.01369,768.7,
13152,44.31467,-122.01369,768.7,
13153,44.31468,-122.01369,768.7,
13154,44.31479,-122.01374,768.9,
13155,44.31485,-122.01373,768.9,
13156,44.31503,-122.01371,768.9,
13157,44.31518,-122.01369,768.8,
13158,44.31521,-122.01369,768.8,
13159,44.31539,-122.0137,768.9,
13160,44.31554,-122.0137,769.0,
13161,44.31555,-122.0137,769.0,
13162,44.31556,-122.01372,769.1,
13163,44.31557,-122.01373,769.1,
13164,44.31566,-122.01393,769.2,
13165,44.31568,-122.01397,769.3,
13166,44.31569,-122.01398,769.3,
13167,44.3157,-122.01399,769.3,
13168,44.31582,-122.01403,769.4,
13169,44.31592,-122.01402,769.4,
13170,44.31599,-122.01405,769.4,
13171,44.31616,-122.01412,769.3,
13172,44.31624,-122.01415,769.2,
13173,44.31634,-122.01419,769.1,
13174,44.31643,-122.01422,769.1,
13175,44.31651,-122.01424,769.0,
13176,44.3166,-122.01425,769.0,
13177,44.31669,-122.01427,769.0,
13178,44.31687,-122.01431,769.0,
13179,44.31692,-122.01433,769.0,
13180,44.31704,-122.01439,769.1,
13181,44.3172,-122.01447,769.2,
13182,44.31721,-122.01448,769.3,
13183,44.31737,-122.01457,769.4,
13184,44.31753,-122.01466,769.6,
13185,44.31754,-122.01467,769.6,
13186,44.31755,-122.01469,769.7,
13187,44.31758,-122.01473,769.7,
13188,44.31758,-122.01476,769.8,
13189,44.3176,-122.0149,770.1,
13190,44.31762,-122.01515,770.6,
13191,44.31762,-122.01516,770.6,
13192,44.3177,-122.01538,770.9,
13193,44.31778,-122.0156,771.4,
13194,44.31783,-122.01577,772.2,
13195,44.31785,-122.0158,772.3,
13196,44.31786,-122.01582,772.4,
13197,44.31791,-122.01587,772.8,
13198,44.31792,-122.0159,773.0,
13199,44.31793,-122.01592,773.2,
13200,44.31793,-122.01595,773.4,
13201,44.31793,-122.01603,774.0,
13202,44.31793,-122.01604,774.1,
13203,44.31795,-122.0161,774.6,
13204,44.31803,-122.01624,775.9,
13205,44.31813,-122.01642,777.5,
13206,44.31814,-122.01643,777.6,
13207,44.31825,-122.01653,778.8,
13208,44.31828,-122.01654,779.2,
13209,44.31828,-122.01653,779.2,
13210,44.31829,-122.01653,779.3,
13211,44.3183,-122.01653,779.4,
13212,44.3183,-122.01652,779.4,
13213,44.31832,-122.01648,779.6,
13214,44.31833,-122.01646,779.7,
13215,44.31834,-122.01645,779.8,
13216,44.31846,-122.01642,780.9,
13217,44.31863,-122.01638,781.6,
13218,44.31864,-122.01638,781.6,
13219,44.31881,-122.01638,781.7,
13220,44.31899,-122.01638,781.5,
13221,44.31901,-122.01638,781.4,
13222,44.31903,-122.0164,781.4,
13223,44.31912,-122.01649,781.2,
13224,44.31914,-122.01651,781.2,
13225,44.31921,-122.01656,781.1,
13226,44.31922,-122.01658,781.1,
13227,44.31923,-122.0166,781.1,
13228,44.31925,-122.01669,781.1,
13229,44.3193,-122.01693,781.4,
13230,44.31931,-122.01694,781.4,
13231,44.31932,-122.01696,781.4,
13232,44.31932,-122.01697,781.4,
13233,44.31945,-122.01708,781.4,
13234,44.31953,-122.01716,781.3,
13235,44.31953,-122.01717,781.4,
13236,44.31957,-122.01725,781.5,
13237,44.31967,-122.01746,782.0,
13238,44.31973,-122.01759,782.3,
13239,44.31975,-122.01761,782.4,
13240,44.31976,-122.01763,782.4,
13241,44.31978,-122.01763,782.4,
13242,44.31979,-122.01764,782.4,
13243,44.32013,-122.0178,782.6,
13244,44.32016,-122.01781,782.6,
13245,44.32026,-122.01785,782.5,
13246,44.32028,-122.01786,782.5,
13247,44.3203,-122.01785,782.5,
13248,44.32031,-122.01785,782.4,
13249,44.32032,-122.01784,782.4,
13250,44.32047,-122.01774,781.7,
13251,44.32052,-122.0177,781.5,
13252,44.32055,-122.01769,781.4,
13253,44.32059,-122.0177,781.4,
13254,44.32062,-122.01771,781.3,
13255,44.32064,-122.01772,781.3,
13256,44.3208,-122.01783,781.3,
13257,44.32082,-122.01785,781.3,
13258,44.32097,-122.01791,781.4,
13259,44.32108,-122.01796,781.4,
13260,44.32114,-122.01797,781.4,
13261,44.32117,-122.01798,781.3,
13262,44.32119,-122.01798,781.3,
13263,44.32121,-122.01797,781.3,
13264,44.32128,-122.01793,781.2,
13265,44.32129,-122.01792,781.2,
13266,44.32131,-122.0179,781.2,
13267,44.32136,-122.01785,781.2,
13268,44.32144,-122.0178,781.2,
13269,44.32161,-122.01771,781.6,
13270,44.32174,-122.01764,782.5,
13271,44.32178,-122.01761,782.9,
13272,44.32193,-122.01748,784.3,
13273,44.32206,-122.01737,785.8,
13274,44.32208,-122.01734,786.1,
13275,44.3221,-122.01726,786.7,
13276,44.32211,-122.01724,786.9,
13277,44.32212,-122.01723,787.0,
13278,44.32213,-122.01723,787.0,
13279,44.32215,-122.01723,787.2,
13280,44.32221,-122.01724,787.6,
13281,44.32229,-122.01726,788.1,
13282,44.32237,-122.01734,788.4,
13283,44.32243,-122.0174,788.6,
13284,44.32244,-122.01742,788.6,
13285,44.32245,-122.01744,788.6,
13286,44.32246,-122.01747,788.5,
13287,44.32246,-122.01753,788.1,
13288,44.32247,-122.01775,786.4,
13289,44.32248,-122.01778,786.2,
13290,44.32249,-122.0178,786.2,
13291,44.32252,-122.01782,786.4,
13292,44.32264,-122.01788,787.6,
13293,44.32288,-122.01801,791.1,
13294,44.32293,-122.01803,791.9,
13295,44.32298,-122.01802,792.7,
13296,44.32316,-122.01801,793.7,
13297,44.32334,-122.01799,794.0,
13298,44.32352,-122.01798,794.2,
13299,44.32373,-122.01796,794.4,
13300,44.32388,-122.01794,794.5,
13301,44.32406,-122.01792,794.6,
13302,44.32416,-122.0179,794.6,
13303,44.32423,-122.01787,794.7,
13304,44.32425,-122.01786,794.7,
13305,44.32439,-122.01775,794.8,
13306,44.32455,-122.01763,794.8,
13307,44.32471,-122.01752,794.9,
13308,44.32471,-122.01751,794.9,
13309,44.32477,-122.0174,795.0,
13310,44.32482,-122.01732,795.1,
13311,44.32494,-122.01713,795.2,
13312,44.32501,-122.01701,795.3,
13313,44.32505,-122.01697,795.3,
13314,44.32507,-122.01696,795.3,
13315,44.32512,-122.01694,795.3,
13316,44.32525,-122.01692,795.3,
13317,44.32543,-122.01689,795.2,
13318,44.3256,-122.01686,795.0,
13319,44.32578,-122.01683,794.9,
13320,44.32596,-122.0168,794.8,
13321,44.3261,-122.01678,794.7,
13322,44.32613,-122.01675,794.7,
13323,44.32628,-122.01661,794.7,
13324,44.32632,-122.01658,794.7,
13325,44.32639,-122.01655,794.7,
13326,44.32643,-122.01656,794.6,
13327,44.32645,-122.01657,794.6,
13328,44.32662,-122.01665,794.3,
13329,44.3267,-122.01668,794.1,
13330,44.32679,-122.01669,793.9,
13331,44.3268,-122.01669,793.9,
13332,44.32686,-122.01669,793.7,
13333,44.32695,-122.01665,793.7,
13334,44.32697,-122.01664,793.7,
13335,44.32704,-122.01661,793.7,
13336,44.32713,-122.01653,793.7,
13337,44.32729,-122.01639,793.7,
13338,44.32744,-122.01626,793.8,
13339,44.32753,-122.01618,793.9,
13340,44.32756,-122.01614,794.0,
13341,44.32757,-122.0161,794.1,
13342,44.32764,-122.01587,794.6,
13343,44.32766,-122.01585,794.6,
13344,44.32769,-122.01582,794.7,
13345,44.32773,-122.01581,794.6,
13346,44.32781,-122.01583,794.5,
13347,44.32799,-122.01587,794.2,
13348,44.32816,-122.01591,793.7,
13349,44.32829,-122.01594,793.4,
13350,44.32834,-122.01596,793.3,
13351,44.32851,-122.01604,792.8,
13352,44.32868,-122.01612,792.7,
13353,44.32879,-122.01617,793.9,
13354,44.32886,-122.01616,795.6,
13355,44.32887,-122.01616,795.9,
13356,44.32891,-122.01615,796.9,
13357,44.32902,-122.01607,797.6,
13358,44.32918,-122.01595,799.2,
13359,44.32923,-122.01591,800.1,
13360,44.32927,-122.01585,799.6,
13361,44.32929,-122.01578,797.9,
13362,44.3293,-122.01577,798.0,
13363,44.32938,-122.01554,794.9,
13364,44.32946,-122.01532,795.4,
13365,44.32947,-122.0153,795.6,
13366,44.32958,-122.01513,798.6,
13367,44.3297,-122.01495,801.3,
13368,44.32983,-122.01477,802.8,
13369,44.32995,-122.01459,803.0,
13370,44.33008,-122.01441,803.3,
13371,44.3302,-122.01423,807.0,
13372,44.33028,-122.01412,809.3,
13373,44.3303,-122.01409,810.0,
13374,44.33032,-122.01408,810.4,
13375,44.33033,-122.01408,810.6,
13376,44.33034,-122.01409,810.9,
13377,44.3304,-122.01413,812.3,
13378,44.33044,-122.01413,813.1,
13379,44.33046,-122.01412,813.6,
13380,44.33051,-122.01411,814.7,
13381,44.33064,-122.01405,817.6,
13382,44.33066,-122.01404,818.3,
13383,44.33068,-122.01403,818.9,
13384,44.33068,-122.01402,818.6,
13385,44.3308,-122.01384,818.3,
13386,44.33092,-122.01365,817.5,
13387,44.33104,-122.01346,816.1,
13388,44.33116,-122.01328,814.9,
13389,44.33128,-122.01309,813.6,
13390,44.33135,-122.01298,812.8,
13391,44.33135,-122.01296,812.5,
13392,44.33137,-122.01291,812.0,
13393,44.33138,-122.01288,811.6,
13394,44.33144,-122.01265,808.5,
13395,44.33151,-122.01241,805.0,
13396,44.33155,-122.01228,803.3,
13397,44.33159,-122.01219,802.5,
13398,44.33168,-122.01197,802.1,
13399,44.33174,-122.01184,802.2,
13400,44.33175,-122.0118,802.2,
13401,44.33176,-122.01176,802.2,
13402,44.33176,-122.01175,802.2,
13403,44.33177,-122.0115,802.0,
13404,44.33177,-122.0113,801.8,
13405,44.33178,-122.01126,802.0,
13406,44.33179,-122.01125,802.0,
13407,44.3318,-122.01124,802.0,
13408,44.33181,-122.01123,801.9,
13409,44.33187,-122.01119,801.8,
13410,44.33188,-122.01118,801.8,
13411,44.33189,-122.01117,801.8,
13412,44.3319,-122.01114,801.9,
13413,44.33191,-122.01109,801.9,
13414,44.33195,-122.01094,802.2,
13415,44.33196,-122.01092,802.3,
13416,44.33198,-122.0109,802.2,
13417,44.332,-122.01089,802.1,
13418,44.33217,-122.01079,801.9,
13419,44.33218,-122.01078,801.9,
13420,44.33219,-122.01077,801.8,
13421,44.3322,-122.01075,801.8,
13422,44.33227,-122.01059,801.9,
13423,44.33231,-122.0105,801.9,
13424,44.33231,-122.01048,802.0,
13425,44.33232,-122.01045,802.1,
13426,44.33231,-122.01035,802.5,
13427,44.3323,-122.01015,803.0,
13428,44.33231,-122.01013,802.9,
13429,44.33232,-122.01011,802.9,
13430,44.33234,-122.0101,802.8,
13431,44.33248,-122.01008,802.1,
13432,44.3325,-122.01009,801.9,
13433,44.33266,-122.0102,802.1,
13434,44.33274,-122.01025,802.2,
13435,44.33283,-122.01028,802.3,
13436,44.33299,-122.01033,802.2,
13437,44.333,-122.01034,802.2,
13438,44.33302,-122.01035,802.2,
13439,44.33315,-122.01049,802.6,
13440,44.33324,-122.01059,803.6,
13441,44.33327,-122.01061,803.8,
13442,44.3333,-122.01062,803.7,
13443,44.33347,-122.01068,803.2,
13444,44.33365,-122.01075,803.6,
13445,44.33382,-122.01082,804.9,
13446,44.33386,-122.01083,804.7,
13447,44.3339,-122.01083,804.4,
13448,44.33393,-122.01083,804.5,
13449,44.334,-122.0108,804.5,
13450,44.33417,-122.01074,807.6,
13451,44.33432,-122.01068,810.6,
13452,44.33434,-122.01066,810.6,
13453,44.33435,-122.01065,810.7,
13454,44.33437,-122.01062,810.4,
13455,44.33445,-122.01046,808.4,
13456,44.33449,-122.01039,807.7,
13457,44.3345,-122.01036,807.2,
13458,44.33452,-122.01034,807.4,
13459,44.33459,-122.01032,809.3,
13460,44.33467,-122.01029,811.3,
13461,44.33476,-122.01023,812.6,
13462,44.33491,-122.01014,814.2,
13463,44.33492,-122.01012,813.8,
13464,44.33493,-122.0101,813.4,
13465,44.33495,-122.01006,812.6,
13466,44.33501,-122.00991,809.4,
13467,44.33504,-122.00988,809.2,
13468,44.33508,-122.00985,809.1,
13469,44.33517,-122.00979,809.1,
13470,44.33534,-122.00969,809.8,
13471,44.33541,-122.00964,810.1,
13472,44.33549,-122.00957,810.4,
13473,44.33564,-122.00942,811.2,
13474,44.33578,-122.00927,812.6,
13475,44.33585,-122.0092,813.6,
13476,44.33587,-122.00917,813.8,
13477,44.33588,-122.00915,813.8,
13478,44.33589,-122.00908,813.1,
13479,44.33594,-122.00884,811.0,
13480,44.33596,-122.00876,810.2,
13481,44.33598,-122.00871,809.9,
13482,44.336,-122.00868,809.9,
13483,44.33604,-122.00865,810.4,
13484,44.33618,-122.00854,812.0,
13485,44.3362,-122.00852,812.1,
13486,44.33621,-122.00851,812.1,
13487,44.33631,-122.00832,809.3,
13488,44.33638,-122.00819,806.4,
13489,44.3364,-122.00817,806.1,
13490,44.33642,-122.00816,806.1,
13491,44.33643,-122.00815,805.8,
13492,44.33661,-122.00809,806.7,
13493,44.33664,-122.00808,807.3,
13494,44.33667,-122.00805,806.8,
13495,44.33668,-122.00803,806.6,
13496,44.33673,-122.00792,804.6,
13497,44.33683,-122.00771,803.4,
13498,44.33684,-122.00768,803.0,
13499,44.33684,-122.00766,802.8,
13500,44.33684,-122.00763,802.5,
13501,44.33684,-122.00747,801.8,
13502,44.33684,-122.00746,801.8,
13503,44.33684,-122.00745,801.8,
13504,44.33685,-122.00744,801.8,
13505,44.33687,-122.00743,801.9,
13506,44.33701,-122.00745,805.1,
13507,44.33719,-122.00746,811.9,
13508,44.33722,-122.00746,812.9,
13509,44.33723,-122.00746,813.2,
13510,44.33724,-122.00746,813.4,
13511,44.33725,-122.00745,813.4,
13512,44.33726,-122.00742,812.6,
13513,44.33728,-122.00729,808.9,
13514,44.33729,-122.00721,806.4,
13515,44.33729,-122.0072,806.1,
13516,44.3373,-122.00718,805.7,
13517,44.33731,-122.00717,805.6,
13518,44.33739,-122.00713,805.5,
13519,44.33756,-122.00704,803.0,
13520,44.33762,-122.007,802.4,
13521,44.33773,-122.00699,802.3,
13522,44.33791,-122.00696,802.7,
13523,44.33795,-122.00695,803.2,
13524,44.33809,-122.00694,807.8,
13525,44.33809,-122.00694,807.8,
13526,44.33827,-122.00692,813.6,
13527,44.33845,-122.00691,818.5,
13528,44.33863,-122.00689,822.3,
13529,44.33868,-122.00689,823.1,
13530,44.33871,-122.00688,823.2,
13531,44.3388,-122.00682,822.4,
13532,44.33896,-122.00671,820.5,
13533,44.33912,-122.00659,819.4,
13534,44.33923,-122.00652,819.7,
13535,44.33928,-122.00648,819.8,
13536,44.33944,-122.00636,820.0,
13537,44.3396,-122.00625,820.6,
13538,44.33976,-122.00613,821.1,
13539,44.3398,-122.0061,821.2,
13540,44.33993,-122.00604,822.1,
13541,44.3401,-122.00595,822.7,
13542,44.34023,-122.00589,823.0,
13543,44.34026,-122.00586,822.7,
13544,44.34042,-122.00573,821.6,
13545,44.34057,-122.0056,819.3,
13546,44.34072,-122.00548,817.7,
13547,44.34073,-122.00548,817.8,
13548,44.3409,-122.0054,816.0,
13549,44.34107,-122.00532,815.5,
13550,44.34122,-122.00526,814.9,
13551,44.34124,-122.00524,815.0,
13552,44.34138,-122.00509,814.1,
13553,44.34153,-122.00495,814.1,
13554,44.34158,-122.0049,814.2,
13555,44.34161,-122.00489,814.2,
13556,44.34164,-122.00488,814.3,
13557,44.3417,-122.00489,814.3,
13558,44.34186,-122.00489,814.5,
13559,44.34188,-122.00488,814.8,
13560,44.34189,-122.00487,814.8,
13561,44.34191,-122.00486,815.0,
13562,44.34203,-122.00475,814.7,
13563,44.34212,-122.00468,815.0,
13564,44.3422,-122.00467,816.1,
13565,44.34238,-122.00464,819.5,
13566,44.34252,-122.00462,822.4,
13567,44.34255,-122.00461,822.9,
13568,44.34257,-122.00461,823.4,
13569,44.3426,-122.00459,823.6,
13570,44.34264,-122.00456,823.7,
13571,44.34269,-122.00446,821.9,
13572,44.34275,-122.00436,820.6,
13573,44.34276,-122.00433,820.2,
13574,44.34276,-122.0043,819.6,
13575,44.34276,-122.00424,818.6,
13576,44.34275,-122.00399,817.4,
13577,44.34275,-122.00381,817.4,
13578,44.34275,-122.00374,817.6,
13579,44.34275,-122.00349,818.1,
13580,44.34275,-122.0034,818.3,
13581,44.34276,-122.00333,818.4,
13582,44.3428,-122.00325,818.5,
13583,44.34283,-122.00318,818.7,
13584,44.34284,-122.00314,818.8,
13585,44.34284,-122.00311,818.8,
13586,44.34284,-122.00309,818.8,
13587,44.34282,-122.00302,818.9,
13588,44.34277,-122.00288,819.0,
13589,44.34276,-122.00284,819.0,
13590,44.34277,-122.0028,819.0,
13591,44.34277,-122.00279,819.0,
13592,44.34279,-122.00275,819.1,
13593,44.34288,-122.00259,819.2,
13594,44.34299,-122.00239,819.4,
13595,44.34306,-122.00227,819.5,
13596,44.34307,-122.00224,819.5,
13597,44.34308,-122.0022,819.5,
13598,44.34308,-122.00218,819.6,
13599,44.3431,-122.00193,819.6,
13600,44.34311,-122.00178,820.0,
13601,44.34313,-122.00173,820.3,
13602,44.34314,-122.0017,820.5,
13603,44.34314,-122.00169,820.5,
13604,44.34323,-122.00153,821.3,
13605,44.34324,-122.0015,821.5,
13606,44.34325,-122.00149,821.6,
13607,44.34326,-122.00148,821.6,
13608,44.34329,-122.00147,821.7,
13609,44.34332,-122.00146,821.8,
13610,44.34334,-122.00147,821.8,
13611,44.34343,-122.0015,821.7,
13612,44.34347,-122.00152,821.7,
13613,44.34348,-122.00152,821.7,
13614,44.34349,-122.00152,821.7,
13615,44.34351,-122.00151,821.8,
13616,44.34359,-122.00144,822.3,
13617,44.34374,-122.0013,823.3,
13618,44.34389,-122.00116,824.0,
13619,44.34392,-122.00112,824.1,
13620,44.34394,-122.00112,824.1,
13621,44.34406,-122.00109,824.4,
13622,44.34423,-122.00105,824.6,
13623,44.34441,-122.001,824.7,
13624,44.34445,-122.001,824.7,
13625,44.34459,-122.00098,824.6,
13626,44.34477,-122.00096,824.8,
13627,44.34495,-122.00093,825.4,
13628,44.34513,-122.00091,826.7,
13629,44.34531,-122.00089,828.8,
13630,44.34549,-122.00087,830.8,
13631,44.34565,-122.00085,832.4,
13632,44.34566,-122.00084,832.4,
13633,44.34567,-122.00084,832.6,
13634,44.34583,-122.00073,834.3,
13635,44.34599,-122.00061,836.6,
13636,44.34603,-122.00058,837.2,
13637,44.34615,-122.00052,838.8,
13638,44.34626,-122.00047,840.1,
13639,44.34631,-122.00043,840.6,
13640,44.34632,-122.00042,840.7,
13641,44.34645,-122.00026,842.1,
13642,44.34647,-122.00023,842.4,
13643,44.34656,-122.00006,843.5,
13644,44.34667,-121.99985,847.5,
13645,44.34672,-121.99976,847.5,
13646,44.34675,-121.99971,847.5,
13647,44.34679,-121.99967,847.5,
13648,44.3468,-121.99966,847.5,
13649,44.34695,-121.99956,851.0,
13650,44.34711,-121.99944,852.3,
13651,44.34727,-121.99933,856.4,
13652,44.34743,-121.99922,857.6,
13653,44.34749,-121.99918,860.2,
13654,44.34752,-121.99915,860.6,
13655,44.34754,-121.99911,860.6,
13656,44.34756,-121.99906,860.6,
13657,44.34757,-121.99903,860.6,
13658,44.34761,-121.99882,859.9,
13659,44.34764,-121.99861,858.0,
13660,44.34765,-121.99858,858.0,
13661,44.34766,-121.99856,858.0,
13662,44.34768,-121.99855,858.0,
13663,44.34781,-121.99847,861.0,
13664,44.34798,-121.99837,859.8,
13665,44.34801,-121.99835,859.8,
13666,44.34802,-121.99833,859.2,
13667,44.34804,-121.99831,859.4,
13668,44.34808,-121.99817,859.5,
13669,44.34813,-121.99804,860.1,
13670,44.34814,-121.99802,860.3,
13671,44.34816,-121.998,860.9,
13672,44.34819,-121.99799,862.1,
13673,44.34835,-121.99795,867.2,
13674,44.34836,-121.99794,867.4,
13675,44.34837,-121.99795,867.5,
13676,44.34839,-121.99797,867.8,
13677,44.34844,-121.99807,868.6,
13678,44.34846,-121.99809,868.8,
13679,44.3485,-121.99811,869.2,
13680,44.34857,-121.99815,869.8,
13681,44.34858,-121.99815,870.0,
13682,44.34859,-121.99815,870.1,
13683,44.3486,-121.99815,870.2,
13684,44.34862,-121.99813,870.6,
13685,44.34866,-121.99809,871.4,
13686,44.3488,-121.99794,873.8,
13687,44.34888,-121.99787,875.1,
13688,44.3489,-121.99785,875.5,
13689,44.34892,-121.99785,875.9,
13690,44.34896,-121.99784,876.8,
13691,44.34906,-121.99782,879.0,
13692,44.34914,-121.99778,880.3,
13693,44.34931,-121.9977,882.3,
13694,44.34947,-121.99762,885.4,
13695,44.34948,-121.99762,885.7,
13696,44.34948,-121.99761,885.7,
13697,44.34949,-121.99761,886.0,
13698,44.34949,-121.9976,885.9,
13699,44.34949,-121.99758,885.8,
13700,44.34949,-121.99745,884.6,
13701,44.34949,-121.99744,884.5,
13702,44.3495,-121.99742,884.6,
13703,44.3495,-121.99741,884.5,
13704,44.34951,-121.99741,884.7,
13705,44.34952,-121.9974,884.8,
13706,44.34953,-121.9974,885.0,
13707,44.34971,-121.99739,889.6,
13708,44.34982,-121.99738,891.1,
13709,44.34983,-121.99738,891.2,
13710,44.34988,-121.99741,892.0,
13711,44.35005,-121.9975,893.5,
13712,44.35006,-121.99751,893.6,
13713,44.35008,-121.99751,893.7,
13714,44.35012,-121.99751,893.9,
13715,44.35023,-121.99749,894.2,
13716,44.35032,-121.99748,894.5,
13717,44.35034,-121.99748,894.6,
13718,44.35037,-121.99748,894.7,
13719,44.3504,-121.9975,895.3,
13720,44.35056,-121.99758,899.1,
13721,44.35057,-121.99759,899.5,
13722,44.35057,-121.9976,899.7,
13723,44.35059,-121.99762,900.4,
13724,44.35064,-121.9978,903.9,
13725,44.35065,-121.99782,904.2,
13726,44.35065,-121.99783,904.3,
13727,44.35066,-121.99785,904.5,
13728,44.35078,-121.998,905.7,
13729,44.35091,-121.99816,907.1,
13730,44.35098,-121.99826,908.1,
13731,44.351,-121.99828,908.3,
13732,44.35104,-121.9983,908.5,
13733,44.35105,-121.99831,908.5,
13734,44.35107,-121.99831,908.5,
13735,44.35109,-121.99831,908.5,
13736,44.35123,-121.99828,907.8,
13737,44.35131,-121.99826,907.4,
13738,44.3514,-121.99821,906.6,
13739,44.35155,-121.99813,905.1,
13740,44.35156,-121.99813,905.0,
13741,44.35157,-121.99813,905.0,
13742,44.35159,-121.99814,905.0,
13743,44.35173,-121.99825,905.3,
13744,44.35189,-121.99837,907.3,
13745,44.3519,-121.99839,908.7,
13746,44.35191,-121.99841,910.1,
13747,44.35192,-121.99843,911.0,
13748,44.35192,-121.99849,911.0,
13749,44.35191,-121.99861,911.4,
13750,44.35191,-121.99875,918.8,
13751,44.35191,-121.99876,918.8,
13752,44.35191,-121.99877,918.8,
13753,44.35193,-121.9988,918.6,
13754,44.35194,-121.99882,918.5,
13755,44.35195,-121.99883,918.5,
13756,44.35211,-121.99896,930.7,
13757,44.3522,-121.99902,933.9,
13758,44.35222,-121.99903,933.8,
13759,44.35224,-121.99904,933.8,
13760,44.35228,-121.99904,933.8,
13761,44.35246,-121.99905,933.4,
13762,44.35255,-121.99905,933.1,
13763,44.35263,-121.99902,933.1,
13764,44.35281,-121.99896,930.8,
13765,44.35282,-121.99896,930.8,
13766,44.35284,-121.99896,930.8,
13767,44.35286,-121.99897,932.5,
13768,44.35296,-121.99907,934.4,
13769,44.35297,-121.99907,934.8,
13770,44.35298,-121.99908,935.3,
13771,44.353,-121.99908,936.2,
13772,44.35312,-121.99899,939.0,
13773,44.35314,-121.99898,938.7,
13774,44.35325,-121.99884,925.1,
13775,44.35326,-121.99883,925.8,
13776,44.35327,-121.99882,926.4,
13777,44.35343,-121.99875,930.5,
13778,44.35351,-121.99871,930.5,
13779,44.35352,-121.9987,930.1,
13780,44.35358,-121.99861,919.9,
13781,44.35362,-121.99855,921.2,
13782,44.35364,-121.99853,921.2,
13783,44.35372,-121.99847,921.2,
13784,44.35383,-121.9984,921.9,
13785,44.35388,-121.99835,918.1,
13786,44.35403,-121.99821,916.4,
13787,44.35406,-121.99818,916.4,
13788,44.35407,-121.99817,916.3,
13789,44.35407,-121.99815,915.5,
13790,44.35407,-121.99812,914.9,
13791,44.35399,-121.99803,912.9,
13792,44.35385,-121.99788,911.3,
13793,44.35384,-121.99785,911.2,
13794,44.35384,-121.99783,911.1,
13795,44.35385,-121.9978,911.1,
13796,44.35385,-121.99778,911.1,
13797,44.35387,-121.99776,911.2,
13798,44.35393,-121.99768,911.4,
13799,44.35405,-121.9975,911.7,
13800,44.35414,-121.99736,911.8,
13801,44.35417,-121.99731,911.8,
13802,44.35426,-121.99709,911.8,
13803,44.35428,-121.99705,911.8,
13804,44.35439,-121.99691,912.2,
13805,44.35452,-121.99674,912.5,
13806,44.35465,-121.99658,912.8,
13807,44.35479,-121.99641,913.0,
13808,44.35492,-121.99624,912.9,
13809,44.35506,-121.99607,912.9,
13810,44.35511,-121.99601,912.9,
13811,44.35519,-121.9959,912.9,
13812,44.35532,-121.99573,913.4,
13813,44.35545,-121.99556,913.6,
13814,44.35546,-121.99556,913.6,
13815,44.35555,-121.99535,914.0,
13816,44.35564,-121.99517,914.3,
13817,44.35565,-121.99515,914.4,
13818,44.35565,-121.99515,914.4,
13819,44.35571,-121.99514,914.4,
13820,44.35599,-121.99509,914.3,
13821,44.35599,-121.99509,914.3,
13822,44.35599,-121.9949,914.7,
13823,44.35599,-121.99487,914.8,
13824,44.35599,-121.99483,914.9,
13825,44.356,-121.99475,915.2,
13826,44.35601,-121.99466,915.5,
13827,44.35601,-121.99462,915.6,
13828,44.35602,-121.99457,915.8,
13829,44.35603,-121.99452,916.0,
13830,44.35605,-121.99445,916.3,
13831,44.35608,-121.99439,916.5,
13832,44.35608,-121.99439,916.5,
13833,44.35625,-121.99449,915.8,
13834,44.35642,-121.99455,915.4,
13835,44.35648,-121.99458,915.2,
13836,44.35651,-121.99458,915.2,
13837,44.35653,-121.99458,915.2,
13838,44.3566,-121.99455,915.2,
13839,44.35677,-121.99449,915.2,
13840,44.35695,-121.99443,915.3,
13841,44.35712,-121.99437,915.3,
13842,44.35723,-121.99433,915.2,
13843,44.35724,-121.99432,915.3,
13844,44.35729,-121.99428,915.4,
13845,44.35744,-121.99414,916.1,
13846,44.35758,-121.99399,917.0,
13847,44.35773,-121.99385,918.0,
13848,44.35774,-121.99385,918.0,
13849,44.35776,-121.99385,918.0,
13850,44.35777,-121.99385,918.0,
13851,44.35778,-121.99386,917.9,
13852,44.35784,-121.99402,916.6,
13853,44.35786,-121.99407,916.3,
13854,44.35786,-121.99408,916.2,
13855,44.35787,-121.99409,916.1,
13856,44.35788,-121.99409,916.1,
13857,44.35799,-121.9941,916.2,
13858,44.35817,-121.99411,917.1,
13859,44.35819,-121.99411,917.5,
13860,44.35835,-121.99407,920.5,
13861,44.35853,-121.99403,922.8,
13862,44.35859,-121.99402,923.4,
13863,44.35861,-121.99401,923.5,
13864,44.35869,-121.99394,923.9,
13865,44.35885,-121.9938,924.6,
13866,44.35889,-121.99376,924.7,
13867,44.35901,-121.99371,925.1,
13868,44.35918,-121.99364,925.5,
13869,44.35936,-121.99356,925.9,
13870,44.35945,-121.99352,925.2,
13871,44.35946,-121.99351,924.9,
13872,44.35947,-121.99349,924.8,
13873,44.35948,-121.99346,924.9,
13874,44.35948,-121.99342,925.3,
13875,44.35949,-121.99331,925.9,
13876,44.35949,-121.99317,926.0,
13877,44.35949,-121.99311,926.0,
13878,44.35949,-121.99308,926.0,
13879,44.3595,-121.99306,926.1,
13880,44.35952,-121.99305,926.1,
13881,44.3596,-121.99303,926.2,
13882,44.35977,-121.99298,926.4,
13883,44.35984,-121.99297,926.5,
13884,44.35987,-121.99296,926.5,
13885,44.3599,-121.99297,926.5,
13886,44.35995,-121.99299,926.4,
13887,44.36003,-121.99301,926.4,
13888,44.36013,-121.99301,926.3,
13889,44.36026,-121.99299,926.2,
13890,44.36029,-121.99298,926.2,
13891,44.36031,-121.99298,926.1,
13892,44.36047,-121.99287,926.0,
13893,44.36063,-121.99275,925.9,
13894,44.36072,-121.99269,925.7,
13895,44.36074,-121.99267,925.7,
13896,44.36078,-121.99262,925.7,
13897,44.3609,-121.99244,925.6,
13898,44.36096,-121.99236,925.5,
13899,44.36098,-121.99233,925.5,
13900,44.36105,-121.9923,925.2,
13901,44.36122,-121.99221,924.6,
13902,44.36138,-121.99212,923.9,
13903,44.36148,-121.99206,921.2,
13904,44.3615,-121.99205,920.8,
13905,44.36151,-121.99202,920.6,
13906,44.36152,-121.99198,920.4,
13907,44.3615,-121.99173,919.8,
13908,44.36149,-121.9916,919.3,
13909,44.36148,-121.99154,919.3,
13910,44.36145,-121.99149,919.8,
13911,44.36132,-121.99132,921.4,
13912,44.36119,-121.99115,921.7,
13913,44.36115,-121.9911,921.9,
13914,44.36107,-121.99096,921.3,
13915,44.36096,-121.99076,921.5,
13916,44.36088,-121.9906,923.6,
13917,44.36087,-121.99056,923.9,
13918,44.36087,-121.99055,923.9,
13919,44.36087,-121.99053,924.0,
13920,44.36087,-121.99051,924.1,
13921,44.36088,-121.99049,923.7,
13922,44.36098,-121.99036,922.1,
13923,44.36101,-121.99033,922.1,
13924,44.36103,-121.99031,922.5,
13925,44.36113,-121.99024,924.1,
13926,44.36126,-121.99017,925.4,
13927,44.36128,-121.99017,925.4,
13928,44.3613,-121.99018,925.3,
13929,44.36147,-121.99027,925.2,
13930,44.36164,-121.99035,923.8,
13931,44.3617,-121.99038,923.0,
13932,44.36174,-121.99039,922.6,
13933,44.36178,-121.99037,922.6,
13934,44.36181,-121.99034,922.6,
13935,44.36196,-121.9902,923.5,
13936,44.362,-121.99016,923.3,
13937,44.36203,-121.99012,923.6,
13938,44.36208,-121.99002,923.9,
13939,44.36218,-121.98981,921.8,
13940,44.36222,-121.98973,921.2,
13941,44.36229,-121.98962,923.8,
13942,44.3624,-121.98946,927.0,
13943,44.36242,-121.98944,927.2,
13944,44.36244,-121.98942,927.3,
13945,44.36248,-121.9894,927.4,
13946,44.36259,-121.98937,927.7,
13947,44.36276,-121.98932,927.7,
13948,44.36277,-121.98932,927.7,
13949,44.36295,-121.98931,927.3,
13950,44.3631,-121.98929,927.0,
13951,44.36313,-121.9893,926.9,
13952,44.3633,-121.98933,926.6,
13953,44.36336,-121.98935,926.5,
13954,44.36347,-121.98942,926.4,
13955,44.36354,-121.98946,926.3,
13956,44.36364,-121.98951,926.2,
13957,44.36373,-121.98955,926.2,
13958,44.36377,-121.98956,926.3,
13959,44.36379,-121.98956,926.3,
13960,44.36381,-121.98955,926.4,
13961,44.36397,-121.98947,926.9,
13962,44.36398,-121.98947,926.9,
13963,44.36401,-121.98947,927.0,
13964,44.36405,-121.98947,927.1,
13965,44.36409,-121.98949,927.1,
13966,44.36415,-121.98952,927.1,
13967,44.36434,-121.98964,926.8,
13968,44.36449,-121.98983,926.6,
13969,44.36451,-121.98985,926.6,
13970,44.36455,-121.98987,926.7,
13971,44.36461,-121.9899,926.7,
13972,44.36474,-121.98997,927.0,
13973,44.36477,-121.99002,927.2,
13974,44.36482,-121.9901,927.8,
13975,44.36486,-121.99015,928.0,
13976,44.3649,-121.99018,928.3,
13977,44.36492,-121.99019,928.3,
13978,44.36496,-121.9902,928.3,
13979,44.36503,-121.9902,928.7,
13980,44.36508,-121.9902,928.9,
13981,44.36526,-121.9902,929.8,
13982,44.36531,-121.99019,929.9,
13983,44.36544,-121.99021,930.7,
13984,44.3655,-121.99022,931.2,
13985,44.36554,-121.99023,931.5,
13986,44.36558,-121.99026,931.9,
13987,44.36561,-121.99028,932.1,
13988,44.36569,-121.99033,932.8,
13989,44.36578,-121.99037,933.3,
13990,44.36595,-121.99043,932.9,
13991,44.36613,-121.9905,931.0,
13992,44.3663,-121.99057,931.4,
13993,44.36636,-121.99059,930.6,
13994,44.36648,-121.99059,929.6,
13995,44.36666,-121.9906,929.0,
13996,44.36684,-121.9906,927.8,
13997,44.36692,-121.9906,927.5,
13998,44.36702,-121.99059,927.0,
13999,44.3672,-121.99057,926.9,
14000,44.36738,-121.99054,926.8,
14001,44.36739,-121.99054,926.8,
14002,44.36742,-121.99056,926.8,
14003,44.36745,-121.99059,926.7,
14004,44.36746,-121.99062,926.7,
14005,44.36747,-121.99066,926.6,
14006,44.36747,-121.99072,926.4,
14007,44.36746,-121.99086,926.2,
14008,44.36747,-121.99088,926.3,
14009,44.36748,-121.99091,926.3,
14010,44.3675,-121.99093,926.3,
14011,44.36751,-121.99094,926.3,
14012,44.36752,-121.99094,926.3,
14013,44.36759,-121.99093,926.0,
14014,44.36762,-121.99093,926.0,
14015,44.36765,-121.99095,926.0,
14016,44.36767,-121.99098,926.1,
14017,44.36767,-121.99099,926.1,
14018,44.36773,-121.99114,925.9,
14019,44.36774,-121.99116,925.7,
14020,44.36776,-121.99118,925.5,
14021,44.36778,-121.99119,925.4,
14022,44.36783,-121.99123,924.6,
14023,44.36786,-121.99123,924.6,
14024,44.36791,-121.99125,924.1,
14025,44.36794,-121.99123,924.6,
14026,44.36795,-121.99122,924.8,
14027,44.36797,-121.99119,925.3,
14028,44.368,-121.99116,925.7,
14029,44.36804,-121.99114,925.8,
14030,44.36807,-121.99114,925.9,
14031,44.36811,-121.99114,925.9,
14032,44.36812,-121.99114,925.9,
14033,44.36814,-121.99114,925.9,
14034,44.36816,-121.99112,926.1,
14035,44.36817,-121.9911,926.3,
14036,44.36818,-121.99106,926.3,
14037,44.36819,-121.99103,926.4,
14038,44.36821,-121.99099,926.4,
14039,44.36822,-121.99099,926.5,
14040,44.36823,-121.99098,926.5,
14041,44.36824,-121.99099,926.5,
14042,44.36836,-121.99115,925.9,
14043,44.36837,-121.99117,925.6,
14044,44.36839,-121.99118,925.5,
14045,44.36841,-121.99118,925.5,
14046,44.36842,-121.99117,925.6,
14047,44.36843,-121.99115,925.9,
14048,44.36845,-121.99113,926.1,
14049,44.36846,-121.99112,926.3,
14050,44.36848,-121.99111,926.4,
14051,44.36852,-121.99111,926.4,
14052,44.36868,-121.99108,926.5,
14053,44.3687,-121.99109,926.6,
14054,44.36888,-121.99109,926.4,
14055,44.36893,-121.9911,926.4,
14056,44.36905,-121.99106,926.5,
14057,44.36912,-121.99103,926.6,
14058,44.36915,-121.99103,926.6,
14059,44.36919,-121.99103,926.6,
14060,44.36922,-121.99106,926.6,
14061,44.36929,-121.99111,926.7,
14062,44.36931,-121.99114,926.7,
14063,44.36932,-121.99117,926.7,
14064,44.36932,-121.99124,926.6,
14065,44.36933,-121.99149,926.5,
14066,44.36933,-121.99163,926.4,
14067,44.36934,-121.99165,926.4,
14068,44.36935,-121.99168,926.4,
14069,44.36936,-121.99169,926.4,
14070,44.36939,-121.99169,926.6,
14071,44.36947,-121.99168,927.0,
14072,44.36949,-121.99169,927.2,
14073,44.36951,-121.9917,927.3,
14074,44.36955,-121.99175,927.5,
14075,44.3696,-121.99181,927.6,
14076,44.3696,-121.99183,927.6,
14077,44.3696,-121.99184,927.6,
14078,44.36961,-121.99197,927.4,
14079,44.36963,-121.99216,927.0,
14080,44.36963,-121.99217,927.0,
14081,44.36964,-121.99218,927.0,
14082,44.36966,-121.99221,926.9,
14083,44.36979,-121.99238,926.7,
14084,44.36982,-121.99242,926.6,
14085,44.36983,-121.99243,926.6,
14086,44.36984,-121.99243,926.6,
14087,44.36995,-121.99245,926.7,
14088,44.36998,-121.99246,926.7,
14089,44.37008,-121.99252,926.5,
14090,44.37011,-121.99256,926.3,
14091,44.37023,-121.99273,926.0,
14092,44.37041,-121.99282,926.1,
14093,44.37044,-121.99283,926.2,
14094,44.37055,-121.99298,926.1,
14095,44.37068,-121.99315,925.8,
14096,44.37075,-121.99326,925.8,
14097,44.37077,-121.99328,925.8,
14098,44.3708,-121.99329,925.9,
14099,44.371,-121.99327,926.3,
14100,44.37118,-121.99325,926.7,
14101,44.37135,-121.99328,926.8,
14102,44.37137,-121.99328,926.8,
14103,44.37151,-121.9934,926.7,
14104,44.37154,-121.99343,926.6,
14105,44.37156,-121.99343,926.6,
14106,44.3716,-121.99342,926.6,
14107,44.37167,-121.99336,926.7,
14108,44.37176,-121.99327,927.0,
14109,44.37181,-121.99321,927.3,
14110,44.37188,-121.99311,927.8,
14111,44.37192,-121.99307,927.9,
14112,44.37196,-121.99307,927.8,
14113,44.37206,-121.99304,927.8,
14114,44.37209,-121.99305,927.7,
14115,44.37211,-121.99307,927.6,
14116,44.37213,-121.99308,927.6,
14117,44.37214,-121.9931,927.5,
14118,44.37215,-121.99313,927.4,
14119,44.37216,-121.99319,927.2,
14120,44.37214,-121.99332,926.7,
14121,44.37213,-121.99339,926.5,
14122,44.37214,-121.99343,926.4,
14123,44.37215,-121.99346,926.3,
14124,44.37219,-121.99355,926.1,
14125,44.3722,-121.99356,926.1,
14126,44.37221,-121.99357,926.1,
14127,44.37224,-121.99359,926.1,
14128,44.37227,-121.99359,926.3,
14129,44.37236,-121.99356,926.8,
14130,44.37242,-121.99354,927.1,
14131,44.37244,-121.99354,927.1,
14132,44.37254,-121.99357,927.4,
14133,44.3727,-121.9936,928.0,
14134,44.37271,-121.99361,928.0,
14135,44.37273,-121.99363,928.0,
14136,44.37274,-121.99366,927.9,
14137,44.37276,-121.99376,927.6,
14138,44.37279,-121.99383,927.4,
14139,44.37289,-121.99404,926.9,
14140,44.3729,-121.99407,926.8,
14141,44.37291,-121.99408,926.8,
14142,44.37291,-121.99411,926.7,
14143,44.3729,-121.99414,926.6,
14144,44.37285,-121.99422,926.1,
14145,44.37283,-121.99425,925.9,
14146,44.37281,-121.99431,925.7,
14147,44.37279,-121.99444,925.3,
14148,44.37278,-121.99449,925.1,
14149,44.37277,-121.99453,925.0,
14150,44.37277,-121.99456,924.9,
14151,44.37277,-121.99458,924.9,
14152,44.37278,-121.9946,924.9,
14153,44.37279,-121.99461,924.9,
14154,44.3728,-121.99462,924.9,
14155,44.37281,-121.99462,924.9,
14156,44.37287,-121.99462,925.1,
14157,44.3729,-121.99462,925.2,
14158,44.37292,-121.99463,925.3,
14159,44.37293,-121.99464,925.3,
14160,44.37293,-121.99465,925.3,
14161,44.37293,-121.99468,925.2,
14162,44.37293,-121.99469,925.2,
14163,44.37293,-121.99471,925.1,
14164,44.37292,-121.99472,925.1,
14165,44.3729,-121.99475,924.9,
14166,44.3729,-121.99477,924.9,
14167,44.3729,-121.99479,924.8,
14168,44.3729,-121.99485,924.7,
14169,44.37288,-121.99491,924.5,
14170,44.37288,-121.99493,924.4,
14171,44.37288,-121.99496,924.4,
14172,44.3729,-121.99504,924.3,
14173,44.37291,-121.99515,924.1,
14174,44.37292,-121.99519,924.0,
14175,44.37293,-121.99523,924.0,
14176,44.37293,-121.99524,924.0,
14177,44.37295,-121.99525,924.0,
14178,44.37296,-121.99525,924.0,
14179,44.37299,-121.99527,924.1,
14180,44.37301,-121.99528,924.1,
14181,44.37305,-121.99531,924.2,
14182,44.37305,-121.99532,924.2,
14183,44.37305,-121.99533,924.2,
14184,44.37305,-121.99535,924.1,
14185,44.37305,-121.99536,924.1,
14186,44.37302,-121.99541,924.0,
14187,44.37301,-121.99543,924.0,
14188,44.37301,-121.99544,924.0,
14189,44.37301,-121.99545,924.0,
14190,44.37301,-121.99546,923.9,
14191,44.37302,-121.99546,924.0,
14192,44.37302,-121.99547,923.9,
14193,44.37303,-121.99547,924.0,
14194,44.37307,-121.99547,924.0,
14195,44.3731,-121.99548,924.1,
14196,44.37312,-121.9955,924.1,
14197,44.37314,-121.99552,924.1,
14198,44.37328,-121.99568,924.3,
14199,44.37331,-121.99571,924.3,
14200,44.37332,-121.99573,924.3,
14201,44.37332,-121.99576,924.2,
14202,44.37333,-121.99579,924.2,
14203,44.37332,-121.99583,924.2,
14204,44.37332,-121.99585,924.1,
14205,44.37333,-121.99586,924.2,
14206,44.37334,-121.99587,924.2,
14207,44.37335,-121.99589,924.2,
14208,44.37337,-121.99589,924.2,
14209,44.37339,-121.99589,924.3,
14210,44.3734,-121.99589,924.3,
14211,44.37341,-121.9959,924.3,
14212,44.37343,-121.9959,924.4,
14213,44.37349,-121.99601,924.5,
14214,44.37352,-121.99605,924.6,
14215,44.37358,-121.99623,924.5,
14216,44.37359,-121.99625,924.5,
14217,44.37361,-121.9963,924.5,
14218,44.37363,-121.99633,924.6,
14219,44.37366,-121.99635,924.6,
14220,44.37369,-121.99638,924.7,
14221,44.3737,-121.9964,924.8,
14222,44.37373,-121.99647,924.9,
14223,44.37373,-121.99651,925.0,
14224,44.37374,-121.99658,924.9,
14225,44.37375,-121.99661,924.7,
14226,44.37376,-121.99663,924.7,
14227,44.3738,-121.99665,924.9,
14228,44.37391,-121.99675,925.1,
14229,44.37392,-121.99675,925.1,
14230,44.37402,-121.99678,925.3,
14231,44.37404,-121.99678,925.4,
14232,44.37408,-121.99676,925.5,
14233,44.3741,-121.99675,925.6,
14234,44.37426,-121.99666,926.4,
14235,44.3743,-121.99663,926.6,
14236,44.37433,-121.99663,926.7,
14237,44.37436,-121.99664,926.8,
14238,44.37444,-121.99666,927.1,
14239,44.37461,-121.99674,927.7,
14240,44.37478,-121.99681,928.6,
14241,44.37487,-121.99685,928.9,
14242,44.37496,-121.99685,929.2,
14243,44.37514,-121.99686,929.6,
14244,44.37532,-121.99687,929.6,
14245,44.3755,-121.99688,929.6,
14246,44.37554,-121.99688,929.7,
14247,44.37556,-121.99689,929.7,
14248,44.37557,-121.99691,929.6,
14249,44.37562,-121.99703,929.2,
14250,44.3757,-121.99725,928.1,
14251,44.37575,-121.99738,927.5,
14252,44.37576,-121.99739,927.5,
14253,44.37578,-121.99741,927.5,
14254,44.37579,-121.99741,927.5,
14255,44.3758,-121.9974,927.5,
14256,44.37581,-121.9974,927.5,
14257,44.37582,-121.9974,927.5,
14258,44.37598,-121.9973,928.3,
14259,44.37611,-121.99723,928.5,
14260,44.37615,-121.99722,928.6,
14261,44.37633,-121.99715,929.0,
14262,44.3765,-121.99708,929.3,
14263,44.37663,-121.99703,929.4,
14264,44.37665,-121.99702,929.4,
14265,44.37667,-121.997,929.4,
14266,44.37678,-121.9968,929.9,
14267,44.37688,-121.99663,930.4,
14268,44.3769,-121.99661,930.5,
14269,44.37691,-121.99659,930.6,
14270,44.37693,-121.99657,930.7,
14271,44.37695,-121.99655,930.8,
14272,44.37706,-121.99652,930.8,
14273,44.37716,-121.99649,930.9,
14274,44.37722,-121.9965,930.8,
14275,44.37724,-121.99651,930.7,
14276,44.37727,-121.99653,930.6,
14277,44.37737,-121.99667,929.6,
14278,44.37748,-121.9968,929.1,
14279,44.3775,-121.99685,928.9,
14280,44.37753,-121.99691,928.9,
14281,44.37754,-121.99695,928.8,
14282,44.37754,-121.99698,928.8,
14283,44.37752,-121.99702,928.5,
14284,44.3775,-121.99706,928.3,
14285,44.37749,-121.99706,928.2,
14286,44.37746,-121.99709,928.0,
14287,44.37739,-121.99714,927.5,
14288,44.37733,-121.99717,927.3,
14289,44.37731,-121.99718,927.3,
14290,44.37715,-121.99721,927.3,
14291,44.37712,-121.99722,927.2,
14292,44.37707,-121.99724,927.2,
14293,44.37702,-121.9973,927.0,
14294,44.377,-121.99733,926.9,
14295,44.377,-121.99735,926.9,
14296,44.37692,-121.99755,926.5,
14297,44.37687,-121.99768,926.4,
14298,44.37685,-121.99778,926.4,
14299,44.37684,-121.99781,926.2,
14300,44.37685,-121.99792,926.1,
14301,44.37688,-121.99799,926.1,
14302,44.3769,-121.99801,926.1,
14303,44.37703,-121.99817,927.0,
14304,44.37709,-121.99824,927.6,
14305,44.37719,-121.99827,928.3,
14306,44.37744,-121.99835,929.4,
14307,44.37746,-121.99837,929.5,
14308,44.37747,-121.99838,929.5,
14309,44.37747,-121.99839,929.5,
14310,44.37747,-121.99841,929.6,
14311,44.37747,-121.99843,929.6,
14312,44.37746,-121.99847,929.6,
14313,44.37739,-121.9987,928.0,
14314,44.37736,-121.99878,927.9,
14315,44.37736,-121.99884,927.9,
14316,44.37737,-121.9989,927.6,
14317,44.37739,-121.99893,926.8,
14318,44.3774,-121.99894,926.5,
14319,44.37756,-121.99903,928.6,
14320,44.37772,-121.99912,928.7,
14321,44.37775,-121.99912,928.9,
14322,44.37779,-121.99912,929.0,
14323,44.3779,-121.99909,929.0,
14324,44.37808,-121.99904,928.8,
14325,44.37809,-121.99904,928.8,
14326,44.37814,-121.99902,928.8,
14327,44.37818,-121.99903,928.8,
14328,44.37825,-121.99906,928.9,
14329,44.37839,-121.99911,930.0,
14330,44.37842,-121.99913,930.0,
14331,44.37842,-121.99914,930.0,
14332,44.37844,-121.99917,929.9,
14333,44.37846,-121.99922,929.3,
14334,44.3785,-121.99936,928.8,
14335,44.37856,-121.9996,927.4,
14336,44.37861,-121.99979,928.2,
14337,44.37863,-121.99983,928.0,
14338,44.37865,-121.99986,928.0,
14339,44.37875,-122.00001,927.2,
14340,44.37888,-122.00019,929.1,
14341,44.37897,-122.00032,930.4,
14342,44.37901,-122.00036,930.8,
14343,44.37902,-122.00036,930.9,
14344,44.37906,-122.00039,931.3,
14345,44.37913,-122.0004,931.8,
14346,44.37919,-122.0004,932.1,
14347,44.37926,-122.00039,932.5,
14348,44.37931,-122.00036,932.6,
14349,44.37936,-122.00033,932.8,
14350,44.37952,-122.00022,933.6,
14351,44.37966,-122.00013,934.8,
14352,44.37968,-122.00012,935.0,
14353,44.37986,-122.00008,936.8,
14354,44.38004,-122.00003,938.7,
14355,44.38022,-121.99999,941.9,
14356,44.38039,-121.99994,943.4,
14357,44.38057,-121.9999,945.5,
14358,44.38065,-121.99987,945.5,
14359,44.38075,-121.99989,945.7,
14360,44.38089,-122.0,945.8,
14361,44.3809,-122.00002,945.9,
14362,44.38094,-122.00007,945.9,
14363,44.38098,-122.00016,946.0,
14364,44.38098,-122.00023,946.1,
14365,44.38099,-122.00036,946.2,
14366,44.38101,-122.00041,946.2,
14367,44.38104,-122.00045,946.3,
14368,44.38109,-122.00048,946.3,
14369,44.38116,-122.0005,946.4,
14370,44.38121,-122.0005,946.5,
14371,44.38139,-122.0005,947.0,
14372,44.38175,-122.0005,947.6,
14373,44.38182,-122.0005,947.6,
14374,44.38193,-122.00053,947.8,
14375,44.38211,-122.00057,947.8,
14376,44.38229,-122.00062,947.9,
14377,44.38239,-122.00065,948.0,
14378,44.38246,-122.00067,948.1,
14379,44.38264,-122.00072,948.4,
14380,44.38281,-122.00077,948.5,
14381,44.38299,-122.00082,948.5,
14382,44.38317,-122.00087,948.5,
14383,44.38334,-122.00092,948.5,
14384,44.38352,-122.00097,948.7,
14385,44.38361,-122.00099,948.9,
14386,44.3837,-122.00098,948.8,
14387,44.38372,-122.00097,948.8,
14388,44.38387,-122.00092,948.5,
14389,44.38405,-122.00087,948.0,
14390,44.38422,-122.00081,947.3,
14391,44.3844,-122.00075,946.5,
14392,44.38457,-122.00069,946.3,
14393,44.38475,-122.00063,946.3,
14394,44.38492,-122.00057,946.2,
14395,44.38507,-122.00052,946.1,
14396,44.38507,-122.00052,946.1,
14397,44.38515,-122.00052,946.1,
14398,44.3852,-122.00052,946.1,
14399,44.38532,-122.00056,946.1,
14400,44.38533,-122.00056,946.1,
14401,44.38549,-122.00065,946.1,
14402,44.38561,-122.00072,946.0,
14403,44.38566,-122.00073,946.0,
14404,44.38584,-122.00077,946.0,
14405,44.38592,-122.0008,946.0,
14406,44.386,-122.00086,946.0,
14407,44.38606,-122.00091,946.0,
14408,44.38616,-122.00097,946.0,
14409,44.38633,-122.00107,945.9,
14410,44.3865,-122.00116,946.0,
14411,44.38666,-122.00126,946.1,
14412,44.38683,-122.00136,946.2,
14413,44.38699,-122.00146,946.3,
14414,44.38702,-122.00147,946.3,
14415,44.38716,-122.00154,946.4,
14416,44.38729,-122.00161,946.5,
14417,44.38733,-122.00162,946.5,
14418,44.38751,-122.00166,946.5,
14419,44.38769,-122.00171,946.6,
14420,44.38787,-122.00175,947.1,
14421,44.38794,-122.00177,947.5,
14422,44.38804,-122.00176,947.8,
14423,44.38813,-122.00176,948.4,
14424,44.38822,-122.00175,948.9,
14425,44.38831,-122.00174,949.5,
14426,44.3884,-122.00176,950.5,
14427,44.38858,-122.00181,952.6,
14428,44.38876,-122.00185,954.5,
14429,44.38893,-122.00189,956.4,
14430,44.38911,-122.00193,958.2,
14431,44.38913,-122.00194,958.4,
14432,44.38929,-122.00198,959.9,
14433,44.38947,-122.00202,961.2,
14434,44.38964,-122.00207,962.3,
14435,44.38982,-122.00211,962.9,
14436,44.38994,-122.00214,963.0,
14437,44.39,-122.00213,962.8,
14438,44.39002,-122.00213,962.8,
14439,44.39017,-122.00206,961.6,
14440,44.39034,-122.00197,960.6,
14441,44.39037,-122.00196,960.6,
14442,44.3905,-122.00186,960.0,
14443,44.39062,-122.00176,959.5,
14444,44.39066,-122.00174,959.6,
14445,44.39082,-122.00165,959.7,
14446,44.39091,-122.00161,960.0,
14447,44.391,-122.00157,960.2,
14448,44.39117,-122.0015,960.6,
14449,44.39117,-122.0015,960.6,
14450,44.39134,-122.00158,961.4,
14451,44.39139,-122.0016,961.5,
14452,44.39144,-122.00163,961.6,
14453,44.39147,-122.00165,961.6,
14454,44.39149,-122.00166,961.6,
14455,44.3915,-122.00167,961.6,
14456,44.39155,-122.00169,961.6,
14457,44.39159,-122.0017,961.5,
14458,44.39164,-122.00173,961.5,
14459,44.39168,-122.00175,961.5,
14460,44.39172,-122.00178,961.6,
14461,44.39181,-122.00182,961.4,
14462,44.39184,-122.00184,961.4,
14463,44.39196,-122.00189,961.2,
14464,44.39201,-122.00192,961.2,
14465,44.39203,-122.00194,961.2,
14466,44.39208,-122.00197,961.2,
14467,44.39218,-122.00203,961.1,
14468,44.39225,-122.00211,961.1,
14469,44.3923,-122.00216,961.1,
14470,44.39232,-122.00219,961.2,
14471,44.39235,-122.00224,961.4,
14472,44.39238,-122.0023,961.8,
14473,44.39241,-122.00236,962.2,
14474,44.39242,-122.00239,962.4,
14475,44.39245,-122.00251,963.0,
14476,44.39249,-122.00262,963.1,
14477,44.3925,-122.00267,963.1,
14478,44.39251,-122.00278,963.1,
14479,44.39252,-122.00287,963.0,
14480,44.39252,-122.00292,963.0,
14481,44.39256,-122.00316,962.7,
14482,44.39256,-122.00316,962.7,
14483,44.39296,-122.0031,960.9,
14484,44.39357,-122.003,960.6,
14485,44.3936,-122.003,960.5,
14486,44.39396,-122.00294,960.4,
14487,44.39399,-122.00294,960.4,
14488,44.3943,-122.00289,960.4,
14489,44.39431,-122.00288,960.4,
14490,44.39449,-122.00286,960.4,
14491,44.39469,-122.00283,960.5,
14492,44.39526,-122.00274,961.2,
14493,44.3956,-122.00268,961.8,
14494,44.39581,-122.00265,962.4,
14495,44.3961,-122.0026,964.1,
14496,44.3964,-122.00255,964.4,
14497,44.39667,-122.00251,964.4,
14498,44.39687,-122.00248,964.4,
14499,44.3969,-122.00247,964.4,
14500,44.39705,-122.00245,964.4,
14501,44.39708,-122.00245,964.4,
14502,44.39726,-122.00242,964.4,
14503,44.39728,-122.00242,964.4,
14504,44.39744,-122.0024,964.4,
14505,44.39745,-122.0024,964.4,
14506,44.3976,-122.00239,964.4,
14507,44.39781,-122.00237,964.4,
14508,44.39798,-122.00236,964.4,
14509,44.39805,-122.00236,964.4,
14510,44.39832,-122.00235,964.4,
14511,44.39834,-122.00235,964.4,
14512,44.39857,-122.00235,964.3,
14513,44.39881,-122.00236,964.3,
14514,44.39912,-122.00237,964.4,
14515,44.39943,-122.00239,964.8,
14516,44.39968,-122.00241,965.2,
14517,44.39992,-122.00242,965.6,
14518,44.40014,-122.00244,965.9,
14519,44.40036,-122.00246,966.1,
14520,44.40071,-122.00248,966.4,
14521,44.40076,-122.00249,966.4,
14522,44.40094,-122.0025,966.5,
14523,44.40115,-122.00252,966.8,
14524,44.40137,-122.00253,967.1,
14525,44.40148,-122.00254,967.3,
14526,44.40166,-122.00256,967.6,
14527,44.40184,-122.00257,968.1,
14528,44.40194,-122.00258,968.3,
14529,44.4022,-122.0026,969.4,
14530,44.40245,-122.00262,970.4,
14531,44.40269,-122.00264,971.5,
14532,44.40297,-122.00266,973.2,
14533,44.4031,-122.00267,974.1,
14534,44.40319,-122.00267,974.7,
14535,44.40343,-122.00269,975.9,
14536,44.40363,-122.0027,976.9,
14537,44.40382,-122.00271,977.8,
14538,44.40384,-122.00272,977.9,
14539,44.404,-122.00273,978.4,
14540,44.40407,-122.00273,978.7,
14541,44.40418,-122.00274,979.0,
14542,44.40429,-122.00275,979.4,
14543,44.40453,-122.00277,980.2,
14544,44.40473,-122.00278,980.9,
14545,44.4049,-122.00279,981.5,
14546,44.40494,-122.0028,981.6,
14547,44.40507,-122.0028,982.0,
14548,44.40508,-122.0028,982.0,
14549,44.40526,-122.00282,982.6,
14550,44.40539,-122.00283,982.9,
14551,44.40543,-122.00283,983.1,
14552,44.40561,-122.00285,983.7,
14553,44.40564,-122.00285,983.8,
14554,44.40579,-122.00286,984.4,
14555,44.40592,-122.00287,985.0,
14556,44.40615,-122.00289,986.0,
14557,44.4065,-122.00291,988.0,
14558,44.40687,-122.00293,991.5,
14559,44.40704,-122.00294,992.3,
14560,44.40758,-122.00298,995.1,
14561,44.40802,-122.003,997.3,
14562,44.40813,-122.00301,997.7,
14563,44.40835,-122.00303,998.3,
14564,44.40856,-122.00305,999.2,
14565,44.40881,-122.00306,1001.8,
14566,44.40899,-122.00308,1002.4,
14567,44.40944,-122.00311,1003.2,
14568,44.40979,-122.00314,1003.8,
14569,44.40997,-122.00315,1004.1,
14570,44.41012,-122.00317,1004.3,
14571,44.41015,-122.00317,1004.3,
14572,44.41036,-122.00318,1004.3,
14573,44.41056,-122.0032,1005.0,
14574,44.41077,-122.00321,1006.3,
14575,44.41104,-122.00322,1008.6,
14576,44.41129,-122.00323,1010.4,
14577,44.41149,-122.00324,1012.0,
14578,44.41171,-122.00326,1013.6,
14579,44.41193,-122.00327,1014.6,
14580,44.41217,-122.00328,1015.3,
14581,44.41264,-122.00332,1016.2,
14582,44.41267,-122.00332,1016.2,
14583,44.41285,-122.00333,1016.5,
14584,44.41286,-122.00333,1016.5,
14585,44.41306,-122.00335,1016.8,
14586,44.41324,-122.00336,1016.9,
14587,44.41339,-122.00338,1017.2,
14588,44.41342,-122.00338,1017.2,
14589,44.41357,-122.00339,1017.3,
14590,44.41367,-122.0034,1017.5,
14591,44.41375,-122.0034,1017.6,
14592,44.41398,-122.00342,1018.0,
14593,44.41411,-122.00343,1018.2,
14594,44.41446,-122.00347,1018.3,
14595,44.41453,-122.00347,1018.1,
14596,44.41532,-122.00355,1016.2,
14597,44.41564,-122.00358,1016.7,
14598,44.41598,-122.0036,1018.3,
14599,44.41608,-122.00361,1018.9,
14600,44.41626,-122.00362,1019.9,
14601,44.41644,-122.00363,1020.8,
14602,44.41651,-122.00364,1021.1,
14603,44.41679,-122.00366,1021.7,
14604,44.4168,-122.00366,1021.7,
14605,44.41709,-122.00368,1021.9,
14606,44.41729,-122.0037,1022.0,
14607,44.41734,-122.0037,1021.9,
14608,44.41747,-122.0037,1021.5,
14609,44.41752,-122.0037,1021.4,
14610,44.41759,-122.0037,1021.3,
14611,44.41771,-122.0037,1021.1,
14612,44.41788,-122.00368,1021.0,
14613,44.41789,-122.00368,1021.0,
14614,44.41796,-122.00367,1020.9,
14615,44.41805,-122.00366,1020.9,
14616,44.41814,-122.00364,1020.8,
14617,44.41823,-122.00362,1020.6,
14618,44.41834,-122.00358,1020.5,
14619,44.41841,-122.00356,1020.4,
14620,44.41845,-122.00355,1020.3,
14621,44.41857,-122.0035,1020.2,
14622,44.41858,-122.0035,1020.2,
14623,44.41874,-122.00343,1020.4,
14624,44.41886,-122.00338,1020.7,
14625,44.41901,-122.00329,1021.2,
14626,44.41915,-122.0032,1021.6,
14627,44.41928,-122.00311,1022.0,
14628,44.4194,-122.00302,1022.4,
14629,44.4195,-122.00293,1022.6,
14630,44.4196,-122.00284,1022.9,
14631,44.41971,-122.00274,1023.2,
14632,44.41984,-122.00261,1023.6,
14633,44.41991,-122.00252,1023.8,
14634,44.42,-122.00242,1023.9,
14635,44.42009,-122.00231,1024.0,
14636,44.42019,-122.00219,1023.9,
14637,44.42032,-122.00201,1023.7,
14638,44.42045,-122.00183,1023.3,
14639,44.42053,-122.00171,1022.7,
14640,44.42058,-122.00165,1022.5,
14641,44.42062,-122.0016,1022.3,
14642,44.42065,-122.00157,1022.2,
14643,44.42065,-122.00157,1022.2,
14644,44.42068,-122.00154,1022.1,
14645,44.42071,-122.00151,1022.0,
14646,44.42078,-122.00146,1021.9,
14647,44.42082,-122.00143,1021.8,
14648,44.42087,-122.00141,1021.8,
14649,44.4209,-122.0014,1021.8,
14650,44.42093,-122.00139,1021.7,
14651,44.42096,-122.00138,1021.7,
14652,44.42099,-122.00137,1021.7,
14653,44.42102,-122.00137,1021.7,
14654,44.42106,-122.00137,1021.6,
14655,44.42109,-122.00138,1021.6,
14656,44.42112,-122.00139,1021.6,
14657,44.42118,-122.00141,1021.7,
14658,44.42125,-122.00143,1021.7,
14659,44.42128,-122.00145,1021.7,
14660,44.42135,-122.00149,1021.7,
14661,44.42138,-122.0015,1021.6,
14662,44.42139,-122.00151,1021.6,
14663,44.42141,-122.00152,1021.6,
14664,44.42142,-122.00154,1021.7,
14665,44.42142,-122.00154,1021.7,
14666,44.42133,-122.00171,1022.1,
14667,44.42123,-122.00187,1022.8,
14668,44.42116,-122.00199,1023.3,
14669,44.42108,-122.00212,1023.9,
14670,44.42106,-122.00215,1024.1,
14671,44.42096,-122.00231,1025.0,
14672,44.42089,-122.00242,1025.4,
14673,44.42084,-122.0025,1025.5,
14674,44.42057,-122.0029,1026.0,
14675,44.4204,-122.00318,1026.1,
14676,44.42034,-122.00328,1026.1,
14677,44.42022,-122.00347,1026.2,
14678,44.42018,-122.00352,1026.2,
14679,44.41997,-122.00386,1026.9,
14680,44.41986,-122.00404,1027.3,
14681,44.4198,-122.00412,1027.8,
14682,44.41963,-122.00438,1030.6,
14683,44.41929,-122.0049,1039.2,
14684,44.41925,-122.00496,1040.0,
14685,44.41913,-122.00515,1042.6,
14686,44.419,-122.00533,1044.9,
14687,44.41898,-122.00537,1045.2,
14688,44.41868,-122.00584,1047.4,
14689,44.41853,-122.00608,1048.0,
14690,44.41841,-122.00627,1048.3,
14691,44.41805,-122.00684,1047.4,
14692,44.41793,-122.00703,1046.8,
14693,44.4177,-122.00738,1045.9,
14694,44.41757,-122.00759,1045.6,
14695,44.41745,-122.00778,1045.6,
14696,44.41709,-122.00834,1045.8,
14697,44.41697,-122.00853,1046.0,
14698,44.41685,-122.00872,1046.3,
14699,44.41663,-122.00905,1046.8,
14700,44.41657,-122.00921,1047.1,
14701,44.4165,-122.00933,1047.3,
14702,44.41631,-122.00965,1047.9,
14703,44.41608,-122.01004,1049.1,
14704,44.41597,-122.01023,1049.6,
14705,44.41585,-122.01043,1049.9,
14706,44.41573,-122.01062,1049.9,
14707,44.41571,-122.01067,1049.9,
14708,44.41554,-122.01092,1049.7,
14709,44.41529,-122.01135,1052.0,
14710,44.41529,-122.01135,1052.0,
14711,44.41546,-122.01143,1052.7,
14712,44.41562,-122.01152,1053.8,
14713,44.41579,-122.01161,1055.0,
14714,44.41619,-122.01182,1057.4,
14715,44.41619,-122.01182,1057.4,
14716,44.4163,-122.01174,1057.2,
14717,44.41638,-122.01168,1057.1,
14718,44.41649,-122.01165,1057.1,
14719,44.41659,-122.01163,1057.3,
14720,44.41685,-122.01166,1057.9,
14721,44.41692,-122.01166,1058.0,
14722,44.4171,-122.01169,1058.5,
14723,44.41721,-122.0117,1058.8,
14724,44.41728,-122.01171,1058.9,
14725,44.41738,-122.01173,1059.2,
14726,44.41746,-122.01174,1059.4,
14727,44.41774,-122.01178,1059.9,
14728,44.41781,-122.01179,1060.1,
14729,44.41792,-122.01182,1060.5,
14730,44.41827,-122.01191,1061.8,
14731,44.41835,-122.01192,1061.7,
14732,44.41843,-122.01197,1061.8,
14733,44.41845,-122.01197,1061.8,
14734,44.41857,-122.01199,1061.6,
14735,44.41867,-122.01203,1061.6,
14736,44.41874,-122.01207,1061.6,
14737,44.41878,-122.01212,1061.7,
14738,44.4188,-122.01214,1061.8,
14739,44.41887,-122.01223,1061.9,
14740,44.41892,-122.01229,1062.0,
14741,44.41894,-122.01231,1062.0,
14742,44.41909,-122.01259,1061.9,
14743,44.41924,-122.01286,1062.1,
14744,44.41925,-122.01288,1062.1,
14745,44.41929,-122.01298,1062.3,
14746,44.41931,-122.01302,1062.3,
14747,44.41934,-122.01306,1062.4,
14748,44.41936,-122.01308,1062.5,
14749,44.41938,-122.01309,1062.5,
14750,44.41942,-122.01312,1062.6,
14751,44.4195,-122.01316,1062.8,
14752,44.41953,-122.01317,1062.9,
14753,44.41956,-122.01318,1063.0,
14754,44.41959,-122.01319,1063.1,
14755,44.41962,-122.01319,1063.2,
14756,44.41965,-122.01318,1063.2,
14757,44.41967,-122.01317,1063.2,
14758,44.41972,-122.01315,1063.3,
14759,44.41984,-122.01306,1063.4,
14760,44.41986,-122.01305,1063.4,
14761,44.42002,-122.01293,1063.5,
14762,44.42003,-122.01292,1063.5,
14763,44.42021,-122.01268,1063.4,
14764,44.42031,-122.0125,1063.2,
14765,44.42037,-122.01238,1062.8,
14766,44.42038,-122.01237,1062.8,
14767,44.4204,-122.01235,1062.7,
14768,44.42043,-122.01234,1062.7,
14769,44.4205,-122.01233,1062.6,
14770,44.42054,-122.01233,1062.6,
14771,44.42066,-122.01235,1062.5,
14772,44.42073,-122.01239,1062.6,
14773,44.4209,-122.01246,1062.6,
14774,44.42099,-122.01249,1062.7,
14775,44.42105,-122.01253,1062.9,
14776,44.42107,-122.01254,1062.9,
14777,44.42121,-122.01264,1063.5,
14778,44.42125,-122.01265,1063.6,
14779,44.42129,-122.01265,1063.7,
14780,44.42133,-122.01264,1063.7,
14781,44.42157,-122.01258,1063.9,
14782,44.42159,-122.01257,1063.9,
14783,44.42162,-122.01257,1063.9,
14784,44.42177,-122.01256,1063.8,
14785,44.42195,-122.01255,1063.4,
14786,44.42228,-122.01266,1062.8,
14787,44.42237,-122.01269,1062.7,
14788,44.42247,-122.01274,1062.6,
14789,44.42283,-122.01291,1061.0,
14790,44.42297,-122.01295,1060.6,
14791,44.42299,-122.01295,1060.6,
14792,44.42309,-122.01298,1060.6,
14793,44.42321,-122.01297,1060.5,
14794,44.42337,-122.01293,1060.2,
14795,44.42367,-122.01279,1059.2,
14796,44.42369,-122.01279,1059.2,
14797,44.42412,-122.01263,1057.5,
14798,44.42454,-122.01247,1055.0,
14799,44.42456,-122.01247,1055.0,
14800,44.42476,-122.0124,1053.8,
14801,44.4248,-122.01239,1053.6,
14802,44.42482,-122.01238,1053.5,
14803,44.42484,-122.01238,1053.4,
14804,44.42485,-122.01238,1053.4,
14805,44.42487,-122.01239,1053.3,
14806,44.42489,-122.01241,1053.3,
14807,44.42493,-122.01243,1053.2,
14808,44.42496,-122.01249,1053.3,
14809,44.42499,-122.01253,1053.4,
14810,44.42513,-122.0128,1053.8,
14811,44.42523,-122.01299,1053.8,
14812,44.42545,-122.0134,1053.1,
14813,44.42583,-122.01421,1049.6,
14814,44.42585,-122.01424,1049.1,
14815,44.42594,-122.01442,1047.3,
14816,44.42596,-122.01445,1047.0,
14817,44.42631,-122.01502,1044.7,
14818,44.42643,-122.01521,1043.9,
14819,44.42654,-122.01539,1042.9,
14820,44.42655,-122.0154,1042.8,
14821,44.4267,-122.01569,1041.4,
14822,44.42676,-122.01582,1040.7,
14823,44.42678,-122.01593,1040.7,
14824,44.42681,-122.01603,1040.4,
14825,44.42683,-122.01616,1040.1,
14826,44.42682,-122.01631,1040.1,
14827,44.4267,-122.01677,1039.0,
14828,44.4267,-122.01679,1038.8,
14829,44.42668,-122.01692,1038.2,
14830,44.42667,-122.01705,1037.6,
14831,44.42669,-122.01715,1036.7,
14832,44.42671,-122.01727,1037.7,
14833,44.42671,-122.01727,1037.7,
14834,44.42695,-122.01794,1034.3,
14835,44.42733,-122.01896,1030.9,
14836,44.42745,-122.01928,1031.2,
14837,44.42763,-122.01972,1030.0,
14838,44.42781,-122.02016,1027.8,
14839,44.4279,-122.02038,1029.1,
14840,44.42792,-122.02043,1029.5,
14841,44.42816,-122.02071,1029.8,
14842,44.42844,-122.02102,1024.6,
14843,44.42859,-122.02118,1024.5,
14844,44.42873,-122.02134,1025.4,
14845,44.42877,-122.02138,1025.1,
14846,44.42886,-122.0215,1025.4,
14847,44.429,-122.02167,1024.5,
14848,44.42913,-122.02183,1023.7,
14849,44.42927,-122.022,1022.7,
14850,44.42935,-122.02209,1022.0,
14851,44.42941,-122.02216,1022.0,
14852,44.42968,-122.02244,1021.8,
14853,44.4297,-122.02244,1021.6,
14854,44.42988,-122.02246,1020.4,
14855,44.43001,-122.02247,1020.2,
14856,44.43006,-122.02247,1020.1,
14857,44.4303,-122.02246,1020.2,
14858,44.4304,-122.02237,1020.2,
14859,44.43065,-122.02214,1022.0,
14860,44.43065,-122.02214,1022.0,
14861,44.43061,-122.02189,1021.8,
14862,44.43058,-122.02164,1022.6,
14863,44.43049,-122.02104,1034.4,
14864,44.43044,-122.02092,1036.2,
14865,44.43033,-122.02072,1035.9,
14866,44.43023,-122.02051,1035.8,
14867,44.43003,-122.02009,1036.7,
14868,44.42989,-122.01982,1035.8,
14869,44.42986,-122.01965,1036.9,
14870,44.42977,-122.01917,1041.7,
14871,44.42975,-122.01906,1041.9,
14872,44.42973,-122.01892,1042.0,
14873,44.42968,-122.01868,1041.7,
14874,44.42963,-122.01844,1041.3,
14875,44.42958,-122.0182,1040.8,
14876,44.42954,-122.01801,1040.4,
14877,44.42951,-122.01768,1040.2,
14878,44.42951,-122.0172,1039.9,
14879,44.42952,-122.01695,1039.7,
14880,44.42952,-122.01687,1039.5,
14881,44.42963,-122.01647,1039.5,
14882,44.42969,-122.01624,1039.2,
14883,44.42974,-122.01608,1039.0,
14884,44.42978,-122.01602,1039.1,
14885,44.43015,-122.01547,1039.8,
14886,44.43027,-122.01529,1039.6,
14887,44.4304,-122.01511,1039.3,
14888,44.43046,-122.01501,1039.2,
14889,44.43054,-122.01497,1039.4,
14890,44.43071,-122.01489,1039.9,
14891,44.43077,-122.01486,1040.1,
14892,44.43088,-122.01481,1040.5,
14893,44.43105,-122.01473,1041.2,
14894,44.43122,-122.01464,1042.0,
14895,44.43139,-122.01456,1042.8,
14896,44.43156,-122.01448,1043.7,
14897,44.43184,-122.01434,1044.7,
14898,44.43226,-122.01427,1046.2,
14899,44.43226,-122.01426,1046.2,
14900,44.43262,-122.0142,1047.5,
14901,44.43297,-122.01413,1048.3,
14902,44.43298,-122.01413,1048.3,
14903,44.43369,-122.014,1050.2,
14904,44.43422,-122.0139,1052.8,
14905,44.4344,-122.01386,1053.3,
14906,44.43457,-122.01383,1053.6,
14907,44.43458,-122.01383,1053.6,
14908,44.43476,-122.0138,1053.8,
14909,44.43487,-122.01378,1053.9,
14910,44.43511,-122.01373,1054.0,
14911,44.43512,-122.01373,1054.0,
14912,44.43529,-122.0137,1053.9,
14913,44.43529,-122.01369,1053.9,
14914,44.43547,-122.01366,1053.8,
14915,44.43564,-122.01363,1053.7,
14916,44.43565,-122.01362,1053.7,
14917,44.43601,-122.01355,1053.1,
14918,44.43618,-122.01352,1052.8,
14919,44.43636,-122.01349,1052.4,
14920,44.43636,-122.01348,1052.3,
14921,44.43653,-122.01345,1051.8,
14922,44.43654,-122.01345,1051.8,
14923,44.43671,-122.01342,1051.3,
14924,44.43672,-122.01341,1051.2,
14925,44.43675,-122.01341,1051.2,
14926,44.43707,-122.0134,1051.3,
14927,44.43708,-122.0134,1051.3,
14928,44.43725,-122.0134,1051.6,
14929,44.43726,-122.0134,1051.6,
14930,44.43743,-122.01339,1051.9,
14931,44.43762,-122.01339,1052.0,
14932,44.43779,-122.01338,1052.0,
14933,44.4378,-122.01338,1052.0,
14934,44.43798,-122.01338,1052.0,
14935,44.43812,-122.01337,1052.0,
14936,44.43832,-122.01349,1052.7,
14937,44.43882,-122.01376,1054.4,
14938,44.43899,-122.01385,1054.9,
14939,44.43931,-122.01403,1055.8,
14940,44.43982,-122.01431,1056.8,
14941,44.43983,-122.01431,1056.7,
14942,44.44,-122.01441,1056.9,
14943,44.44016,-122.0145,1057.0,
14944,44.44067,-122.01478,1056.6,
14945,44.44083,-122.01486,1056.3,
14946,44.44083,-122.01487,1056.4,
14947,44.441,-122.01496,1055.8,
14948,44.44102,-122.01497,1055.7,
14949,44.44132,-122.01518,1055.4,
14950,44.44186,-122.01555,1058.1,
14951,44.44195,-122.01565,1058.6,
14952,44.44195,-122.01566,1058.6,
14953,44.44209,-122.01582,1058.8,
14954,44.44237,-122.01613,1059.6,
14955,44.44237,-122.01614,1059.7,
14956,44.44251,-122.0163,1061.3,
14957,44.44334,-122.01726,1064.8,
14958,44.44404,-122.01806,1067.1,
14959,44.44417,-122.01821,1068.0,
14960,44.44418,-122.01822,1068.1,
14961,44.44431,-122.01838,1069.4,
14962,44.44439,-122.01847,1070.7,
14963,44.44459,-122.01869,1075.6,
14964,44.44511,-122.01891,1074.3,
14965,44.44528,-122.01898,1074.7,
14966,44.44545,-122.01906,1075.6,
14967,44.44597,-122.01928,1071.3,
14968,44.44614,-122.01936,1070.8,
14969,44.44631,-122.01943,1070.6,
14970,44.44634,-122.01944,1070.7,
14971,44.44649,-122.01944,1070.5,
14972,44.44667,-122.01944,1070.2,
14973,44.44685,-122.01944,1069.9,
14974,44.44732,-122.01944,1068.4,
14975,44.44738,-122.01948,1068.5,
14976,44.4477,-122.01971,1065.5,
14977,44.44811,-122.02,1067.8,
14978,44.44862,-122.01997,1064.0,
14979,44.44892,-122.02016,1066.6,
14980,44.44906,-122.02019,1067.2,
14981,44.4496,-122.02028,1066.8,
14982,44.44995,-122.02035,1065.7,
14983,44.45013,-122.02038,1065.2,
14984,44.45016,-122.02039,1065.3,
14985,44.45031,-122.02042,1064.8,
14986,44.45049,-122.02047,1065.5,
14987,44.45067,-122.02051,1068.4,
14988,44.45085,-122.02055,1070.9,
14989,44.45102,-122.02053,1072.5,
14990,44.4512,-122.02052,1074.1,
14991,44.45138,-122.0205,1075.7,
14992,44.45149,-122.02049,1075.7,
14993,44.45156,-122.02049,1075.6,
14994,44.45174,-122.0205,1074.8,
14995,44.45192,-122.02051,1071.9,
14996,44.4521,-122.02051,1069.5,
14997,44.45218,-122.02051,1068.7,
14998,44.45242,-122.02073,1067.9,
14999,44.45244,-122.02074,1067.6,
15000,44.4525,-122.02094,1068.2,
15001,44.45256,-122.02114,1068.2,
15002,44.45257,-122.02117,1068.1,
15003,44.45263,-122.02166,1069.8,
15004,44.45263,-122.02167,1069.9,
15005,44.45272,-122.02189,1070.3,
15006,44.45273,-122.0219,1070.3,
15007,44.453,-122.02193,1068.3,
15008,44.45324,-122.02202,1066.8,
15009,44.45332,-122.02205,1065.8,
15010,44.45337,-122.02217,1066.0,
15011,44.45345,-122.0224,1065.9,
15012,44.45358,-122.02287,1065.7,
15013,44.45364,-122.0231,1065.5,
15014,44.45371,-122.02334,1064.5,
15015,44.45377,-122.02358,1064.1,
15016,44.45378,-122.02362,1064.3,
15017,44.45406,-122.0242,1068.0,
15018,44.45407,-122.0242,1067.8,
15019,44.45423,-122.02431,1068.2,
15020,44.45426,-122.02433,1068.4,
15021,44.45438,-122.02421,1067.8,
15022,44.45444,-122.02415,1068.3,
15023,44.45448,-122.0235,1067.5,
15024,44.4545,-122.02325,1067.7,
15025,44.4545,-122.02315,1067.5,
15026,44.45458,-122.02281,1067.1,
15027,44.4546,-122.02277,1067.0,
15028,44.45477,-122.0224,1064.6,
15029,44.455,-122.02235,1063.8,
15030,44.45517,-122.02242,1064.3,
15031,44.45529,-122.02246,1064.2,
15032,44.45569,-122.02264,1064.6,
15033,44.45579,-122.02269,1064.5,
15034,44.45585,-122.02272,1064.5,
15035,44.45616,-122.02291,1065.9,
15036,44.45618,-122.02289,1065.6,
15037,44.45634,-122.02276,1064.8,
15038,44.45636,-122.02274,1065.0,
15039,44.45637,-122.02252,1064.9,
15040,44.45638,-122.02247,1065.3,
15041,44.45629,-122.02232,1065.2,
15042,44.45618,-122.02212,1065.7,
15043,44.45606,-122.02192,1066.2,
15044,44.45602,-122.02185,1066.4,
15045,44.45562,-122.02113,1068.6,
15046,44.45555,-122.0209,1070.3,
15047,44.45549,-122.02066,1071.9,
15048,44.45542,-122.02043,1073.1,
15049,44.45535,-122.0202,1076.4,
15050,44.45529,-122.01996,1079.7,
15051,44.45527,-122.01991,1079.8,
15052,44.45524,-122.01972,1081.2,
15053,44.45515,-122.01923,1083.9,
15054,44.45511,-122.01905,1084.2,
15055,44.45511,-122.01898,1084.7,
15056,44.4551,-122.01873,1085.8,
15057,44.4551,-122.01868,1086.0,
15058,44.45509,-122.01848,1086.0,
15059,44.45508,-122.01817,1085.2,
15060,44.45514,-122.018,1087.0,
15061,44.45524,-122.01779,1090.0,
15062,44.45533,-122.01757,1091.6,
15063,44.45533,-122.01755,1091.6,
15064,44.45536,-122.01753,1091.9,
15065,44.45537,-122.01752,1092.0,
15066,44.45547,-122.01742,1092.9,
15067,44.45561,-122.01727,1093.8,
15068,44.45582,-122.01706,1094.5,
15069,44.45592,-122.01703,1094.9,
15070,44.45596,-122.01702,1095.1,
15071,44.45598,-122.01701,1095.2,
15072,44.4561,-122.01698,1095.6,
15073,44.45663,-122.01683,1098.2,
15074,44.45672,-122.0168,1099.3,
15075,44.45681,-122.01679,1100.0,
15076,44.45699,-122.01678,1100.9,
15077,44.45703,-122.01678,1101.2,
15078,44.45704,-122.01677,1101.1,
15079,44.45722,-122.01676,1102.1,
15080,44.45738,-122.01675,1102.9,
15081,44.45752,-122.01675,1103.4,
15082,44.4577,-122.01675,1104.2,
15083,44.45806,-122.01676,1106.0,
15084,44.45812,-122.01676,1106.3,
15085,44.45828,-122.01676,1106.8,
15086,44.4583,-122.01676,1106.9,
15087,44.45842,-122.01676,1107.5,
15088,44.45866,-122.01676,1111.3,
15089,44.45896,-122.01677,1113.2,
15090,44.459,-122.01677,1113.2,
15091,44.45902,-122.01677,1113.2,
15092,44.45914,-122.01677,1113.2,
15093,44.45932,-122.01677,1113.5,
15094,44.45936,-122.01677,1113.6,
15095,44.45938,-122.01677,1113.7,
15096,44.45968,-122.01678,1115.1,
15097,44.45975,-122.01678,1115.3,
15098,44.45986,-122.01678,1115.4,
15099,44.4599,-122.01678,1115.4,
15100,44.45992,-122.01678,1115.4,
15101,44.46004,-122.01679,1115.3,
15102,44.46008,-122.01679,1115.2,
15103,44.4601,-122.01679,1115.2,
15104,44.46022,-122.01679,1115.1,
15105,44.46026,-122.01679,1115.1,
15106,44.46028,-122.01679,1115.1,
15107,44.46094,-122.0168,1115.0,
15108,44.461,-122.0168,1114.9,
15109,44.46112,-122.01681,1115.1,
15110,44.46116,-122.01681,1115.2,
15111,44.4613,-122.01681,1115.6,
15112,44.46148,-122.01681,1116.5,
15113,44.46166,-122.01682,1117.5,
15114,44.4617,-122.01682,1117.6,
15115,44.46172,-122.01682,1117.7,
15116,44.46184,-122.01682,1117.8,
15117,44.46188,-122.01682,1117.7,
15118,44.4619,-122.01682,1117.7,
15119,44.462,-122.01682,1117.5,
15120,44.46202,-122.01682,1117.4,
15121,44.4622,-122.01681,1116.7,
15122,44.46238,-122.0168,1116.2,
15123,44.46242,-122.0168,1116.2,
15124,44.46244,-122.01679,1116.0,
15125,44.46256,-122.01679,1116.0,
15126,44.4626,-122.01678,1115.8,
15127,44.46262,-122.01678,1115.9,
15128,44.46274,-122.01677,1116.1,
15129,44.46292,-122.01676,1117.7,
15130,44.4631,-122.01675,1122.2,
15131,44.46314,-122.01675,1122.8,
15132,44.46316,-122.01675,1122.9,
15133,44.46328,-122.01674,1123.1,
15134,44.46332,-122.01674,1123.2,
15135,44.46334,-122.01674,1123.2,
15136,44.46339,-122.01673,1123.0,
15137,44.46346,-122.01674,1123.3,
15138,44.4635,-122.01675,1123.5,
15139,44.46352,-122.01675,1123.5,
15140,44.46364,-122.01677,1123.9,
15141,44.46368,-122.01678,1124.1,
15142,44.46369,-122.01678,1124.1,
15143,44.46382,-122.0168,1124.5,
15144,44.46386,-122.0168,1124.5,
15145,44.46387,-122.01681,1124.6,
15146,44.46412,-122.01685,1124.4,
15147,44.46415,-122.0169,1125.0,
15148,44.46426,-122.0171,1126.8,
15149,44.46428,-122.01715,1127.2,
15150,44.46429,-122.01717,1127.2,
15151,44.46432,-122.01734,1128.7,
15152,44.46433,-122.01739,1129.2,
15153,44.46434,-122.01742,1129.4,
15154,44.46437,-122.01758,1131.4,
15155,44.4644,-122.01773,1132.8,
15156,44.46447,-122.01775,1132.1,
15157,44.46451,-122.01776,1131.7,
15158,44.46452,-122.01777,1131.7,
15159,44.46464,-122.0178,1131.0,
15160,44.46482,-122.01784,1131.4,
15161,44.46486,-122.01785,1131.7,
15162,44.46487,-122.01784,1131.7,
15163,44.46524,-122.01751,1130.2,
15164,44.46529,-122.0175,1130.5,
15165,44.46533,-122.0175,1130.8,
15166,44.46546,-122.01748,1131.4,
15167,44.46552,-122.01747,1131.7,
15168,44.46564,-122.01745,1132.2,
15169,44.46568,-122.01745,1132.5,
15170,44.46588,-122.01743,1133.1,
15171,44.466,-122.01741,1133.0,
15172,44.46601,-122.01741,1133.1,
15173,44.46626,-122.01735,1132.1,
15174,44.46636,-122.01733,1131.9,
15175,44.46653,-122.01729,1131.7,
15176,44.46662,-122.01727,1131.4,
15177,44.46675,-122.01724,1130.7,
15178,44.46707,-122.01717,1131.0,
15179,44.46711,-122.01716,1131.2,
15180,44.46715,-122.01715,1131.5,
15181,44.4672,-122.01714,1131.9,
15182,44.46724,-122.01711,1132.0,
15183,44.46741,-122.01701,1133.3,
15184,44.46765,-122.01687,1135.2,
15185,44.46784,-122.01659,1138.1,
15186,44.46787,-122.01655,1138.2,
15187,44.4679,-122.0165,1138.3,
15188,44.46795,-122.01643,1138.3,
15189,44.46797,-122.01642,1138.4,
15190,44.46836,-122.01628,1136.6,
15191,44.46848,-122.01638,1136.6,
15192,44.46851,-122.01641,1136.6,
15193,44.46855,-122.01644,1136.7,
15194,44.46869,-122.01657,1138.4,
15195,44.46879,-122.0165,1138.0,
15196,44.46905,-122.01634,1142.6,
15197,44.46904,-122.01624,1142.0,
15198,44.46901,-122.01607,1140.9,
15199,44.46898,-122.016,1140.3,
15200,44.46879,-122.01551,1138.3,
15201,44.46877,-122.01546,1138.3,
15202,44.46872,-122.01534,1137.7,
15203,44.46866,-122.01519,1136.8,
15204,44.46872,-122.01475,1130.8,
15205,44.46873,-122.01472,1130.5,
15206,44.46877,-122.01464,1129.4,
15207,44.46901,-122.01425,1124.5,
15208,44.46903,-122.01422,1123.9,
15209,44.46935,-122.01417,1123.4,
15210,44.46938,-122.01416,1123.1,
15211,44.46953,-122.01418,1123.4,
15212,44.46969,-122.0142,1122.9,
15213,44.46988,-122.01429,1124.1,
15214,44.46992,-122.01431,1124.4,
15215,44.46996,-122.01432,1124.4,
15216,44.47005,-122.01437,1124.9,
15217,44.47009,-122.01438,1124.6,
15218,44.47022,-122.01444,1124.1,
15219,44.4703,-122.01448,1123.9,
15220,44.47039,-122.01452,1123.7,
15221,44.47049,-122.01456,1124.0,
15222,44.47057,-122.01458,1124.0,
15223,44.47075,-122.01461,1123.2,
15224,44.47079,-122.01462,1123.3,
15225,44.47083,-122.01463,1123.3,
15226,44.47092,-122.01465,1123.4,
15227,44.47096,-122.01466,1123.5,
15228,44.47101,-122.01467,1123.5,
15229,44.47113,-122.01469,1122.0,
15230,44.47128,-122.01472,1118.5,
15231,44.47146,-122.01476,1117.0,
15232,44.47167,-122.0148,1115.8,
15233,44.47198,-122.01492,1114.8,
15234,44.47206,-122.01495,1114.5,
15235,44.47216,-122.01498,1114.0,
15236,44.4722,-122.015,1113.8,
15237,44.47222,-122.01501,1113.7,
15238,44.47247,-122.01523,1113.8,
15239,44.47254,-122.01529,1113.7,
15240,44.47262,-122.01536,1113.4,
15241,44.47264,-122.01538,1113.3,
15242,44.47266,-122.01539,1113.1,
15243,44.47278,-122.01549,1111.4,
15244,44.47285,-122.01555,1110.1,
15245,44.47293,-122.01562,1108.6,
15246,44.47297,-122.01565,1108.0,
15247,44.47322,-122.01586,1105.2,
15248,44.47346,-122.01608,1103.1,
15249,44.47354,-122.01615,1102.7,
15250,44.47358,-122.01618,1102.4,
15251,44.47361,-122.01622,1102.4,
15252,44.47369,-122.01629,1102.2,
15253,44.47373,-122.01632,1102.1,
15254,44.47376,-122.01635,1102.1,
15255,44.47384,-122.01643,1102.0,
15256,44.47399,-122.01656,1101.5,
15257,44.47415,-122.0167,1100.7,
15258,44.47418,-122.01673,1100.6,
15259,44.47422,-122.01676,1100.4,
15260,44.4743,-122.01684,1100.0,
15261,44.47454,-122.01718,1097.3,
15262,44.47455,-122.0172,1097.2,
15263,44.47455,-122.01725,1097.1,
15264,44.47455,-122.01731,1097.2,
15265,44.47455,-122.01745,1097.7,
15266,44.47456,-122.01756,1098.0,
15267,44.47456,-122.01756,1098.0,
15268,44.4746,-122.01764,1098.1,
15269,44.47471,-122.01784,1098.1,
15270,44.47482,-122.01804,1097.9,
15271,44.47493,-122.01825,1097.6,
15272,44.47504,-122.01845,1097.1,
15273,44.47504,-122.01845,1097.1,
15274,44.47526,-122.01836,1095.4,
15275,44.47541,-122.01835,1094.3,
15276,44.47559,-122.01833,1093.0,
15277,44.47577,-122.01831,1091.8,
15278,44.47592,-122.01829,1091.0,
15279,44.47595,-122.0183,1090.9,
15280,44.47612,-122.01834,1090.2,
15281,44.47628,-122.01838,1089.9,
15282,44.47629,-122.0184,1089.9,
15283,44.47663,-122.01892,1090.1,
15284,44.47697,-122.01922,1089.9,
15285,44.47697,-122.01923,1089.9,
15286,44.47744,-122.01959,1089.8,
15287,44.47747,-122.01962,1089.8,
15288,44.47768,-122.01996,1090.0,
15289,44.4778,-122.02015,1090.1,
15290,44.47803,-122.02054,1090.4,
15291,44.47804,-122.02055,1090.4,
15292,44.47832,-122.02117,1090.8,
15293,44.47838,-122.02129,1090.9,
15294,44.47857,-122.02153,1091.0,
15295,44.47858,-122.02154,1091.0,
15296,44.47905,-122.02189,1091.7,
15297,44.47941,-122.02215,1092.2,
15298,44.4797,-122.02231,1092.5,
15299,44.47987,-122.0224,1092.6,
15300,44.48017,-122.02256,1093.0,
15301,44.48074,-122.02271,1093.4,
15302,44.4809,-122.02275,1093.5,
15303,44.48091,-122.02277,1093.5,
15304,44.48106,-122.02291,1093.5,
15305,44.48151,-122.02333,1093.6,
15306,44.48165,-122.02347,1093.6,
15307,44.48195,-122.02375,1093.6,
15308,44.4822,-122.02349,1093.8,
15309,44.48241,-122.02327,1094.0,
15310,44.48249,-122.02319,1094.1,
15311,44.48298,-122.02266,1094.4,
15312,44.48306,-122.02257,1094.5,
15313,44.48343,-122.02208,1094.8,
15314,44.48364,-122.02163,1095.2,
15315,44.48396,-122.02072,1095.8,
15316,44.48398,-122.02065,1095.9,
15317,44.48401,-122.02048,1096.0,
15318,44.48412,-122.01997,1096.4,
15319,44.48415,-122.01949,1096.8,
15320,44.48419,-122.01871,1097.5,
15321,44.48421,-122.01849,1097.8,
15322,44.48426,-122.01774,1098.6,
15323,44.48426,-122.01773,1098.7,
15324,44.48426,-122.01723,1099.9,
15325,44.48426,-122.01698,1100.6,
15326,44.48426,-122.01682,1101.0,
15327,44.48395,-122.01609,1102.9,
15328,44.48387,-122.01591,1103.4,
15329,44.48386,-122.01587,1103.5,
15330,44.48377,-122.01565,1104.1,
15331,44.48349,-122.01494,1106.2,
15332,44.48343,-122.01476,1106.8,
15333,44.48336,-122.01453,1107.6,
15334,44.48321,-122.01404,1109.4,
15335,44.48301,-122.01366,1109.7,
15336,44.4829,-122.01346,1109.7,
15337,44.48265,-122.01297,1109.6,
15338,44.48246,-122.01254,1109.5,
15339,44.48244,-122.01249,1109.5,
15340,44.48242,-122.0123,1109.7,
15341,44.48236,-122.01185,1110.1,
15342,44.48243,-122.01131,1110.8,
15343,44.48247,-122.01106,1111.0,
15344,44.4825,-122.01081,1111.1,
15345,44.48259,-122.01022,1111.4,
15346,44.48261,-122.00982,1111.5,
15347,44.48262,-122.00957,1111.5,
15348,44.48257,-122.00907,1111.5,
15349,44.48254,-122.00882,1111.4,
15350,44.48251,-122.00857,1111.4,
15351,44.48249,-122.00832,1111.4,
15352,44.48246,-122.00807,1111.4,
15353,44.48236,-122.00707,1111.0,
15354,44.48234,-122.00687,1110.9,
15355,44.48234,-122.00682,1111.0,
15356,44.48235,-122.00642,1110.9,
15357,44.48241,-122.00607,1110.9,
15358,44.48245,-122.00583,1110.9,
15359,44.48259,-122.00567,1110.9,
15360,44.4829,-122.00542,1110.9,
15361,44.48306,-122.00529,1111.2,
15362,44.48321,-122.00516,1111.6,
15363,44.48328,-122.00509,1112.0,
15364,44.48362,-122.00467,1114.0,
15365,44.48364,-122.00464,1114.1,
15366,44.48371,-122.00445,1114.9,
15367,44.4838,-122.00423,1115.7,
15368,44.48403,-122.00368,1117.6,
15369,44.48406,-122.00357,1117.9,
15370,44.48414,-122.00334,1118.6,
15371,44.4843,-122.00289,1120.4,
15372,44.4847,-122.00176,1125.7,
15373,44.48478,-122.00153,1126.7,
15374,44.48486,-122.00131,1127.7,
15375,44.4849,-122.00117,1128.2,
15376,44.48507,-122.00092,1129.0,
15377,44.4852,-122.00073,1129.8,
15378,44.4853,-122.00058,1130.3,
15379,44.48541,-122.00038,1131.1,
15380,44.48542,-122.00037,1131.2,
15381,44.48555,-122.0002,1131.9,
15382,44.48582,-121.99986,1131.8,
15383,44.48582,-121.99986,1131.8,
15384,44.48613,-122.00019,1129.9,
15385,44.48625,-122.00031,1128.6,
15386,44.4864,-122.00045,1127.4,
15387,44.4867,-122.00073,1125.2,
15388,44.48685,-122.00088,1124.4,
15389,44.48699,-122.00102,1123.7,
15390,44.48708,-122.0011,1123.4,
15391,44.48738,-122.00133,1122.5,
15392,44.48791,-122.00172,1122.2,
15393,44.48794,-122.00174,1122.2,
15394,44.48827,-122.00194,1122.1,
15395,44.48874,-122.00223,1122.3,
15396,44.48958,-122.00259,1122.5,
15397,44.48998,-122.00271,1122.0,
15398,44.49016,-122.00276,1121.2,
15399,44.49021,-122.00278,1120.9,
15400,44.49033,-122.00279,1120.3,
15401,44.49097,-122.00284,1110.9,
15402,44.49195,-122.00291,1096.5,
15403,44.4921,-122.00292,1095.4,
15404,44.49231,-122.00295,1094.4,
15405,44.49249,-122.00297,1093.4,
15406,44.49267,-122.00299,1092.1,
15407,44.4927,-122.00299,1091.8,
15408,44.49285,-122.00301,1090.5,
15409,44.49321,-122.00306,1086.7,
15410,44.49338,-122.00308,1085.2,
15411,44.49356,-122.00311,1084.3,
15412,44.4944,-122.00323,1079.6,
15413,44.49499,-122.00331,1073.4,
15414,44.49514,-122.00334,1072.2,
15415,44.49517,-122.00334,1072.0,
15416,44.49535,-122.00336,1071.3,
15417,44.49571,-122.00341,1070.5,
15418,44.49661,-122.00352,1066.6,
15419,44.49759,-122.00364,1059.7,
15420,44.49828,-122.00368,1058.3,
15421,44.49868,-122.0037,1058.2,
15422,44.49892,-122.00369,1058.2,
15423,44.49913,-122.00367,1058.4,
15424,44.49929,-122.00365,1058.4,
15425,44.49957,-122.00359,1058.5,
15426,44.49972,-122.00357,1058.5,
15427,44.4999,-122.00353,1058.6,
15428,44.5,-122.0035,1058.5,
15429,44.50017,-122.00346,1057.8,
15430,44.50019,-122.00345,1057.7,
15431,44.50078,-122.00325,1054.1,
15432,44.5016,-122.00296,1053.0,
15433,44.50177,-122.0029,1052.7,
15434,44.50195,-122.00284,1052.4,
15435,44.50208,-122.00279,1052.2,
15436,44.50212,-122.00278,1052.0,
15437,44.50218,-122.00277,1051.8,
15438,44.5023,-122.00273,1051.3,
15439,44.50236,-122.00271,1050.8,
15440,44.50247,-122.00268,1049.2,
15441,44.50254,-122.00266,1048.1,
15442,44.50257,-122.00265,1047.6,
15443,44.50281,-122.00261,1045.0,
15444,44.50296,-122.00258,1043.9,
15445,44.50301,-122.00257,1043.7,
15446,44.50315,-122.00255,1043.2,
15447,44.50318,-122.00255,1043.1,
15448,44.50331,-122.00254,1042.8,
15449,44.50336,-122.00254,1042.7,
15450,44.50354,-122.00255,1042.2,
15451,44.50378,-122.00256,1041.8,
15452,44.5039,-122.00257,1041.6,
15453,44.50426,-122.00258,1041.2,
15454,44.50444,-122.00259,1040.6,
15455,44.5045,-122.0026,1040.0,
15456,44.50462,-122.00261,1038.4,
15457,44.50469,-122.00261,1037.3,
15458,44.5048,-122.00262,1035.9,
15459,44.50498,-122.00263,1034.5,
15460,44.50515,-122.00264,1033.5,
15461,44.50516,-122.00264,1033.4,
15462,44.50534,-122.00264,1032.5,
15463,44.50541,-122.00263,1032.2,
15464,44.50552,-122.00263,1031.5,
15465,44.5057,-122.00263,1030.5,
15466,44.50588,-122.00262,1029.6,
15467,44.50591,-122.00262,1029.5,
15468,44.50644,-122.00252,1028.4,
15469,44.50677,-122.00244,1024.6,
15470,44.50695,-122.00239,1024.6,
15471,44.50712,-122.00233,1024.7,
15472,44.50723,-122.0023,1024.4,
15473,44.5073,-122.00228,1024.1,
15474,44.50747,-122.00221,1023.8,
15475,44.50753,-122.00218,1023.8,
15476,44.50764,-122.00214,1023.4,
15477,44.50767,-122.00213,1023.3,
15478,44.5083,-122.00185,1021.2,
15479,44.50867,-122.00167,1019.8,
15480,44.50937,-122.00135,1013.8,
15481,44.50947,-122.00129,1013.1,
15482,44.51034,-122.00078,1008.8,
15483,44.51052,-122.00068,1008.9,
15484,44.51119,-122.00031,1004.7,
15485,44.51127,-122.00026,1004.4,
15486,44.51135,-122.00022,1004.0,
15487,44.51153,-122.00014,1003.2,
15488,44.5117,-122.00007,1002.6,
15489,44.51187,-121.99999,1004.1,
15490,44.51203,-121.99991,1002.7,
15491,44.51204,-121.99991,1002.7,
15492,44.51213,-121.99988,1002.7,
15493,44.51244,-121.99975,999.6,
15494,44.51256,-121.99972,997.6,
15495,44.51274,-121.99967,995.6,
15496,44.51289,-121.99965,994.3,
15497,44.51302,-121.99964,992.4,
15498,44.51325,-121.99964,991.1,
15499,44.51346,-121.99964,990.5,
15500,44.51351,-121.99964,990.5,
15501,44.51364,-121.99964,990.2,
15502,44.51382,-121.99964,990.1,
15503,44.514,-121.99964,989.9,
15504,44.51406,-121.99965,989.9,
15505,44.51417,-121.99964,989.7,
15506,44.51453,-121.99963,989.5,
15507,44.51464,-121.99963,989.4,
15508,44.51489,-121.9996,989.2,
15509,44.51492,-121.9996,989.2,
15510,44.51507,-121.99957,988.8,
15511,44.51522,-121.99955,988.7,
15512,44.51543,-121.99948,988.7,
15513,44.51544,-121.99948,988.7,
15514,44.5156,-121.99941,988.4,
15515,44.51568,-121.99937,988.4,
15516,44.51577,-121.99933,987.6,
15517,44.51591,-121.99926,985.9,
15518,44.51612,-121.99912,980.2,
15519,44.51626,-121.99901,980.2,
15520,44.51628,-121.999,980.2,
15521,44.51657,-121.99876,976.4,
15522,44.51661,-121.99873,975.9,
15523,44.51687,-121.99849,974.0,
15524,44.51702,-121.99835,972.6,
15525,44.51717,-121.99822,971.4,
15526,44.51732,-121.99808,970.4,
15527,44.51742,-121.99799,969.7,
15528,44.51747,-121.99794,969.3,
15529,44.51762,-121.99778,968.4,
15530,44.51776,-121.99763,967.5,
15531,44.5179,-121.99748,966.7,
15532,44.51816,-121.9972,965.2,
15533,44.51834,-121.99704,964.3,
15534,44.51865,-121.99677,962.5,
15535,44.5192,-121.99628,960.5,
15536,44.51973,-121.99588,959.4,
15537,44.51989,-121.99576,959.1,
15538,44.51999,-121.99569,959.0,
15539,44.52005,-121.99565,958.8,
15540,44.52022,-121.99555,958.5,
15541,44.52038,-121.99545,958.2,
15542,44.52053,-121.99536,957.9,
15543,44.52055,-121.99535,957.9,
15544,44.52072,-121.99527,957.5,
15545,44.52106,-121.99511,956.9,
15546,44.52108,-121.9951,956.8,
15547,44.52123,-121.99502,956.4,
15548,44.5214,-121.99493,956.1,
15549,44.52142,-121.99492,956.0,
15550,44.52209,-121.99467,957.0,
15551,44.52275,-121.99449,959.8,
15552,44.52285,-121.99447,960.1,
15553,44.52303,-121.99443,960.7,
15554,44.52334,-121.99435,961.8,
15555,44.52356,-121.99431,962.4,
15556,44.52369,-121.99429,962.8,
15557,44.52374,-121.99429,962.7,
15558,44.52392,-121.99428,962.6,
15559,44.52393,-121.99428,962.5,
15560,44.5241,-121.99428,961.5,
15561,44.52428,-121.99428,960.3,
15562,44.52447,-121.99428,959.0,
15563,44.52464,-121.99429,957.2,
15564,44.52554,-121.99431,952.2,
15565,44.52608,-121.99434,952.5,
15566,44.52626,-121.99435,952.2,
15567,44.52629,-121.99435,952.2,
15568,44.52638,-121.99435,952.2,
15569,44.52644,-121.99436,952.0,
15570,44.52662,-121.99437,951.9,
15571,44.5268,-121.99438,951.7,
15572,44.52698,-121.99438,951.7,
15573,44.52716,-121.99439,951.5,
15574,44.52734,-121.9944,951.1,
15575,44.52764,-121.99442,951.3,
15576,44.52806,-121.99444,952.0,
15577,44.52824,-121.99445,951.5,
15578,44.52842,-121.99446,950.7,
15579,44.5286,-121.99447,950.2,
15580,44.52878,-121.99447,950.4,
15581,44.52896,-121.99448,950.7,
15582,44.52899,-121.99448,950.8,
15583,44.52913,-121.99449,950.8,
15584,44.52931,-121.9945,950.4,
15585,44.52962,-121.99451,948.8,
15586,44.52967,-121.99451,948.6,
15587,44.52971,-121.99452,948.3,
15588,44.53087,-121.99455,947.3,
15589,44.53221,-121.99462,941.8,
15590,44.53249,-121.99463,941.7,
15591,44.53321,-121.99467,939.0,
15592,44.53411,-121.99471,935.2,
15593,44.53416,-121.99472,935.2,
15594,44.53429,-121.99472,935.6,
15595,44.53447,-121.99473,936.0,
15596,44.53465,-121.99474,936.3,
15597,44.53483,-121.99475,936.2,
15598,44.53501,-121.99475,935.9,
15599,44.53537,-121.99477,932.5,
15600,44.53553,-121.99478,930.6,
15601,44.53609,-121.99481,928.2,
15602,44.53627,-121.99482,927.2,
15603,44.53645,-121.99484,926.2,
15604,44.53662,-121.99485,925.4,
15605,44.53667,-121.99485,925.2,
15606,44.5368,-121.99486,924.7,
15607,44.53698,-121.99488,924.3,
15608,44.53716,-121.9949,923.9,
15609,44.53788,-121.99496,923.8,
15610,44.53806,-121.99499,924.0,
15611,44.53824,-121.99501,924.2,
15612,44.53842,-121.99503,924.1,
15613,44.53866,-121.99506,923.9,
15614,44.53896,-121.9951,923.0,
15615,44.53918,-121.99513,922.2,
15616,44.53931,-121.99517,921.7,
15617,44.53966,-121.99528,921.1,
15618,44.54019,-121.99545,919.7,
15619,44.5404,-121.99551,917.6,
15620,44.54084,-121.99567,915.8,
15621,44.54135,-121.99586,914.1,
15622,44.54153,-121.99593,913.8,
15623,44.54185,-121.99607,912.4,
15624,44.54197,-121.99612,912.0,
15625,44.54206,-121.99615,911.9,
15626,44.54222,-121.99619,911.8,
15627,44.54228,-121.99619,911.8,
15628,44.54231,-121.9962,911.7,
15629,44.54241,-121.9962,911.6,
15630,44.54246,-121.9962,911.6,
15631,44.54252,-121.99621,911.4,
15632,44.54264,-121.9962,911.4,
15633,44.54282,-121.99619,911.2,
15634,44.54299,-121.99617,911.0,
15635,44.5432,-121.99613,910.7,
15636,44.54333,-121.9961,910.5,
15637,44.54335,-121.99609,910.6,
15638,44.54345,-121.99606,910.5,
15639,44.54353,-121.99603,910.4,
15640,44.54363,-121.99598,910.3,
15641,44.5437,-121.99595,910.4,
15642,44.54377,-121.99592,910.3,
15643,44.54387,-121.99586,910.4,
15644,44.54395,-121.99581,910.4,
15645,44.54409,-121.9957,910.5,
15646,44.54418,-121.99563,910.5,
15647,44.54424,-121.99558,910.5,
15648,44.54434,-121.99549,910.5,
15649,44.54448,-121.99535,910.3,
15650,44.54463,-121.9952,909.9,
15651,44.54469,-121.99514,909.8,
15652,44.54478,-121.99506,909.4,
15653,44.54511,-121.99473,909.0,
15654,44.54522,-121.99463,909.6,
15655,44.54534,-121.99452,910.8,
15656,44.54537,-121.9945,911.0,
15657,44.54548,-121.99441,912.2,
15658,44.54553,-121.99438,912.5,
15659,44.5457,-121.99427,914.0,
15660,44.54572,-121.99426,914.0,
15661,44.54586,-121.99418,914.5,
15662,44.54602,-121.99412,914.6,
15663,44.54604,-121.99411,914.6,
15664,44.54612,-121.99408,914.1,
15665,44.54621,-121.99405,913.8,
15666,44.54633,-121.99404,913.1,
15667,44.54645,-121.99403,914.1,
15668,44.54657,-121.99404,914.8,
15669,44.54666,-121.99405,914.9,
15670,44.54675,-121.99407,914.5,
15671,44.54676,-121.99407,914.5,
15672,44.54693,-121.99409,913.8,
15673,44.54709,-121.99413,912.9,
15674,44.54719,-121.99417,912.1,
15675,44.54728,-121.9942,911.6,
15676,44.54734,-121.99422,911.5,
15677,44.54745,-121.99427,911.9,
15678,44.54751,-121.99429,912.4,
15679,44.54763,-121.99433,913.0,
15680,44.54772,-121.99435,913.5,
15681,44.5478,-121.99438,913.6,
15682,44.5481,-121.99447,910.6,
15683,44.54854,-121.99457,905.1,
15684,44.54869,-121.99459,903.7,
15685,44.5487,-121.99459,903.6,
15686,44.54891,-121.9946,902.2,
15687,44.54905,-121.9946,901.4,
15688,44.5491,-121.9946,901.2,
15689,44.54923,-121.99458,901.1,
15690,44.54937,-121.99457,900.9,
15691,44.54941,-121.99457,900.8,
15692,44.54953,-121.99455,901.0,
15693,44.54959,-121.99453,901.2,
15694,44.54974,-121.9945,901.6,
15695,44.54983,-121.99447,902.0,
15696,44.55003,-121.99441,902.2,
15697,44.55029,-121.9943,903.5,
15698,44.55063,-121.99415,905.6,
15699,44.55078,-121.99409,906.3,
15700,44.5508,-121.99408,906.4,
15701,44.5509,-121.99404,906.6,
15702,44.55098,-121.99402,906.5,
15703,44.5512,-121.99394,906.7,
15704,44.55133,-121.99391,906.2,
15705,44.55151,-121.99387,905.4,
15706,44.55166,-121.99384,904.8,
15707,44.55186,-121.9938,903.8,
15708,44.55213,-121.99377,902.3,
15709,44.55236,-121.99375,901.4,
15710,44.5524,-121.99375,901.7,
15711,44.55256,-121.99375,903.9,
15712,44.55258,-121.99375,904.1,
15713,44.55272,-121.99375,905.3,
15714,44.55276,-121.99376,905.4,
15715,44.55287,-121.99377,906.0,
15716,44.55308,-121.99381,906.8,
15717,44.55319,-121.99383,907.5,
15718,44.55335,-121.99388,907.6,
15719,44.55351,-121.99395,907.1,
15720,44.55364,-121.99402,906.2,
15721,44.55372,-121.99406,905.8,
15722,44.5538,-121.99412,905.0,
15723,44.5541,-121.9943,903.8,
15724,44.55413,-121.99432,903.5,
15725,44.55429,-121.99443,902.0,
15726,44.55461,-121.99466,899.4,
15727,44.55469,-121.99471,898.8,
15728,44.55478,-121.99477,898.1,
15729,44.55494,-121.99488,897.3,
15730,44.5551,-121.99499,896.9,
15731,44.55542,-121.99521,895.8,
15732,44.5555,-121.99527,895.3,
15733,44.55558,-121.99533,894.8,
15734,44.55574,-121.99545,893.3,
15735,44.55634,-121.99592,893.6,
15736,44.55637,-121.99594,893.8,
15737,44.55653,-121.99606,894.2,
15738,44.55711,-121.99648,894.7,
15739,44.55732,-121.99664,893.7,
15740,44.55748,-121.99676,892.2,
15741,44.55796,-121.99711,888.7,
15742,44.55812,-121.99723,889.3,
15743,44.55828,-121.99735,888.8,
15744,44.55838,-121.99742,887.8,
15745,44.55844,-121.99746,886.9,
15746,44.55876,-121.9977,881.4,
15747,44.55892,-121.99781,879.9,
15748,44.55908,-121.99793,878.5,
15749,44.5594,-121.99816,878.3,
15750,44.55956,-121.99828,879.2,
15751,44.55972,-121.99839,879.7,
15752,44.55988,-121.99851,879.1,
15753,44.56004,-121.99862,881.2,
15754,44.56019,-121.99874,877.7,
15755,44.5602,-121.99874,878.1,
15756,44.56036,-121.99886,881.4,
15757,44.56052,-121.99897,879.5,
15758,44.56067,-121.99908,879.5,
15759,44.56068,-121.99908,879.5,
15760,44.56084,-121.99919,882.0,
15761,44.56095,-121.99927,878.9,
15762,44.561,-121.9993,878.9,
15763,44.56116,-121.99941,880.9,
15764,44.56133,-121.99951,880.5,
15765,44.56144,-121.99958,880.3,
15766,44.56167,-121.99967,881.4,
15767,44.562,-121.99981,880.3,
15768,44.56219,-121.99987,879.9,
15769,44.56226,-121.9999,879.8,
15770,44.56243,-121.99994,880.0,
15771,44.56254,-121.99996,880.7,
15772,44.56272,-121.99997,881.0,
15773,44.56278,-121.99997,881.4,
15774,44.5629,-121.99997,881.4,
15775,44.56294,-121.99997,881.4,
15776,44.56303,-121.99997,881.3,
15777,44.56323,-121.99996,881.2,
15778,44.56326,-121.99995,881.1,
15779,44.56344,-121.99992,880.4,
15780,44.56362,-121.99989,879.4,
15781,44.56372,-121.99987,879.4,
15782,44.5638,-121.99986,879.4,
15783,44.56398,-121.99984,878.5,
15784,44.56403,-121.99983,878.5,
15785,44.56416,-121.99982,877.3,
15786,44.56427,-121.99982,877.2,
15787,44.56434,-121.99982,877.2,
15788,44.56441,-121.99982,875.3,
15789,44.56452,-121.99983,874.1,
15790,44.5646,-121.99984,874.1,
15791,44.56469,-121.99985,872.3,
15792,44.56487,-121.99988,871.3,
15793,44.56489,-121.99988,871.3,
15794,44.56505,-121.99992,871.5,
15795,44.56514,-121.99993,871.5,
15796,44.56547,-122.00004,864.5,
15797,44.56596,-122.00023,863.4,
15798,44.56611,-122.00029,862.6,
15799,44.56628,-122.00035,862.9,
15800,44.56651,-122.00044,862.4,
15801,44.56663,-122.00047,862.5,
15802,44.56677,-122.0005,862.5,
15803,44.56681,-122.00051,862.6,
15804,44.56698,-122.00053,862.8,
15805,44.56726,-122.00058,861.7,
15806,44.56735,-122.00058,861.6,
15807,44.56746,-122.00059,861.6,
15808,44.56771,-122.00057,861.9,
15809,44.56788,-122.00055,861.5,
15810,44.56803,-122.00053,861.5,
15811,44.56806,-122.00052,861.5,
15812,44.56824,-122.00048,861.6,
15813,44.56824,-122.00047,861.6,
15814,44.56841,-122.0004,862.1,
15815,44.56842,-122.0004,862.1,
15816,44.56869,-122.00027,862.3,
15817,44.56895,-122.00012,862.5,
15818,44.56941,-121.99982,866.1,
15819,44.56957,-121.99971,868.4,
15820,44.56967,-121.99964,864.6,
15821,44.56973,-121.9996,859.8,
15822,44.56989,-121.99949,863.5,
15823,44.57038,-121.99917,859.8,
15824,44.57063,-121.99901,854.2,
15825,44.57138,-121.99841,851.6,
15826,44.57148,-121.99832,851.7,
15827,44.57178,-121.99803,850.8,
15828,44.57189,-121.99793,850.4,
15829,44.57204,-121.99776,849.7,
15830,44.57207,-121.99773,849.5,
15831,44.57219,-121.99757,849.1,
15832,44.5722,-121.99756,849.1,
15833,44.57232,-121.99741,848.3,
15834,44.57247,-121.99722,847.1,
15835,44.5726,-121.99704,846.3,
15836,44.57272,-121.99685,845.5,
15837,44.5728,-121.99672,844.9,
15838,44.57283,-121.99666,844.8,
15839,44.57292,-121.99646,844.6,
15840,44.57304,-121.99616,844.6,
15841,44.57318,-121.99578,844.4,
15842,44.57337,-121.99527,843.4,
15843,44.57343,-121.99511,843.0,
15844,44.57347,-121.99499,842.7,
15845,44.57351,-121.99488,842.2,
15846,44.5736,-121.99455,841.3,
15847,44.57369,-121.99416,840.5,
15848,44.57372,-121.994,840.2,
15849,44.57375,-121.99385,840.0,
15850,44.57382,-121.9935,839.2,
15851,44.57387,-121.99308,838.4,
15852,44.57389,-121.99289,838.1,
15853,44.57391,-121.99268,837.7,
15854,44.57393,-121.99233,837.3,
15855,44.57394,-121.99207,837.1,
15856,44.57394,-121.99181,837.0,
15857,44.57394,-121.99143,837.0,
15858,44.57393,-121.99107,836.9,
15859,44.5739,-121.99041,836.3,
15860,44.5739,-121.99036,836.2,
15861,44.57385,-121.98935,834.5,
15862,44.57385,-121.98911,834.6,
15863,44.57386,-121.98891,834.5,
15864,44.57388,-121.98855,834.8,
15865,44.5739,-121.98831,835.0,
15866,44.57391,-121.9882,835.1,
15867,44.57393,-121.98807,834.9,
15868,44.57397,-121.98775,834.7,
15869,44.57403,-121.98744,834.3,
15870,44.57413,-121.98708,833.8,
15871,44.57415,-121.98699,833.9,
15872,44.57419,-121.98688,833.8,
15873,44.57423,-121.98676,833.8,
15874,44.57431,-121.98653,833.7,
15875,44.57439,-121.98632,833.6,
15876,44.57439,-121.98631,833.6,
15877,44.57453,-121.98598,833.4,
15878,44.57458,-121.98588,833.4,
15879,44.57465,-121.98574,833.3,
15880,44.5748,-121.98548,832.6,
15881,44.57484,-121.9854,831.9,
15882,44.57491,-121.98528,830.8,
15883,44.57499,-121.98516,830.6,
15884,44.57503,-121.98509,830.4,
15885,44.57509,-121.98501,830.3,
15886,44.57516,-121.98491,829.2,
15887,44.57541,-121.98457,827.9,
15888,44.57568,-121.98427,827.5,
15889,44.57579,-121.98415,827.3,
15890,44.57598,-121.98398,827.1,
15891,44.57621,-121.98378,827.2,
15892,44.57631,-121.98372,827.1,
15893,44.57647,-121.98361,826.9,
15894,44.57656,-121.98355,826.9,
15895,44.57697,-121.98331,826.8,
15896,44.57714,-121.98322,826.7,
15897,44.57742,-121.98309,826.7,
15898,44.57755,-121.98303,826.7,
15899,44.57765,-121.983,826.7,
15900,44.5779,-121.98291,826.8,
15901,44.57813,-121.98284,826.7,
15902,44.57818,-121.98283,826.7,
15903,44.57829,-121.9828,826.8,
15904,44.57855,-121.98275,826.5,
15905,44.57874,-121.98272,825.9,
15906,44.57883,-121.9827,825.6,
15907,44.57914,-121.98267,824.1,
15908,44.57944,-121.98265,822.7,
15909,44.57997,-121.98263,822.9,
15910,44.58026,-121.9826,823.0,
15911,44.5808,-121.98256,822.0,
15912,44.58098,-121.98255,821.6,
15913,44.58188,-121.98248,820.5,
15914,44.58205,-121.98247,820.4,
15915,44.58223,-121.98245,820.3,
15916,44.58279,-121.98241,820.2,
15917,44.58391,-121.98233,816.6,
15918,44.58407,-121.98231,816.1,
15919,44.58409,-121.98231,816.0,
15920,44.58425,-121.98229,815.4,
15921,44.58427,-121.98229,815.3,
15922,44.58435,-121.98227,815.0,
15923,44.58445,-121.98225,814.6,
15924,44.58448,-121.98224,814.5,
15925,44.5847,-121.98218,813.9,
15926,44.58488,-121.98212,813.3,
15927,44.58504,-121.98206,812.7,
15928,44.58515,-121.98202,812.3,
15929,44.58525,-121.98198,811.9,
15930,44.58542,-121.9819,811.1,
15931,44.58552,-121.98185,810.7,
15932,44.58564,-121.98178,810.1,
15933,44.58566,-121.98177,810.0,
15934,44.58582,-121.98167,809.2,
15935,44.58583,-121.98167,809.1,
15936,44.58609,-121.9815,808.0,
15937,44.58624,-121.98139,807.8,
15938,44.58665,-121.9811,806.1,
15939,44.58695,-121.98088,805.9,
15940,44.58711,-121.98077,805.9,
15941,44.58727,-121.98065,805.9,
15942,44.58743,-121.98053,805.9,
15943,44.58759,-121.98042,805.8,
15944,44.58775,-121.9803,804.7,
15945,44.58832,-121.97988,802.4,
15946,44.5887,-121.9796,802.0,
15947,44.58918,-121.97925,801.0,
15948,44.58934,-121.97913,800.9,
15949,44.58982,-121.97878,800.9,
15950,44.58998,-121.97867,800.9,
15951,44.59004,-121.97862,800.9,
15952,44.59014,-121.97855,800.9,
15953,44.5903,-121.97843,800.9,
15954,44.59046,-121.97831,800.9,
15955,44.59062,-121.9782,801.0,
15956,44.59077,-121.97808,801.1,
15957,44.59125,-121.97773,800.6,
15958,44.59147,-121.97757,800.1,
15959,44.59157,-121.97748,800.3,
15960,44.59188,-121.97722,799.9,
15961,44.59218,-121.97696,799.6,
15962,44.59227,-121.97689,799.3,
15963,44.59234,-121.97683,799.1,
15964,44.59248,-121.97668,799.1,
15965,44.59263,-121.97653,798.8,
15966,44.59274,-121.97642,798.3,
15967,44.59292,-121.97623,797.5,
15968,44.5932,-121.97592,794.0,
15969,44.59326,-121.97585,793.8,
15970,44.59334,-121.97576,793.7,
15971,44.59361,-121.97543,790.5,
15972,44.59364,-121.97539,790.2,
15973,44.59386,-121.97512,789.0,
15974,44.59388,-121.97509,788.9,
15975,44.59408,-121.97484,788.5,
15976,44.59414,-121.97474,788.6,
15977,44.5943,-121.97449,788.4,
15978,44.59462,-121.97399,787.7,
15979,44.59464,-121.97397,787.6,
15980,44.59473,-121.9738,787.2,
15981,44.59484,-121.97359,786.3,
15982,44.59494,-121.97341,785.3,
15983,44.59511,-121.97306,784.0,
15984,44.59515,-121.97298,783.9,
15985,44.59548,-121.97234,784.4,
15986,44.59557,-121.97216,784.8,
15987,44.59567,-121.97195,785.5,
15988,44.59588,-121.97153,786.4,
15989,44.59598,-121.97132,787.0,
15990,44.59608,-121.97111,787.7,
15991,44.59612,-121.97103,788.0,
15992,44.59618,-121.97091,788.4,
15993,44.59629,-121.9707,789.1,
15994,44.59639,-121.97049,789.6,
15995,44.59649,-121.97028,789.9,
15996,44.59659,-121.97008,789.9,
15997,44.5967,-121.96987,789.6,
15998,44.59671,-121.96984,789.7,
15999,44.5969,-121.96946,789.2,
16000,44.59701,-121.96925,788.8,
16001,44.59722,-121.96884,787.8,
16002,44.59727,-121.96874,787.6,
16003,44.59742,-121.96843,787.0,
16004,44.59753,-121.96822,786.1,
16005,44.59778,-121.96772,781.4,
16006,44.59784,-121.9676,781.1,
16007,44.59795,-121.9674,779.9,
16008,44.59826,-121.96678,777.7,
16009,44.5988,-121.96567,776.0,
16010,44.59915,-121.96504,775.1,
16011,44.59926,-121.96485,775.2,
16012,44.59927,-121.96485,775.1,
16013,44.59946,-121.96453,775.7,
16014,44.5995,-121.96447,775.7,
16015,44.59962,-121.96429,775.7,
16016,44.59963,-121.96428,775.7,
16017,44.59976,-121.96411,775.2,
16018,44.59979,-121.96407,775.1,
16019,44.5999,-121.96395,774.5,
16020,44.59996,-121.96389,774.1,
16021,44.60005,-121.9638,773.7,
16022,44.60009,-121.96376,773.6,
16023,44.60022,-121.96363,773.5,
16024,44.60034,-121.96352,774.0,
16025,44.60036,-121.9635,774.2,
16026,44.6006,-121.96332,775.6,
16027,44.60066,-121.96328,776.0,
16028,44.60074,-121.96322,776.5,
16029,44.60082,-121.96317,776.8,
16030,44.60086,-121.96315,776.8,
16031,44.60095,-121.9631,776.7,
16032,44.60099,-121.96307,776.8,
16033,44.60108,-121.96302,776.8,
16034,44.60116,-121.96298,776.7,
16035,44.60126,-121.96294,776.4,
16036,44.60132,-121.96292,776.3,
16037,44.60133,-121.96291,776.5,
16038,44.60147,-121.96286,776.8,
16039,44.6015,-121.96285,776.9,
16040,44.60167,-121.96279,778.1,
16041,44.60168,-121.96279,778.1,
16042,44.60195,-121.96271,779.5,
16043,44.60203,-121.96269,779.8,
16044,44.60221,-121.96264,780.0,
16045,44.60231,-121.96261,779.9,
16046,44.60245,-121.96258,779.5,
16047,44.60273,-121.96249,778.8,
16048,44.60291,-121.96241,778.3,
16049,44.60307,-121.96232,778.0,
16050,44.60308,-121.96232,777.9,
16051,44.60324,-121.96222,777.8,
16052,44.60326,-121.96221,777.8,
16053,44.6034,-121.96211,777.8,
16054,44.60347,-121.96206,777.7,
16055,44.60356,-121.96199,777.6,
16056,44.60363,-121.96194,777.4,
16057,44.60371,-121.96186,777.4,
16058,44.60378,-121.96179,777.4,
16059,44.60386,-121.96171,777.3,
16060,44.60398,-121.96159,777.1,
16061,44.604,-121.96157,777.1,
16062,44.60414,-121.9614,777.0,
16063,44.6044,-121.96106,776.8,
16064,44.60445,-121.96099,776.8,
16065,44.60454,-121.96089,776.5,
16066,44.60467,-121.96071,776.3,
16067,44.6048,-121.96054,776.0,
16068,44.60493,-121.96037,775.6,
16069,44.60506,-121.9602,775.2,
16070,44.6052,-121.96003,775.0,
16071,44.6052,-121.96002,775.0,
16072,44.60533,-121.95986,775.0,
16073,44.60546,-121.95969,775.1,
16074,44.6056,-121.95952,775.1,
16075,44.60573,-121.95935,775.1,
16076,44.60586,-121.95918,775.1,
16077,44.60599,-121.95901,775.0,
16078,44.60613,-121.95884,774.8,
16079,44.60626,-121.95867,774.6,
16080,44.6064,-121.9585,774.1,
16081,44.60653,-121.95833,773.8,
16082,44.60666,-121.95816,773.4,
16083,44.6068,-121.95799,773.1,
16084,44.60693,-121.95782,772.9,
16085,44.60706,-121.95765,772.8,
16086,44.6072,-121.95749,772.6,
16087,44.60733,-121.95732,772.7,
16088,44.6076,-121.95698,772.5,
16089,44.60773,-121.95681,772.3,
16090,44.60785,-121.95666,772.1,
16091,44.60787,-121.95664,772.1,
16092,44.608,-121.95647,771.8,
16093,44.60813,-121.9563,771.6,
16094,44.60827,-121.95613,771.2,
16095,44.6084,-121.95596,770.9,
16096,44.60853,-121.9558,770.7,
16097,44.60867,-121.95563,770.2,
16098,44.6088,-121.95546,769.5,
16099,44.60894,-121.95529,768.8,
16100,44.60907,-121.95512,768.4,
16101,44.6092,-121.95495,768.1,
16102,44.60974,-121.95427,765.3,
16103,44.61014,-121.95377,763.1,
16104,44.61014,-121.95376,763.1,
16105,44.61027,-121.9536,762.4,
16106,44.61027,-121.95359,762.4,
16107,44.6104,-121.95343,761.8,
16108,44.61053,-121.95326,761.3,
16109,44.61067,-121.95309,760.8,
16110,44.6108,-121.95292,760.4,
16111,44.61093,-121.95275,760.1,
16112,44.61107,-121.95258,759.8,
16113,44.6112,-121.95241,759.5,
16114,44.61133,-121.95224,759.3,
16115,44.61147,-121.95207,759.0,
16116,44.6116,-121.9519,758.9,
16117,44.61173,-121.95173,758.7,
16118,44.61187,-121.95156,758.4,
16119,44.61198,-121.95142,758.2,
16120,44.612,-121.95139,758.1,
16121,44.61201,-121.95137,758.1,
16122,44.61213,-121.95122,757.8,
16123,44.61226,-121.95105,757.2,
16124,44.61237,-121.95091,757.0,
16125,44.6124,-121.95088,757.0,
16126,44.61253,-121.95071,756.5,
16127,44.61266,-121.95054,755.9,
16128,44.6128,-121.95037,754.9,
16129,44.61293,-121.9502,753.5,
16130,44.61333,-121.94969,750.2,
16131,44.61367,-121.94924,748.6,
16132,44.61372,-121.94917,748.4,
16133,44.6138,-121.94908,748.1,
16134,44.61386,-121.949,747.9,
16135,44.61389,-121.94897,747.8,
16136,44.614,-121.94884,747.6,
16137,44.61406,-121.94877,747.5,
16138,44.6142,-121.94862,747.5,
16139,44.61428,-121.94853,747.5,
16140,44.61429,-121.94853,747.5,
16141,44.61441,-121.94841,747.5,
16142,44.61461,-121.94822,747.5,
16143,44.61515,-121.94782,747.5,
16144,44.6153,-121.94771,747.6,
16145,44.61531,-121.94771,747.6,
16146,44.61534,-121.94768,747.6,
16147,44.61563,-121.94747,748.0,
16148,44.61615,-121.94709,748.8,
16149,44.61631,-121.94698,749.2,
16150,44.61664,-121.94676,750.6,
16151,44.61668,-121.94673,750.8,
16152,44.6168,-121.94665,751.3,
16153,44.61696,-121.94654,752.0,
16154,44.61705,-121.94648,752.4,
16155,44.61713,-121.94644,752.7,
16156,44.6173,-121.94635,753.2,
16157,44.61747,-121.94627,753.6,
16158,44.61763,-121.94618,754.1,
16159,44.61776,-121.94611,754.4,
16160,44.6178,-121.94609,754.5,
16161,44.61797,-121.94601,754.8,
16162,44.6181,-121.94595,755.0,
16163,44.61814,-121.94593,755.0,
16164,44.61819,-121.94591,755.1,
16165,44.61832,-121.94584,755.4,
16166,44.61866,-121.94571,755.3,
16167,44.61872,-121.94569,755.3,
16168,44.61883,-121.94565,755.3,
16169,44.61918,-121.94551,755.1,
16170,44.61935,-121.94544,754.8,
16171,44.61953,-121.94537,754.5,
16172,44.6197,-121.9453,754.1,
16173,44.61987,-121.94523,753.8,
16174,44.62004,-121.94516,753.5,
16175,44.62022,-121.94509,753.1,
16176,44.62039,-121.94502,752.8,
16177,44.62056,-121.94495,752.6,
16178,44.62074,-121.94488,752.3,
16179,44.62091,-121.94481,752.2,
16180,44.62108,-121.94474,751.9,
16181,44.62126,-121.94467,751.7,
16182,44.62143,-121.9446,751.4,
16183,44.6216,-121.94454,751.1,
16184,44.62195,-121.9444,750.3,
16185,44.62212,-121.94433,750.0,
16186,44.62229,-121.94426,749.7,
16187,44.62247,-121.94419,749.3,
16188,44.62281,-121.94405,749.2,
16189,44.62298,-121.94398,749.2,
16190,44.62316,-121.94391,749.3,
16191,44.62333,-121.94384,749.3,
16192,44.6235,-121.94377,749.3,
16193,44.62368,-121.9437,749.3,
16194,44.62402,-121.94356,749.1,
16195,44.62451,-121.94336,748.8,
16196,44.62469,-121.94329,748.6,
16197,44.62494,-121.94318,748.5,
16198,44.62512,-121.94311,748.4,
16199,44.62529,-121.94304,748.3,
16200,44.62546,-121.94297,748.1,
16201,44.62563,-121.9429,747.8,
16202,44.62581,-121.94282,747.5,
16203,44.62598,-121.94275,747.1,
16204,44.62607,-121.94271,747.0,
16205,44.62667,-121.94247,745.7,
16206,44.62701,-121.94232,744.7,
16207,44.62736,-121.94218,742.9,
16208,44.62821,-121.94184,741.0,
16209,44.62838,-121.94177,740.8,
16210,44.6289,-121.94156,740.0,
16211,44.62907,-121.94149,739.7,
16212,44.62924,-121.94143,739.5,
16213,44.62942,-121.94136,739.2,
16214,44.62959,-121.94129,739.0,
16215,44.62976,-121.94122,738.7,
16216,44.62994,-121.94115,738.5,
16217,44.63028,-121.94101,738.0,
16218,44.63063,-121.94087,737.5,
16219,44.63097,-121.94073,736.9,
16220,44.63115,-121.94067,736.5,
16221,44.63132,-121.9406,736.1,
16222,44.63149,-121.94053,735.7,
16223,44.63178,-121.9404,734.5,
16224,44.63195,-121.94032,733.4,
16225,44.63212,-121.94025,731.8,
16226,44.6323,-121.94017,730.5,
16227,44.63247,-121.94009,729.8,
16228,44.63264,-121.94002,729.3,
16229,44.63281,-121.93994,728.8,
16230,44.63298,-121.93987,728.4,
16231,44.63315,-121.93979,728.1,
16232,44.63332,-121.93971,727.5,
16233,44.6335,-121.93964,726.7,
16234,44.63367,-121.93956,726.0,
16235,44.63376,-121.93952,725.5,
16236,44.63384,-121.93949,725.1,
16237,44.63401,-121.93941,724.3,
16238,44.63415,-121.93935,723.6,
16239,44.63418,-121.93934,723.4,
16240,44.63435,-121.93928,722.8,
16241,44.63436,-121.93928,722.7,
16242,44.63453,-121.93922,722.6,
16243,44.63459,-121.9392,722.6,
16244,44.63471,-121.93917,722.3,
16245,44.63479,-121.93915,722.2,
16246,44.63488,-121.93913,722.6,
16247,44.63495,-121.93912,723.0,
16248,44.63501,-121.93911,723.4,
16249,44.63508,-121.93911,723.6,
16250,44.63515,-121.93911,723.7,
16251,44.63525,-121.93912,723.7,
16252,44.63542,-121.93914,723.8,
16253,44.63555,-121.93918,723.7,
16254,44.63562,-121.9392,723.8,
16255,44.63566,-121.93921,723.9,
16256,44.6357,-121.93923,724.0,
16257,44.63574,-121.93924,724.1,
16258,44.63577,-121.93926,724.1,
16259,44.63581,-121.93927,724.4,
16260,44.63583,-121.93928,724.5,
16261,44.63587,-121.9393,724.6,
16262,44.63594,-121.93934,724.8,
16263,44.63598,-121.93936,725.0,
16264,44.636,-121.93938,725.0,
16265,44.63609,-121.93943,725.4,
16266,44.63614,-121.93947,725.4,
16267,44.63616,-121.93948,725.5,
16268,44.63624,-121.93955,725.4,
16269,44.6363,-121.9396,725.4,
16270,44.63633,-121.93963,725.4,
16271,44.63641,-121.93971,725.4,
16272,44.63644,-121.93974,725.5,
16273,44.63653,-121.93983,725.9,
16274,44.63659,-121.9399,726.0,
16275,44.63665,-121.93997,726.1,
16276,44.63672,-121.94006,726.1,
16277,44.63681,-121.94017,726.2,
16278,44.63686,-121.94023,726.2,
16279,44.63699,-121.94039,726.5,
16280,44.63713,-121.94056,727.0,
16281,44.63734,-121.94081,728.1,
16282,44.6374,-121.94089,728.2,
16283,44.63754,-121.94105,728.5,
16284,44.63767,-121.94122,728.6,
16285,44.63787,-121.94145,729.2,
16286,44.63795,-121.94155,729.3,
16287,44.63809,-121.94171,729.3,
16288,44.63822,-121.94187,729.2,
16289,44.63832,-121.94198,729.2,
16290,44.63851,-121.94216,729.2,
16291,44.63881,-121.94246,727.2,
16292,44.63892,-121.94257,725.9,
16293,44.63896,-121.9426,725.6,
16294,44.63911,-121.94274,724.6,
16295,44.63926,-121.94288,724.4,
16296,44.63941,-121.94302,724.1,
16297,44.63946,-121.94307,723.9,
16298,44.63956,-121.94315,723.6,
16299,44.63971,-121.94329,722.9,
16300,44.63985,-121.9434,722.5,
16301,44.63987,-121.94342,722.4,
16302,44.64002,-121.94355,722.0,
16303,44.64011,-121.94362,722.0,
16304,44.64034,-121.94378,720.4,
16305,44.64047,-121.94387,719.6,
16306,44.6405,-121.94389,719.5,
16307,44.64066,-121.944,719.0,
16308,44.64083,-121.94411,718.8,
16309,44.64096,-121.94419,718.7,
16310,44.64099,-121.94421,718.6,
16311,44.6413,-121.94441,717.8,
16312,44.64149,-121.94451,717.5,
16313,44.64158,-121.94457,717.2,
16314,44.64165,-121.94461,717.0,
16315,44.64182,-121.9447,716.5,
16316,44.64183,-121.94471,716.5,
16317,44.64199,-121.94479,716.2,
16318,44.64216,-121.94487,715.9,
16319,44.64217,-121.94487,715.9,
16320,44.64233,-121.94494,715.6,
16321,44.64247,-121.945,715.3,
16322,44.64268,-121.94508,715.1,
16323,44.64283,-121.94513,715.0,
16324,44.64285,-121.94514,715.0,
16325,44.64316,-121.94524,714.8,
16326,44.64338,-121.94531,714.6,
16327,44.6434,-121.94532,714.6,
16328,44.64355,-121.94536,714.4,
16329,44.64373,-121.94541,714.0,
16330,44.64376,-121.94542,713.9,
16331,44.64399,-121.94547,713.3,
16332,44.64426,-121.94553,712.1,
16333,44.64438,-121.94556,711.5,
16334,44.64444,-121.94557,711.2,
16335,44.64458,-121.9456,710.7,
16336,44.64462,-121.94561,710.5,
16337,44.6448,-121.94565,710.4,
16338,44.64484,-121.94566,710.4,
16339,44.64497,-121.94568,710.5,
16340,44.64515,-121.94571,710.8,
16341,44.64527,-121.94573,711.0,
16342,44.64533,-121.94575,710.9,
16343,44.64545,-121.94577,711.4,
16344,44.64551,-121.94578,711.7,
16345,44.64567,-121.94581,712.6,
16346,44.64585,-121.94586,713.8,
16347,44.64599,-121.9459,715.4,
16348,44.64614,-121.94595,716.7,
16349,44.64621,-121.94598,716.7,
16350,44.64627,-121.946,716.8,
16351,44.64639,-121.94604,716.9,
16352,44.64646,-121.94607,716.8,
16353,44.64656,-121.94611,716.8,
16354,44.64674,-121.9462,716.4,
16355,44.6469,-121.94628,716.3,
16356,44.64705,-121.94636,716.4,
16357,44.64741,-121.94654,716.8,
16358,44.64758,-121.94662,716.7,
16359,44.64775,-121.9467,716.2,
16360,44.64792,-121.94679,715.3,
16361,44.648,-121.94683,714.8,
16362,44.64809,-121.94687,714.4,
16363,44.64826,-121.94696,713.5,
16364,44.64842,-121.94705,712.8,
16365,44.64859,-121.94713,712.6,
16366,44.64876,-121.94722,712.6,
16367,44.64893,-121.94731,712.6,
16368,44.6491,-121.9474,712.6,
16369,44.64927,-121.94749,712.6,
16370,44.64939,-121.94755,712.6,
16371,44.64944,-121.94757,712.6,
16372,44.6496,-121.94766,712.4,
16373,44.65028,-121.948,711.1,
16374,44.65045,-121.94809,710.8,
16375,44.65062,-121.94818,710.5,
16376,44.65079,-121.94826,710.2,
16377,44.65113,-121.94844,709.9,
16378,44.6513,-121.94852,710.0,
16379,44.65146,-121.94861,710.0,
16380,44.6518,-121.94878,709.7,
16381,44.65197,-121.94887,708.5,
16382,44.65214,-121.94895,708.1,
16383,44.65231,-121.94904,708.1,
16384,44.65265,-121.94921,707.7,
16385,44.6527,-121.94924,707.7,
16386,44.65299,-121.94938,707.5,
16387,44.65316,-121.94947,707.2,
16388,44.65333,-121.94955,707.2,
16389,44.65361,-121.94969,707.5,
16390,44.65384,-121.9498,707.2,
16391,44.65414,-121.94996,706.6,
16392,44.65417,-121.94998,706.6,
16393,44.65434,-121.95007,706.5,
16394,44.65451,-121.95015,706.7,
16395,44.65461,-121.95021,706.8,
16396,44.65468,-121.95025,706.8,
16397,44.65478,-121.95031,706.7,
16398,44.65494,-121.95041,706.3,
16399,44.655,-121.95045,706.2,
16400,44.65511,-121.95053,706.0,
16401,44.65517,-121.95057,705.9,
16402,44.65533,-121.95069,705.6,
16403,44.65547,-121.95081,705.4,
16404,44.65548,-121.95082,705.3,
16405,44.65562,-121.95095,705.3,
16406,44.65563,-121.95096,705.3,
16407,44.6558,-121.95112,705.4,
16408,44.65594,-121.95127,705.4,
16409,44.65611,-121.95146,705.5,
16410,44.65628,-121.95168,705.7,
16411,44.65634,-121.95174,706.1,
16412,44.65644,-121.95187,706.1,
16413,44.65647,-121.9519,706.3,
16414,44.65673,-121.95225,706.0,
16415,44.657,-121.95262,704.8,
16416,44.65726,-121.95294,704.4,
16417,44.65727,-121.95295,704.4,
16418,44.6574,-121.95311,704.0,
16419,44.65753,-121.95324,703.7,
16420,44.65766,-121.95338,703.3,
16421,44.65769,-121.9534,703.4,
16422,44.65779,-121.95348,703.4,
16423,44.65784,-121.95353,703.3,
16424,44.65792,-121.9536,703.3,
16425,44.658,-121.95366,703.3,
16426,44.65811,-121.95376,702.8,
16427,44.65831,-121.95389,702.9,
16428,44.65845,-121.95398,702.8,
16429,44.65861,-121.95408,702.8,
16430,44.65881,-121.95418,702.8,
16431,44.65885,-121.9542,702.7,
16432,44.65898,-121.95427,702.4,
16433,44.65902,-121.95429,702.3,
16434,44.65915,-121.95434,702.4,
16435,44.65917,-121.95434,702.6,
16436,44.65934,-121.95441,702.3,
16437,44.65985,-121.95458,702.0,
16438,44.66003,-121.95463,702.0,
16439,44.66041,-121.95476,701.5,
16440,44.66055,-121.95482,701.2,
16441,44.66072,-121.9549,701.0,
16442,44.66083,-121.95494,701.3,
16443,44.66098,-121.95501,701.8,
16444,44.66106,-121.95506,702.1,
16445,44.66107,-121.95506,702.2,
16446,44.66117,-121.95512,702.8,
16447,44.66126,-121.95519,703.0,
16448,44.66139,-121.95528,703.6,
16449,44.66139,-121.95529,703.4,
16450,44.66154,-121.9554,703.9,
16451,44.66164,-121.95547,704.0,
16452,44.6617,-121.95553,703.6,
16453,44.66186,-121.95566,703.2,
16454,44.66197,-121.95575,702.8,
16455,44.66217,-121.95591,702.3,
16456,44.66232,-121.95604,701.4,
16457,44.66261,-121.95627,698.1,
16458,44.66278,-121.9564,699.3,
16459,44.66311,-121.95665,701.7,
16460,44.66321,-121.95671,702.4,
16461,44.66333,-121.95678,703.3,
16462,44.66344,-121.95684,705.2,
16463,44.66355,-121.95689,706.7,
16464,44.66363,-121.95693,707.4,
16465,44.66377,-121.95698,707.9,
16466,44.66385,-121.95701,708.0,
16467,44.66396,-121.95704,708.2,
16468,44.66403,-121.95706,708.3,
16469,44.66414,-121.95708,708.6,
16470,44.66415,-121.95708,708.6,
16471,44.66431,-121.95712,709.0,
16472,44.66458,-121.95716,710.2,
16473,44.6648,-121.9572,711.3,
16474,44.66545,-121.9573,714.8,
16475,44.66546,-121.95731,714.8,
16476,44.66551,-121.95732,714.9,
16477,44.6656,-121.95733,715.1,
16478,44.66572,-121.95736,715.0,
16479,44.66578,-121.95737,714.9,
16480,44.66596,-121.95742,714.1,
16481,44.66616,-121.95746,713.4,
16482,44.66622,-121.95748,713.3,
16483,44.66639,-121.95752,713.5,
16484,44.66649,-121.95755,713.4,
16485,44.66656,-121.95756,713.7,
16486,44.66666,-121.95759,713.9,
16487,44.66669,-121.9576,714.0,
16488,44.66684,-121.95765,714.3,
16489,44.66686,-121.95765,714.4,
16490,44.66717,-121.95776,714.5,
16491,44.66739,-121.95783,714.4,
16492,44.66743,-121.95784,714.3,
16493,44.66751,-121.95787,713.9,
16494,44.66754,-121.95788,713.8,
16495,44.66789,-121.958,712.5,
16496,44.66815,-121.9581,712.1,
16497,44.66824,-121.95813,712.1,
16498,44.6691,-121.95847,712.8,
16499,44.66951,-121.95863,714.4,
16500,44.66984,-121.95877,715.8,
16501,44.66991,-121.9588,716.2,
16502,44.67021,-121.95894,716.7,
16503,44.67069,-121.95918,717.4,
16504,44.67084,-121.95925,717.5,
16505,44.67086,-121.95926,717.5,
16506,44.67103,-121.95934,717.6,
16507,44.67106,-121.95935,717.7,
16508,44.6712,-121.95943,717.8,
16509,44.6713,-121.95948,717.8,
16510,44.67137,-121.95952,717.8,
16511,44.6715,-121.95959,717.8,
16512,44.6717,-121.95971,717.8,
16513,44.67176,-121.95974,717.8,
16514,44.67187,-121.9598,717.8,
16515,44.67204,-121.9599,717.7,
16516,44.67208,-121.95992,717.7,
16517,44.6722,-121.96,717.6,
16518,44.67237,-121.96009,717.3,
16519,44.67253,-121.96019,716.9,
16520,44.67254,-121.9602,716.8,
16521,44.6727,-121.96029,716.3,
16522,44.67287,-121.96038,715.8,
16523,44.67314,-121.96054,714.4,
16524,44.6732,-121.96058,714.1,
16525,44.67336,-121.96068,713.3,
16526,44.67353,-121.96079,712.4,
16527,44.67376,-121.96094,711.2,
16528,44.67385,-121.961,710.8,
16529,44.67434,-121.96133,708.7,
16530,44.67498,-121.96178,706.6,
16531,44.67545,-121.96215,706.8,
16532,44.67561,-121.96227,706.9,
16533,44.67639,-121.9629,706.0,
16534,44.67671,-121.96314,705.7,
16535,44.67686,-121.96327,705.5,
16536,44.67702,-121.96339,705.4,
16537,44.67733,-121.96364,705.3,
16538,44.67749,-121.96377,705.2,
16539,44.6778,-121.96401,705.0,
16540,44.67791,-121.9641,704.9,
16541,44.67811,-121.96427,705.0,
16542,44.67826,-121.96441,705.0,
16543,44.67842,-121.96454,704.9,
16544,44.67857,-121.96467,704.8,
16545,44.67872,-121.96481,704.7,
16546,44.67888,-121.96494,704.6,
16547,44.67903,-121.96507,704.4,
16548,44.67918,-121.96521,704.3,
16549,44.67934,-121.96534,704.1,
16550,44.67949,-121.96547,703.9,
16551,44.67964,-121.9656,703.6,
16552,44.67979,-121.96574,703.3,
16553,44.67995,-121.96587,703.0,
16554,44.6801,-121.966,702.6,
16555,44.68025,-121.96614,702.2,
16556,44.68041,-121.96627,701.9,
16557,44.68056,-121.9664,701.4,
16558,44.68071,-121.96653,701.0,
16559,44.68087,-121.96667,700.5,
16560,44.68102,-121.9668,700.0,
16561,44.68117,-121.96693,699.6,
16562,44.68163,-121.96733,698.0,
16563,44.68168,-121.96738,697.7,
16564,44.68178,-121.96746,697.5,
16565,44.68194,-121.96759,696.9,
16566,44.68209,-121.96772,696.3,
16567,44.68225,-121.96786,695.6,
16568,44.68279,-121.96831,693.0,
16569,44.68325,-121.9687,690.2,
16570,44.68329,-121.96873,690.1,
16571,44.68356,-121.96896,688.7,
16572,44.68359,-121.96899,688.5,
16573,44.68371,-121.9691,688.1,
16574,44.68379,-121.96916,687.8,
16575,44.68386,-121.96923,687.5,
16576,44.68404,-121.96937,686.8,
16577,44.68422,-121.96952,685.7,
16578,44.68452,-121.96976,683.6,
16579,44.68469,-121.96989,682.9,
16580,44.68491,-121.97003,681.6,
16581,44.6851,-121.97016,680.3,
16582,44.68513,-121.97018,680.0,
16583,44.68542,-121.97033,677.9,
16584,44.68578,-121.97049,675.5,
16585,44.68581,-121.9705,675.4,
16586,44.68616,-121.97062,674.0,
16587,44.68634,-121.97067,673.4,
16588,44.68665,-121.97078,672.8,
16589,44.68694,-121.97086,672.7,
16590,44.68747,-121.971,669.4,
16591,44.688,-121.97114,662.7,
16592,44.68891,-121.97138,662.4,
16593,44.68922,-121.97146,662.3,
16594,44.68961,-121.97159,662.2,
16595,44.68971,-121.97162,662.1,
16596,44.68996,-121.97169,662.1,
16597,44.69014,-121.97174,662.1,
16598,44.69065,-121.97188,661.8,
16599,44.69102,-121.972,662.2,
16600,44.69107,-121.97202,662.3,
16601,44.69108,-121.97203,662.3,
16602,44.69113,-121.97204,662.4,
16603,44.69141,-121.97216,662.8,
16604,44.69182,-121.97239,665.0,
16605,44.69197,-121.97252,666.0,
16606,44.69207,-121.97262,666.7,
16607,44.6922,-121.97279,667.4,
16608,44.69229,-121.9729,668.0,
16609,44.69235,-121.97298,668.5,
16610,44.69242,-121.97313,668.3,
16611,44.69247,-121.97323,668.2,
16612,44.69252,-121.97335,668.0,
16613,44.69256,-121.97347,667.5,
16614,44.69257,-121.9735,667.4,
16615,44.6926,-121.97358,667.4,
16616,44.69263,-121.97368,667.2,
16617,44.69265,-121.97376,667.1,
16618,44.69267,-121.97383,667.2,
16619,44.69268,-121.97393,666.9,
16620,44.69268,-121.97394,666.9,
16621,44.6927,-121.97407,666.9,
16622,44.6927,-121.97419,666.4,
16623,44.69271,-121.97421,666.6,
16624,44.69271,-121.97429,666.3,
16625,44.69271,-121.97439,665.9,
16626,44.69272,-121.9747,664.8,
16627,44.69272,-121.97495,663.4,
16628,44.69272,-121.97521,661.8,
16629,44.69273,-121.97533,660.4,
16630,44.69274,-121.97544,659.0,
16631,44.69276,-121.97553,658.7,
16632,44.69279,-121.9757,658.4,
16633,44.69285,-121.97595,657.8,
16634,44.69322,-121.97737,654.5,
16635,44.69328,-121.97761,654.0,
16636,44.69331,-121.97769,653.5,
16637,44.69335,-121.97785,650.7,
16638,44.69342,-121.97808,650.4,
16639,44.69383,-121.97948,648.7,
16640,44.69388,-121.97972,647.2,
16641,44.69388,-121.97973,647.1,
16642,44.69392,-121.97997,644.5,
16643,44.69394,-121.98009,643.0,
16644,44.69396,-121.98022,641.9,
16645,44.69398,-121.98039,640.8,
16646,44.69401,-121.98064,638.8,
16647,44.69401,-121.98072,637.0,
16648,44.69401,-121.98074,636.5,
16649,44.69402,-121.98097,634.1,
16650,44.69402,-121.98098,634.1,
16651,44.69401,-121.98113,633.2,
16652,44.69401,-121.98123,633.0,
16653,44.69401,-121.98127,632.9,
16654,44.694,-121.9814,632.1,
16655,44.69399,-121.98148,631.4,
16656,44.69397,-121.98165,630.8,
16657,44.69394,-121.98187,630.5,
16658,44.69391,-121.98206,630.0,
16659,44.69389,-121.98221,630.0,
16660,44.69388,-121.98222,630.0,
16661,44.69386,-121.98236,630.3,
16662,44.69379,-121.98261,629.4,
16663,44.69373,-121.98284,629.4,
16664,44.6937,-121.98293,629.5,
16665,44.69366,-121.98308,629.5,
16666,44.69363,-121.98316,629.5,
16667,44.69359,-121.98327,629.5,
16668,44.69354,-121.98339,629.4,
16669,44.69337,-121.98383,629.8,
16670,44.69328,-121.98405,629.9,
16671,44.69311,-121.9845,630.2,
16672,44.69302,-121.98472,630.2,
16673,44.69294,-121.98494,630.9,
16674,44.69285,-121.98516,631.6,
16675,44.69273,-121.98547,632.5,
16676,44.69249,-121.98604,632.3,
16677,44.69239,-121.98625,631.9,
16678,44.69174,-121.98777,629.7,
16679,44.69129,-121.98888,630.7,
16680,44.69111,-121.98932,629.3,
16681,44.69102,-121.98954,629.6,
16682,44.69093,-121.98976,628.9,
16683,44.69084,-121.98998,627.8,
16684,44.69081,-121.99005,627.3,
16685,44.69067,-121.99042,621.6,
16686,44.69065,-121.99047,620.9,
16687,44.69059,-121.99063,620.7,
16688,44.69056,-121.99074,620.3,
16689,44.69053,-121.99089,620.2,
16690,44.69051,-121.99098,620.2,
16691,44.69048,-121.99125,620.8,
16692,44.69046,-121.9914,620.4,
16693,44.69044,-121.99162,620.4,
16694,44.69044,-121.99163,620.4,
16695,44.69044,-121.99183,620.2,
16696,44.69044,-121.99189,620.2,
16697,44.69044,-121.99214,620.0,
16698,44.69044,-121.99216,620.0,
16699,44.69045,-121.99237,620.0,
16700,44.69045,-121.99239,620.0,
16701,44.69049,-121.99286,620.4,
16702,44.69053,-121.99314,620.1,
16703,44.69068,-121.99413,621.1,
16704,44.69072,-121.99438,621.0,
16705,44.69082,-121.99501,620.0,
16706,44.69085,-121.99524,621.0,
16707,44.69087,-121.99537,622.0,
16708,44.69087,-121.99538,622.0,
16709,44.69087,-121.99558,621.7,
16710,44.69087,-121.9957,622.4,
16711,44.69086,-121.9958,623.0,
16712,44.69085,-121.99594,623.9,
16713,44.69082,-121.9961,621.9,
16714,44.69078,-121.99626,622.3,
16715,44.69075,-121.99635,622.6,
16716,44.69074,-121.99638,622.5,
16717,44.6907,-121.99648,623.0,
16718,44.69066,-121.99657,621.4,
16719,44.69063,-121.99663,621.0,
16720,44.6906,-121.99669,621.2,
16721,44.69056,-121.99674,620.4,
16722,44.69055,-121.99677,620.4,
16723,44.69041,-121.99694,618.1,
16724,44.68975,-121.9978,619.2,
16725,44.68962,-121.99797,619.8,
16726,44.68935,-121.99831,621.4,
16727,44.68922,-121.99848,619.4,
16728,44.6891,-121.99864,614.1,
16729,44.68901,-121.99876,614.7,
16730,44.68894,-121.99888,614.7,
16731,44.68887,-121.99899,618.5,
16732,44.68883,-121.99907,614.0,
16733,44.68876,-121.99922,612.7,
16734,44.6887,-121.99938,614.6,
16735,44.68866,-121.99948,615.9,
16736,44.68864,-121.99954,618.0,
16737,44.68862,-121.99961,618.0,
16738,44.6886,-121.99969,616.9,
16739,44.6886,-121.9997,616.9,
16740,44.68859,-121.99977,616.6,
16741,44.68858,-121.99986,616.4,
16742,44.68857,-121.99995,615.4,
16743,44.68857,-122.00003,614.6,
16744,44.68857,-122.00015,614.5,
16745,44.68858,-122.0002,614.7,
16746,44.68858,-122.00024,614.5,
16747,44.6886,-122.00043,614.0,
16748,44.6886,-122.00045,613.9,
16749,44.68862,-122.00059,611.5,
16750,44.68864,-122.0007,608.4,
16751,44.68868,-122.00087,607.6,
16752,44.6887,-122.00093,608.0,
16753,44.68873,-122.00104,607.8,
16754,44.68878,-122.00116,607.2,
16755,44.68898,-122.00159,606.9,
16756,44.68901,-122.00166,607.7,
16757,44.68908,-122.00183,607.4,
16758,44.68915,-122.00199,606.9,
16759,44.68919,-122.00211,606.5,
16760,44.68924,-122.00225,606.4,
16761,44.68924,-122.00227,606.2,
16762,44.68929,-122.00243,606.1,
16763,44.68931,-122.00248,606.3,
16764,44.68932,-122.00252,606.3,
16765,44.68934,-122.00262,606.2,
16766,44.68935,-122.00269,606.1,
16767,44.68936,-122.00273,606.3,
16768,44.68936,-122.00275,606.2,
16769,44.68938,-122.00288,606.6,
16770,44.68939,-122.00298,606.6,
16771,44.68939,-122.00301,606.5,
16772,44.6894,-122.00316,606.2,
16773,44.6894,-122.00329,605.6,
16774,44.6894,-122.00349,605.0,
16775,44.6894,-122.00374,603.7,
16776,44.68939,-122.00387,600.6,
16777,44.68937,-122.00396,598.6,
16778,44.68937,-122.00398,598.3,
16779,44.68936,-122.00406,597.6,
16780,44.68933,-122.00423,597.2,
16781,44.6893,-122.00435,597.0,
16782,44.68919,-122.0047,596.1,
16783,44.68897,-122.00541,594.8,
16784,44.68886,-122.00587,594.7,
16785,44.68875,-122.00635,594.8,
16786,44.68864,-122.00683,594.8,
16787,44.68858,-122.00707,594.7,
16788,44.68853,-122.00726,594.5,
16789,44.68849,-122.00756,594.5,
16790,44.68848,-122.00762,594.5,
16791,44.68846,-122.00776,594.5,
16792,44.68846,-122.00781,594.5,
16793,44.68845,-122.00787,594.4,
16794,44.68844,-122.00806,594.4,
16795,44.68844,-122.00808,594.5,
16796,44.68844,-122.00831,594.5,
16797,44.68844,-122.00834,594.5,
16798,44.68845,-122.00857,594.6,
16799,44.68845,-122.00861,594.6,
16800,44.68847,-122.00882,594.7,
16801,44.68847,-122.00892,594.7,
16802,44.6885,-122.00919,594.8,
16803,44.68852,-122.00932,594.9,
16804,44.68853,-122.00935,594.9,
16805,44.68856,-122.00956,595.0,
16806,44.68865,-122.01003,593.5,
16807,44.68871,-122.01029,592.7,
16808,44.68878,-122.01054,592.8,
16809,44.68884,-122.01071,593.1,
16810,44.68892,-122.01091,593.5,
16811,44.68892,-122.01092,593.4,
16812,44.689,-122.0111,593.4,
16813,44.68901,-122.01113,593.4,
16814,44.6891,-122.01134,592.8,
16815,44.6892,-122.01156,592.5,
16816,44.68929,-122.01177,592.1,
16817,44.68939,-122.01199,591.9,
16818,44.68948,-122.0122,591.7,
16819,44.68958,-122.01242,591.2,
16820,44.68967,-122.01263,590.8,
16821,44.68988,-122.01311,590.4,
16822,44.69015,-122.01371,589.4,
16823,44.69024,-122.01393,588.8,
16824,44.69033,-122.01414,588.3,
16825,44.69043,-122.01436,588.0,
16826,44.69046,-122.01443,587.9,
16827,44.69058,-122.01469,587.2,
16828,44.69062,-122.01479,587.0,
16829,44.69069,-122.01497,586.9,
16830,44.6907,-122.01501,586.8,
16831,44.69076,-122.01513,587.0,
16832,44.69082,-122.01532,586.9,
16833,44.69085,-122.01543,586.7,
16834,44.69086,-122.01546,586.7,
16835,44.69091,-122.01561,586.6,
16836,44.69093,-122.0157,586.4,
16837,44.69099,-122.01592,586.4,
16838,44.69099,-122.01594,586.2,
16839,44.69105,-122.01618,586.3,
16840,44.69108,-122.01634,586.0,
16841,44.69115,-122.0167,585.5,
16842,44.69119,-122.01691,585.7,
16843,44.69122,-122.01715,586.2,
16844,44.69125,-122.01737,587.1,
16845,44.69125,-122.01741,587.0,
16846,44.69125,-122.01762,586.6,
16847,44.69125,-122.01766,586.6,
16848,44.69124,-122.0178,586.2,
16849,44.69123,-122.01793,585.9,
16850,44.69119,-122.01817,584.9,
16851,44.69115,-122.0184,584.7,
16852,44.69109,-122.01863,584.4,
16853,44.69109,-122.01864,584.5,
16854,44.69102,-122.01882,584.2,
16855,44.69092,-122.01907,583.8,
16856,44.69081,-122.0194,583.8,
16857,44.69076,-122.01954,583.6,
16858,44.69075,-122.01957,583.5,
16859,44.69072,-122.01969,583.3,
16860,44.6907,-122.01977,583.2,
16861,44.6907,-122.01978,583.3,
16862,44.69068,-122.01987,583.1,
16863,44.69067,-122.02002,583.1,
16864,44.69067,-122.02003,583.1,
16865,44.69066,-122.02023,583.1,
16866,44.69065,-122.02053,582.9,
16867,44.69064,-122.02104,582.3,
16868,44.69063,-122.02129,582.1,
16869,44.69062,-122.0218,581.6,
16870,44.69061,-122.02183,581.5,
16871,44.6906,-122.02205,581.4,
16872,44.69059,-122.0223,581.3,
16873,44.69058,-122.02256,581.3,
16874,44.69057,-122.02281,581.2,
16875,44.69056,-122.02306,581.2,
16876,44.69054,-122.02331,581.1,
16877,44.69052,-122.02382,581.0,
16878,44.6905,-122.0242,580.9,
16879,44.69047,-122.02508,580.9,
16880,44.69043,-122.02565,580.4,
16881,44.6904,-122.02583,579.3,
16882,44.69037,-122.02606,578.3,
16883,44.69037,-122.02608,578.2,
16884,44.69028,-122.02657,576.9,
16885,44.69028,-122.02659,576.9,
16886,44.69023,-122.02682,576.6,
16887,44.6902,-122.027,576.5,
16888,44.69018,-122.02706,576.5,
16889,44.69015,-122.02721,576.5,
16890,44.6901,-122.02738,576.4,
16891,44.69005,-122.02753,576.4,
16892,44.69005,-122.02754,576.5,
16893,44.68998,-122.02772,576.5,
16894,44.68992,-122.02787,576.6,
16895,44.68987,-122.02797,576.6,
16896,44.68983,-122.02807,576.6,
16897,44.68976,-122.0282,576.5,
16898,44.68967,-122.02835,576.3,
16899,44.68966,-122.02837,576.3,
16900,44.6891,-122.02914,573.9,
16901,44.68858,-122.02983,573.2,
16902,44.68845,-122.03,573.5,
16903,44.6882,-122.03032,573.1,
16904,44.68786,-122.03088,572.2,
16905,44.68775,-122.03112,571.9,
16906,44.68762,-122.03147,571.6,
16907,44.68748,-122.03191,571.3,
16908,44.68741,-122.03227,571.3,
16909,44.68739,-122.03238,571.3,
16910,44.68737,-122.03251,571.3,
16911,44.68736,-122.0326,571.3,
16912,44.68736,-122.03266,571.3,
16913,44.68736,-122.03271,571.3,
16914,44.68735,-122.03287,571.4,
16915,44.68736,-122.0331,571.5,
16916,44.68739,-122.03342,571.7,
16917,44.68741,-122.03371,571.8,
16918,44.68746,-122.03418,571.8,
16919,44.68751,-122.03462,571.7,
16920,44.68764,-122.03541,571.8,
16921,44.68792,-122.0374,567.6,
16922,44.68803,-122.03814,567.5,
16923,44.68807,-122.03839,567.5,
16924,44.6881,-122.03863,566.9,
16925,44.68827,-122.03981,564.6,
16926,44.68844,-122.04075,566.0,
16927,44.68844,-122.04075,566.0,
16928,44.68884,-122.04078,570.6,
16929,44.68884,-122.04078,570.6,
16930,44.6889,-122.0413,570.8,
16931,44.68891,-122.04136,570.9,
16932,44.68893,-122.04155,571.0,
16933,44.68896,-122.0418,571.0,
16934,44.68899,-122.04205,571.1,
16935,44.68921,-122.04321,568.6,
16936,44.68924,-122.04326,568.6,
16937,44.68933,-122.04348,567.5,
16938,44.68943,-122.04369,566.2,
16939,44.68948,-122.04381,565.3,
16940,44.68991,-122.04409,562.9,
16941,44.69042,-122.04415,560.1,
16942,44.69059,-122.04418,559.7,
16943,44.6906,-122.04418,559.7,
16944,44.69088,-122.04429,559.3,
16945,44.69106,-122.04459,558.3,
16946,44.69112,-122.04477,557.3,
16947,44.6912,-122.045,556.2,
16948,44.69128,-122.04522,555.2,
16949,44.69129,-122.04523,555.2,
16950,44.69153,-122.0459,552.7,
16951,44.69162,-122.04612,551.7,
16952,44.69162,-122.04612,551.7,
16953,44.69205,-122.04627,552.0,
16954,44.69218,-122.04634,551.9,
16955,44.69232,-122.04641,552.0,
16956,44.69241,-122.04647,552.1,
16957,44.69254,-122.04657,552.5,
16958,44.69268,-122.04671,553.0,
16959,44.6927,-122.04673,553.1,
16960,44.69274,-122.04676,553.4,
16961,44.6928,-122.04683,553.7,
16962,44.69284,-122.04689,553.8,
16963,44.69288,-122.04693,554.0,
16964,44.69296,-122.04704,554.3,
16965,44.69301,-122.04711,554.5,
16966,44.69306,-122.04719,554.7,
16967,44.69311,-122.04727,554.9,
16968,44.69318,-122.04743,555.0,
16969,44.69326,-122.04766,554.9,
16970,44.69327,-122.04769,554.9,
16971,44.69334,-122.04792,554.9,
16972,44.6934,-122.04811,555.0,
16973,44.69346,-122.0484,554.9,
16974,44.69352,-122.04863,555.1,
16975,44.69358,-122.04887,555.0,
16976,44.69387,-122.05007,554.1,
16977,44.69393,-122.05033,553.3,
16978,44.69413,-122.05122,549.7,
16979,44.69437,-122.05219,547.4,
16980,44.6945,-122.05264,546.6,
16981,44.69484,-122.05362,545.5,
16982,44.69494,-122.05389,545.2,
16983,44.69506,-122.05417,544.6,
16984,44.69515,-122.05437,544.0,
16985,44.69542,-122.05494,543.4,
16986,44.69594,-122.05589,543.0,
16987,44.69687,-122.0575,541.6,
16988,44.69694,-122.05763,541.4,
16989,44.69706,-122.05783,541.2,
16990,44.69717,-122.05803,539.9,
16991,44.69739,-122.05842,538.4,
16992,44.69745,-122.05853,538.6,
16993,44.69752,-122.05867,538.8,
16994,44.69757,-122.05877,539.1,
16995,44.69762,-122.05888,539.5,
16996,44.69769,-122.05906,539.5,
16997,44.69773,-122.05917,539.9,
16998,44.69776,-122.05927,539.6,
16999,44.69779,-122.05938,539.4,
17000,44.69782,-122.05951,539.4,
17001,44.69784,-122.05964,538.8,
17002,44.69787,-122.05982,538.2,
17003,44.69789,-122.05996,538.0,
17004,44.69791,-122.06009,538.1,
17005,44.69792,-122.06024,538.1,
17006,44.69792,-122.06036,537.7,
17007,44.69793,-122.06048,537.8,
17008,44.69793,-122.06071,537.6,
17009,44.69792,-122.06084,537.4,
17010,44.69791,-122.06094,537.2,
17011,44.6979,-122.06105,537.0,
17012,44.69788,-122.06117,536.4,
17013,44.69782,-122.06146,535.7,
17014,44.69753,-122.06284,534.8,
17015,44.69748,-122.06312,534.9,
17016,44.69742,-122.06344,535.1,
17017,44.69738,-122.0637,535.3,
17018,44.69735,-122.06388,535.5,
17019,44.69734,-122.06413,536.0,
17020,44.69732,-122.06435,535.9,
17021,44.6973,-122.06459,535.3,
17022,44.6973,-122.06482,534.8,
17023,44.6973,-122.0651,534.0,
17024,44.69733,-122.06538,533.7,
17025,44.69736,-122.06558,533.5,
17026,44.69741,-122.0659,533.2,
17027,44.69746,-122.06616,533.0,
17028,44.6975,-122.06636,533.0,
17029,44.69755,-122.06656,532.8,
17030,44.69763,-122.06682,532.8,
17031,44.69771,-122.06709,532.7,
17032,44.69789,-122.06754,532.7,
17033,44.69804,-122.06785,532.8,
17034,44.69818,-122.06817,532.8,
17035,44.69828,-122.06838,532.9,
17036,44.69852,-122.0688,532.9,
17037,44.69883,-122.06933,533.1,
17038,44.6992,-122.06996,533.0,
17039,44.69938,-122.07026,532.7,
17040,44.69972,-122.07083,531.1,
17041,44.6998,-122.07097,530.8,
17042,44.69983,-122.07102,530.6,
17043,44.70037,-122.07194,530.5,
17044,44.70042,-122.07204,530.5,
17045,44.70055,-122.0723,530.7,
17046,44.70067,-122.07258,531.0,
17047,44.70071,-122.07268,531.1,
17048,44.70079,-122.07289,531.3,
17049,44.70083,-122.073,531.3,
17050,44.70089,-122.07319,531.4,
17051,44.70093,-122.07336,531.2,
17052,44.70094,-122.0734,531.2,
17053,44.70095,-122.07347,531.1,
17054,44.70096,-122.07351,531.1,
17055,44.70097,-122.07356,531.2,
17056,44.70099,-122.07368,531.1,
17057,44.70101,-122.0738,531.0,
17058,44.70101,-122.07382,530.9,
17059,44.70104,-122.07397,531.3,
17060,44.70106,-122.07417,530.9,
17061,44.70108,-122.07444,530.4,
17062,44.70109,-122.07454,530.3,
17063,44.7011,-122.07465,530.3,
17064,44.7011,-122.07468,530.2,
17065,44.7011,-122.07471,530.1,
17066,44.7011,-122.07477,529.9,
17067,44.70111,-122.07487,529.7,
17068,44.70112,-122.07593,525.1,
17069,44.70113,-122.07617,525.0,
17070,44.70114,-122.07629,525.0,
17071,44.70115,-122.07643,525.0,
17072,44.70116,-122.07647,525.1,
17073,44.70116,-122.07649,525.1,
17074,44.70116,-122.07654,524.9,
17075,44.70118,-122.07665,524.9,
17076,44.70121,-122.07683,525.0,
17077,44.70124,-122.07699,525.0,
17078,44.70132,-122.07732,524.4,
17079,44.70133,-122.07737,524.2,
17080,44.70145,-122.0778,523.3,
17081,44.70203,-122.0798,522.9,
17082,44.70221,-122.08043,523.3,
17083,44.70231,-122.08079,523.3,
17084,44.70238,-122.08106,523.2,
17085,44.70278,-122.08243,521.6,
17086,44.70283,-122.08259,520.2,
17087,44.70292,-122.0829,519.1,
17088,44.70298,-122.08314,518.9,
17089,44.70312,-122.08361,518.5,
17090,44.70316,-122.08376,518.3,
17091,44.70319,-122.08384,518.3,
17092,44.70344,-122.0848,518.3,
17093,44.70344,-122.08482,518.1,
17094,44.70355,-122.08531,516.0,
17095,44.70368,-122.08586,513.1,
17096,44.70377,-122.08632,513.1,
17097,44.70412,-122.08854,511.4,
17098,44.70416,-122.08878,512.0,
17099,44.70436,-122.08997,506.1,
17100,44.70437,-122.09003,505.9,
17101,44.70443,-122.09036,505.8,
17102,44.70451,-122.09081,506.4,
17103,44.70472,-122.09204,506.1,
17104,44.70486,-122.09267,506.0,
17105,44.70495,-122.093,505.8,
17106,44.70495,-122.09301,505.7,
17107,44.70504,-122.09322,505.6,
17108,44.70505,-122.09326,505.5,
17109,44.70512,-122.09345,504.4,
17110,44.70521,-122.09367,501.0,
17111,44.70564,-122.09478,499.4,
17112,44.70583,-122.09524,500.0,
17113,44.70645,-122.09691,500.3,
17114,44.70688,-122.09802,500.8,
17115,44.70696,-122.09825,501.2,
17116,44.70707,-122.09852,502.6,
17117,44.7072,-122.09885,503.3,
17118,44.70729,-122.09911,503.5,
17119,44.70736,-122.09932,502.6,
17120,44.70741,-122.0995,501.4,
17121,44.70746,-122.09969,501.6,
17122,44.70751,-122.09986,501.5,
17123,44.7076,-122.10038,499.4,
17124,44.7078,-122.10143,489.3,
17125,44.70802,-122.10253,486.2,
17126,44.70806,-122.10278,485.6,
17127,44.70812,-122.10306,485.9,
17128,44.70816,-122.10325,486.0,
17129,44.7082,-122.1034,486.6,
17130,44.70822,-122.1035,486.7,
17131,44.70826,-122.10361,486.9,
17132,44.70829,-122.10373,487.0,
17133,44.70836,-122.10397,487.0,
17134,44.70844,-122.10423,487.2,
17135,44.70859,-122.10466,487.3,
17136,44.70866,-122.10489,487.3,
17137,44.70897,-122.1058,487.6,
17138,44.70912,-122.10626,487.5,
17139,44.7092,-122.10649,487.1,
17140,44.70947,-122.1073,485.6,
17141,44.70973,-122.108,485.0,
17142,44.70974,-122.10803,485.0,
17143,44.71021,-122.1094,484.3,
17144,44.71043,-122.11009,484.1,
17145,44.7107,-122.1109,484.0,
17146,44.71077,-122.1111,484.0,
17147,44.71153,-122.11337,484.2,
17148,44.71169,-122.11392,484.4,
17149,44.71245,-122.11618,485.8,
17150,44.71245,-122.11618,485.8,
17151,44.71264,-122.11671,486.2,
17152,44.71271,-122.11689,486.5,
17153,44.7128,-122.1171,486.8,
17154,44.71295,-122.11747,486.6,
17155,44.71324,-122.11803,486.9,
17156,44.71332,-122.11818,487.1,
17157,44.71343,-122.11837,487.4,
17158,44.71372,-122.11883,487.1,
17159,44.71392,-122.11911,487.1,
17160,44.71423,-122.11954,486.5,
17161,44.71449,-122.11986,486.4,
17162,44.71467,-122.12005,486.7,
17163,44.71494,-122.12031,487.5,
17164,44.71503,-122.1204,487.5,
17165,44.71524,-122.12059,487.0,
17166,44.71552,-122.12083,486.1,
17167,44.7158,-122.12106,485.4,
17168,44.71589,-122.12112,485.4,
17169,44.71596,-122.12118,485.3,
17170,44.71634,-122.12147,484.6,
17171,44.71675,-122.12179,483.1,
17172,44.71691,-122.12191,484.1,
17173,44.71697,-122.12198,484.5,
17174,44.71701,-122.12202,484.8,
17175,44.71705,-122.12206,485.0,
17176,44.71708,-122.12211,485.1,
17177,44.71719,-122.12226,485.3,
17178,44.71733,-122.12246,485.6,
17179,44.71744,-122.12267,485.6,
17180,44.71751,-122.1228,485.7,
17181,44.71762,-122.12304,485.6,
17182,44.71769,-122.12321,485.2,
17183,44.71773,-122.12333,485.0,
17184,44.71778,-122.12349,484.7,
17185,44.71781,-122.12357,485.0,
17186,44.71785,-122.12372,484.9,
17187,44.71787,-122.12379,484.9,
17188,44.71798,-122.12417,485.2,
17189,44.71809,-122.12454,487.5,
17190,44.71813,-122.12465,490.6,
17191,44.71816,-122.12474,492.5,
17192,44.71821,-122.12488,493.3,
17193,44.71823,-122.12494,493.4,
17194,44.71831,-122.12512,494.5,
17195,44.71843,-122.1254,495.0,
17196,44.71852,-122.12556,495.9,
17197,44.71873,-122.1259,496.5,
17198,44.71881,-122.12602,496.0,
17199,44.71886,-122.12608,496.1,
17200,44.71884,-122.12611,495.2,
17201,44.71884,-122.12611,495.2,
17202,44.71895,-122.12627,496.3,
17203,44.71959,-122.12707,497.5,
17204,44.71968,-122.12719,497.4,
17205,44.71972,-122.12724,497.4,
17206,44.71986,-122.12741,497.6,
17207,44.72,-122.12757,497.9,
17208,44.72013,-122.12773,500.2,
17209,44.72027,-122.1279,500.6,
17210,44.72041,-122.12806,500.9,
17211,44.72068,-122.12839,500.7,
17212,44.72082,-122.12855,500.7,
17213,44.72091,-122.12866,500.7,
17214,44.72095,-122.12872,500.7,
17215,44.72109,-122.12889,500.6,
17216,44.72135,-122.12923,499.2,
17217,44.72175,-122.12974,498.6,
17218,44.72236,-122.13049,500.0,
17219,44.72277,-122.13099,504.3,
17220,44.72317,-122.13149,504.8,
17221,44.72331,-122.13166,504.7,
17222,44.72371,-122.13216,503.7,
17223,44.72385,-122.13233,504.0,
17224,44.72412,-122.13267,506.5,
17225,44.72493,-122.13367,511.1,
17226,44.72506,-122.13384,511.5,
17227,44.7252,-122.134,511.8,
17228,44.72533,-122.13417,512.7,
17229,44.72547,-122.13434,512.8,
17230,44.72587,-122.13484,512.0,
17231,44.72601,-122.13501,512.4,
17232,44.72668,-122.13584,509.5,
17233,44.72693,-122.13615,511.8,
17234,44.72705,-122.13633,510.9,
17235,44.72718,-122.13651,505.5,
17236,44.7272,-122.13654,505.0,
17237,44.72724,-122.13661,503.7,
17238,44.72731,-122.13672,501.3,
17239,44.72739,-122.13687,500.9,
17240,44.72743,-122.13697,501.1,
17241,44.72746,-122.13704,501.0,
17242,44.72757,-122.13728,501.5,
17243,44.72768,-122.13756,501.6,
17244,44.72796,-122.13827,502.6,
17245,44.72805,-122.13851,503.0,
17246,44.72811,-122.13872,503.0,
17247,44.72815,-122.13888,500.7,
17248,44.72816,-122.13892,500.1,
17249,44.72825,-122.13925,498.0,
17250,44.72833,-122.13956,497.8,
17251,44.72833,-122.13959,497.6,
17252,44.72838,-122.13984,497.5,
17253,44.72842,-122.14008,496.5,
17254,44.72847,-122.14033,495.2,
17255,44.72851,-122.14057,493.6,
17256,44.72856,-122.14082,492.6,
17257,44.7286,-122.14106,491.9,
17258,44.72873,-122.14175,490.7,
17259,44.72875,-122.14185,490.9,
17260,44.72877,-122.14197,491.1,
17261,44.72879,-122.14205,491.4,
17262,44.72879,-122.14207,491.4,
17263,44.72884,-122.14231,491.9,
17264,44.72898,-122.14304,492.6,
17265,44.72908,-122.14356,492.5,
17266,44.72916,-122.14405,492.4,
17267,44.72921,-122.14429,492.6,
17268,44.72925,-122.14454,492.8,
17269,44.72934,-122.14503,493.2,
17270,44.7294,-122.14536,492.8,
17271,44.72943,-122.14552,492.1,
17272,44.72949,-122.14576,491.8,
17273,44.72954,-122.146,491.4,
17274,44.72961,-122.14631,490.7,
17275,44.72963,-122.14641,490.2,
17276,44.72966,-122.14649,490.3,
17277,44.72968,-122.14655,490.2,
17278,44.72975,-122.14673,490.1,
17279,44.72981,-122.14687,489.9,
17280,44.72988,-122.14703,489.8,
17281,44.72995,-122.14718,489.7,
17282,44.73001,-122.14728,489.7,
17283,44.7301,-122.14744,489.6,
17284,44.73016,-122.14754,489.6,
17285,44.73017,-122.14756,489.5,
17286,44.73026,-122.14767,489.5,
17287,44.7303,-122.14772,489.6,
17288,44.73035,-122.14778,489.6,
17289,44.73042,-122.14786,489.6,
17290,44.73044,-122.14788,489.6,
17291,44.73049,-122.14793,489.6,
17292,44.73056,-122.148,489.5,
17293,44.73059,-122.14802,489.6,
17294,44.73073,-122.14813,489.7,
17295,44.73075,-122.14815,489.7,
17296,44.73097,-122.14831,489.7,
17297,44.73117,-122.14845,489.5,
17298,44.73129,-122.14851,489.6,
17299,44.73131,-122.14852,489.6,
17300,44.73131,-122.14852,489.6,
17301,44.73134,-122.14855,489.5,
17302,44.73202,-122.14893,489.2,
17303,44.73206,-122.14895,489.2,
17304,44.73209,-122.14897,489.2,
17305,44.73227,-122.14907,489.1,
17306,44.73227,-122.14907,489.1,
17307,44.73225,-122.14955,488.3,
17308,44.73224,-122.14997,488.2,
17309,44.73224,-122.14997,488.2,
17310,44.7323,-122.14997,488.2,
17311,44.7326,-122.1501,488.3,
17312,44.73277,-122.15017,488.3,
17313,44.73303,-122.15027,488.5,
17314,44.73312,-122.15034,488.5,
17315,44.73342,-122.15056,488.7,
17316,44.734,-122.15097,488.7,
17317,44.73405,-122.15098,488.7,
17318,44.73484,-122.15116,491.4,
17319,44.73491,-122.15118,492.0,
17320,44.73596,-122.15159,493.9,
17321,44.73612,-122.15164,494.0,
17322,44.7362,-122.15167,493.9,
17323,44.73633,-122.15171,493.9,
17324,44.73646,-122.15174,494.0,
17325,44.73659,-122.15175,494.2,
17326,44.7367,-122.15174,494.4,
17327,44.73674,-122.15174,494.4,
17328,44.73683,-122.15172,494.6,
17329,44.7369,-122.1517,494.8,
17330,44.73696,-122.15169,494.9,
17331,44.73702,-122.15167,495.1,
17332,44.73709,-122.15165,495.3,
17333,44.73715,-122.15163,495.5,
17334,44.73715,-122.15163,495.5,
17335,44.73717,-122.15156,495.9,
17336,44.73717,-122.15156,495.9,
17337,44.7372,-122.15157,495.9,
17338,44.73745,-122.15171,494.8,
17339,44.73751,-122.15171,494.8,
17340,44.73766,-122.15172,494.3,
17341,44.73776,-122.15172,493.8,
17342,44.73788,-122.15173,492.9,
17343,44.73801,-122.15173,491.7,
17344,44.73801,-122.15173,491.7,
17345,44.73804,-122.15164,491.8,
17346,44.73827,-122.15119,491.8,
17347,44.73838,-122.15097,491.8,
17348,44.7385,-122.15077,491.7,
17349,44.73857,-122.1507,491.3,
17350,44.73864,-122.15058,491.5,
17351,44.73876,-122.15039,491.8,
17352,44.73877,-122.15038,491.8,
17353,44.7389,-122.15023,492.0,
17354,44.73891,-122.15022,492.0,
17355,44.73892,-122.15021,492.1,
17356,44.73906,-122.1501,492.1,
17357,44.73909,-122.15008,492.1,
17358,44.73924,-122.15001,491.6,
17359,44.73929,-122.14998,491.5,
17360,44.73935,-122.14994,491.5,
17361,44.7394,-122.14991,491.5,
17362,44.73957,-122.14982,491.4,
17363,44.73974,-122.14973,491.5,
17364,44.73976,-122.14972,491.5,
17365,44.73991,-122.14964,491.7,
17366,44.74006,-122.14956,492.0,
17367,44.7401,-122.14955,492.0,
17368,44.74028,-122.14952,491.4,
17369,44.74032,-122.14951,491.3,
17370,44.74033,-122.14956,490.6,
17371,44.74033,-122.14961,489.9,
17372,44.74064,-122.14954,488.9,
17373,44.74101,-122.14948,486.5,
17374,44.74131,-122.14923,487.3,
17375,44.74148,-122.14914,487.6,
17376,44.74158,-122.14908,487.7,
17377,44.74179,-122.14888,488.2,
17378,44.7421,-122.14864,487.6,
17379,44.74241,-122.14836,486.6,
17380,44.74279,-122.14786,487.1,
17381,44.7431,-122.14746,487.3,
17382,44.74318,-122.14734,487.4,
17383,44.74343,-122.14694,487.4,
17384,44.74365,-122.14657,486.5,
17385,44.74376,-122.14637,486.4,
17386,44.74411,-122.14579,486.3,
17387,44.74421,-122.1456,486.7,
17388,44.74449,-122.14526,486.6,
17389,44.74462,-122.14509,486.6,
17390,44.74476,-122.14492,486.5,
17391,44.74482,-122.14484,486.5,
17392,44.74489,-122.14475,486.6,
17393,44.74502,-122.14457,487.0,
17394,44.74515,-122.1444,487.5,
17395,44.7453,-122.14426,487.5,
17396,44.74591,-122.14371,485.1,
17397,44.74606,-122.14358,484.6,
17398,44.74621,-122.14344,484.2,
17399,44.74626,-122.1434,484.1,
17400,44.74635,-122.14328,484.1,
17401,44.74649,-122.14312,484.0,
17402,44.74676,-122.14278,484.1,
17403,44.74681,-122.14272,484.1,
17404,44.74689,-122.14261,484.2,
17405,44.74701,-122.14243,484.5,
17406,44.74714,-122.14225,485.0,
17407,44.74727,-122.14207,485.5,
17408,44.74742,-122.14184,485.9,
17409,44.7475,-122.14169,486.3,
17410,44.74761,-122.14149,487.2,
17411,44.74771,-122.1413,488.0,
17412,44.74772,-122.14128,488.2,
17413,44.74778,-122.14105,491.8,
17414,44.74784,-122.14084,494.0,
17415,44.74784,-122.14081,494.2,
17416,44.74788,-122.14055,493.8,
17417,44.74788,-122.14031,493.5,
17418,44.74789,-122.14005,492.6,
17419,44.74789,-122.1398,492.1,
17420,44.74789,-122.13955,492.2,
17421,44.74789,-122.13943,492.4,
17422,44.74793,-122.13879,492.5,
17423,44.74795,-122.13854,492.5,
17424,44.74797,-122.13814,494.6,
17425,44.74805,-122.13779,495.9,
17426,44.7481,-122.13755,496.8,
17427,44.74813,-122.13743,497.2,
17428,44.74817,-122.13732,497.2,
17429,44.74825,-122.13709,497.2,
17430,44.74833,-122.13687,497.2,
17431,44.74847,-122.13647,497.4,
17432,44.74858,-122.1362,497.7,
17433,44.74872,-122.13586,497.6,
17434,44.74877,-122.13576,497.3,
17435,44.74896,-122.13533,497.2,
17436,44.74906,-122.13512,498.1,
17437,44.74929,-122.13474,498.6,
17438,44.74941,-122.13455,498.4,
17439,44.74953,-122.13435,497.7,
17440,44.74965,-122.13416,497.0,
17441,44.74991,-122.13374,495.9,
17442,44.74999,-122.13358,496.8,
17443,44.75009,-122.13336,497.1,
17444,44.75019,-122.13315,497.0,
17445,44.75029,-122.13294,496.8,
17446,44.75033,-122.13285,496.8,
17447,44.75038,-122.13272,496.7,
17448,44.75046,-122.1325,496.9,
17449,44.75054,-122.13227,497.2,
17450,44.75062,-122.13205,497.3,
17451,44.7507,-122.13182,497.5,
17452,44.75079,-122.1316,497.6,
17453,44.75082,-122.13149,498.3,
17454,44.75087,-122.13138,498.2,
17455,44.75097,-122.13116,497.9,
17456,44.75106,-122.13095,497.9,
17457,44.75125,-122.13052,498.9,
17458,44.75134,-122.13031,500.9,
17459,44.75139,-122.1302,501.3,
17460,44.75142,-122.13008,501.4,
17461,44.7515,-122.12985,501.1,
17462,44.75157,-122.12961,500.9,
17463,44.75158,-122.12958,500.9,
17464,44.75163,-122.12938,500.9,
17465,44.7517,-122.12915,500.8,
17466,44.75175,-122.12899,500.9,
17467,44.75177,-122.12891,500.8,
17468,44.75184,-122.12868,500.8,
17469,44.75196,-122.12824,500.0,
17470,44.75204,-122.12797,497.5,
17471,44.75211,-122.12774,500.2,
17472,44.75218,-122.12751,502.9,
17473,44.7522,-122.12744,503.0,
17474,44.75225,-122.12727,503.1,
17475,44.75232,-122.12704,503.2,
17476,44.75238,-122.12682,503.0,
17477,44.75248,-122.12631,505.5,
17478,44.75253,-122.12607,506.0,
17479,44.75255,-122.12599,505.9,
17480,44.75258,-122.12583,506.4,
17481,44.75266,-122.12543,507.7,
17482,44.75269,-122.12534,507.5,
17483,44.75277,-122.12512,507.3,
17484,44.7528,-122.12501,507.7,
17485,44.75285,-122.1249,507.7,
17486,44.75289,-122.12481,507.9,
17487,44.75312,-122.12447,506.8,
17488,44.75335,-122.12417,509.3,
17489,44.75368,-122.12376,511.2,
17490,44.75395,-122.12339,509.5,
17491,44.75411,-122.1231,508.8,
17492,44.75415,-122.12298,509.0,
17493,44.75419,-122.12287,509.0,
17494,44.75427,-122.12254,510.0,
17495,44.75442,-122.12226,509.4,
17496,44.75445,-122.12221,509.3,
17497,44.75461,-122.12194,509.0,
17498,44.75485,-122.12164,508.5,
17499,44.75509,-122.12101,509.5,
17500,44.75518,-122.12079,511.1,
17501,44.75526,-122.12057,514.8,
17502,44.7555,-122.12027,513.3,
17503,44.7557,-122.12002,510.3,
17504,44.75588,-122.11973,508.1,
17505,44.756,-122.11954,506.4,
17506,44.75605,-122.11946,506.2,
17507,44.75612,-122.11936,506.6,
17508,44.75625,-122.11918,507.3,
17509,44.75632,-122.11907,508.2,
17510,44.75638,-122.11901,508.4,
17511,44.75653,-122.11883,511.1,
17512,44.75691,-122.11852,512.8,
17513,44.75699,-122.11847,512.6,
17514,44.75728,-122.11825,512.0,
17515,44.75745,-122.11809,512.2,
17516,44.7576,-122.11794,511.4,
17517,44.75768,-122.11787,510.9,
17518,44.75774,-122.11779,511.7,
17519,44.75787,-122.11761,517.1,
17520,44.75794,-122.11751,517.6,
17521,44.75799,-122.11742,518.0,
17522,44.75821,-122.11702,518.9,
17523,44.75829,-122.11686,519.3,
17524,44.758307,-122.116876,518.6,
17525,44.75848,-122.11657,518.9,
17526,44.7593,-122.11535,519.4,
17527,44.7597,-122.11481,518.2,
17528,44.76002,-122.11445,519.8,
17529,44.76083,-122.11374,518.5,
17530,44.76104,-122.11353,519.4,
17531,44.76239,-122.11174,527.7,
17532,44.76274,-122.11119,531.0,
17533,44.7631,-122.11054,530.2,
17534,44.7632,-122.11041,530.7,
17535,44.76369,-122.10995,532.3,
17536,44.76392,-122.10967,531.3,
17537,44.76463,-122.10862,531.9,
17538,44.76481,-122.10829,531.6,
17539,44.76492,-122.10793,530.1,
17540,44.76496,-122.10771,528.9,
17541,44.76502,-122.10725,529.0,
17542,44.76528,-122.10621,528.3,
17543,44.76539,-122.10547,531.7,
17544,44.76546,-122.10431,534.7,
17545,44.76547,-122.10174,539.9,
17546,44.76559,-122.09957,544.2,
17547,44.76562,-122.09931,544.5,
17548,44.76571,-122.09901,542.4,
17549,44.76582,-122.09877,541.9,
17550,44.76613,-122.09821,542.5,
17551,44.76628,-122.09801,542.2,
17552,44.76679,-122.09748,544.5,
17553,44.76698,-122.09719,544.1,
17554,44.76712,-122.0969,543.4,
17555,44.76718,-122.09674,542.8,
17556,44.76723,-122.09638,542.8,
17557,44.76724,-122.09569,540.3,
17558,44.76726,-122.09555,537.3,
17559,44.7673,-122.09543,535.0,
17560,44.76776,-122.09447,539.4,
17561,44.76786,-122.09429,540.5,
17562,44.76799,-122.09411,541.7,
17563,44.76879,-122.09334,547.3,
17564,44.76916,-122.0929,548.1,
17565,44.7695,-122.09235,549.0,
17566,44.76968,-122.09201,551.5,
17567,44.77001,-122.09129,554.6,
17568,44.77012,-122.09095,555.1,
17569,44.77028,-122.0904,555.5,
17570,44.77137,-122.08535,564.1,
17571,44.77161,-122.08439,565.2,
17572,44.77182,-122.08383,566.7,
17573,44.77235,-122.08264,569.1,
17574,44.77241,-122.08242,569.3,
17575,44.77252,-122.08238,570.0,
17576,44.7729,-122.08211,572.1,
17577,44.77319,-122.082,573.4,
17578,44.77358,-122.08191,578.3,
17579,44.77374,-122.08184,580.0,
17580,44.77403,-122.08156,579.4,
17581,44.77415,-122.08138,579.3,
17582,44.77428,-122.0811,579.1,
17583,44.77445,-122.0806,579.0,
17584,44.77467,-122.08006,578.0,
17585,44.77482,-122.07977,578.0,
17586,44.77519,-122.07946,580.7,
17587,44.77585,-122.07924,587.0,
17588,44.77684,-122.07896,593.6,
17589,44.77697,-122.07872,593.4,
17590,44.77725,-122.07849,594.8,
17591,44.77936,-122.07631,591.0,
17592,44.78043,-122.07528,587.0,
17593,44.78161,-122.07424,586.9,
17594,44.78176,-122.07415,589.4,
17595,44.78231,-122.07296,602.3,
17596,44.78258,-122.07197,603.8,
17597,44.78297,-122.07091,602.2,
17598,44.78343,-122.07006,602.0,
17599,44.78416,-122.06994,601.6,
17600,44.78501,-122.06951,597.8,
17601,44.78563,-122.06908,595.3,
17602,44.78603,-122.06871,594.9,
17603,44.786258,-122.068475,595.6,
17604,44.78626,-122.06848,595.7,
17605,44.7867,-122.06803,595.0,
17606,44.78733,-122.06758,594.3,
17607,44.78773,-122.06706,593.5,
17608,44.78803,-122.06645,594.3,
17609,44.7882,-122.0658,596.4,
17610,44.78837,-122.06515,603.4,
17611,44.78871,-122.06463,602.4,
17612,44.7889,-122.06422,602.5,
17613,44.78927,-122.06383,606.9,
17614,44.7898,-122.06347,613.5,
17615,44.79033,-122.06311,617.8,
17616,44.7909,-122.06232,625.4,
17617,44.79136,-122.0621,625.9,
17618,44.79181,-122.06188,624.8,
17619,44.79238,-122.06172,625.5,
17620,44.79294,-122.06157,626.9,
17621,44.79371,-122.06131,627.3,
17622,44.79417,-122.06106,626.1,
17623,44.79464,-122.06081,624.8,
17624,44.79531,-122.06037,619.9,
17625,44.79572,-122.05979,620.9,
17626,44.79604,-122.05961,628.4,
17627,44.7968,-122.05979,628.3,
17628,44.79748,-122.05966,628.7,
17629,44.79774,-122.05968,627.0,
17630,44.79828,-122.05943,627.2,
17631,44.79894,-122.05897,627.8,
17632,44.7996,-122.05852,630.4,
17633,44.80028,-122.05799,633.0,
17634,44.80096,-122.05747,638.7,
17635,44.80156,-122.05724,642.5,
17636,44.80216,-122.05702,642.8,
17637,44.80267,-122.05656,645.7,
17638,44.80325,-122.05613,654.9,
17639,44.80383,-122.0557,659.0,
17640,44.80418,-122.05521,664.4,
17641,44.80454,-122.05472,668.7,
17642,44.80513,-122.05426,675.1,
17643,44.80601,-122.054,675.5,
17644,44.80649,-122.0534,680.0,
17645,44.80681,-122.05294,682.7,
17646,44.80701,-122.05239,689.2,
17647,44.80728,-122.05223,686.6,
17648,44.80781,-122.05202,690.4,
17649,44.80845,-122.05127,694.3,
17650,44.8091,-122.05052,697.4,
17651,44.80979,-122.05043,700.9,
17652,44.81047,-122.05034,707.9,
17653,44.81116,-122.05025,714.1,
17654,44.81176,-122.05007,716.3,
17655,44.81232,-122.04957,715.5,
17656,44.81289,-122.04907,718.9,
17657,44.81321,-122.04861,723.8,
17658,44.81353,-122.04814,724.2,
17659,44.81389,-122.04788,731.7,
17660,44.81459,-122.04756,729.2,
17661,44.81529,-122.04724,725.4,
17662,44.81579,-122.04692,733.1,
17663,44.81624,-122.04653,736.7,
17664,44.8167,-122.04613,737.6,
17665,44.81737,-122.04565,737.2,
17666,44.81805,-122.04517,736.2,
17667,44.81841,-122.04455,741.8,
17668,44.81868,-122.04395,746.7,
17669,44.81896,-122.04335,748.5,
17670,44.81905,-122.04272,753.2,
17671,44.81915,-122.04208,753.5,
17672,44.81947,-122.04127,754.1,
17673,44.81971,-122.04037,760.4,
17674,44.81985,-122.03972,762.1,
17675,44.82016,-122.03902,762.2,
17676,44.82038,-122.03813,775.0,
17677,44.82078,-122.03773,773.7,
17678,44.82128,-122.03751,772.3,
17679,44.82178,-122.03729,772.5,
17680,44.82205,-122.0369,775.8,
17681,44.82235,-122.03601,783.6,
17682,44.82233,-122.03553,785.9,
17683,44.82213,-122.0349,785.4,
17684,44.82221,-122.03426,786.7,
17685,44.82228,-122.03361,787.1,
17686,44.82231,-122.03304,787.0,
17687,44.8225,-122.03261,786.7,
17688,44.82278,-122.03269,788.6,
17689,44.82324,-122.03325,800.0,
17690,44.82385,-122.03303,800.9,
17691,44.8245,-122.03235,801.8,
17692,44.82489,-122.03166,811.7,
17693,44.82529,-122.03096,812.3,
17694,44.82552,-122.03041,814.1,
17695,44.82583,-122.03038,814.9,
17696,44.82618,-122.03029,816.8,
17697,44.8265,-122.02984,821.3,
17698,44.82685,-122.0288,822.4,
17699,44.82705,-122.02849,821.0,
17700,44.82738,-122.02842,827.2,
17701,44.8276,-122.02869,826.5,
17702,44.828,-122.02931,826.0,
17703,44.8283,-122.02944,826.7,
17704,44.82865,-122.02937,832.4,
17705,44.82916,-122.02903,834.6,
17706,44.82979,-122.02898,836.6,
17707,44.83022,-122.02877,845.3,
17708,44.83065,-122.02857,846.8,
17709,44.83131,-122.02822,853.3,
17710,44.83204,-122.02794,859.9,
17711,44.83268,-122.02793,860.7,
17712,44.83331,-122.02792,870.2,
17713,44.83378,-122.02795,873.0,
17714,44.83424,-122.02799,873.4,
17715,44.83508,-122.02799,882.9,
17716,44.83582,-122.02792,890.5,
17717,44.83655,-122.02786,895.7,
17718,44.83724,-122.02776,903.7,
17719,44.83792,-122.02765,908.8,
17720,44.83858,-122.02745,911.1,
17721,44.83889,-122.02772,921.0,
17722,44.83907,-122.02818,926.3,
17723,44.83939,-122.0285,926.2,
17724,44.84025,-122.02835,935.3,
17725,44.84062,-122.02799,942.7,
17726,44.84116,-122.02826,943.8,
17727,44.84203,-122.02812,952.7,
17728,44.84281,-122.02866,959.9,
17729,44.8432,-122.02908,968.3,
17730,44.84342,-122.02951,969.2,
17731,44.84348,-122.02977,971.0,
17732,44.84351,-122.03017,972.8,
17733,44.84348,-122.03068,977.4,
17734,44.84349,-122.03116,979.1,
17735,44.84356,-122.03148,981.8,
17736,44.8436,-122.03175,984.0,
17737,44.84404,-122.0323,995.8,
17738,44.84449,-122.03286,994.6,
17739,44.84502,-122.03325,1003.4,
17740,44.84555,-122.03365,1006.7,
17741,44.84592,-122.03404,1006.4,
17742,44.84629,-122.03443,1008.0,
17743,44.84692,-122.03529,1020.6,
17744,44.84723,-122.03567,1018.5,
17745,44.84731,-122.03553,1017.5,
17746,44.84734,-122.03526,1019.1,
17747,44.84718,-122.03495,1023.7,
17748,44.84682,-122.03442,1029.6,
17749,44.84651,-122.03395,1031.7,
17750,44.84621,-122.03347,1032.9,
17751,44.84582,-122.03301,1038.6,
17752,44.84543,-122.03254,1043.9,
17753,44.84527,-122.0324,1044.2,
17754,44.84493,-122.03202,1042.9,
17755,44.84487,-122.03101,1043.7,
17756,44.84488,-122.03004,1044.7,
17757,44.8449,-122.02907,1051.9,
17758,44.84496,-122.02858,1052.8,
17759,44.84515,-122.02825,1057.7,
17760,44.84556,-122.02775,1061.4,
17761,44.84599,-122.02757,1063.7,
17762,44.84621,-122.02694,1068.4,
17763,44.84608,-122.02629,1077.0,
17764,44.84596,-122.02564,1081.6,
17765,44.84585,-122.025,1083.7,
17766,44.84574,-122.02436,1088.5,
17767,44.84567,-122.02403,1092.2,
17768,44.84567,-122.02403,1092.2,
17769,44.84558,-122.02367,1092.8,
17770,44.84547,-122.02352,1091.5,
17771,44.845,-122.02347,1094.7,
17772,44.84494,-122.02331,1099.7,
17773,44.84488,-122.02304,1100.9,
17774,44.84488,-122.02279,1101.6,
17775,44.84506,-122.02203,1107.9,
17776,44.84508,-122.02177,1109.7,
17777,44.84476,-122.02065,1117.6,
17778,44.84424,-122.02001,1123.8,
17779,44.84414,-122.01915,1131.9,
17780,44.84404,-122.0183,1137.6,
17781,44.8438,-122.01799,1143.2,
17782,44.84352,-122.01773,1147.8,
17783,44.84355,-122.0172,1151.2,
17784,44.844,-122.01628,1161.9,
17785,44.84406,-122.016,1163.7,
17786,44.84397,-122.0156,1165.8,
17787,44.8438,-122.01532,1166.8,
17788,44.84349,-122.01515,1167.4,
17789,44.84301,-122.01532,1166.4,
17790,44.8426,-122.0156,1166.8,
17791,44.84224,-122.01602,1165.7,
17792,44.84215,-122.01627,1164.0,
17793,44.84218,-122.01656,1160.2,
17794,44.84215,-122.01778,1174.9,
17795,44.84213,-122.019,1180.0,
17796,44.84208,-122.01945,1185.0,
17797,44.84182,-122.01972,1189.9,
17798,44.84153,-122.01976,1192.8,
17799,44.8414,-122.01957,1194.2,
17800,44.84132,-122.01862,1206.8,
17801,44.84116,-122.01831,1208.4,
17802,44.84091,-122.01811,1204.1,
17803,44.84074,-122.01768,1205.7,
17804,44.84004,-122.01706,1209.5,
17805,44.83985,-122.01656,1214.0,
17806,44.83975,-122.01589,1216.9,
17807,44.83963,-122.01558,1219.5,
17808,44.83941,-122.01533,1220.6,
17809,44.83913,-122.01533,1220.0,
17810,44.83892,-122.01558,1218.1,
17811,44.83877,-122.01616,1222.4,
17812,44.83827,-122.0166,1224.1,
17813,44.838,-122.01654,1222.8,
17814,44.83798,-122.01627,1227.5,
17815,44.83765,-122.01573,1236.2,
17816,44.83716,-122.01555,1238.1,
17817,44.83655,-122.01515,1241.8,
17818,44.83613,-122.01534,1243.4,
17819,44.83586,-122.01528,1247.9,
17820,44.8358,-122.01438,1252.9,
17821,44.83564,-122.01396,1251.3,
17822,44.83536,-122.01393,1248.1,
17823,44.83493,-122.01348,1247.4,
17824,44.83479,-122.01302,1242.0,
17825,44.83474,-122.01261,1238.4,
17826,44.83471,-122.01224,1236.0,
17827,44.83489,-122.01186,1235.8,
17828,44.83522,-122.01164,1236.8,
17829,44.83527,-122.01132,1238.2,
17830,44.83524,-122.01112,1239.6,
17831,44.83476,-122.01062,1237.8,
17832,44.8344,-122.01033,1237.2,
17833,44.83362,-122.0101,1235.9,
17834,44.83331,-122.01003,1231.1,
17835,44.83296,-122.00938,1227.4,
17836,44.83267,-122.00875,1221.8,
17837,44.83245,-122.00867,1218.4,
17838,44.83207,-122.0088,1211.7,
17839,44.83174,-122.00883,1211.6,
17840,44.83159,-122.00854,1217.1,
17841,44.83146,-122.00792,1222.7,
17842,44.83121,-122.00738,1223.7,
17843,44.83128,-122.00737,1224.0,
17844,44.83155,-122.00697,1225.2,
17845,44.83213,-122.00648,1215.4,
17846,44.83265,-122.00642,1215.6,
17847,44.8329,-122.00597,1211.0,
17848,44.83324,-122.00578,1206.3,
17849,44.83369,-122.00598,1201.4,
17850,44.83395,-122.00621,1200.1,
17851,44.83417,-122.00624,1196.9,
17852,44.83439,-122.006,1194.3,
17853,44.83444,-122.00545,1191.4,
17854,44.83431,-122.00487,1186.8,
17855,44.83432,-122.00398,1181.5,
17856,44.83443,-122.00314,1175.3,
17857,44.83447,-122.0026,1173.6,
17858,44.83445,-122.00206,1170.3,
17859,44.83425,-122.00158,1165.0,
17860,44.83415,-122.00125,1163.6,
17861,44.83409,-122.00091,1163.2,
17862,44.83385,-122.00037,1157.9,
17863,44.8338,-121.99996,1153.5,
17864,44.83386,-121.99916,1154.6,
17865,44.83391,-121.99836,1151.7,
17866,44.83379,-121.99801,1147.4,
17867,44.83352,-121.99775,1142.0,
17868,44.83328,-121.99744,1137.1,
17869,44.83315,-121.99672,1131.5,
17870,44.83294,-121.9964,1126.9,
17871,44.8329,-121.99608,1124.9,
17872,44.83308,-121.9957,1125.4,
17873,44.83328,-121.99533,1124.8,
17874,44.83342,-121.99487,1122.8,
17875,44.83344,-121.99392,1113.7,
17876,44.83347,-121.99298,1107.7,
17877,44.83352,-121.99204,1101.2,
17878,44.83344,-121.9911,1097.3,
17879,44.8332,-121.99076,1095.0,
17880,44.83283,-121.99045,1093.7,
17881,44.83271,-121.99015,1093.1,
17882,44.83261,-121.98968,1092.1,
17883,44.83241,-121.98901,1091.3,
17884,44.83239,-121.98863,1090.9,
17885,44.83248,-121.98837,1090.1,
17886,44.83285,-121.98776,1088.1,
17887,44.83291,-121.98739,1088.1,
17888,44.8329,-121.98683,1088.8,
17889,44.83285,-121.98629,1088.8,
17890,44.83272,-121.9858,1088.0,
17891,44.83243,-121.98549,1087.9,
17892,44.83222,-121.98534,1090.0,
17893,44.83204,-121.98517,1093.6,
17894,44.83203,-121.98518,1093.9,
17895,44.83204,-121.98517,1093.6,
17896,44.83218,-121.98431,1088.6,
17897,44.83255,-121.98352,1080.4,
17898,44.83247,-121.98307,1080.6,
17899,44.83225,-121.98258,1081.6,
17900,44.83192,-121.98215,1081.6,
17901,44.83127,-121.98171,1079.6,
17902,44.8307,-121.9819,1084.8,
17903,44.83023,-121.98161,1081.4,
17904,44.82998,-121.98117,1073.1,
17905,44.82963,-121.98082,1067.0,
17906,44.82894,-121.98047,1056.2,
17907,44.82859,-121.98001,1059.0,
17908,44.82842,-121.97938,1058.4,
17909,44.82834,-121.97852,1055.9,
17910,44.82834,-121.97816,1053.7,
17911,44.82874,-121.97772,1048.7,
17912,44.82913,-121.97728,1050.4,
17913,44.82975,-121.9769,1059.7,
17914,44.83021,-121.97643,1061.0,
17915,44.83067,-121.97596,1060.5,
17916,44.8311,-121.9754,1061.3,
17917,44.83142,-121.97477,1061.0,
17918,44.8315,-121.97429,1060.7,
17919,44.83145,-121.97384,1060.6,
17920,44.8312,-121.97307,1060.6,
17921,44.83095,-121.97231,1060.9,
17922,44.8308,-121.97189,1062.0,
17923,44.83069,-121.97145,1062.2,
17924,44.83064,-121.9705,1059.4,
17925,44.83044,-121.96989,1060.5,
17926,44.8304,-121.96958,1059.6,
17927,44.83048,-121.96922,1056.6,
17928,44.83065,-121.96896,1057.4,
17929,44.83101,-121.96855,1062.8,
17930,44.83127,-121.96832,1064.5,
17931,44.83178,-121.9682,1069.1,
17932,44.83247,-121.96847,1076.4,
17933,44.83296,-121.96883,1080.9,
17934,44.83342,-121.96921,1087.3,
17935,44.83388,-121.96959,1093.2,
17936,44.8345,-121.9704,1103.6,
17937,44.83482,-121.97112,1102.3,
17938,44.83531,-121.97186,1102.4,
17939,44.83598,-121.97263,1101.0,
17940,44.83664,-121.9734,1102.5,
17941,44.83694,-121.97378,1105.6,
17942,44.83738,-121.97397,1105.8,
17943,44.83761,-121.97381,1106.6,
17944,44.8376,-121.97344,1111.9,
17945,44.83777,-121.97317,1118.0,
17946,44.83836,-121.9731,1118.4,
17947,44.83899,-121.9731,1125.7,
17948,44.83963,-121.97314,1131.0,
17949,44.84026,-121.97319,1140.0,
17950,44.84072,-121.97326,1141.4,
17951,44.84118,-121.97333,1141.1,
17952,44.84147,-121.97325,1141.3,
17953,44.84157,-121.97304,1142.4,
17954,44.84155,-121.97273,1145.2,
17955,44.84139,-121.97238,1151.1,
17956,44.841,-121.97193,1161.3,
17957,44.84061,-121.97148,1171.5,
17958,44.84011,-121.97106,1179.4,
17959,44.83956,-121.97087,1185.3,
17960,44.83882,-121.97047,1192.2,
17961,44.83809,-121.97007,1199.5,
17962,44.83769,-121.96949,1206.2,
17963,44.83741,-121.96894,1208.5,
17964,44.83713,-121.96838,1207.4,
17965,44.83699,-121.96782,1207.4,
17966,44.83729,-121.96714,1216.1,
17967,44.83793,-121.96682,1229.5,
17968,44.83831,-121.9667,1234.9,
17969,44.83844,-121.96642,1238.1,
17970,44.83851,-121.96552,1246.3,
17971,44.83836,-121.96481,1252.0,
17972,44.8381,-121.96448,1252.5,
17973,44.83786,-121.96425,1251.7,
17974,44.8375,-121.96363,1256.4,
17975,44.83718,-121.96366,1253.8,
17976,44.8369,-121.96376,1248.8,
17977,44.83663,-121.96337,1250.2,
17978,44.83646,-121.96266,1257.8,
17979,44.8363,-121.96195,1262.3,
17980,44.83579,-121.96161,1257.4,
17981,44.83535,-121.9612,1259.4,
17982,44.83491,-121.96079,1262.8,
17983,44.83454,-121.96072,1261.1,
17984,44.83413,-121.96052,1259.5,
17985,44.83371,-121.95985,1261.7,
17986,44.83377,-121.95929,1270.2,
17987,44.83346,-121.95876,1272.0,
17988,44.83322,-121.95791,1285.0,
17989,44.83299,-121.95718,1293.9,
17990,44.83277,-121.95645,1297.4,
17991,44.83256,-121.95581,1304.5,
17992,44.83235,-121.95518,1307.0,
17993,44.8322,-121.95448,1311.6,
17994,44.83204,-121.95379,1318.1,
17995,44.83182,-121.95288,1322.0,
17996,44.83175,-121.95249,1330.7,
17997,44.83125,-121.95178,1337.0,
17998,44.83085,-121.95129,1346.8,
17999,44.83021,-121.951,1351.9,
18000,44.8294,-121.95079,1356.8,
18001,44.829,-121.95045,1363.2,
18002,44.82879,-121.9501,1368.5,
18003,44.82932,-121.94994,1369.7,
18004,44.82984,-121.94979,1370.4,
18005,44.83044,-121.94951,1371.8,
18006,44.83104,-121.94923,1372.2,
18007,44.83165,-121.94895,1372.7,
18008,44.83246,-121.94867,1375.4,
18009,44.83317,-121.94885,1375.1,
18010,44.83368,-121.94885,1376.4,
18011,44.83413,-121.94856,1379.2,
18012,44.83492,-121.94812,1388.6,
18013,44.83538,-121.94803,1392.4,
18014,44.83583,-121.94793,1393.3,
18015,44.83663,-121.94797,1393.2,
18016,44.83723,-121.94805,1392.7,
18017,44.83783,-121.94814,1391.2,
18018,44.83844,-121.9481,1388.2,
18019,44.83914,-121.94831,1386.0,
18020,44.8397,-121.94838,1386.0,
18021,44.84009,-121.94811,1387.9,
18022,44.84033,-121.94789,1389.2,
18023,44.84064,-121.94727,1393.4,
18024,44.83998,-121.94656,1388.9,
18025,44.83927,-121.94602,1383.3,
18026,44.83855,-121.94549,1379.2,
18027,44.83784,-121.94495,1375.2,
18028,44.83779,-121.94472,1372.5,
18029,44.83775,-121.94434,1368.1,
18030,44.83827,-121.94436,1368.3,
18031,44.83879,-121.94437,1371.1,
18032,44.83929,-121.94414,1372.1,
18033,44.83979,-121.94391,1374.1,
18034,44.8404,-121.94338,1375.4,
18035,44.84084,-121.94274,1379.4,
18036,44.84129,-121.94209,1381.4,
18037,44.84182,-121.94152,1384.7,
18038,44.84235,-121.94094,1385.4,
18039,44.84267,-121.94095,1387.3,
18040,44.84298,-121.94107,1389.0,
18041,44.84327,-121.94135,1391.0,
18042,44.84345,-121.94158,1391.4,
18043,44.84401,-121.94239,1398.5,
18044,44.84456,-121.9432,1401.9,
18045,44.84506,-121.94371,1408.9,
18046,44.84548,-121.94409,1411.7,
18047,44.846,-121.94419,1416.3,
18048,44.84676,-121.94413,1417.3,
18049,44.8474,-121.94375,1416.0,
18050,44.84804,-121.94337,1418.3,
18051,44.84837,-121.94335,1414.5,
18052,44.84914,-121.94358,1410.5,
18053,44.84949,-121.94356,1407.6,
18054,44.84997,-121.94254,1405.3,
18055,44.85012,-121.94192,1400.1,
18056,44.8504,-121.94151,1398.7,
18057,44.85102,-121.94119,1393.1,
18058,44.85122,-121.94074,1387.1,
18059,44.85151,-121.93961,1408.5,
18060,44.85167,-121.93911,1394.7,
18061,44.85201,-121.93866,1388.2,
18062,44.85243,-121.93825,1381.4,
18063,44.85285,-121.93785,1377.9,
18064,44.8535,-121.93757,1370.7,
18065,44.85416,-121.9373,1358.9,
18066,44.85481,-121.93702,1357.7,
18067,44.85528,-121.93667,1358.7,
18068,44.85555,-121.93635,1356.7,
18069,44.8558,-121.93581,1352.4,
18070,44.85583,-121.93496,1357.2,
18071,44.85569,-121.9341,1358.8,
18072,44.85556,-121.93325,1364.0,
18073,44.85559,-121.93242,1366.7,
18074,44.85562,-121.93159,1367.9,
18075,44.85569,-121.93055,1368.3,
18076,44.85581,-121.92983,1366.9,
18077,44.85605,-121.9295,1367.1,
18078,44.85655,-121.92933,1368.2,
18079,44.85716,-121.92927,1368.4,
18080,44.85777,-121.92921,1361.1,
18081,44.85839,-121.92916,1356.4,
18082,44.85922,-121.9293,1348.0,
18083,44.85996,-121.92951,1348.4,
18084,44.8607,-121.92972,1347.9,
18085,44.86144,-121.92994,1348.3,
18086,44.86218,-121.93015,1350.3,
18087,44.86276,-121.93036,1352.1,
18088,44.86333,-121.93057,1347.9,
18089,44.86381,-121.93121,1341.0,
18090,44.86395,-121.93184,1340.0,
18091,44.86397,-121.93307,1341.4,
18092,44.86405,-121.9341,1334.7,
18093,44.86425,-121.93515,1332.9,
18094,44.86443,-121.93617,1338.5,
18095,44.86414,-121.93671,1345.1,
18096,44.86384,-121.93725,1350.3,
18097,44.86326,-121.93806,1352.5,
18098,44.86319,-121.93846,1348.3,
18099,44.86318,-121.93883,1343.6,
18100,44.86272,-121.93984,1352.6,
18101,44.86275,-121.94022,1354.2,
18102,44.86294,-121.94108,1356.5,
18103,44.86313,-121.94155,1353.7,
18104,44.86332,-121.9417,1350.0,
18105,44.86406,-121.94194,1347.5,
18106,44.86428,-121.9421,1348.0,
18107,44.86443,-121.94243,1350.1,
18108,44.86461,-121.94309,1351.2,
18109,44.86496,-121.94344,1349.0,
18110,44.86571,-121.94357,1350.6,
18111,44.86571,-121.94357,1350.6,
18112,44.86633,-121.94367,1351.8,
18113,44.8668,-121.94379,1352.6,
18114,44.86726,-121.94391,1349.5,
18115,44.86745,-121.94418,1351.7,
18116,44.86775,-121.94466,1354.8,
18117,44.86805,-121.94514,1359.5,
18118,44.86832,-121.94533,1364.0,
18119,44.86865,-121.94538,1363.8,
18120,44.86926,-121.94513,1367.7,
18121,44.86986,-121.9448,1366.4,
18122,44.87038,-121.94485,1368.9,
18123,44.87062,-121.9451,1371.5,
18124,44.87096,-121.94565,1374.6,
18125,44.87131,-121.94607,1374.2,
18126,44.87167,-121.94616,1369.2,
18127,44.87194,-121.94615,1367.0,
18128,44.87245,-121.9454,1360.3,
18129,44.87288,-121.94517,1364.1,
18130,44.87351,-121.94512,1368.0,
18131,44.87398,-121.94519,1369.4,
18132,44.87474,-121.94537,1371.7,
18133,44.87549,-121.94554,1371.9,
18134,44.87599,-121.94554,1372.5,
18135,44.87641,-121.94539,1371.3,
18136,44.87685,-121.94531,1370.8,
18137,44.87772,-121.9454,1370.9,
18138,44.87831,-121.94552,1366.5,
18139,44.87864,-121.94582,1366.9,
18140,44.87891,-121.94624,1367.5,
18141,44.87908,-121.94644,1369.6,
18142,44.87932,-121.94652,1371.5,
18143,44.87976,-121.94645,1370.8,
18144,44.88021,-121.94638,1369.5,
18145,44.88065,-121.9466,1371.2,
18146,44.88086,-121.94668,1372.4,
18147,44.88109,-121.94665,1373.1,
18148,44.88137,-121.94633,1369.5,
18149,44.88181,-121.94612,1368.6,
18150,44.88232,-121.94603,1367.2,
18151,44.88301,-121.94611,1369.3,
18152,44.8837,-121.94618,1370.2,
18153,44.88439,-121.94626,1370.7,
18154,44.88508,-121.94633,1371.7,
18155,44.88588,-121.94618,1369.5,
18156,44.88659,-121.94577,1359.1,
18157,44.88731,-121.94559,1356.7,
18158,44.88793,-121.94566,1359.6,
18159,44.8884,-121.94576,1359.8,
18160,44.88907,-121.94605,1360.0,
18161,44.8894,-121.94621,1359.9,
18162,44.89,-121.94663,1360.1,
18163,44.89053,-121.94713,1360.7,
18164,44.89106,-121.94763,1359.9,
18165,44.89159,-121.94813,1357.9,
18166,44.89213,-121.94908,1357.2,
18167,44.89257,-121.94965,1360.5,
18168,44.8933,-121.95018,1361.1,
18169,44.89402,-121.95071,1359.7,
18170,44.89475,-121.95124,1358.0,
18171,44.89548,-121.95177,1356.7,
18172,44.8962,-121.9523,1360.6,
18173,44.89693,-121.95283,1359.6,
18174,44.89757,-121.95317,1357.2,
18175,44.89821,-121.95351,1355.5,
18176,44.89885,-121.95385,1354.4,
18177,44.89949,-121.95419,1354.5,
18178,44.89985,-121.9542,1349.0,
18179,44.90018,-121.95406,1355.4,
18180,44.9004,-121.95377,1359.1,
18181,44.90045,-121.95359,1360.0,
18182,44.90072,-121.95249,1362.5,
18183,44.90099,-121.9514,1363.8,
18184,44.90125,-121.9503,1363.8,
18185,44.90153,-121.94979,1363.2,
18186,44.90187,-121.94953,1363.6,
18187,44.90265,-121.94907,1364.1,
18188,44.90344,-121.94861,1362.5,
18189,44.90386,-121.94854,1361.1,
18190,44.90429,-121.94861,1359.1,
18191,44.90465,-121.94888,1357.8,
18192,44.90488,-121.94917,1357.4,
18193,44.90518,-121.94983,1358.3,
18194,44.90541,-121.95045,1358.8,
18195,44.90563,-121.95107,1359.0,
18196,44.90591,-121.95157,1357.6,
18197,44.90629,-121.952,1355.9,
18198,44.90677,-121.95239,1355.6,
18199,44.90725,-121.95278,1355.7,
18200,44.90752,-121.95287,1356.4,
18201,44.90766,-121.95286,1356.6,
18202,44.90798,-121.95269,1357.6,
18203,44.90837,-121.9523,1358.6,
18204,44.90875,-121.95191,1358.7,
18205,44.90919,-121.95167,1358.6,
18206,44.9094,-121.95163,1358.7,
18207,44.90976,-121.95167,1358.6,
18208,44.90997,-121.95176,1358.1,
18209,44.91032,-121.95202,1356.1,
18210,44.91085,-121.95285,1354.7,
18211,44.91137,-121.95368,1346.5,
18212,44.91165,-121.95391,1345.0,
18213,44.91228,-121.95425,1342.8,
18214,44.91282,-121.95474,1335.9,
18215,44.91316,-121.95518,1334.1,
18216,44.9135,-121.95562,1331.1,
18217,44.91404,-121.95609,1322.3,
18218,44.91459,-121.95657,1313.3,
18219,44.91502,-121.95708,1310.2,
18220,44.91532,-121.95775,1310.1,
18221,44.91552,-121.95853,1312.7,
18222,44.91552,-121.95939,1316.4,
18223,44.91551,-121.96025,1316.7,
18224,44.9154,-121.96118,1316.7,
18225,44.91529,-121.9621,1313.5,
18226,44.91529,-121.96255,1309.9,
18227,44.91539,-121.96298,1309.2,
18228,44.91573,-121.96386,1303.7,
18229,44.91591,-121.96475,1299.2,
18230,44.91608,-121.96564,1291.3,
18231,44.91617,-121.966,1288.6,
18232,44.91633,-121.96633,1286.9,
18233,44.91667,-121.96675,1285.4,
18234,44.91701,-121.96718,1281.2,
18235,44.91737,-121.96797,1275.7,
18236,44.91772,-121.96825,1273.4,
18237,44.9185,-121.96861,1266.3,
18238,44.91876,-121.96885,1263.9,
18239,44.91909,-121.9695,1263.1,
18240,44.91914,-121.97008,1255.4,
18241,44.91925,-121.97051,1253.3,
18242,44.91951,-121.97085,1253.2,
18243,44.91982,-121.97104,1253.3,
18244,44.92016,-121.97116,1253.1,
18245,44.92087,-121.9713,1253.1,
18246,44.92158,-121.97145,1250.2,
18247,44.92206,-121.9716,1246.1,
18248,44.92234,-121.97193,1240.2,
18249,44.92277,-121.97284,1226.8,
18250,44.92344,-121.97332,1223.7,
18251,44.9241,-121.97381,1216.0,
18252,44.92441,-121.97409,1212.4,
18253,44.92496,-121.97504,1204.7,
18254,44.92531,-121.9755,1200.3,
18255,44.92564,-121.97566,1197.7,
18256,44.92621,-121.97558,1193.4,
18257,44.92642,-121.97564,1191.6,
18258,44.92676,-121.97591,1190.7,
18259,44.9271,-121.97655,1190.8,
18260,44.92741,-121.97758,1183.0,
18261,44.92742,-121.97787,1181.6,
18262,44.92715,-121.97885,1168.0,
18263,44.92699,-121.97909,1161.6,
18264,44.92649,-121.97941,1151.5,
18265,44.92633,-121.97966,1152.4,
18266,44.9263,-121.97995,1154.7,
18267,44.92638,-121.98044,1158.1,
18268,44.92637,-121.98079,1157.5,
18269,44.92615,-121.98184,1157.0,
18270,44.92616,-121.9822,1156.6,
18271,44.92625,-121.98256,1156.2,
18272,44.9266,-121.9834,1149.4,
18273,44.92696,-121.98425,1145.4,
18274,44.92732,-121.98509,1143.2,
18275,44.9274,-121.98582,1135.3,
18276,44.92746,-121.98596,1133.4,
18277,44.92768,-121.98615,1131.1,
18278,44.92804,-121.98618,1130.3,
18279,44.9285,-121.98609,1130.5,
18280,44.92896,-121.98599,1130.1,
18281,44.92961,-121.98594,1122.7,
18282,44.93026,-121.98588,1119.5,
18283,44.93106,-121.98555,1117.3,
18284,44.93123,-121.98542,1116.8,
18285,44.93166,-121.98492,1117.4,
18286,44.9321,-121.98442,1115.6,
18287,44.93242,-121.98428,1109.0,
18288,44.93292,-121.98436,1108.2,
18289,44.93341,-121.98431,1107.8,
18290,44.93358,-121.98442,1106.9,
18291,44.9342,-121.98522,1104.9,
18292,44.93427,-121.98564,1106.0,
18293,44.93418,-121.98597,1103.8,
18294,44.93357,-121.98659,1095.1,
18295,44.93329,-121.98718,1095.1,
18296,44.93322,-121.98739,1094.0,
18297,44.9332,-121.98768,1093.6,
18298,44.93331,-121.98797,1094.6,
18299,44.93342,-121.98807,1095.0,
18300,44.93401,-121.98832,1095.7,
18301,44.9342,-121.98872,1089.4,
18302,44.93415,-121.98903,1086.0,
18303,44.93378,-121.9899,1082.8,
18304,44.9337,-121.99026,1082.7,
18305,44.9337,-121.99062,1083.1,
18306,44.93379,-121.99098,1083.7,
18307,44.934,-121.99129,1084.6,
18308,44.93429,-121.99152,1085.4,
18309,44.93498,-121.99199,1084.0,
18310,44.93568,-121.99245,1080.0,
18311,44.93595,-121.99278,1080.3,
18312,44.93608,-121.99319,1079.9,
18313,44.93611,-121.99391,1077.8,
18314,44.93614,-121.99464,1075.1,
18315,44.93627,-121.99535,1073.0,
18316,44.93641,-121.99606,1072.9,
18317,44.93642,-121.99635,1072.3,
18318,44.9361,-121.99746,1070.0,
18319,44.93608,-121.99775,1070.5,
18320,44.93629,-121.99891,1070.3,
18321,44.93651,-122.00008,1073.7,
18322,44.93672,-122.00124,1076.2,
18323,44.93688,-122.0015,1075.7,
18324,44.93722,-122.00164,1070.8,
18325,44.93766,-122.00147,1067.3,
18326,44.9381,-122.0013,1064.3,
18327,44.93832,-122.00101,1058.2,
18328,44.9386,-122.0002,1042.9,
18329,44.93888,-121.99938,1032.9,
18330,44.93911,-121.99901,1031.9,
18331,44.93941,-121.9987,1029.1,
18332,44.93965,-121.99854,1031.4,
18333,44.94023,-121.9985,1025.0,
18334,44.94075,-121.99812,1020.8,
18335,44.94097,-121.99783,1017.8,
18336,44.9412,-121.99737,1009.4,
18337,44.94145,-121.99701,1005.6,
18338,44.94196,-121.99662,1007.8,
18339,44.94248,-121.99637,1000.6,
18340,44.9432,-121.99632,995.1,
18341,44.94342,-121.99613,994.4,
18342,44.94378,-121.99568,993.3,
18343,44.94418,-121.99557,991.3,
18344,44.94446,-121.99566,990.7,
18345,44.94508,-121.99605,989.6,
18346,44.94571,-121.99643,983.3,
18347,44.94601,-121.99664,979.9,
18348,44.94665,-121.99721,977.1,
18349,44.94695,-121.99799,977.3,
18350,44.94724,-121.99877,977.8,
18351,44.94766,-121.99958,977.0,
18352,44.94807,-122.00038,977.3,
18353,44.94827,-122.00069,977.4,
18354,44.94852,-122.00095,977.0,
18355,44.94879,-122.00107,976.6,
18356,44.94894,-122.00106,976.0,
18357,44.94955,-122.00084,972.7,
18358,44.95003,-122.00059,969.2,
18359,44.95051,-122.00034,968.3,
18360,44.95093,-122.00041,967.9,
18361,44.95118,-122.00054,968.2,
18362,44.95131,-122.0008,970.0,
18363,44.95164,-122.00178,967.2,
18364,44.95223,-122.0027,966.2,
18365,44.9526,-122.00333,965.2,
18366,44.95296,-122.00397,963.6,
18367,44.95348,-122.00447,961.4,
18368,44.95375,-122.0048,962.2,
18369,44.95391,-122.0052,962.0,
18370,44.95405,-122.00585,960.2,
18371,44.95417,-122.00604,960.6,
18372,44.95445,-122.00626,961.4,
18373,44.95459,-122.00629,961.7,
18374,44.95487,-122.00621,962.0,
18375,44.95553,-122.00591,960.6,
18376,44.95619,-122.00562,958.4,
18377,44.95686,-122.00506,958.8,
18378,44.95714,-122.00504,956.6,
18379,44.95759,-122.00528,944.2,
18380,44.95788,-122.00528,941.5,
18381,44.9585,-122.00478,938.3,
18382,44.95934,-122.0046,930.8,
18383,44.95986,-122.00427,924.5,
18384,44.96038,-122.00394,922.6,
18385,44.96066,-122.00394,914.4,
18386,44.96111,-122.00417,904.7,
18387,44.96125,-122.00413,904.8,
18388,44.96198,-122.00367,909.8,
18389,44.96212,-122.00371,910.7,
18390,44.96242,-122.00398,910.0,
18391,44.96258,-122.00422,910.3,
18392,44.96303,-122.00459,908.9,
18393,44.96317,-122.00464,907.5,
18394,44.96353,-122.00461,904.5,
18395,44.96378,-122.00471,897.4,
18396,44.96385,-122.00483,893.8,
18397,44.96383,-122.00504,888.2,
18398,44.96338,-122.00541,884.4,
18399,44.96293,-122.00578,876.3,
18400,44.96266,-122.00589,874.5,
18401,44.96252,-122.00588,874.4,
18402,44.96207,-122.0055,877.4,
18403,44.96186,-122.00545,876.9,
18404,44.96165,-122.00545,875.2,
18405,44.96139,-122.00557,870.8,
18406,44.9613,-122.00568,868.5,
18407,44.96121,-122.00596,865.0,
18408,44.96132,-122.00683,857.1,
18409,44.96127,-122.00704,854.7,
18410,44.96119,-122.00716,852.8,
18411,44.96063,-122.0073,850.2,
18412,44.96039,-122.00745,849.6,
18413,44.96023,-122.0077,847.5,
18414,44.96006,-122.00855,838.0,
18415,44.95989,-122.00879,835.7,
18416,44.95976,-122.00883,835.5,
18417,44.95927,-122.00866,838.1,
18418,44.95913,-122.0087,838.0,
18419,44.95903,-122.00882,837.5,
18420,44.95887,-122.00937,835.1,
18421,44.95859,-122.01003,833.1,
18422,44.9582,-122.01064,825.8,
18423,44.95781,-122.01125,824.8,
18424,44.95779,-122.0114,824.7,
18425,44.95783,-122.01198,821.4,
18426,44.95778,-122.01247,819.8,
18427,44.95753,-122.01283,823.7,
18428,44.95736,-122.01346,819.6,
18429,44.95697,-122.01379,821.2,
18430,44.95682,-122.01404,820.5,
18431,44.95678,-122.01433,822.3,
18432,44.95696,-122.01503,815.1,
18433,44.95688,-122.01598,809.5,
18434,44.95673,-122.01646,808.3,
18435,44.95625,-122.01701,809.5,
18436,44.95613,-122.01735,805.2,
18437,44.95616,-122.01793,800.8,
18438,44.95628,-122.0185,796.5,
18439,44.95654,-122.01887,794.5,
18440,44.9569,-122.01905,794.0,
18441,44.9573,-122.01894,794.4,
18442,44.95761,-122.01864,794.5,
18443,44.95773,-122.01836,795.0,
18444,44.95781,-122.01797,794.9,
18445,44.95765,-122.01733,797.7,
18446,44.95748,-122.0167,794.3,
18447,44.95744,-122.01601,790.3,
18448,44.9577,-122.015,786.5,
18449,44.95797,-122.014,786.8,
18450,44.95845,-122.01376,774.9,
18451,44.95876,-122.0141,775.2,
18452,44.95894,-122.01481,775.3,
18453,44.95912,-122.01552,777.1,
18454,44.95917,-122.01656,778.3,
18455,44.9589,-122.01756,775.1,
18456,44.95906,-122.01833,775.0,
18457,44.95921,-122.01909,769.5,
18458,44.95939,-122.02013,764.9,
18459,44.95993,-122.02085,766.0,
18460,44.96042,-122.0218,766.8,
18461,44.96056,-122.02238,764.3,
18462,44.96094,-122.02323,760.8,
18463,44.96133,-122.02409,755.6,
18464,44.96157,-122.02478,749.6,
18465,44.96196,-122.02536,744.5,
18466,44.96235,-122.02594,743.7,
18467,44.96242,-122.02645,740.7,
18468,44.96231,-122.02692,738.2,
18469,44.96185,-122.02713,732.2,
18470,44.9614,-122.02733,725.4,
18471,44.96094,-122.02762,718.7,
18472,44.96065,-122.0282,715.4,
18473,44.96068,-122.02904,714.7,
18474,44.96071,-122.02989,704.6,
18475,44.96094,-122.03057,700.9,
18476,44.96133,-122.03099,698.0,
18477,44.96194,-122.03131,693.1,
18478,44.96258,-122.03121,692.4,
18479,44.96322,-122.03111,688.2,
18480,44.96398,-122.03125,680.0,
18481,44.96449,-122.03111,679.4,
18482,44.96497,-122.03124,677.6,
18483,44.96544,-122.03138,672.0,
18484,44.96585,-122.03203,667.4,
18485,44.96617,-122.03289,661.7,
18486,44.96649,-122.03375,654.6,
18487,44.96658,-122.0344,652.3,
18488,44.96647,-122.0351,649.9,
18489,44.96637,-122.0358,647.4,
18490,44.96598,-122.03629,640.0,
18491,44.9654,-122.03694,635.5,
18492,44.96481,-122.03759,625.1,
18493,44.96433,-122.03822,623.5,
18494,44.96384,-122.03886,617.5,
18495,44.96363,-122.03889,616.0,
18496,44.96298,-122.03907,612.7,
18497,44.96219,-122.03901,605.5,
18498,44.96175,-122.03925,600.4,
18499,44.96155,-122.03965,596.9,
18500,44.96145,-122.04004,592.9,
18501,44.96143,-122.04056,589.1,
18502,44.96165,-122.04119,582.4,
18503,44.96185,-122.04148,581.2,
18504,44.9625,-122.04201,581.0,
18505,44.96315,-122.04253,577.9,
18506,44.96378,-122.04279,569.7,
18507,44.96441,-122.04305,564.9,
18508,44.96504,-122.04331,562.0,
18509,44.9655,-122.04394,554.0,
18510,44.96578,-122.04416,552.0,
18511,44.96626,-122.0444,552.4,
18512,44.96647,-122.04466,549.0,
18513,44.96655,-122.04502,548.8,
18514,44.96655,-122.04565,548.5,
18515,44.96644,-122.04664,548.1,
18516,44.96634,-122.04764,547.4,
18517,44.96636,-122.04865,547.1,
18518,44.96627,-122.04921,546.5,
18519,44.96583,-122.04976,547.6,
18520,44.96571,-122.05039,547.3,
18521,44.96559,-122.05102,548.3,
18522,44.96569,-122.05143,547.1,
18523,44.96607,-122.05211,545.2,
18524,44.96614,-122.0526,544.2,
18525,44.96593,-122.05346,544.0,
18526,44.96573,-122.05432,544.4,
18527,44.96576,-122.05498,543.4,
18528,44.96591,-122.05542,543.1,
18529,44.96633,-122.05579,543.4,
18530,44.96675,-122.05617,544.0,
18531,44.96734,-122.05636,543.1,
18532,44.96793,-122.05656,542.4,
18533,44.96851,-122.05675,541.7,
18534,44.96926,-122.05721,542.1,
18535,44.97,-122.05768,541.9,
18536,44.97074,-122.05814,540.9,
18537,44.97148,-122.05861,540.0,
18538,44.97222,-122.05907,538.6,
18539,44.97287,-122.05967,536.2,
18540,44.97352,-122.0602,536.1,
18541,44.97416,-122.06072,541.9,
18542,44.97481,-122.06124,542.0,
18543,44.97504,-122.0616,545.3,
18544,44.97571,-122.0616,542.5,
18545,44.97603,-122.06148,543.1,
18546,44.97627,-122.06116,543.0,
18547,44.97685,-122.06027,541.5,
18548,44.97744,-122.05937,538.3,
18549,44.97785,-122.05895,535.3,
18550,44.97826,-122.05869,534.2,
18551,44.97899,-122.05871,531.2,
18552,44.97945,-122.05912,527.8,
18553,44.97985,-122.05978,525.4,
18554,44.98025,-122.06043,525.4,
18555,44.981,-122.061,525.3,
18556,44.98134,-122.06145,525.3,
18557,44.98176,-122.06224,525.3,
18558,44.98219,-122.06304,525.3,
18559,44.98267,-122.06355,525.3,
18560,44.98308,-122.06361,525.3,
18561,44.98339,-122.0636,525.3,
18562,44.98387,-122.06383,525.3,
18563,44.98442,-122.06424,525.3,
18564,44.9847,-122.06475,525.3,
18565,44.98484,-122.06552,524.0,
18566,44.985,-122.06577,523.5,
18567,44.98522,-122.06604,522.8,
18568,44.98572,-122.06654,521.5,
18569,44.98618,-122.06684,520.4,
18570,44.98652,-122.06698,522.0,
18571,44.98687,-122.06705,522.4,
18572,44.98723,-122.06706,522.7,
18573,44.98759,-122.06701,523.1,
18574,44.98792,-122.06689,524.9,
18575,44.98867,-122.06647,526.3,
18576,44.98941,-122.06605,526.2,
18577,44.99016,-122.06563,526.2,
18578,44.99091,-122.06521,523.3,
18579,44.99165,-122.06479,520.9,
18580,44.9924,-122.06437,517.3,
18581,44.99296,-122.0641,510.8,
18582,44.99352,-122.06384,504.5,
18583,44.99441,-122.06362,498.7,
18584,44.99529,-122.06341,498.1,
18585,44.99573,-122.06316,497.3,
18586,44.99617,-122.06291,496.9,
18587,44.99652,-122.0628,496.3,
18588,44.99695,-122.06289,497.1,
18589,44.9976,-122.06315,496.8,
18590,44.99825,-122.06342,494.3,
18591,44.9989,-122.06369,491.5,
18592,44.99926,-122.06374,492.7,
18593,44.99962,-122.06367,490.2,
18594,45.0,-122.06347,491.9,
18595,45.00054,-122.06299,491.4,
18596,45.00085,-122.0628,491.5,
18597,45.00121,-122.0627,491.4,
18598,45.00199,-122.06259,490.8,
18599,45.00278,-122.06248,490.2,
18600,45.00318,-122.06233,489.7,
18601,45.00363,-122.06196,489.0,
18602,45.00399,-122.0615,488.3,
18603,45.00435,-122.06103,487.5,
18604,45.00456,-122.06082,487.7,
18605,45.0053,-122.06034,486.6,
18606,45.00559,-122.06029,485.8,
18607,45.00588,-122.06035,485.0,
18608,45.00631,-122.06053,483.8,
18609,45.00675,-122.06071,482.6,
18610,45.00738,-122.06091,480.5,
18611,45.008,-122.06111,478.9,
18612,45.00879,-122.06133,477.7,
18613,45.00959,-122.06154,476.7,
18614,45.01038,-122.06176,476.0,
18615,45.01117,-122.06198,475.6,
18616,45.01189,-122.06205,474.6,
18617,45.01239,-122.06195,474.1,
18618,45.0129,-122.06185,473.6,
18619,45.0134,-122.06181,472.7,
18620,45.01427,-122.06191,471.9,
18621,45.01478,-122.06189,471.5,
18622,45.01528,-122.06187,471.1,
18623,45.01586,-122.06198,471.1,
18624,45.01622,-122.06223,471.2,
18625,45.01643,-122.06253,470.7,
18626,45.01653,-122.06281,469.4,
18627,45.01669,-122.06344,469.4,
18628,45.01684,-122.06407,469.6,
18629,45.01702,-122.06523,468.7,
18630,45.01721,-122.06639,468.9,
18631,45.01735,-122.06681,468.1,
18632,45.0176,-122.06717,468.4,
18633,45.01791,-122.06733,468.4,
18634,45.01833,-122.06733,467.9,
18635,45.01881,-122.06717,467.3,
18636,45.01938,-122.06687,467.4,
18637,45.01996,-122.06657,466.1,
18638,45.02039,-122.06647,466.7,
18639,45.02082,-122.06648,468.0,
18640,45.02128,-122.0667,469.8,
18641,45.02151,-122.06683,470.5,
18642,45.02224,-122.06735,473.0,
18643,45.02286,-122.06773,475.1,
18644,45.02324,-122.0678,475.1,
18645,45.02379,-122.06775,475.0,
18646,45.0242,-122.06761,474.4,
18647,45.02458,-122.0674,474.1,
18648,45.02497,-122.06708,474.3,
18649,45.02543,-122.06652,473.4,
18650,45.02582,-122.06591,473.1,
18651,45.02597,-122.06558,472.5,
18652,45.02624,-122.06467,471.1,
18653,45.02664,-122.06409,470.3,
18654,45.02714,-122.06377,471.0,
18655,45.0276,-122.06354,471.2,
18656,45.02806,-122.06331,470.6,
18657,45.02864,-122.06289,469.0,
18658,45.02915,-122.0624,465.7,
18659,45.02979,-122.06152,458.6,
18660,45.03027,-122.06097,454.8,
18661,45.03074,-122.06066,453.3,
18662,45.03121,-122.06035,452.8,
18663,45.0318,-122.06008,453.3,
18664,45.03235,-122.05978,454.3,
18665,45.03306,-122.0594,455.6,
18666,45.0332,-122.05931,455.9,
18667,45.03328,-122.0592,456.1,
18668,45.03335,-122.05904,456.3,
18669,45.03377,-122.0594,456.9,
18670,45.03431,-122.05982,457.9,
18671,45.03485,-122.06024,458.9,
18672,45.03532,-122.06056,457.9,
18673,45.03582,-122.06066,458.4,
18674,45.03632,-122.06065,459.0,
18675,45.03683,-122.06065,461.0,
18676,45.03711,-122.06075,461.7,
18677,45.03773,-122.06124,460.8,
18678,45.03835,-122.06174,458.8,
18679,45.039,-122.06206,456.7,
18680,45.03965,-122.06239,456.6,
18681,45.04036,-122.06243,458.2,
18682,45.04108,-122.06235,458.5,
18683,45.04193,-122.06202,460.1,
18684,45.04279,-122.06169,460.7,
18685,45.04364,-122.06136,460.4,
18686,45.04394,-122.0613,460.5,
18687,45.04423,-122.06134,459.7,
18688,45.0445,-122.06146,459.4,
18689,45.04506,-122.06192,458.1,
18690,45.04543,-122.06215,459.1,
18691,45.04585,-122.06219,461.2,
18692,45.04618,-122.06205,461.9,
18693,45.04663,-122.0617,461.5,
18694,45.04716,-122.0612,461.4,
18695,45.04769,-122.06071,458.4,
18696,45.04812,-122.06013,454.5,
18697,45.04866,-122.05931,446.4,
18698,45.0492,-122.05848,441.8,
18699,45.04973,-122.05766,444.2,
18700,45.05027,-122.05684,446.1,
18701,45.05063,-122.05643,447.1,
18702,45.05098,-122.05602,453.8,
18703,45.05158,-122.05561,454.1,
18704,45.05227,-122.05538,451.8,
18705,45.05263,-122.05534,450.7,
18706,45.05323,-122.05545,454.9,
18707,45.05383,-122.05555,456.3,
18708,45.05442,-122.05566,456.8,
18709,45.05478,-122.0557,456.7,
18710,45.05513,-122.0556,457.1,
18711,45.0554,-122.05537,457.9,
18712,45.05559,-122.05507,458.8,
18713,45.05572,-122.05473,459.5,
18714,45.05593,-122.05366,461.3,
18715,45.05617,-122.05323,461.8,
18716,45.05656,-122.05292,461.9,
18717,45.05735,-122.05259,459.5,
18718,45.05764,-122.05238,458.2,
18719,45.05786,-122.0521,457.2,
18720,45.05814,-122.05145,455.1,
18721,45.05834,-122.05037,448.5,
18722,45.05859,-122.04984,448.6,
18723,45.05888,-122.04951,452.1,
18724,45.05926,-122.04929,453.3,
18725,45.06004,-122.04898,454.5,
18726,45.06082,-122.04867,457.3,
18727,45.06147,-122.04864,459.3,
18728,45.06192,-122.04879,457.3,
18729,45.06237,-122.04894,455.6,
18730,45.06273,-122.04896,455.2,
18731,45.06325,-122.0488,455.7,
18732,45.06377,-122.04865,456.1,
18733,45.06409,-122.04849,456.1,
18734,45.06461,-122.04799,455.5,
18735,45.06504,-122.04741,455.2,
18736,45.06548,-122.04683,455.7,
18737,45.06597,-122.04629,458.2,
18738,45.06652,-122.04581,461.3,
18739,45.06708,-122.04534,464.6,
18740,45.06763,-122.04487,465.8,
18741,45.06795,-122.04469,466.8,
18742,45.06867,-122.04457,467.4,
18743,45.06938,-122.04444,468.1,
18744,45.0701,-122.04431,467.8,
18745,45.07081,-122.04419,468.0,
18746,45.07159,-122.04417,467.4,
18747,45.07236,-122.04416,462.9,
18748,45.07313,-122.04414,462.2,
18749,45.07391,-122.04413,460.4,
18750,45.07468,-122.04412,456.4,
18751,45.07546,-122.0441,448.7,
18752,45.07621,-122.04407,448.6,
18753,45.07696,-122.04405,448.3,
18754,45.07771,-122.04402,445.8,
18755,45.07805,-122.04389,444.5,
18756,45.07835,-122.04369,443.3,
18757,45.07876,-122.04318,438.0,
18758,45.07916,-122.04282,434.9,
18759,45.07927,-122.04276,434.6,
18760,45.07945,-122.04275,435.1,
18761,45.07978,-122.04281,436.0,
18762,45.07999,-122.04298,436.7,
18763,45.08006,-122.04311,437.2,
18764,45.08007,-122.04319,437.3,
18765,45.0801,-122.04345,437.6,
18766,45.08006,-122.04398,438.9,
18767,45.07989,-122.04469,439.0,
18768,45.07958,-122.04535,442.3,
18769,45.07914,-122.04594,445.2,
18770,45.07871,-122.04652,445.7,
18771,45.07859,-122.04686,446.6,
18772,45.07854,-122.04722,448.1,
18773,45.07856,-122.04844,451.2,
18774,45.07857,-122.04966,446.8,
18775,45.07859,-122.05088,452.7,
18776,45.07866,-122.05161,454.8,
18777,45.07889,-122.05253,460.5,
18778,45.07911,-122.05345,461.6,
18779,45.07947,-122.05446,456.8,
18780,45.07963,-122.05478,455.1,
18781,45.08007,-122.05537,454.8,
18782,45.08064,-122.05583,455.6,
18783,45.08097,-122.05597,455.4,
18784,45.08168,-122.05612,454.3,
18785,45.08232,-122.05648,456.1,
18786,45.08296,-122.05685,456.4,
18787,45.08324,-122.05692,454.6,
18788,45.08353,-122.0569,453.8,
18789,45.08432,-122.05654,453.5,
18790,45.08486,-122.05644,447.6,
18791,45.0854,-122.05635,446.0,
18792,45.08577,-122.05635,445.2,
18793,45.08612,-122.05648,445.0,
18794,45.0864,-122.05672,447.0,
18795,45.08689,-122.05724,447.6,
18796,45.08711,-122.05753,448.0,
18797,45.08743,-122.0582,446.4,
18798,45.08762,-122.05892,438.6,
18799,45.08782,-122.05965,436.6,
18800,45.088,-122.05996,436.8,
18801,45.08844,-122.06051,436.0,
18802,45.08858,-122.06086,435.3,
18803,45.08865,-122.06123,434.7,
18804,45.08865,-122.06156,434.3,
18805,45.08848,-122.06269,434.2,
18806,45.0885,-122.06342,434.2,
18807,45.08868,-122.06412,433.1,
18808,45.08891,-122.06453,434.2,
18809,45.08907,-122.06496,436.1,
18810,45.08917,-122.06583,435.6,
18811,45.08945,-122.0665,436.1,
18812,45.08963,-122.06721,435.4,
18813,45.08965,-122.06759,437.0,
18814,45.08962,-122.06781,437.1,
18815,45.0894,-122.06843,435.0,
18816,45.0894,-122.06857,435.2,
18817,45.08946,-122.06884,435.9,
18818,45.08975,-122.06926,437.2,
18819,45.09019,-122.06974,436.3,
18820,45.09038,-122.06984,436.4,
18821,45.09101,-122.07001,437.0,
18822,45.09136,-122.0703,436.2,
18823,45.09147,-122.07049,435.4,
18824,45.09182,-122.07137,433.1,
18825,45.092,-122.07158,432.9,
18826,45.09226,-122.0717,433.1,
18827,45.09255,-122.07171,433.6,
18828,45.09308,-122.07157,435.3,
18829,45.09361,-122.07144,435.8,
18830,45.09415,-122.07123,435.8,
18831,45.09451,-122.07088,437.7,
18832,45.09481,-122.07022,441.8,
18833,45.09499,-122.06989,443.3,
18834,45.09509,-122.06979,444.3,
18835,45.09519,-122.06973,445.4,
18836,45.0953,-122.0697,446.4,
18837,45.09545,-122.06972,446.8,
18838,45.09593,-122.06993,446.0,
18839,45.09612,-122.06999,445.7,
18840,45.0963,-122.07001,445.8,
18841,45.09678,-122.06998,446.9,
18842,45.09727,-122.06996,448.1,
18843,45.09748,-122.07001,449.0,
18844,45.09762,-122.07007,449.4,
18845,45.09774,-122.07016,449.3,
18846,45.0982,-122.07064,447.8,
18847,45.09867,-122.07111,446.8,
18848,45.09886,-122.07127,446.3,
18849,45.09929,-122.07151,445.1,
18850,45.09964,-122.0716,446.9,
18851,45.09993,-122.0716,448.5,
18852,45.10006,-122.07159,449.0,
18853,45.10041,-122.07149,450.0,
18854,45.10101,-122.0712,450.7,
18855,45.10162,-122.07091,448.1,
18856,45.10195,-122.0708,447.4,
18857,45.10214,-122.07075,446.2,
18858,45.10234,-122.07072,444.4,
18859,45.10275,-122.07069,440.4,
18860,45.10343,-122.07071,441.5,
18861,45.10411,-122.07074,437.2,
18862,45.10479,-122.07076,417.6,
18863,45.10515,-122.07074,411.3,
18864,45.10552,-122.07066,406.0,
18865,45.1057,-122.0706,402.3,
18866,45.10601,-122.07044,394.9,
18867,45.10656,-122.07002,381.8,
18868,45.10711,-122.06959,376.6,
18869,45.1074,-122.0694,375.6,
18870,45.10766,-122.06926,375.2,
18871,45.1079,-122.06918,375.2,
18872,45.10827,-122.06914,375.4,
18873,45.10865,-122.06919,376.4,
18874,45.10893,-122.06931,378.4,
18875,45.10929,-122.06954,380.0,
18876,45.10955,-122.06975,378.8,
18877,45.11009,-122.07024,374.9,
18878,45.11063,-122.07072,373.0,
18879,45.11117,-122.0712,367.4,
18880,45.11183,-122.07172,364.6,
18881,45.11237,-122.07207,364.9,
18882,45.1131,-122.07246,364.5,
18883,45.11382,-122.07286,362.1,
18884,45.11454,-122.07326,361.4,
18885,45.1149,-122.07349,361.5,
18886,45.11521,-122.07376,360.7,
18887,45.1155,-122.07408,358.8,
18888,45.11564,-122.07426,357.6,
18889,45.11595,-122.07473,355.1,
18890,45.11643,-122.07551,351.2,
18891,45.11653,-122.07563,350.4,
18892,45.1167,-122.07573,349.5,
18893,45.11681,-122.07577,350.3,
18894,45.11717,-122.07576,351.3,
18895,45.11758,-122.07566,350.9,
18896,45.11804,-122.07548,350.4,
18897,45.11851,-122.0753,350.8,
18898,45.11908,-122.07503,357.3,
18899,45.11926,-122.0749,358.3,
18900,45.11952,-122.07465,358.6,
18901,45.12009,-122.07393,357.7,
18902,45.12066,-122.07321,357.9,
18903,45.12093,-122.0728,358.7,
18904,45.12123,-122.07208,356.9,
18905,45.12136,-122.07187,357.8,
18906,45.12146,-122.07177,358.8,
18907,45.12168,-122.07164,359.9,
18908,45.1218,-122.07161,360.0,
18909,45.12213,-122.07159,359.6,
18910,45.12241,-122.07163,359.8,
18911,45.12268,-122.07172,358.4,
18912,45.12292,-122.07189,357.4,
18913,45.12307,-122.07202,357.3,
18914,45.12362,-122.07264,359.3,
18915,45.12416,-122.07326,358.5,
18916,45.12452,-122.0739,346.4,
18917,45.12466,-122.07427,344.9,
18918,45.12476,-122.0747,345.3,
18919,45.12479,-122.07492,346.1,
18920,45.12481,-122.07536,349.7,
18921,45.12474,-122.0765,351.3,
18922,45.12475,-122.07673,349.4,
18923,45.12478,-122.07698,347.0,
18924,45.12485,-122.07725,346.1,
18925,45.12492,-122.07742,345.8,
18926,45.12503,-122.0776,343.2,
18927,45.12527,-122.07787,342.6,
18928,45.1254,-122.07794,342.3,
18929,45.12604,-122.07835,341.0,
18930,45.12667,-122.07876,339.8,
18931,45.12728,-122.07899,337.6,
18932,45.12778,-122.07897,336.3,
18933,45.12846,-122.07868,337.4,
18934,45.12914,-122.07839,337.1,
18935,45.12982,-122.0781,336.2,
18936,45.13038,-122.0779,335.1,
18937,45.13094,-122.0777,334.0,
18938,45.13181,-122.07758,332.3,
18939,45.1326,-122.07773,331.1,
18940,45.13315,-122.07795,335.2,
18941,45.13364,-122.07829,338.3,
18942,45.13407,-122.07868,345.2,
18943,45.1347,-122.07943,348.2,
18944,45.13533,-122.08018,348.0,
18945,45.13597,-122.08094,348.2,
18946,45.1366,-122.08154,349.0,
18947,45.13723,-122.08215,349.1,
18948,45.13787,-122.08276,349.0,
18949,45.1385,-122.08337,344.7,
18950,45.13914,-122.08397,354.1,
18951,45.13966,-122.08423,355.7,
18952,45.13994,-122.08426,356.8,
18953,45.14022,-122.08419,357.3,
18954,45.14064,-122.08395,357.9,
18955,45.14106,-122.08372,358.3,
18956,45.14142,-122.08365,359.2,
18957,45.14164,-122.08369,358.6,
18958,45.14231,-122.08402,358.1,
18959,45.14269,-122.08437,356.9,
18960,45.14307,-122.08473,358.3,
18961,45.14347,-122.08542,357.7,
18962,45.14364,-122.08593,362.0,
18963,45.1437,-122.08627,362.6,
18964,45.14382,-122.08714,361.1,
18965,45.14393,-122.088,359.3,
18966,45.14404,-122.08886,360.0,
18967,45.14404,-122.08946,359.3,
18968,45.14394,-122.09003,358.0,
18969,45.14392,-122.09038,358.3,
18970,45.14404,-122.09105,358.6,
18971,45.14435,-122.09161,357.5,
18972,45.14502,-122.09213,357.2,
18973,45.14569,-122.09264,348.3,
18974,45.14635,-122.09316,348.0,
18975,45.14702,-122.09368,346.0,
18976,45.14769,-122.09419,349.2,
18977,45.14824,-122.09488,347.4,
18978,45.14884,-122.0958,342.4,
18979,45.14943,-122.09672,335.8,
18980,45.14976,-122.09757,325.0,
18981,45.14992,-122.09846,323.2,
18982,45.15008,-122.09935,326.9,
18983,45.1501,-122.10032,325.8,
18984,45.15004,-122.10103,324.4,
18985,45.14998,-122.10173,323.4,
18986,45.15001,-122.10246,324.3,
18987,45.1502,-122.10342,324.0,
18988,45.15039,-122.10438,319.7,
18989,45.15069,-122.10517,316.1,
18990,45.15119,-122.10596,316.1,
18991,45.15152,-122.10632,315.5,
18992,45.15195,-122.10668,314.7,
18993,45.15238,-122.10705,314.9,
18994,45.15291,-122.10752,313.8,
18995,45.15344,-122.108,310.5,
18996,45.15397,-122.10847,310.4,
18997,45.15446,-122.10902,309.6,
18998,45.1549,-122.10963,310.2,
18999,45.15533,-122.11037,308.8,
19000,45.15568,-122.1111,301.1,
19001,45.15597,-122.11193,299.9,
19002,45.15626,-122.11277,300.8,
19003,45.1565,-122.11325,301.0,
19004,45.15698,-122.11403,297.6,
19005,45.15747,-122.11481,300.3,
19006,45.15795,-122.11559,299.0,
19007,45.15844,-122.11638,297.7,
19008,45.1587,-122.11688,295.4,
19009,45.15909,-122.11786,294.8,
19010,45.15948,-122.11884,294.8,
19011,45.15987,-122.11983,295.8,
19012,45.16005,-122.12011,296.5,
19013,45.16056,-122.12082,298.4,
19014,45.16074,-122.12105,298.8,
19015,45.16099,-122.12133,299.4,
19016,45.16124,-122.12152,299.8,
19017,45.16142,-122.12161,300.2,
19018,45.1617,-122.12174,299.5,
19019,45.16225,-122.12192,294.7,
19020,45.1625,-122.12194,291.7,
19021,45.1633,-122.12195,290.8,
19022,45.1641,-122.12197,290.4,
19023,45.16484,-122.12196,290.8,
19024,45.16571,-122.122,291.2,
19025,45.16631,-122.12223,290.7,
19026,45.16685,-122.12274,288.4,
19027,45.16723,-122.12336,284.9,
19028,45.16746,-122.12403,289.7,
19029,45.1676,-122.12495,288.4,
19030,45.16773,-122.12587,288.3,
19031,45.168,-122.12701,290.3,
19032,45.16827,-122.12815,289.4,
19033,45.16848,-122.12934,289.4,
19034,45.16852,-122.13017,288.8,
19035,45.16852,-122.13105,289.0,
19036,45.16844,-122.13189,289.9,
19037,45.16828,-122.13272,290.0,
19038,45.16796,-122.13387,289.5,
19039,45.16765,-122.13461,289.5,
19040,45.16733,-122.13534,290.2,
19041,45.16701,-122.13607,291.0,
19042,45.16679,-122.13671,297.4,
19043,45.16662,-122.13743,299.6,
19044,45.16647,-122.1386,299.6,
19045,45.16632,-122.1393,299.4,
19046,45.16587,-122.14017,300.1,
19047,45.16524,-122.14086,290.0,
19048,45.1646,-122.14155,289.3,
19049,45.16397,-122.14224,290.0,
19050,45.16334,-122.14293,289.9,
19051,45.16294,-122.14344,290.3,
19052,45.16255,-122.14395,288.6,
19053,45.16225,-122.1445,288.0,
19054,45.16195,-122.14505,286.9,
19055,45.16157,-122.14597,286.6,
19056,45.16119,-122.14688,280.0,
19057,45.16081,-122.1478,278.9,
19058,45.16064,-122.14863,285.4,
19059,45.16068,-122.14944,293.4,
19060,45.16079,-122.14983,293.5,
19061,45.16099,-122.15024,289.9,
19062,45.16121,-122.15057,280.7,
19063,45.16158,-122.15089,279.4,
19064,45.16218,-122.1513,277.4,
19065,45.16279,-122.15171,275.3,
19066,45.16344,-122.15217,273.2,
19067,45.16387,-122.15255,271.7,
19068,45.16429,-122.15294,272.1,
19069,45.16458,-122.15315,271.5,
19070,45.16524,-122.15389,272.0,
19071,45.16589,-122.15463,269.4,
19072,45.16655,-122.15536,268.5,
19073,45.16692,-122.15587,268.0,
19074,45.1673,-122.15637,267.5,
19075,45.16761,-122.15683,267.1,
19076,45.16823,-122.15773,266.3,
19077,45.16885,-122.15863,269.9,
19078,45.16947,-122.15953,272.8,
19079,45.17009,-122.16043,272.8,
19080,45.17062,-122.16103,272.6,
19081,45.17118,-122.1615,272.9,
19082,45.17202,-122.16193,273.2,
19083,45.17272,-122.16213,273.3,
19084,45.17342,-122.16233,273.8,
19085,45.17412,-122.16254,274.8,
19086,45.17483,-122.16274,277.8,
19087,45.1755,-122.16304,279.9,
19088,45.1761,-122.16348,284.3,
19089,45.17663,-122.16402,286.0,
19090,45.17717,-122.16457,288.0,
19091,45.17766,-122.16514,288.9,
19092,45.17821,-122.16588,288.0,
19093,45.17875,-122.16663,284.0,
19094,45.17891,-122.16677,279.8,
19095,45.17909,-122.16689,277.4,
19096,45.1795,-122.16699,277.2,
19097,45.18022,-122.16686,271.5,
19098,45.18058,-122.16692,267.9,
19099,45.18105,-122.16719,266.4,
19100,45.18151,-122.16747,266.0,
19101,45.18203,-122.16789,265.7,
19102,45.18234,-122.16841,266.1,
19103,45.18247,-122.16903,262.2,
19104,45.18248,-122.16936,258.0,
19105,45.18239,-122.17055,258.5,
19106,45.1823,-122.17175,255.1,
19107,45.18234,-122.17224,255.4,
19108,45.18247,-122.1727,254.5,
19109,45.18257,-122.17289,254.1,
19110,45.18285,-122.17322,254.0,
19111,45.18303,-122.17333,254.1,
19112,45.18344,-122.17341,253.0,
19113,45.18365,-122.17336,251.8,
19114,45.18385,-122.17326,250.6,
19115,45.18416,-122.17295,249.1,
19116,45.1844,-122.17242,250.1,
19117,45.18464,-122.17138,252.2,
19118,45.18489,-122.17035,251.8,
19119,45.18504,-122.16994,252.1,
19120,45.18539,-122.16936,245.3,
19121,45.18597,-122.16876,241.0,
19122,45.18655,-122.16816,240.6,
19123,45.18679,-122.168,240.8,
19124,45.18734,-122.16778,241.2,
19125,45.18807,-122.16775,241.5,
19126,45.18878,-122.16795,242.0,
19127,45.18959,-122.16846,242.1,
19128,45.1902,-122.16909,241.6,
19129,45.19051,-122.16959,240.9,
19130,45.19074,-122.17013,240.6,
19131,45.1909,-122.17069,240.8,
19132,45.19115,-122.17186,241.2,
19133,45.19139,-122.17304,240.9,
19134,45.19164,-122.17422,240.9,
19135,45.19195,-122.17512,243.2,
19136,45.19222,-122.17564,239.6,
19137,45.19275,-122.17633,240.9,
19138,45.1929,-122.17647,240.6,
19139,45.1929,-122.17648,240.4,
19140,45.1929,-122.17648,240.4,
19141,45.19418,-122.17769,238.2,
19142,45.19463,-122.17827,237.1,
19143,45.1956,-122.17971,235.0,
19144,45.19604,-122.18019,234.5,
19145,45.19696,-122.18101,236.4,
19146,45.19737,-122.18163,237.2,
19147,45.19758,-122.18227,237.6,
19148,45.19765,-122.18287,237.2,
19149,45.19762,-122.1835,236.7,
19150,45.19748,-122.1844,238.0,
19151,45.19734,-122.18497,238.8,
19152,45.19705,-122.18588,239.3,
19153,45.19591,-122.18898,238.5,
19154,45.19434,-122.19256,234.7,
19155,45.19314,-122.1948,233.9,
19156,45.19231,-122.19609,225.1,
19157,45.19013,-122.19905,226.8,
19158,45.18965,-122.19983,226.8,
19159,45.18927,-122.20066,228.3,
19160,45.18893,-122.20161,230.2,
19161,45.18845,-122.2032,228.2,
19162,45.18828,-122.20401,226.1,
19163,45.18825,-122.20458,225.5,
19164,45.18835,-122.2053,226.4,
19165,45.18859,-122.20595,228.7,
19166,45.18893,-122.20643,229.8,
19167,45.18926,-122.20671,230.0,
19168,45.18964,-122.20691,230.3,
19169,45.19137,-122.20749,228.6,
19170,45.19177,-122.2077,228.1,
19171,45.19217,-122.20802,227.3,
19172,45.19269,-122.20875,227.7,
19173,45.19283,-122.20902,227.9,
19174,45.19301,-122.20962,227.8,
19175,45.19308,-122.21025,227.1,
19176,45.19306,-122.21072,226.4,
19177,45.19276,-122.21254,223.9,
19178,45.19277,-122.21303,224.6,
19179,45.1928,-122.21332,224.8,
19180,45.19292,-122.21402,224.0,
19181,45.193,-122.21434,222.6,
19182,45.19318,-122.21484,218.9,
19183,45.1933,-122.21509,218.4,
19184,45.19344,-122.21535,217.4,
19185,45.19379,-122.21582,216.1,
19186,45.1942,-122.21623,215.3,
19187,45.19441,-122.21636,215.3,
19188,45.19498,-122.21662,215.3,
19189,45.19599,-122.21702,214.1,
19190,45.19676,-122.21736,211.7,
19191,45.19864,-122.2181,212.9,
19192,45.19906,-122.21832,213.4,
19193,45.19939,-122.21858,213.1,
19194,45.19971,-122.21896,212.3,
19195,45.19984,-122.21917,211.9,
19196,45.20006,-122.21963,212.5,
19197,45.20024,-122.22024,213.5,
19198,45.2003,-122.22054,213.8,
19199,45.20033,-122.2208,213.8,
19200,45.20034,-122.2213,213.6,
19201,45.20031,-122.22173,214.9,
19202,45.20026,-122.22199,214.9,
19203,45.20006,-122.22265,211.9,
19204,45.19987,-122.22318,211.1,
19205,45.19981,-122.22342,211.8,
19206,45.19976,-122.22369,212.9,
19207,45.19973,-122.22395,214.1,
19208,45.19974,-122.2242,215.6,
19209,45.19979,-122.22449,216.8,
19210,45.19986,-122.22472,217.5,
19211,45.19996,-122.22494,217.3,
19212,45.20008,-122.22514,216.9,
19213,45.20025,-122.22532,216.6,
19214,45.20046,-122.22547,215.7,
19215,45.20075,-122.22559,214.8,
19216,45.20287,-122.22619,213.2,
19217,45.20332,-122.22629,213.0,
19218,45.20412,-122.22638,212.8,
19219,45.20452,-122.22638,213.0,
19220,45.20497,-122.22634,213.4,
19221,45.20749,-122.22597,214.4,
19222,45.20824,-122.2259,214.0,
19223,45.20885,-122.22595,214.7,
19224,45.20922,-122.22603,214.6,
19225,45.20961,-122.22615,214.3,
19226,45.20997,-122.2263,214.2,
19227,45.21056,-122.22662,214.0,
19228,45.21111,-122.22702,214.3,
19229,45.21172,-122.22754,215.0,
19230,45.21192,-122.22776,215.2,
19231,45.2121,-122.22799,215.1,
19232,45.21238,-122.22847,215.0,
19233,45.2132,-122.23042,212.4,
19234,45.2135,-122.23121,212.8,
19235,45.21371,-122.23191,214.2,
19236,45.21391,-122.23271,215.3,
19237,45.21415,-122.23346,216.6,
19238,45.21432,-122.23387,216.7,
19239,45.21473,-122.23464,216.4,
19240,45.21493,-122.23499,215.5,
19241,45.21514,-122.23529,215.2,
19242,45.21533,-122.23552,215.0,
19243,45.21551,-122.23569,215.4,
19244,45.21735,-122.23712,226.4,
19245,45.21774,-122.23736,228.1,
19246,45.21796,-122.23745,229.0,
19247,45.21913,-122.23777,228.2,
19248,45.21944,-122.23794,228.4,
19249,45.21974,-122.23821,229.1,
19250,45.21988,-122.23839,229.2,
19251,45.22008,-122.23866,229.7,
19252,45.22049,-122.23935,229.9,
19253,45.22291,-122.24317,226.0,
19254,45.22293,-122.24314,226.3,
19255,45.22297,-122.24319,226.3,
19256,45.22311,-122.24342,225.6,
19257,45.22332,-122.24374,224.5,
19258,45.22334,-122.24377,224.4,
19259,45.22353,-122.24412,223.3,
19260,45.22372,-122.24445,221.8,
19261,45.22372,-122.24447,221.6,
19262,45.22392,-122.24494,217.6,
19263,45.22413,-122.24554,214.4,
19264,45.22417,-122.24567,213.9,
19265,45.22426,-122.24593,213.5,
19266,45.22439,-122.24626,214.0,
19267,45.2245,-122.24653,213.9,
19268,45.22455,-122.24665,213.8,
19269,45.22463,-122.24685,213.7,
19270,45.22465,-122.24691,213.5,
19271,45.22477,-122.24721,213.6,
19272,45.22485,-122.24742,213.4,
19273,45.22487,-122.24746,213.5,
19274,45.22494,-122.24764,213.3,
19275,45.22508,-122.24797,212.8,
19276,45.22518,-122.24816,212.6,
19277,45.22524,-122.24827,212.4,
19278,45.22526,-122.24831,212.2,
19279,45.22537,-122.24848,211.9,
19280,45.22552,-122.24868,211.9,
19281,45.22568,-122.24886,212.1,
19282,45.22598,-122.24921,211.9,
19283,45.22605,-122.24929,211.7,
19284,45.22622,-122.24947,211.6,
19285,45.22633,-122.2496,211.2,
19286,45.22647,-122.24976,211.0,
19287,45.22672,-122.25003,210.7,
19288,45.22679,-122.2501,210.9,
19289,45.22709,-122.25044,211.4,
19290,45.22746,-122.25085,211.9,
19291,45.22774,-122.25115,211.1,
19292,45.22798,-122.2514,211.7,
19293,45.22806,-122.25149,211.4,
19294,45.22819,-122.25159,211.5,
19295,45.2282,-122.2516,211.5,
19296,45.22832,-122.2517,211.5,
19297,45.22851,-122.25182,211.2,
19298,45.22886,-122.252,210.8,
19299,45.22889,-122.25202,210.7,
19300,45.22937,-122.25224,211.3,
19301,45.22959,-122.25235,211.0,
19302,45.22974,-122.25242,211.0,
19303,45.22976,-122.25243,211.0,
19304,45.22987,-122.25248,211.0,
19305,45.23036,-122.25271,210.7,
19306,45.23055,-122.2528,210.5,
19307,45.23074,-122.25287,210.7,
19308,45.23084,-122.25291,210.9,
19309,45.23096,-122.25295,210.8,
19310,45.2311,-122.25299,210.8,
19311,45.23114,-122.253,210.8,
19312,45.23128,-122.25303,210.9,
19313,45.23142,-122.25306,210.9,
19314,45.2315,-122.25307,211.0,
19315,45.23165,-122.2531,210.8,
19316,45.23166,-122.2531,210.8,
19317,45.23167,-122.2531,210.8,
19318,45.23203,-122.25314,209.7,
19319,45.23204,-122.25314,209.7,
19320,45.23221,-122.25317,208.9,
19321,45.23235,-122.25321,208.1,
19322,45.23246,-122.25325,208.0,
19323,45.23259,-122.25331,208.1,
19324,45.23273,-122.25338,208.3,
19325,45.23282,-122.25343,208.5,
19326,45.23297,-122.25353,208.7,
19327,45.23309,-122.25363,209.8,
19328,45.23319,-122.25372,212.3,
19329,45.23326,-122.25379,214.4,
19330,45.23337,-122.2539,215.6,
19331,45.23346,-122.254,216.5,
19332,45.23353,-122.2541,217.0,
19333,45.2336,-122.25418,217.4,
19334,45.23367,-122.25428,217.7,
19335,45.23377,-122.2544,218.3,
19336,45.23388,-122.25454,219.0,
19337,45.23398,-122.25466,219.8,
19338,45.23401,-122.2547,220.1,
19339,45.23407,-122.25478,220.4,
19340,45.23411,-122.25483,220.8,
19341,45.23414,-122.25486,221.1,
19342,45.23423,-122.25498,221.5,
19343,45.23425,-122.255,221.6,
19344,45.23434,-122.2551,222.0,
19345,45.23443,-122.25521,222.2,
19346,45.23451,-122.25529,222.7,
19347,45.2346,-122.25539,222.9,
19348,45.23472,-122.2555,223.3,
19349,45.23482,-122.25561,223.3,
19350,45.23496,-122.25568,226.1,
19351,45.2351,-122.25578,228.2,
19352,45.23521,-122.25585,230.1,
19353,45.23527,-122.2559,230.7,
19354,45.23558,-122.25615,233.1,
19355,45.23574,-122.25624,234.7,
19356,45.23601,-122.25635,236.8,
19357,45.23612,-122.2564,237.6,
19358,45.23616,-122.25642,237.7,
19359,45.23631,-122.25647,238.3,
19360,45.23667,-122.25658,237.7,
19361,45.23667,-122.25658,237.7,
19362,45.23665,-122.25676,234.0,
19363,45.23664,-122.25694,228.6,
19364,45.23664,-122.25695,228.2,
19365,45.23664,-122.257,226.7,
19366,45.23664,-122.25706,225.0,
19367,45.23664,-122.25713,223.2,
19368,45.23665,-122.25719,221.9,
19369,45.23666,-122.25719,222.1,
19370,45.23666,-122.2572,221.9,
19371,45.2367,-122.25727,221.4,
19372,45.23677,-122.25733,221.4,
19373,45.23731,-122.25758,221.2,
19374,45.23748,-122.25767,220.7,
19375,45.23765,-122.25775,220.7,
19376,45.2379,-122.25788,220.2,
19377,45.2381,-122.25796,219.7,
19378,45.23851,-122.2581,218.5,
19379,45.23852,-122.25811,218.4,
19380,45.23868,-122.25817,218.3,
19381,45.23872,-122.25818,218.3,
19382,45.23903,-122.25834,214.4,
19383,45.2392,-122.25842,214.3,
19384,45.23937,-122.2585,214.3,
19385,45.23957,-122.2586,214.2,
19386,45.2397,-122.2587,214.9,
19387,45.2398,-122.25878,216.5,
19388,45.23985,-122.25884,216.9,
19389,45.2399,-122.25889,217.4,
19390,45.24,-122.25899,218.8,
19391,45.24008,-122.25911,218.9,
19392,45.24013,-122.25917,219.4,
19393,45.24018,-122.25928,218.3,
19394,45.24022,-122.25934,218.2,
19395,45.24037,-122.25955,217.1,
19396,45.24039,-122.25958,217.0,
19397,45.2404,-122.25959,217.2,
19398,45.24049,-122.25974,218.1,
19399,45.24052,-122.25978,218.6,
19400,45.24063,-122.25996,218.3,
19401,45.24065,-122.26,217.7,
19402,45.24072,-122.26013,217.3,
19403,45.24075,-122.26018,217.2,
19404,45.24082,-122.26033,216.9,
19405,45.24084,-122.26038,216.5,
19406,45.24085,-122.2604,216.6,
19407,45.24093,-122.2606,215.4,
19408,45.24094,-122.26061,215.6,
19409,45.24098,-122.26071,215.3,
19410,45.24101,-122.26079,215.4,
19411,45.24102,-122.26082,215.6,
19412,45.24103,-122.26083,216.2,
19413,45.24106,-122.26089,217.8,
19414,45.24109,-122.261,219.0,
19415,45.2411,-122.26104,219.4,
19416,45.24111,-122.26105,220.0,
19417,45.24111,-122.26106,219.9,
19418,45.24115,-122.26129,222.6,
19419,45.24117,-122.26147,224.2,
19420,45.24117,-122.26156,223.8,
19421,45.24117,-122.26175,222.7,
19422,45.24116,-122.26207,220.6,
19423,45.24115,-122.26219,219.6,
19424,45.24114,-122.26233,218.8,
19425,45.24114,-122.26256,218.5,
19426,45.24114,-122.26284,218.2,
19427,45.24114,-122.26303,217.8,
19428,45.24115,-122.26309,218.3,
19429,45.24115,-122.26325,218.1,
19430,45.24115,-122.26333,217.8,
19431,45.24117,-122.26354,217.7,
19432,45.24118,-122.2636,217.8,
19433,45.24118,-122.26362,217.7,
19434,45.24123,-122.26383,218.8,
19435,45.24124,-122.26385,219.2,
19436,45.24136,-122.26418,221.2,
19437,45.2414,-122.26435,219.4,
19438,45.2414,-122.2645,215.9,
19439,45.24141,-122.26456,215.8,
19440,45.24141,-122.26459,215.9,
19441,45.24138,-122.26493,217.5,
19442,45.24136,-122.26504,217.0,
19443,45.24135,-122.26506,216.5,
19444,45.24133,-122.26517,215.9,
19445,45.24131,-122.26529,215.4,
19446,45.24128,-122.26553,215.3,
19447,45.24124,-122.26575,214.6,
19448,45.24122,-122.26581,213.6,
19449,45.24119,-122.26598,213.3,
19450,45.24115,-122.26623,213.2,
19451,45.24114,-122.2663,213.1,
19452,45.24112,-122.26643,213.1,
19453,45.24112,-122.26648,213.5,
19454,45.24113,-122.26664,215.3,
19455,45.24115,-122.26681,216.4,
19456,45.2412,-122.26697,216.6,
19457,45.2412,-122.26699,216.2,
19458,45.24122,-122.26702,216.7,
19459,45.24132,-122.26724,216.3,
19460,45.24143,-122.26744,215.7,
19461,45.24153,-122.26764,214.8,
19462,45.24153,-122.26765,214.6,
19463,45.24169,-122.26794,214.1,
19464,45.24183,-122.26821,213.7,
19465,45.24186,-122.26825,214.0,
19466,45.24194,-122.26839,214.3,
19467,45.24199,-122.26846,215.1,
19468,45.24209,-122.26865,215.1,
19469,45.24215,-122.26876,215.4,
19470,45.24218,-122.26883,215.3,
19471,45.24226,-122.26902,214.8,
19472,45.24235,-122.26924,214.2,
19473,45.24247,-122.26952,213.8,
19474,45.24269,-122.27006,212.4,
19475,45.24274,-122.27017,212.3,
19476,45.24282,-122.27033,212.4,
19477,45.24295,-122.27054,212.7,
19478,45.2431,-122.27074,213.2,
19479,45.24311,-122.27074,213.4,
19480,45.24315,-122.27079,213.5,
19481,45.24324,-122.2709,213.7,
19482,45.24328,-122.27095,213.8,
19483,45.24334,-122.27103,213.4,
19484,45.24345,-122.27119,213.4,
19485,45.24362,-122.27149,214.8,
19486,45.2437,-122.27167,214.5,
19487,45.24378,-122.27184,214.4,
19488,45.24381,-122.27189,214.6,
19489,45.24384,-122.27196,214.7,
19490,45.24388,-122.27205,214.3,
19491,45.24394,-122.27221,214.2,
19492,45.24397,-122.2723,213.5,
19493,45.24398,-122.27234,213.3,
19494,45.24402,-122.27248,213.3,
19495,45.24405,-122.27257,213.1,
19496,45.24405,-122.27258,213.0,
19497,45.24413,-122.2728,213.3,
19498,45.24415,-122.27287,213.1,
19499,45.24419,-122.27297,213.6,
19500,45.2443,-122.27318,214.5,
19501,45.24433,-122.27323,214.7,
19502,45.24441,-122.27337,216.2,
19503,45.24466,-122.27376,218.1,
19504,45.24477,-122.27393,218.4,
19505,45.2449,-122.27414,218.4,
19506,45.24493,-122.27418,218.9,
19507,45.24503,-122.27438,219.0,
19508,45.24507,-122.27445,220.0,
19509,45.24514,-122.27466,220.9,
19510,45.24518,-122.27485,220.5,
19511,45.2452,-122.27494,220.3,
19512,45.24522,-122.2751,219.0,
19513,45.24524,-122.27529,217.4,
19514,45.24526,-122.27554,216.7,
19515,45.24527,-122.27559,216.9,
19516,45.24527,-122.27563,216.8,
19517,45.2453,-122.27592,217.4,
19518,45.24534,-122.27632,217.8,
19519,45.24534,-122.27662,216.1,
19520,45.24534,-122.27677,217.5,
19521,45.24534,-122.27682,218.0,
19522,45.24532,-122.27703,217.8,
19523,45.24531,-122.27715,217.4,
19524,45.24525,-122.27783,216.2,
19525,45.24525,-122.27789,216.3,
19526,45.24521,-122.27833,216.3,
19527,45.2452,-122.27839,216.4,
19528,45.24515,-122.27864,216.2,
19529,45.24515,-122.27865,216.3,
19530,45.24509,-122.27888,215.0,
19531,45.24508,-122.27888,214.7,
19532,45.24502,-122.27909,213.6,
19533,45.24501,-122.2791,213.3,
19534,45.24501,-122.27912,213.5,
19535,45.24494,-122.27931,214.2,
19536,45.24493,-122.27933,214.1,
19537,45.24489,-122.27945,214.5,
19538,45.24486,-122.27953,214.7,
19539,45.24485,-122.27957,214.9,
19540,45.24479,-122.27975,214.8,
19541,45.24477,-122.27985,215.0,
19542,45.24474,-122.28001,214.8,
19543,45.24473,-122.2802,215.2,
19544,45.24473,-122.28029,215.7,
19545,45.24473,-122.2803,215.7,
19546,45.24473,-122.28048,216.9,
19547,45.24473,-122.28053,217.2,
19548,45.24473,-122.28056,217.5,
19549,45.24472,-122.28067,217.6,
19550,45.24471,-122.28074,217.8,
19551,45.2447,-122.2808,218.0,
19552,45.2447,-122.28081,218.1,
19553,45.24467,-122.28093,217.7,
19554,45.24465,-122.28101,217.3,
19555,45.24463,-122.28105,216.5,
19556,45.24458,-122.28119,216.3,
19557,45.24455,-122.28127,216.0,
19558,45.24451,-122.28137,215.0,
19559,45.24442,-122.28155,211.7,
19560,45.24435,-122.2817,209.8,
19561,45.24425,-122.28203,208.8,
19562,45.24419,-122.28244,208.6,
19563,45.24417,-122.28268,208.4,
19564,45.24417,-122.28319,208.5,
19565,45.24418,-122.28344,208.7,
19566,45.24418,-122.28345,208.7,
19567,45.24419,-122.2837,208.6,
19568,45.2442,-122.28378,208.8,
19569,45.24419,-122.28396,208.3,
19570,45.24417,-122.28444,207.2,
19571,45.24417,-122.28447,207.3,
19572,45.24408,-122.28514,208.1,
19573,45.24406,-122.28522,207.8,
19574,45.24401,-122.28546,207.3,
19575,45.24394,-122.28569,205.3,
19576,45.24386,-122.28593,203.5,
19577,45.24384,-122.28599,202.9,
19578,45.24381,-122.28617,203.4,
19579,45.24374,-122.28641,205.0,
19580,45.24367,-122.28664,206.0,
19581,45.24364,-122.28673,206.1,
19582,45.2436,-122.28688,206.4,
19583,45.24354,-122.28712,206.6,
19584,45.24347,-122.28736,206.1,
19585,45.24342,-122.28755,205.7,
19586,45.24342,-122.2876,206.2,
19587,45.24337,-122.28786,205.2,
19588,45.24338,-122.28795,205.9,
19589,45.24338,-122.28811,206.2,
19590,45.24338,-122.28819,206.2,
19591,45.24338,-122.2883,206.1,
19592,45.24338,-122.28843,205.8,
19593,45.24338,-122.2886,205.3,
19594,45.24338,-122.28873,204.7,
19595,45.24338,-122.28882,204.1,
19596,45.24338,-122.28886,203.6,
19597,45.24339,-122.28898,202.8,
19598,45.24339,-122.28907,201.8,
19599,45.24339,-122.28911,201.4,
19600,45.2434,-122.28925,200.2,
19601,45.2434,-122.28933,198.9,
19602,45.24341,-122.28937,198.8,
19603,45.24341,-122.28943,197.9,
19604,45.24342,-122.2895,197.4,
19605,45.24343,-122.28957,196.9,
19606,45.24343,-122.28958,196.7,
19607,45.24345,-122.28971,195.8,
19608,45.24347,-122.28983,194.7,
19609,45.24349,-122.28993,194.0,
19610,45.24351,-122.29,193.7,
19611,45.24352,-122.29007,192.8,
19612,45.24352,-122.29008,192.6,
19613,45.24355,-122.29019,192.2,
19614,45.24358,-122.29029,191.7,
19615,45.24361,-122.29037,191.3,
19616,45.24364,-122.29045,191.3,
19617,45.24367,-122.29054,190.7,
19618,45.2437,-122.29064,189.8,
19619,45.24373,-122.29071,189.4,
19620,45.24376,-122.29077,189.4,
19621,45.2438,-122.29085,189.2,
19622,45.24384,-122.29095,189.0,
19623,45.24386,-122.29098,189.4,
19624,45.24386,-122.291,188.9,
19625,45.24389,-122.29105,189.2,
19626,45.24393,-122.29112,189.6,
19627,45.24397,-122.29117,190.3,
19628,45.24397,-122.29118,190.0,
19629,45.24402,-122.29125,190.5,
19630,45.24406,-122.29131,190.7,
19631,45.24409,-122.29136,190.7,
19632,45.2441,-122.29137,190.9,
19633,45.24412,-122.29139,191.3,
19634,45.24417,-122.29148,191.1,
19635,45.24424,-122.29161,190.6,
19636,45.24432,-122.29173,190.8,
19637,45.24433,-122.29175,190.7,
19638,45.24439,-122.29183,191.0,
19639,45.24446,-122.29193,190.9,
19640,45.24447,-122.29194,191.0,
19641,45.24465,-122.29221,190.5,
19642,45.2447,-122.29229,190.6,
19643,45.24472,-122.29232,190.7,
19644,45.24474,-122.29235,190.7,
19645,45.2448,-122.29244,190.2,
19646,45.24486,-122.29254,188.5,
19647,45.24491,-122.29262,186.9,
19648,45.24495,-122.29268,186.7,
19649,45.24496,-122.29271,186.8,
19650,45.24499,-122.29276,187.5,
19651,45.24504,-122.29284,189.1,
19652,45.24506,-122.29288,189.6,
19653,45.24508,-122.29291,190.0,
19654,45.24512,-122.29299,190.3,
19655,45.24514,-122.29304,190.3,
19656,45.24516,-122.29308,190.4,
19657,45.24517,-122.29312,190.0,
19658,45.24519,-122.29318,189.6,
19659,45.24523,-122.29325,190.2,
19660,45.24531,-122.29344,189.7,
19661,45.24538,-122.29362,188.8,
19662,45.24539,-122.29364,188.9,
19663,45.24541,-122.2937,188.8,
19664,45.24545,-122.29384,188.0,
19665,45.24545,-122.29385,187.8,
19666,45.24548,-122.29393,187.9,
19667,45.24549,-122.29399,187.4,
19668,45.24552,-122.29412,187.0,
19669,45.24553,-122.29418,186.6,
19670,45.24554,-122.29423,186.4,
19671,45.24557,-122.29438,185.9,
19672,45.24558,-122.29442,185.9,
19673,45.24564,-122.29478,184.4,
19674,45.24565,-122.29483,184.2,
19675,45.24566,-122.29492,183.8,
19676,45.24568,-122.29508,183.8,
19677,45.24569,-122.29511,184.1,
19678,45.2457,-122.29517,184.2,
19679,45.24572,-122.29533,184.0,
19680,45.24573,-122.29542,183.8,
19681,45.24576,-122.29567,183.8,
19682,45.24577,-122.2958,183.7,
19683,45.24578,-122.29592,183.1,
19684,45.24578,-122.29597,182.9,
19685,45.24579,-122.29606,183.1,
19686,45.2458,-122.2961,183.4,
19687,45.2458,-122.29618,183.7,
19688,45.24581,-122.29625,184.1,
19689,45.24581,-122.29635,184.0,
19690,45.24582,-122.29643,184.2,
19691,45.24582,-122.2965,184.2,
19692,45.24582,-122.29662,184.3,
19693,45.24582,-122.29677,184.8,
19694,45.24582,-122.29682,184.9,
19695,45.24582,-122.29685,184.9,
19696,45.24582,-122.2969,185.1,
19697,45.24581,-122.29694,184.8,
19698,45.24581,-122.29698,184.9,
19699,45.24581,-122.29706,185.1,
19700,45.2458,-122.29712,184.9,
19701,45.2458,-122.2972,185.4,
19702,45.24578,-122.29729,186.0,
19703,45.24576,-122.29747,188.0,
19704,45.24574,-122.29761,187.8,
19705,45.24573,-122.29765,187.7,
19706,45.24573,-122.2977,187.9,
19707,45.2457,-122.29786,188.2,
19708,45.2457,-122.29787,188.3,
19709,45.24569,-122.29795,188.7,
19710,45.24566,-122.29809,188.4,
19711,45.24562,-122.29825,188.3,
19712,45.24559,-122.29841,188.7,
19713,45.24556,-122.29856,188.3,
19714,45.24554,-122.29868,188.6,
19715,45.24553,-122.2987,188.5,
19716,45.2455,-122.29887,188.8,
19717,45.24549,-122.29893,188.9,
19718,45.24547,-122.29905,188.9,
19719,45.24545,-122.29913,188.8,
19720,45.24544,-122.29917,188.9,
19721,45.24543,-122.29927,189.3,
19722,45.2454,-122.2994,188.9,
19723,45.24538,-122.29953,188.8,
19724,45.24537,-122.29958,188.7,
19725,45.24536,-122.29963,188.7,
19726,45.24535,-122.29969,188.8,
19727,45.24534,-122.29974,188.8,
19728,45.24534,-122.29979,189.0,
19729,45.24534,-122.29983,189.2,
19730,45.24533,-122.29986,188.9,
19731,45.24533,-122.29992,189.1,
19732,45.24532,-122.30001,188.9,
19733,45.24532,-122.30009,189.1,
19734,45.24532,-122.30012,189.1,
19735,45.24533,-122.30018,189.7,
19736,45.24533,-122.30023,189.5,
19737,45.24533,-122.3003,189.3,
19738,45.24534,-122.30034,189.5,
19739,45.24535,-122.30042,189.4,
19740,45.24535,-122.30043,189.3,
19741,45.24536,-122.30051,189.0,
19742,45.24538,-122.30059,189.2,
19743,45.24539,-122.30064,189.1,
19744,45.2454,-122.30069,188.8,
19745,45.24543,-122.30075,189.0,
19746,45.24546,-122.30082,188.9,
19747,45.24548,-122.30088,188.7,
19748,45.24552,-122.30095,188.7,
19749,45.24556,-122.30102,188.4,
19750,45.24556,-122.30103,188.2,
19751,45.24558,-122.30107,188.1,
19752,45.2456,-122.3011,188.0,
19753,45.24565,-122.30117,187.8,
19754,45.24568,-122.30121,187.6,
19755,45.24569,-122.30123,187.4,
19756,45.24573,-122.30129,186.9,
19757,45.24578,-122.30134,187.0,
19758,45.24583,-122.30141,186.8,
19759,45.24586,-122.30143,187.2,
19760,45.24588,-122.30144,187.4,
19761,45.24593,-122.30148,187.7,
19762,45.24597,-122.30151,187.5,
19763,45.24601,-122.30152,187.7,
19764,45.24603,-122.30153,187.6,
19765,45.24607,-122.30154,187.5,
19766,45.24611,-122.30155,187.4,
19767,45.24614,-122.30155,187.3,
19768,45.2462,-122.30156,186.8,
19769,45.24622,-122.30156,186.7,
19770,45.24632,-122.30155,186.4,
19771,45.24634,-122.30155,186.3,
19772,45.24644,-122.30153,186.3,
19773,45.24651,-122.30151,186.3,
19774,45.24656,-122.30149,186.4,
19775,45.24667,-122.30146,186.3,
19776,45.24674,-122.30144,186.2,
19777,45.2468,-122.30142,186.1,
19778,45.24685,-122.3014,186.2,
19779,45.24691,-122.30137,186.1,
19780,45.24695,-122.30136,186.0,
19781,45.24702,-122.30132,186.1,
19782,45.24703,-122.30132,186.0,
19783,45.24708,-122.3013,185.9,
19784,45.24711,-122.30128,186.0,
19785,45.24725,-122.30119,186.0,
19786,45.24735,-122.30113,185.8,
19787,45.24741,-122.30109,185.9,
19788,45.24752,-122.30102,185.9,
19789,45.24755,-122.30101,185.7,
19790,45.24757,-122.30099,185.8,
19791,45.24768,-122.30092,185.5,
19792,45.24769,-122.30092,185.4,
19793,45.24771,-122.30091,185.3,
19794,45.24774,-122.30089,185.2,
19795,45.24784,-122.30083,184.8,
19796,45.24794,-122.30077,184.1,
19797,45.24801,-122.30073,183.6,
19798,45.24806,-122.30071,183.1,
19799,45.24807,-122.3007,183.1,
19800,45.24818,-122.30063,182.5,
19801,45.24819,-122.30062,182.5,
19802,45.24823,-122.30058,182.8,
19803,45.24829,-122.30054,182.9,
19804,45.24834,-122.30051,183.2,
19805,45.24834,-122.3005,183.5,
19806,45.24839,-122.30047,183.9,
19807,45.24845,-122.30043,184.9,
19808,45.2485,-122.3004,185.5,
19809,45.24851,-122.30039,185.8,
19810,45.24856,-122.30036,186.5,
19811,45.24859,-122.30035,186.7,
19812,45.24867,-122.30029,188.1,
19813,45.24876,-122.30023,188.7,
19814,45.24889,-122.30015,188.8,
19815,45.24899,-122.30009,188.7,
19816,45.24905,-122.30006,187.6,
19817,45.2491,-122.30003,187.5,
19818,45.24916,-122.29998,188.2,
19819,45.24916,-122.29997,188.3,
19820,45.24921,-122.29994,187.7,
19821,45.24932,-122.29986,186.9,
19822,45.24937,-122.29982,187.4,
19823,45.24942,-122.29978,186.7,
19824,45.24947,-122.29973,187.2,
19825,45.24948,-122.29973,187.0,
19826,45.24962,-122.2996,187.2,
19827,45.24963,-122.29959,187.2,
19828,45.24967,-122.29955,186.8,
19829,45.24976,-122.29946,186.4,
19830,45.24978,-122.29944,186.6,
19831,45.24985,-122.29936,186.0,
19832,45.24992,-122.29928,185.9,
19833,45.24992,-122.29927,186.0,
19834,45.24996,-122.29924,185.8,
19835,45.24999,-122.2992,185.8,
19836,45.25005,-122.29913,185.4,
19837,45.25006,-122.29912,185.3,
19838,45.2501,-122.29908,185.2,
19839,45.25014,-122.29903,184.4,
19840,45.25019,-122.29898,184.6,
19841,45.2502,-122.29897,184.2,
19842,45.25023,-122.29894,183.4,
19843,45.25024,-122.29892,183.7,
19844,45.25034,-122.29882,183.9,
19845,45.25035,-122.29882,183.8,
19846,45.25039,-122.29877,184.3,
19847,45.25045,-122.29871,184.2,
19848,45.25049,-122.29867,184.1,
19849,45.25051,-122.29865,184.1,
19850,45.25053,-122.29862,184.3,
19851,45.25056,-122.29859,184.2,
19852,45.25059,-122.29853,184.2,
19853,45.25061,-122.2985,184.2,
19854,45.25066,-122.29844,183.8,
19855,45.25071,-122.29836,183.0,
19856,45.25077,-122.29823,182.9,
19857,45.25084,-122.29811,183.4,
19858,45.25088,-122.29804,182.0,
19859,45.25098,-122.29786,181.8,
19860,45.25099,-122.29784,181.9,
19861,45.25105,-122.29775,182.0,
19862,45.25111,-122.29768,182.3,
19863,45.25114,-122.29763,181.8,
19864,45.25117,-122.29758,182.0,
19865,45.25122,-122.2975,182.9,
19866,45.25125,-122.29747,182.5,
19867,45.2513,-122.29742,182.8,
19868,45.25135,-122.29737,182.6,
19869,45.25137,-122.29735,182.7,
19870,45.25144,-122.2973,182.6,
19871,45.2515,-122.29725,182.6,
19872,45.25153,-122.29723,182.7,
19873,45.25164,-122.29716,182.6,
19874,45.2517,-122.29712,182.1,
19875,45.25173,-122.29709,181.9,
19876,45.25179,-122.29704,182.4,
19877,45.25187,-122.29699,182.0,
19878,45.25202,-122.29692,182.1,
19879,45.25205,-122.29691,182.1,
19880,45.25211,-122.29689,182.1,
19881,45.25223,-122.29686,182.1,
19882,45.25234,-122.29682,181.8,
19883,45.25239,-122.2968,181.5,
19884,45.2524,-122.29679,181.6,
19885,45.25252,-122.29675,181.8,
19886,45.25258,-122.29673,181.7,
19887,45.25269,-122.2967,181.1,
19888,45.25273,-122.29669,180.9,
19889,45.25275,-122.29667,181.4,
19890,45.25287,-122.29665,181.0,
19891,45.25293,-122.29663,180.7,
19892,45.25303,-122.2966,181.0,
19893,45.25311,-122.29658,181.1,
19894,45.25318,-122.29655,181.1,
19895,45.25333,-122.29652,180.6,
19896,45.25343,-122.2965,180.4,
19897,45.25354,-122.29648,180.7,
19898,45.25365,-122.29646,180.5,
19899,45.2538,-122.29644,180.3,
19900,45.25394,-122.29642,180.1,
19901,45.254,-122.29642,180.0,
19902,45.25405,-122.29641,180.0,
19903,45.25409,-122.29641,179.9,
19904,45.25411,-122.2964,179.9,
19905,45.25414,-122.2964,179.9,
19906,45.25417,-122.29639,179.9,
19907,45.25418,-122.29639,179.9,
19908,45.25424,-122.29637,179.9,
19909,45.25429,-122.29636,179.7,
19910,45.25435,-122.29634,179.6,
19911,45.25447,-122.2963,179.6,
19912,45.25448,-122.2963,179.6,
19913,45.25453,-122.29628,179.5,
19914,45.25456,-122.29627,179.4,
19915,45.2546,-122.29627,179.4,
19916,45.25464,-122.29627,179.3,
19917,45.25469,-122.29629,179.3,
19918,45.25471,-122.29629,179.2,
19919,45.2548,-122.29629,179.2,
19920,45.25482,-122.29629,179.2,
19921,45.2549,-122.2963,179.3,
19922,45.25494,-122.29631,179.2,
19923,45.25499,-122.29632,179.1,
19924,45.25506,-122.29635,178.9,
19925,45.25511,-122.29638,178.9,
19926,45.25513,-122.29638,178.9,
19927,45.25514,-122.29639,178.9,
19928,45.25519,-122.2964,178.7,
19929,45.25521,-122.29641,178.7,
19930,45.25525,-122.29641,178.6,
19931,45.25529,-122.29642,178.6,
19932,45.25531,-122.29642,178.6,
19933,45.25538,-122.2964,178.7,
19934,45.25542,-122.29639,178.6,
19935,45.25547,-122.29639,178.6,
19936,45.25549,-122.29638,178.5,
19937,45.25554,-122.29637,178.5,
19938,45.25559,-122.29636,178.4,
19939,45.25562,-122.29636,178.4,
19940,45.25565,-122.29635,178.3,
19941,45.25572,-122.29633,178.2,
19942,45.25577,-122.29631,178.2,
19943,45.25581,-122.2963,178.2,
19944,45.25587,-122.29628,178.1,
19945,45.25593,-122.29628,177.9,
19946,45.25596,-122.29627,177.9,
19947,45.256,-122.29627,177.9,
19948,45.25607,-122.29625,177.9,
19949,45.25612,-122.29624,177.9,
19950,45.25616,-122.29625,177.8,
19951,45.25618,-122.29625,177.8,
19952,45.25624,-122.29625,177.8,
19953,45.25629,-122.29625,177.9,
19954,45.25632,-122.29626,177.9,
19955,45.25639,-122.29626,177.8,
19956,45.25647,-122.29628,177.7,
19957,45.25649,-122.29628,177.8,
19958,45.25655,-122.29628,177.9,
19959,45.25665,-122.29631,177.4,
19960,45.25667,-122.29632,177.3,
19961,45.25671,-122.29633,177.2,
19962,45.25675,-122.29635,177.2,
19963,45.25681,-122.29637,177.2,
19964,45.25684,-122.29639,177.1,
19965,45.25687,-122.29638,177.2,
19966,45.2569,-122.29639,177.1,
19967,45.25693,-122.29641,177.0,
19968,45.257,-122.29644,177.0,
19969,45.25701,-122.29645,177.0,
19970,45.25705,-122.29647,177.0,
19971,45.25706,-122.29648,177.0,
19972,45.25714,-122.29652,177.0,
19973,45.25718,-122.29655,177.2,
19974,45.25721,-122.29656,177.2,
19975,45.25724,-122.29658,177.0,
19976,45.25727,-122.2966,177.1,
19977,45.25734,-122.29664,177.3,
19978,45.2574,-122.2967,176.6,
19979,45.25741,-122.2967,176.6,
19980,45.25746,-122.29675,176.7,
19981,45.2575,-122.29679,176.5,
19982,45.25753,-122.29682,176.7,
19983,45.25754,-122.29683,176.7,
19984,45.25761,-122.29688,176.2,
19985,45.25768,-122.29692,176.1,
19986,45.25774,-122.29697,175.7,
19987,45.25779,-122.297,175.8,
19988,45.25782,-122.29702,175.8,
19989,45.25787,-122.29705,175.5,
19990,45.25789,-122.29706,175.4,
19991,45.25796,-122.29709,175.2,
19992,45.25799,-122.29711,175.4,
19993,45.25804,-122.29713,175.3,
19994,45.2581,-122.29715,175.1,
19995,45.25816,-122.29717,175.1,
19996,45.25823,-122.2972,175.2,
19997,45.2583,-122.29723,174.7,
19998,45.25836,-122.29726,174.7,
19999,45.25839,-122.29727,174.7,
20000,45.25843,-122.29729,174.8,
20001,45.25852,-122.29732,174.8,
20002,45.25861,-122.29735,174.4,
20003,45.25868,-122.29737,174.3,
20004,45.25871,-122.29738,174.4,
20005,45.25873,-122.29739,174.4,
20006,45.25874,-122.29739,174.4,
20007,45.25892,-122.29745,174.0,
20008,45.25904,-122.29749,174.0,
20009,45.25908,-122.29751,173.8,
20010,45.25919,-122.29754,173.8,
20011,45.25921,-122.29755,173.8,
20012,45.25926,-122.29757,173.9,
20013,45.25928,-122.29759,174.0,
20014,45.25939,-122.29763,173.9,
20015,45.25947,-122.29767,173.8,
20016,45.25956,-122.2977,173.7,
20017,45.25962,-122.29773,173.6,
20018,45.25968,-122.29776,173.3,
20019,45.25972,-122.29779,173.3,
20020,45.25974,-122.2978,173.1,
20021,45.25978,-122.29782,172.8,
20022,45.2598,-122.29784,172.9,
20023,45.25986,-122.29788,173.0,
20024,45.25991,-122.29791,173.0,
20025,45.25997,-122.29796,173.0,
20026,45.26004,-122.29801,173.3,
20027,45.26013,-122.29808,173.5,
20028,45.2602,-122.29814,173.1,
20029,45.26026,-122.29819,173.0,
20030,45.26034,-122.29826,172.1,
20031,45.26042,-122.29831,172.5,
20032,45.26048,-122.29836,172.1,
20033,45.26052,-122.29838,172.3,
20034,45.26056,-122.29841,172.2,
20035,45.2606,-122.29844,171.5,
20036,45.26068,-122.29849,171.8,
20037,45.26069,-122.2985,171.8,
20038,45.26081,-122.29857,171.3,
20039,45.26094,-122.29864,171.1,
20040,45.26104,-122.2987,170.9,
20041,45.26112,-122.29875,170.8,
20042,45.26121,-122.2988,170.7,
20043,45.26123,-122.29881,171.0,
20044,45.26123,-122.29882,171.0,
20045,45.26132,-122.29887,171.0,
20046,45.26134,-122.29888,170.7,
20047,45.26139,-122.29891,170.3,
20048,45.2614,-122.29892,170.2,
20049,45.26143,-122.29893,170.1,
20050,45.26152,-122.29899,170.0,
20051,45.2616,-122.29904,169.8,
20052,45.26166,-122.29908,169.8,
20053,45.26174,-122.29914,169.4,
20054,45.26181,-122.2992,169.0,
20055,45.26183,-122.29922,169.1,
20056,45.26188,-122.29926,169.6,
20057,45.26197,-122.29934,169.9,
20058,45.26198,-122.29935,169.8,
20059,45.26205,-122.29942,170.1,
20060,45.26212,-122.2995,170.1,
20061,45.26217,-122.29957,170.1,
20062,45.26223,-122.29967,170.0,
20063,45.26225,-122.29969,170.0,
20064,45.26229,-122.29976,169.3,
20065,45.26234,-122.29988,169.7,
20066,45.26241,-122.30004,168.4,
20067,45.26245,-122.30012,169.3,
20068,45.26247,-122.30017,168.4,
20069,45.26254,-122.3003,169.3,
20070,45.2626,-122.30042,168.1,
20071,45.26266,-122.30052,168.5,
20072,45.26273,-122.30066,168.8,
20073,45.26277,-122.30074,167.2,
20074,45.26279,-122.30077,168.0,
20075,45.2628,-122.3008,168.3,
20076,45.26293,-122.30108,167.4,
20077,45.26298,-122.30116,167.3,
20078,45.263,-122.3012,167.3,
20079,45.26306,-122.30129,166.9,
20080,45.26312,-122.30138,167.0,
20081,45.26318,-122.30147,167.2,
20082,45.26321,-122.30152,166.8,
20083,45.26322,-122.30153,166.8,
20084,45.26324,-122.30156,166.4,
20085,45.26328,-122.30161,166.2,
20086,45.26332,-122.30165,166.0,
20087,45.26336,-122.30168,165.8,
20088,45.2634,-122.30171,165.7,
20089,45.26345,-122.30175,165.7,
20090,45.26349,-122.30178,165.4,
20091,45.26351,-122.30179,165.2,
20092,45.26353,-122.3018,165.4,
20093,45.26356,-122.30183,165.6,
20094,45.26357,-122.30183,165.7,
20095,45.26364,-122.30189,165.5,
20096,45.26368,-122.30193,165.3,
20097,45.26369,-122.30194,165.2,
20098,45.26374,-122.30199,165.6,
20099,45.26378,-122.30204,164.7,
20100,45.26381,-122.30207,164.9,
20101,45.26383,-122.30209,165.1,
20102,45.26386,-122.30214,164.6,
20103,45.26387,-122.30215,164.6,
20104,45.2639,-122.3022,165.2,
20105,45.26394,-122.30226,166.3,
20106,45.26396,-122.30232,165.7,
20107,45.26399,-122.30239,165.1,
20108,45.26402,-122.30244,165.3,
20109,45.26403,-122.3025,165.0,
20110,45.26404,-122.30253,164.9,
20111,45.26406,-122.3026,164.5,
20112,45.26408,-122.30269,164.4,
20113,45.26409,-122.30274,165.0,
20114,45.2641,-122.30281,165.2,
20115,45.26413,-122.3029,165.5,
20116,45.26415,-122.303,164.7,
20117,45.26417,-122.30305,163.6,
20118,45.26419,-122.30311,164.5,
20119,45.26422,-122.30322,164.7,
20120,45.26423,-122.30326,164.3,
20121,45.26429,-122.30341,163.7,
20122,45.26435,-122.30358,162.9,
20123,45.26439,-122.30367,163.3,
20124,45.26444,-122.30381,162.7,
20125,45.26452,-122.30398,162.2,
20126,45.26457,-122.30411,162.8,
20127,45.26459,-122.30415,162.6,
20128,45.26469,-122.30434,162.3,
20129,45.26471,-122.30437,162.2,
20130,45.26479,-122.30451,162.1,
20131,45.26491,-122.30471,161.9,
20132,45.26494,-122.30476,161.9,
20133,45.26506,-122.30494,161.4,
20134,45.26519,-122.30515,161.4,
20135,45.26527,-122.30527,161.2,
20136,45.26533,-122.30535,161.2,
20137,45.2654,-122.30545,160.8,
20138,45.26543,-122.3055,160.7,
20139,45.26546,-122.30553,160.7,
20140,45.26567,-122.30584,160.2,
20141,45.26578,-122.30599,159.9,
20142,45.26584,-122.30609,159.9,
20143,45.26592,-122.30626,159.8,
20144,45.26594,-122.30631,159.7,
20145,45.26604,-122.30647,159.5,
20146,45.26615,-122.30666,159.3,
20147,45.26626,-122.30684,159.1,
20148,45.26639,-122.30713,158.8,
20149,45.26655,-122.3075,158.2,
20150,45.26659,-122.30757,158.5,
20151,45.26671,-122.3079,158.2,
20152,45.26681,-122.30816,157.9,
20153,45.26696,-122.30862,157.6,
20154,45.26696,-122.30863,157.6,
20155,45.26703,-122.30887,157.4,
20156,45.26708,-122.30902,157.0,
20157,45.26716,-122.30936,157.0,
20158,45.26725,-122.30976,156.7,
20159,45.26726,-122.30984,156.7,
20160,45.26731,-122.31008,156.7,
20161,45.26734,-122.31019,156.3,
20162,45.2674,-122.31059,156.3,
20163,45.26743,-122.31083,156.0,
20164,45.26746,-122.31108,155.7,
20165,45.2675,-122.31133,156.0,
20166,45.26752,-122.31154,155.9,
20167,45.26753,-122.31158,155.9,
20168,45.26756,-122.31183,155.6,
20169,45.26759,-122.3121,155.7,
20170,45.26761,-122.31217,155.7,
20171,45.26764,-122.31243,155.3,
20172,45.26767,-122.31265,155.5,
20173,45.26767,-122.31267,155.6,
20174,45.26769,-122.31275,155.6,
20175,45.26772,-122.31289,155.8,
20176,45.26772,-122.31292,155.6,
20177,45.26776,-122.31314,155.5,
20178,45.26782,-122.31338,155.4,
20179,45.26783,-122.31341,155.4,
20180,45.26788,-122.31357,155.6,
20181,45.26801,-122.31392,155.2,
20182,45.26809,-122.31411,155.5,
20183,45.26813,-122.31421,155.1,
20184,45.26829,-122.31452,155.1,
20185,45.26831,-122.31455,154.9,
20186,45.26836,-122.31463,155.2,
20187,45.26841,-122.31472,155.0,
20188,45.26852,-122.31491,155.1,
20189,45.26852,-122.31492,155.1,
20190,45.26861,-122.31505,155.1,
20191,45.26865,-122.3151,154.9,
20192,45.26884,-122.31535,155.0,
20193,45.26895,-122.31547,155.2,
20194,45.26896,-122.31549,155.1,
20195,45.26911,-122.31565,154.7,
20196,45.26915,-122.3157,154.7,
20197,45.26921,-122.31576,154.6,
20198,45.26923,-122.31578,154.6,
20199,45.26925,-122.31581,154.7,
20200,45.26928,-122.31583,154.7,
20201,45.26938,-122.31593,154.7,
20202,45.2694,-122.31595,154.7,
20203,45.26946,-122.31601,154.8,
20204,45.26952,-122.31608,154.8,
20205,45.26966,-122.31623,155.0,
20206,45.26967,-122.31624,155.0,
20207,45.26969,-122.31626,155.1,
20208,45.26977,-122.31632,155.2,
20209,45.26982,-122.31638,155.4,
20210,45.26987,-122.31643,155.5,
20211,45.26992,-122.31649,155.7,
20212,45.26995,-122.31653,155.8,
20213,45.26997,-122.31654,155.8,
20214,45.27001,-122.3166,156.0,
20215,45.27006,-122.31666,156.2,
20216,45.27009,-122.3167,156.4,
20217,45.27015,-122.31676,156.6,
20218,45.27023,-122.31687,157.0,
20219,45.27032,-122.31698,157.5,
20220,45.27033,-122.31699,157.6,
20221,45.27035,-122.31701,157.7,
20222,45.27036,-122.31703,157.8,
20223,45.27041,-122.31711,158.1,
20224,45.27045,-122.31718,158.4,
20225,45.27049,-122.31723,158.7,
20226,45.2707,-122.31763,161.1,
20227,45.27073,-122.31768,161.5,
20228,45.27077,-122.31774,161.9,
20229,45.2709,-122.31791,162.9,
20230,45.27104,-122.31808,164.1,
20231,45.2711,-122.31813,164.5,
20232,45.27115,-122.31818,164.7,
20233,45.27134,-122.3184,166.3,
20234,45.27139,-122.31845,166.7,
20235,45.27144,-122.31848,167.1,
20236,45.27151,-122.3185,167.5,
20237,45.27152,-122.3185,167.5,
20238,45.27154,-122.3185,167.6,
20239,45.27162,-122.31846,167.7,
20240,45.27166,-122.31842,168.0,
20241,45.27168,-122.31839,168.1,
20242,45.27169,-122.31838,168.1,
20243,45.2718,-122.31821,167.8,
20244,45.27186,-122.3181,167.1,
20245,45.27186,-122.3181,167.1,
20246,45.27198,-122.31823,167.0,
20247,45.27221,-122.31844,166.7,
20248,45.27245,-122.31865,166.4,
20249,45.27249,-122.31868,166.3,
20250,45.2729,-122.31897,166.1,
20251,45.27305,-122.3191,166.0,
20252,45.27335,-122.31925,165.8,
20253,45.27354,-122.31935,165.6,
20254,45.27383,-122.3195,165.3,
20255,45.2742,-122.31969,165.0,
20256,45.27448,-122.31984,164.8,
20257,45.27517,-122.32017,164.3,
20258,45.27612,-122.32067,163.4,
20259,45.27616,-122.32069,163.4,
20260,45.27648,-122.32085,163.3,
20261,45.27706,-122.32117,162.9,
20262,45.27754,-122.32147,162.6,
20263,45.27791,-122.32172,162.3,
20264,45.27808,-122.32185,162.2,
20265,45.27831,-122.32203,162.1,
20266,45.27835,-122.32206,162.0,
20267,45.27865,-122.32231,161.8,
20268,45.27896,-122.3226,161.5,
20269,45.27899,-122.32263,161.5,
20270,45.27901,-122.32265,161.4,
20271,45.27911,-122.32275,161.3,
20272,45.27913,-122.32278,161.3,
20273,45.27917,-122.32281,161.3,
20274,45.2792,-122.32284,161.2,
20275,45.27957,-122.32325,160.6,
20276,45.27968,-122.32337,160.3,
20277,45.27981,-122.32353,160.1,
20278,45.27997,-122.32374,159.5,
20279,45.27999,-122.32376,159.6,
20280,45.2801,-122.32391,159.2,
20281,45.28025,-122.3241,158.8,
20282,45.28034,-122.32424,158.5,
20283,45.28062,-122.32466,157.4,
20284,45.28087,-122.32508,156.4,
20285,45.28107,-122.32543,155.5,
20286,45.28111,-122.32551,155.2,
20287,45.28118,-122.32563,154.8,
20288,45.28128,-122.32584,154.2,
20289,45.28133,-122.32595,153.7,
20290,45.28155,-122.32642,152.1,
20291,45.28171,-122.32678,151.0,
20292,45.28188,-122.32719,149.4,
20293,45.28223,-122.32801,147.0,
20294,45.28269,-122.32909,145.9,
20295,45.28279,-122.32924,145.8,
20296,45.28287,-122.3294,145.5,
20297,45.28319,-122.3301,145.3,
20298,45.28356,-122.33094,145.7,
20299,45.2837,-122.33121,144.7,
20300,45.28376,-122.33132,145.3,
20301,45.2838,-122.33138,144.9,
20302,45.2839,-122.33157,144.6,
20303,45.28398,-122.33167,144.5,
20304,45.28401,-122.33172,144.5,
20305,45.28412,-122.33187,144.4,
20306,45.28422,-122.33201,144.3,
20307,45.28428,-122.33208,144.3,
20308,45.2844,-122.33225,144.2,
20309,45.28449,-122.33237,144.1,
20310,45.2848,-122.33277,143.9,
20311,45.28484,-122.33294,143.7,
20312,45.28489,-122.333,143.7,
20313,45.28514,-122.3334,143.4,
20314,45.28526,-122.33361,143.3,
20315,45.2855,-122.33405,143.0,
20316,45.2855,-122.33405,143.0,
20317,45.28573,-122.33407,142.8,
20318,45.28614,-122.33406,142.6,
20319,45.28629,-122.33405,142.5,
20320,45.28635,-122.33405,142.5,
20321,45.28642,-122.33405,142.5,
20322,45.28672,-122.33404,142.6,
20323,45.28698,-122.33403,142.5,
20324,45.2874,-122.33402,142.4,
20325,45.28757,-122.33402,142.5,
20326,45.28769,-122.334,142.8,
20327,45.28783,-122.334,143.6,
20328,45.28813,-122.33399,145.6,
20329,45.28867,-122.33397,150.1,
20330,45.28912,-122.33396,153.6,
20331,45.2894,-122.33394,155.5,
20332,45.28948,-122.33393,156.0,
20333,45.28966,-122.33391,156.8,
20334,45.28979,-122.33392,156.9,
20335,45.29065,-122.33387,157.2,
20336,45.29114,-122.33386,157.1,
20337,45.29165,-122.33384,156.9,
20338,45.29194,-122.33383,156.8,
20339,45.29194,-122.33383,156.8,
20340,45.29194,-122.33443,156.0,
20341,45.29194,-122.33443,156.0,
20342,45.29194,-122.33383,156.8,
20343,45.29194,-122.33383,156.8,
20344,45.29263,-122.33381,156.4,
20345,45.29304,-122.33379,156.4,
20346,45.29361,-122.33377,156.2,
20347,45.29375,-122.33377,156.2,
20348,45.29411,-122.33376,156.1,
20349,45.29448,-122.33375,156.1,
20350,45.29448,-122.33375,156.1,
20351,45.29442,-122.33308,156.6,
20352,45.29439,-122.33267,157.2,
20353,45.29435,-122.33221,157.7,
20354,45.2943,-122.33156,159.2,
20355,45.29429,-122.33145,159.5,
20356,45.29428,-122.33134,159.7,
20357,45.29428,-122.33128,159.9,
20358,45.29428,-122.33123,160.0,
20359,45.29428,-122.33116,160.3,
20360,45.29429,-122.33111,160.5,
20361,45.2943,-122.33109,160.6,
20362,45.29431,-122.33103,160.9,
20363,45.29432,-122.33098,161.0,
20364,45.29434,-122.33091,161.2,
20365,45.29437,-122.33086,161.4,
20366,45.2944,-122.33081,161.7,
20367,45.29446,-122.33066,162.3,
20368,45.29449,-122.33059,162.5,
20369,45.29451,-122.33056,162.5,
20370,45.29453,-122.33052,162.6,
20371,45.29456,-122.33046,162.6,
20372,45.29458,-122.33039,162.8,
20373,45.2946,-122.33032,162.9,
20374,45.29462,-122.33025,163.0,
20375,45.29463,-122.33018,163.0,
20376,45.29465,-122.33009,163.0,
20377,45.29465,-122.33004,163.0,
20378,45.29465,-122.33002,163.0,
20379,45.29467,-122.32992,162.9,
20380,45.29469,-122.32967,162.9,
20381,45.29469,-122.32965,162.9,
20382,45.29471,-122.3294,163.3,
20383,45.29472,-122.32929,163.5,
20384,45.29473,-122.32913,163.8,
20385,45.29474,-122.32897,164.0,
20386,45.29475,-122.32882,164.3,
20387,45.29475,-122.32871,164.5,
20388,45.29476,-122.32863,164.8,
20389,45.29476,-122.3286,164.9,
20390,45.29475,-122.32854,165.1,
20391,45.29475,-122.32846,165.3,
20392,45.29474,-122.32839,165.5,
20393,45.29473,-122.32831,165.8,
20394,45.29471,-122.32822,166.0,
20395,45.29471,-122.32822,166.0,
20396,45.29468,-122.32816,166.2,
20397,45.29466,-122.32812,166.4,
20398,45.29464,-122.32807,166.8,
20399,45.29462,-122.32804,167.0,
20400,45.29461,-122.32802,167.1,
20401,45.29457,-122.32797,167.6,
20402,45.29453,-122.32792,168.1,
20403,45.2945,-122.32788,168.5,
20404,45.29448,-122.32786,168.7,
20405,45.29444,-122.32783,169.0,
20406,45.29442,-122.32781,169.2,
20407,45.29439,-122.32778,169.5,
20408,45.29434,-122.32775,169.8,
20409,45.29424,-122.32767,171.0,
20410,45.29416,-122.32762,171.7,
20411,45.29412,-122.32759,172.3,
20412,45.2941,-122.32757,172.6,
20413,45.29405,-122.32753,172.8,
20414,45.294,-122.32749,173.6,
20415,45.29398,-122.32746,173.7,
20416,45.29395,-122.32743,174.0,
20417,45.29392,-122.32739,174.6,
20418,45.29389,-122.32735,174.6,
20419,45.29386,-122.32729,175.5,
20420,45.29383,-122.32721,176.8,
20421,45.29381,-122.32712,176.7,
20422,45.2938,-122.32709,176.8,
20423,45.29378,-122.32704,177.6,
20424,45.29375,-122.32695,178.5,
20425,45.29372,-122.32684,178.7,
20426,45.29369,-122.32673,179.2,
20427,45.29366,-122.32663,180.6,
20428,45.29365,-122.32658,181.1,
20429,45.29363,-122.32649,181.0,
20430,45.29361,-122.32639,181.0,
20431,45.29359,-122.32632,181.5,
20432,45.29354,-122.32614,183.1,
20433,45.29349,-122.32598,183.9,
20434,45.29345,-122.32585,185.0,
20435,45.29341,-122.32574,185.4,
20436,45.29339,-122.32569,186.0,
20437,45.29336,-122.3256,186.5,
20438,45.29332,-122.3255,187.5,
20439,45.29327,-122.32538,188.0,
20440,45.29323,-122.32529,189.0,
20441,45.29318,-122.3252,189.3,
20442,45.29313,-122.32511,189.3,
20443,45.29309,-122.32505,190.1,
20444,45.29308,-122.32503,190.3,
20445,45.29306,-122.32501,190.1,
20446,45.29302,-122.32496,190.7,
20447,45.29298,-122.32491,191.0,
20448,45.29296,-122.32488,191.3,
20449,45.29292,-122.32485,191.6,
20450,45.29292,-122.32484,191.7,
20451,45.29274,-122.32465,193.7,
20452,45.29267,-122.32457,194.3,
20453,45.29253,-122.32441,195.5,
20454,45.29246,-122.32432,196.2,
20455,45.2924,-122.32424,196.3,
20456,45.29239,-122.32422,196.8,
20457,45.29236,-122.32418,197.2,
20458,45.2923,-122.32408,197.7,
20459,45.29228,-122.32405,198.0,
20460,45.29223,-122.32397,197.7,
20461,45.29218,-122.32385,198.6,
20462,45.29217,-122.32384,198.6,
20463,45.29213,-122.32375,199.3,
20464,45.29209,-122.32366,200.8,
20465,45.29208,-122.32363,201.1,
20466,45.29202,-122.32347,201.2,
20467,45.29197,-122.32328,202.8,
20468,45.29183,-122.32282,206.8,
20469,45.29178,-122.3227,205.9,
20470,45.29166,-122.32237,207.3,
20471,45.2916,-122.32213,209.1,
20472,45.29154,-122.32195,211.0,
20473,45.29152,-122.32189,210.8,
20474,45.29146,-122.32172,212.0,
20475,45.29145,-122.32168,212.4,
20476,45.29137,-122.32151,212.5,
20477,45.29137,-122.3215,212.7,
20478,45.29129,-122.32136,212.6,
20479,45.29126,-122.32129,213.3,
20480,45.2912,-122.32119,213.3,
20481,45.29115,-122.3211,214.2,
20482,45.29111,-122.32101,214.3,
20483,45.29107,-122.32091,215.5,
20484,45.29105,-122.32086,215.5,
20485,45.29103,-122.32079,215.8,
20486,45.29101,-122.32074,216.2,
20487,45.29099,-122.32067,216.6,
20488,45.29096,-122.32061,216.7,
20489,45.29093,-122.32052,217.2,
20490,45.2909,-122.32042,218.3,
20491,45.2909,-122.32041,218.3,
20492,45.29089,-122.32033,218.5,
20493,45.29088,-122.32026,218.9,
20494,45.29087,-122.32017,219.8,
20495,45.29086,-122.32013,219.6,
20496,45.29086,-122.32004,220.0,
20497,45.29085,-122.31996,219.9,
20498,45.29085,-122.31992,220.0,
20499,45.29085,-122.31991,220.0,
20500,45.29084,-122.31977,220.7,
20501,45.29084,-122.31967,221.3,
20502,45.29084,-122.31966,221.3,
20503,45.29084,-122.3196,221.6,
20504,45.29083,-122.31949,221.9,
20505,45.29084,-122.31924,222.5,
20506,45.29084,-122.31915,222.7,
20507,45.29085,-122.31885,223.7,
20508,45.29085,-122.31864,224.4,
20509,45.29085,-122.31855,224.6,
20510,45.29084,-122.31848,224.8,
20511,45.29084,-122.31841,224.9,
20512,45.29084,-122.31836,224.9,
20513,45.29083,-122.3183,224.7,
20514,45.29082,-122.31823,224.6,
20515,45.29082,-122.31821,224.7,
20516,45.29081,-122.31819,224.7,
20517,45.29081,-122.31815,224.8,
20518,45.29079,-122.31806,225.1,
20519,45.29078,-122.31795,225.1,
20520,45.29075,-122.31783,225.0,
20521,45.29069,-122.3175,225.3,
20522,45.29064,-122.31722,225.3,
20523,45.29057,-122.31687,226.0,
20524,45.29049,-122.31644,227.2,
20525,45.29048,-122.31639,227.4,
20526,45.29047,-122.31633,227.4,
20527,45.2903,-122.3154,230.9,
20528,45.29029,-122.31534,231.0,
20529,45.29025,-122.31515,231.8,
20530,45.29007,-122.31416,236.3,
20531,45.29002,-122.31391,237.7,
20532,45.28988,-122.31317,240.1,
20533,45.28983,-122.31288,241.2,
20534,45.2898,-122.31267,241.5,
20535,45.28978,-122.31257,242.2,
20536,45.28977,-122.31252,242.4,
20537,45.28976,-122.31243,242.7,
20538,45.28975,-122.31237,242.8,
20539,45.28972,-122.31213,243.3,
20540,45.28971,-122.31177,244.2,
20541,45.2897,-122.31131,245.8,
20542,45.2897,-122.31129,245.8,
20543,45.2897,-122.31106,246.5,
20544,45.2897,-122.31089,246.9,
20545,45.28971,-122.31004,248.9,
20546,45.28972,-122.30862,252.3,
20547,45.28972,-122.30841,252.9,
20548,45.28972,-122.3083,253.3,
20549,45.28972,-122.30808,253.8,
20550,45.28973,-122.307,257.4,
20551,45.28973,-122.30657,259.5,
20552,45.28973,-122.30653,259.7,
20553,45.28974,-122.30598,262.5,
20554,45.28974,-122.30572,263.8,
20555,45.28974,-122.30561,264.4,
20556,45.28975,-122.30444,270.9,
20557,45.28975,-122.30433,271.4,
20558,45.28975,-122.30419,272.1,
20559,45.28975,-122.30407,272.6,
20560,45.28975,-122.30382,273.6,
20561,45.28976,-122.30228,280.4,
20562,45.28976,-122.30186,281.6,
20563,45.28976,-122.30186,281.6,
20564,45.29011,-122.30185,281.9,
20565,45.29066,-122.30184,282.8,
20566,45.29094,-122.30183,283.3,
20567,45.29101,-122.30183,283.3,
20568,45.29148,-122.30182,283.0,
20569,45.29151,-122.30182,282.9,
20570,45.29155,-122.30182,282.9,
20571,45.29173,-122.30182,282.6,
20572,45.29191,-122.30182,282.2,
20573,45.29202,-122.30181,281.8,
20574,45.29209,-122.30181,281.6,
20575,45.29238,-122.3018,280.7,
20576,45.29244,-122.3018,280.5,
20577,45.29274,-122.3018,279.6,
20578,45.2931,-122.30181,277.8,
20579,45.29334,-122.30182,276.8,
20580,45.29346,-122.30182,276.6,
20581,45.29364,-122.30181,276.5,
20582,45.2937,-122.30181,276.3,
20583,45.29382,-122.30181,276.0,
20584,45.29388,-122.30181,276.0,
20585,45.29415,-122.3018,276.1,
20586,45.29442,-122.3018,276.3,
20587,45.29454,-122.3018,276.3,
20588,45.2946,-122.3018,276.3,
20589,45.29472,-122.3018,276.6,
20590,45.29508,-122.30179,277.7,
20591,45.29544,-122.30179,277.9,
20592,45.29598,-122.30179,277.8,
20593,45.29649,-122.30179,277.2,
20594,45.29652,-122.30179,277.1,
20595,45.2969,-122.30179,275.5,
20596,45.29726,-122.30178,273.2,
20597,45.29734,-122.30178,272.6,
20598,45.29755,-122.30177,271.3,
20599,45.29762,-122.30177,271.0,
20600,45.2978,-122.30177,270.6,
20601,45.29806,-122.30177,270.6,
20602,45.29842,-122.30176,271.4,
20603,45.29843,-122.30176,271.4,
20604,45.29881,-122.30176,272.4,
20605,45.29992,-122.30176,274.5,
20606,45.30004,-122.30176,274.8,
20607,45.30011,-122.30176,274.9,
20608,45.30022,-122.30176,275.1,
20609,45.3004,-122.30176,275.5,
20610,45.30054,-122.30176,275.7,
20611,45.30061,-122.30176,275.8,
20612,45.30101,-122.30175,276.0,
20613,45.3014,-122.30175,276.1,
20614,45.30164,-122.30176,276.3,
20615,45.3022,-122.30175,277.4,
20616,45.30256,-122.30175,278.2,
20617,45.30353,-122.30174,278.4,
20618,45.30382,-122.30173,278.6,
20619,45.30392,-122.30173,278.7,
20620,45.30399,-122.30173,278.7,
20621,45.30462,-122.30172,277.6,
20622,45.30489,-122.30172,277.4,
20623,45.30515,-122.30172,277.4,
20624,45.30525,-122.30172,277.5,
20625,45.30587,-122.3017,279.2,
20626,45.30598,-122.30169,279.4,
20627,45.30617,-122.30169,279.8,
20628,45.30669,-122.3017,281.3,
20629,45.30671,-122.30169,281.3,
20630,45.30687,-122.30169,281.7,
20631,45.30689,-122.30169,281.7,
20632,45.30707,-122.3017,281.9,
20633,45.30722,-122.3017,281.7,
20634,45.30729,-122.3017,281.8,
20635,45.30743,-122.30169,281.5,
20636,45.30777,-122.30169,280.1,
20637,45.30779,-122.30169,280.0,
20638,45.30867,-122.30168,275.3,
20639,45.30875,-122.30169,274.7,
20640,45.30887,-122.30169,274.2,
20641,45.30903,-122.30168,273.6,
20642,45.30905,-122.30168,273.6,
20643,45.30921,-122.30168,272.9,
20644,45.30939,-122.30168,272.4,
20645,45.30966,-122.30168,272.0,
20646,45.30986,-122.30168,271.6,
20647,45.30986,-122.30168,271.6,
20648,45.30986,-122.30113,272.6,
20649,45.30986,-122.30112,272.6,
20650,45.30987,-122.30059,273.0,
20651,45.30987,-122.30046,273.1,
20652,45.30987,-122.30038,273.2,
20653,45.30987,-122.30036,273.3,
20654,45.30987,-122.30022,273.4,
20655,45.30987,-122.30011,273.6,
20656,45.30988,-122.29985,273.8,
20657,45.30988,-122.2996,273.5,
20658,45.30988,-122.29947,273.3,
20659,45.30988,-122.29941,273.2,
20660,45.30989,-122.29916,273.0,
20661,45.30989,-122.29908,273.0,
20662,45.30989,-122.29883,273.0,
20663,45.30989,-122.29839,273.3,
20664,45.30989,-122.29806,273.4,
20665,45.30989,-122.298,273.6,
20666,45.30989,-122.29792,273.9,
20667,45.3099,-122.29724,275.2,
20668,45.3099,-122.29706,275.6,
20669,45.30991,-122.29655,276.7,
20670,45.30991,-122.29646,276.7,
20671,45.30991,-122.29629,276.6,
20672,45.30991,-122.29623,276.5,
20673,45.30992,-122.29609,276.4,
20674,45.30991,-122.29604,276.3,
20675,45.30992,-122.296,276.3,
20676,45.30992,-122.29594,276.2,
20677,45.30992,-122.2958,275.9,
20678,45.30992,-122.29537,274.5,
20679,45.30992,-122.29499,273.8,
20680,45.30992,-122.29494,273.7,
20681,45.30992,-122.2949,273.6,
20682,45.30992,-122.29479,273.5,
20683,45.30992,-122.29474,273.5,
20684,45.30992,-122.29465,273.2,
20685,45.30993,-122.29448,273.2,
20686,45.30993,-122.29444,273.4,
20687,45.30993,-122.29439,273.5,
20688,45.30993,-122.29423,274.0,
20689,45.30994,-122.2938,275.7,
20690,45.30994,-122.29372,276.0,
20691,45.30994,-122.29363,276.2,
20692,45.30994,-122.29346,276.6,
20693,45.30994,-122.29337,276.7,
20694,45.30995,-122.29295,277.3,
20695,45.30995,-122.29286,277.2,
20696,45.30996,-122.29218,277.0,
20697,45.30996,-122.29209,277.0,
20698,45.30995,-122.29193,276.7,
20699,45.30995,-122.29187,276.5,
20700,45.30995,-122.29177,276.2,
20701,45.30993,-122.29162,275.9,
20702,45.30986,-122.29137,275.3,
20703,45.30978,-122.29104,274.7,
20704,45.30975,-122.2909,274.5,
20705,45.30974,-122.29084,274.3,
20706,45.30973,-122.29075,274.3,
20707,45.30973,-122.29069,274.1,
20708,45.30972,-122.29064,274.1,
20709,45.30972,-122.29061,274.0,
20710,45.30972,-122.29059,274.0,
20711,45.30972,-122.29037,274.1,
20712,45.30972,-122.29033,274.3,
20713,45.30972,-122.29025,274.5,
20714,45.30972,-122.29018,274.8,
20715,45.30972,-122.29012,274.7,
20716,45.30972,-122.29008,274.7,
20717,45.30972,-122.28986,275.5,
20718,45.30972,-122.2896,276.5,
20719,45.30972,-122.28957,276.6,
20720,45.30973,-122.28883,279.2,
20721,45.30973,-122.28864,280.2,
20722,45.30974,-122.28839,280.7,
20723,45.30974,-122.28832,280.7,
20724,45.30975,-122.28792,280.0,
20725,45.30974,-122.28769,279.1,
20726,45.30973,-122.28763,278.9,
20727,45.30973,-122.28762,278.9,
20728,45.30971,-122.28755,278.4,
20729,45.30968,-122.28748,278.0,
20730,45.30965,-122.28742,278.0,
20731,45.30958,-122.2873,277.1,
20732,45.30958,-122.28729,276.9,
20733,45.30949,-122.28718,276.6,
20734,45.30945,-122.28712,276.4,
20735,45.30937,-122.28701,275.2,
20736,45.30932,-122.28693,274.6,
20737,45.30929,-122.28689,274.1,
20738,45.30926,-122.28682,274.1,
20739,45.30923,-122.28672,272.5,
20740,45.30921,-122.28668,272.3,
20741,45.30918,-122.28653,271.6,
20742,45.30917,-122.28648,271.2,
20743,45.30915,-122.28639,271.0,
20744,45.30913,-122.28622,269.8,
20745,45.30911,-122.28597,269.1,
20746,45.30908,-122.28572,270.0,
20747,45.30905,-122.28552,269.5,
20748,45.30905,-122.28549,269.4,
20749,45.30905,-122.28547,269.3,
20750,45.30905,-122.28546,269.3,
20751,45.30904,-122.2853,268.1,
20752,45.30904,-122.28521,266.5,
20753,45.30904,-122.28515,265.4,
20754,45.30905,-122.28507,264.3,
20755,45.30908,-122.285,263.7,
20756,45.30909,-122.28497,263.5,
20757,45.30911,-122.28493,262.9,
20758,45.30919,-122.28481,263.2,
20759,45.30921,-122.28478,263.0,
20760,45.30924,-122.28475,263.2,
20761,45.30929,-122.28471,262.9,
20762,45.30934,-122.28466,262.8,
20763,45.30936,-122.28464,263.1,
20764,45.30951,-122.28449,261.2,
20765,45.30959,-122.2844,261.1,
20766,45.30965,-122.28433,261.4,
20767,45.30968,-122.28428,261.4,
20768,45.30972,-122.28422,261.2,
20769,45.30975,-122.28416,260.8,
20770,45.30976,-122.28413,260.6,
20771,45.30979,-122.28402,260.1,
20772,45.30981,-122.28388,259.5,
20773,45.30981,-122.28374,258.2,
20774,45.3098,-122.28363,256.8,
20775,45.30978,-122.28338,254.8,
20776,45.30977,-122.28331,254.7,
20777,45.30975,-122.28317,255.4,
20778,45.30974,-122.28313,255.6,
20779,45.30971,-122.28304,255.5,
20780,45.30968,-122.28298,255.0,
20781,45.30963,-122.28293,254.7,
20782,45.30957,-122.2829,254.5,
20783,45.30951,-122.28288,253.8,
20784,45.30946,-122.28288,253.4,
20785,45.30944,-122.28288,253.2,
20786,45.30936,-122.2829,252.9,
20787,45.30929,-122.28288,251.8,
20788,45.30928,-122.28288,251.8,
20789,45.30922,-122.28283,250.7,
20790,45.30918,-122.28276,249.6,
20791,45.30915,-122.2827,248.4,
20792,45.30914,-122.28267,248.1,
20793,45.30913,-122.28261,247.4,
20794,45.30912,-122.28254,246.9,
20795,45.30912,-122.28246,246.3,
20796,45.30912,-122.28245,246.3,
20797,45.30916,-122.28196,245.2,
20798,45.30916,-122.2819,245.1,
20799,45.30916,-122.28181,244.8,
20800,45.30915,-122.28166,243.8,
20801,45.30914,-122.28152,242.5,
20802,45.30912,-122.28146,242.6,
20803,45.30911,-122.28144,242.8,
20804,45.30911,-122.28143,242.7,
20805,45.30909,-122.2814,243.4,
20806,45.30905,-122.28134,244.0,
20807,45.30899,-122.2813,243.4,
20808,45.30897,-122.2813,243.2,
20809,45.30893,-122.28128,242.7,
20810,45.30886,-122.28128,242.1,
20811,45.30879,-122.28129,241.7,
20812,45.30861,-122.28132,241.5,
20813,45.30844,-122.28136,239.3,
20814,45.30826,-122.28139,238.3,
20815,45.30822,-122.2814,238.7,
20816,45.30815,-122.2814,238.0,
20817,45.30808,-122.2814,237.5,
20818,45.30801,-122.28138,236.7,
20819,45.30794,-122.28133,235.8,
20820,45.30792,-122.28129,235.2,
20821,45.30791,-122.28125,234.1,
20822,45.30789,-122.28117,233.1,
20823,45.30789,-122.28108,232.3,
20824,45.3079,-122.28105,231.8,
20825,45.30791,-122.281,231.7,
20826,45.30794,-122.28093,232.4,
20827,45.30799,-122.28085,231.9,
20828,45.30809,-122.28068,230.8,
20829,45.3081,-122.28066,230.8,
20830,45.30815,-122.28055,230.8,
20831,45.30819,-122.28043,229.6,
20832,45.30819,-122.28042,229.7,
20833,45.30825,-122.27993,227.4,
20834,45.30828,-122.27968,226.0,
20835,45.30829,-122.27963,226.1,
20836,45.3083,-122.27949,226.0,
20837,45.3083,-122.27945,226.0,
20838,45.3083,-122.27942,225.9,
20839,45.3083,-122.27935,225.6,
20840,45.30829,-122.27928,225.2,
20841,45.30827,-122.27921,225.1,
20842,45.30826,-122.27918,225.2,
20843,45.30821,-122.27908,225.2,
20844,45.30818,-122.27902,224.6,
20845,45.30815,-122.27899,224.9,
20846,45.30815,-122.27898,224.9,
20847,45.30814,-122.27896,224.6,
20848,45.30801,-122.27881,223.5,
20849,45.30787,-122.27865,222.1,
20850,45.30786,-122.27863,222.0,
20851,45.30774,-122.27848,221.2,
20852,45.3076,-122.27831,219.4,
20853,45.30747,-122.27814,217.8,
20854,45.3074,-122.27806,217.1,
20855,45.30733,-122.27797,216.5,
20856,45.30727,-122.27789,215.9,
20857,45.30724,-122.27782,215.7,
20858,45.30722,-122.27778,214.5,
20859,45.30721,-122.27775,215.0,
20860,45.30718,-122.27768,215.4,
20861,45.30717,-122.2776,215.5,
20862,45.30717,-122.27755,215.3,
20863,45.30717,-122.27753,215.2,
20864,45.30718,-122.27745,215.0,
20865,45.30719,-122.27737,214.0,
20866,45.30721,-122.2773,212.4,
20867,45.30722,-122.27729,212.2,
20868,45.30732,-122.27707,209.7,
20869,45.30732,-122.27707,209.7,
20870,45.30747,-122.27704,208.4,
20871,45.30755,-122.27704,207.8,
20872,45.30767,-122.27708,206.7,
20873,45.30769,-122.27709,206.6,
20874,45.30782,-122.27715,205.3,
20875,45.30784,-122.27717,205.1,
20876,45.30807,-122.2773,203.0,
20877,45.30817,-122.27737,202.1,
20878,45.30831,-122.27746,200.7,
20879,45.30833,-122.27748,200.6,
20880,45.30842,-122.27754,199.7,
20881,45.30853,-122.27765,198.8,
20882,45.30863,-122.27776,197.6,
20883,45.30876,-122.27793,196.6,
20884,45.30884,-122.27805,195.8,
20885,45.30888,-122.27812,195.9,
20886,45.30892,-122.27818,195.3,
20887,45.30898,-122.2783,195.2,
20888,45.30899,-122.27833,195.2,
20889,45.30909,-122.27854,194.1,
20890,45.30932,-122.27906,190.4,
20891,45.30934,-122.27909,190.4,
20892,45.30942,-122.27927,190.2,
20893,45.30953,-122.27947,190.2,
20894,45.30953,-122.27948,190.3,
20895,45.30961,-122.27961,189.8,
20896,45.30964,-122.27967,189.8,
20897,45.30968,-122.27973,189.2,
20898,45.30977,-122.27985,188.8,
20899,45.30977,-122.27986,188.9,
20900,45.30987,-122.27997,188.3,
20901,45.30991,-122.28001,188.4,
20902,45.30997,-122.28008,188.1,
20903,45.31006,-122.28016,187.6,
20904,45.31008,-122.28017,187.6,
20905,45.31019,-122.28026,187.2,
20906,45.31021,-122.28028,187.3,
20907,45.31031,-122.28034,186.7,
20908,45.31043,-122.28042,186.6,
20909,45.31055,-122.28048,186.5,
20910,45.31056,-122.28048,186.5,
20911,45.31069,-122.28054,186.6,
20912,45.31072,-122.28055,186.7,
20913,45.31089,-122.28062,187.2,
20914,45.31107,-122.28069,188.0,
20915,45.31123,-122.28075,189.2,
20916,45.31124,-122.28076,189.2,
20917,45.31141,-122.28083,190.5,
20918,45.31158,-122.2809,191.3,
20919,45.31176,-122.28097,192.2,
20920,45.31184,-122.281,192.6,
20921,45.31193,-122.28103,192.7,
20922,45.31193,-122.28103,192.7,
20923,45.31193,-122.28103,192.7,
20924,45.31204,-122.28107,192.7,
20925,45.31211,-122.28109,192.5,
20926,45.31228,-122.28115,191.8,
20927,45.31245,-122.2812,190.6,
20928,45.31246,-122.2812,190.5,
20929,45.31263,-122.28125,188.7,
20930,45.31281,-122.2813,187.0,
20931,45.31299,-122.28135,184.9,
20932,45.31334,-122.28145,181.9,
20933,45.31369,-122.28155,179.6,
20934,45.31376,-122.28157,179.2,
20935,45.31387,-122.2816,178.4,
20936,45.31404,-122.28166,177.4,
20937,45.31422,-122.28171,176.3,
20938,45.31457,-122.28182,175.4,
20939,45.31468,-122.28185,175.1,
20940,45.31475,-122.28187,174.8,
20941,45.31482,-122.28188,174.5,
20942,45.31489,-122.28189,174.2,
20943,45.31493,-122.2819,174.1,
20944,45.31496,-122.2819,174.0,
20945,45.31503,-122.28189,173.7,
20946,45.3151,-122.28187,173.4,
20947,45.31512,-122.28186,173.4,
20948,45.31516,-122.28184,173.2,
20949,45.31523,-122.28181,172.6,
20950,45.31534,-122.28172,172.6,
20951,45.31544,-122.2816,172.6,
20952,45.31559,-122.28144,172.6,
20953,45.31563,-122.28139,172.6,
20954,45.31572,-122.28128,172.6,
20955,45.31584,-122.28113,172.7,
20956,45.31584,-122.28113,172.7,
20957,45.3162,-122.28134,171.7,
20958,45.31643,-122.28148,171.3,
20959,45.31653,-122.28154,171.0,
20960,45.3167,-122.28164,170.6,
20961,45.31674,-122.28167,170.5,
20962,45.31682,-122.28173,170.2,
20963,45.31686,-122.28176,170.1,
20964,45.31702,-122.28188,169.5,
20965,45.31709,-122.28193,169.4,
20966,45.31715,-122.28199,169.2,
20967,45.3172,-122.28202,169.1,
20968,45.31731,-122.28212,168.9,
20969,45.31734,-122.28215,168.7,
20970,45.31749,-122.2823,168.3,
20971,45.31752,-122.28233,168.2,
20972,45.31762,-122.28244,168.0,
20973,45.31763,-122.28246,167.9,
20974,45.31776,-122.28262,167.6,
20975,45.31786,-122.28272,167.5,
20976,45.3179,-122.28278,167.4,
20977,45.31804,-122.28295,167.1,
20978,45.31818,-122.28311,166.9,
20979,45.31827,-122.28322,166.7,
20980,45.31832,-122.28328,166.6,
20981,45.31845,-122.28345,166.5,
20982,45.31859,-122.28361,166.4,
20983,45.31863,-122.28367,166.4,
20984,45.31873,-122.28378,166.3,
20985,45.31883,-122.28389,166.6,
20986,45.31885,-122.28392,166.5,
20987,45.31887,-122.28393,166.6,
20988,45.31893,-122.28399,166.7,
20989,45.31902,-122.28407,167.0,
20990,45.31904,-122.28409,166.9,
20991,45.31916,-122.28416,167.1,
20992,45.31918,-122.28418,167.0,
20993,45.31928,-122.28423,167.1,
20994,45.31935,-122.28426,167.1,
20995,45.31952,-122.28434,167.1,
20996,45.31961,-122.28437,167.0,
20997,45.3197,-122.28442,167.2,
20998,45.31986,-122.28453,167.3,
20999,45.32003,-122.28462,167.2,
21000,45.32019,-122.2847,166.9,
21001,45.32031,-122.28477,166.5,
21002,45.32036,-122.28479,166.4,
21003,45.32053,-122.28488,166.2,
21004,45.32063,-122.28494,166.0,
21005,45.3207,-122.28498,165.9,
21006,45.32072,-122.28499,165.9,
21007,45.32076,-122.28502,165.7,
21008,45.32086,-122.2851,165.5,
21009,45.32093,-122.28515,165.3,
21010,45.32101,-122.28523,165.0,
21011,45.32102,-122.28523,165.0,
21012,45.32104,-122.28525,165.2,
21013,45.32114,-122.28537,164.8,
21014,45.32122,-122.28549,164.3,
21015,45.32127,-122.28558,163.9,
21016,45.3213,-122.28564,163.8,
21017,45.32136,-122.28574,163.4,
21018,45.32138,-122.28578,163.2,
21019,45.32149,-122.28598,162.7,
21020,45.32149,-122.28599,162.7,
21021,45.32157,-122.28613,162.3,
21022,45.3216,-122.28618,162.2,
21023,45.32171,-122.28638,161.8,
21024,45.32172,-122.28638,161.8,
21025,45.32172,-122.28639,161.8,
21026,45.32184,-122.28656,161.6,
21027,45.32186,-122.28658,161.7,
21028,45.32188,-122.28661,162.0,
21029,45.32197,-122.28672,161.9,
21030,45.32198,-122.28673,162.0,
21031,45.32206,-122.28682,161.9,
21032,45.32212,-122.28689,161.7,
21033,45.32216,-122.28692,161.8,
21034,45.32226,-122.28703,161.3,
21035,45.3223,-122.28706,161.2,
21036,45.32237,-122.28712,161.2,
21037,45.32242,-122.28716,161.1,
21038,45.3226,-122.28729,160.9,
21039,45.32274,-122.28739,160.7,
21040,45.32275,-122.28739,160.7,
21041,45.32278,-122.28741,160.6,
21042,45.32285,-122.28745,160.5,
21043,45.32291,-122.28749,160.5,
21044,45.32307,-122.2876,160.6,
21045,45.32321,-122.28769,160.4,
21046,45.32324,-122.2877,160.4,
21047,45.32357,-122.28791,160.0,
21048,45.32373,-122.288,159.7,
21049,45.32384,-122.28806,159.6,
21050,45.3239,-122.28809,159.5,
21051,45.32405,-122.28817,159.2,
21052,45.32422,-122.28825,159.1,
21053,45.32429,-122.28827,159.1,
21054,45.32449,-122.28831,159.0,
21055,45.32464,-122.28833,159.2,
21056,45.32476,-122.28833,159.1,
21057,45.32478,-122.28833,159.1,
21058,45.32494,-122.2883,158.9,
21059,45.32514,-122.28829,158.7,
21060,45.32521,-122.28828,158.7,
21061,45.32535,-122.28829,158.9,
21062,45.32547,-122.28834,158.8,
21063,45.32547,-122.28834,158.8,
21064,45.32552,-122.28823,158.6,
21065,45.32555,-122.28817,159.0,
21066,45.32558,-122.28814,159.2,
21067,45.3256,-122.28812,159.2,
21068,45.32573,-122.288,159.4,
21069,45.32588,-122.28787,159.9,
21070,45.32603,-122.28774,160.0,
21071,45.32619,-122.2876,160.3,
21072,45.32634,-122.28747,160.6,
21073,45.32649,-122.28733,160.8,
21074,45.32652,-122.2873,160.9,
21075,45.32663,-122.2872,161.2,
21076,45.32667,-122.28716,161.3,
21077,45.32673,-122.2871,161.3,
21078,45.32678,-122.28703,161.5,
21079,45.32681,-122.28699,161.6,
21080,45.32689,-122.28687,161.9,
21081,45.3269,-122.28685,162.1,
21082,45.32702,-122.28665,162.3,
21083,45.32708,-122.28655,162.3,
21084,45.32709,-122.28652,162.3,
21085,45.3272,-122.28637,162.7,
21086,45.32722,-122.28634,162.7,
21087,45.32725,-122.28631,162.7,
21088,45.3273,-122.28626,162.7,
21089,45.32736,-122.28622,162.9,
21090,45.32743,-122.2862,163.0,
21091,45.32761,-122.28616,163.3,
21092,45.32765,-122.28615,163.3,
21093,45.32772,-122.28614,163.4,
21094,45.32779,-122.28612,163.6,
21095,45.32786,-122.2861,164.0,
21096,45.32792,-122.28607,164.6,
21097,45.32797,-122.28602,164.8,
21098,45.32801,-122.28596,165.9,
21099,45.32804,-122.2859,166.3,
21100,45.32806,-122.28583,166.0,
21101,45.32808,-122.28576,166.4,
21102,45.32812,-122.28562,167.2,
21103,45.32812,-122.28559,167.2,
21104,45.32816,-122.28541,168.2,
21105,45.32818,-122.28535,168.7,
21106,45.32822,-122.2851,169.3,
21107,45.32827,-122.28485,171.9,
21108,45.32829,-122.28477,172.9,
21109,45.32831,-122.28462,172.4,
21110,45.32832,-122.2846,172.3,
21111,45.32833,-122.28452,171.3,
21112,45.32835,-122.28433,171.3,
21113,45.32838,-122.28419,171.5,
21114,45.32839,-122.28411,171.0,
21115,45.32841,-122.28405,170.3,
21116,45.32845,-122.28391,169.0,
21117,45.32846,-122.28387,168.8,
21118,45.32852,-122.28362,167.4,
21119,45.32853,-122.28354,167.8,
21120,45.32856,-122.28338,169.2,
21121,45.32857,-122.28333,169.3,
21122,45.32859,-122.28319,168.0,
21123,45.3286,-122.28313,167.0,
21124,45.32863,-122.2829,168.5,
21125,45.32863,-122.28288,168.6,
21126,45.32864,-122.28269,169.7,
21127,45.32862,-122.28254,167.3,
21128,45.32861,-122.28247,166.8,
21129,45.3286,-122.28241,166.9,
21130,45.32858,-122.28238,167.1,
21131,45.32857,-122.28234,167.4,
21132,45.32854,-122.28228,167.4,
21133,45.3285,-122.28222,167.2,
21134,45.32846,-122.28216,167.3,
21135,45.32832,-122.28203,167.6,
21136,45.3282,-122.28191,167.8,
21137,45.328,-122.2817,168.4,
21138,45.3279,-122.28161,168.5,
21139,45.32774,-122.28144,167.7,
21140,45.32769,-122.2814,166.5,
21141,45.32759,-122.28128,168.9,
21142,45.32757,-122.28124,169.3,
21143,45.32756,-122.28122,169.4,
21144,45.32752,-122.28115,169.1,
21145,45.3275,-122.28108,169.1,
21146,45.32746,-122.28093,170.4,
21147,45.32739,-122.28053,171.3,
21148,45.32734,-122.28029,172.3,
21149,45.32726,-122.27985,173.7,
21150,45.32725,-122.27979,173.8,
21151,45.32717,-122.27929,175.9,
21152,45.32713,-122.27904,176.6,
21153,45.32704,-122.27855,179.6,
21154,45.32701,-122.27836,181.0,
21155,45.32695,-122.27808,183.9,
21156,45.32693,-122.27801,185.2,
21157,45.32686,-122.27781,185.7,
21158,45.32685,-122.27777,185.7,
21159,45.32681,-122.27764,188.3,
21160,45.32678,-122.27758,188.2,
21161,45.32676,-122.27751,188.7,
21162,45.32669,-122.27737,189.9,
21163,45.32667,-122.27733,189.7,
21164,45.32664,-122.27725,191.4,
21165,45.3266,-122.27716,191.7,
21166,45.32657,-122.2771,191.9,
21167,45.32649,-122.27693,193.4,
21168,45.3264,-122.27674,195.6,
21169,45.32639,-122.27672,195.7,
21170,45.32631,-122.27654,198.0,
21171,45.3263,-122.27653,197.8,
21172,45.32629,-122.27651,198.2,
21173,45.32621,-122.27636,198.9,
21174,45.32619,-122.27633,199.6,
21175,45.326,-122.27602,202.4,
21176,45.32597,-122.27595,203.9,
21177,45.32595,-122.27592,203.4,
21178,45.32589,-122.27582,204.5,
21179,45.32584,-122.27571,204.2,
21180,45.32581,-122.27566,204.9,
21181,45.32577,-122.27556,205.5,
21182,45.32574,-122.27549,205.4,
21183,45.32566,-122.27527,207.3,
21184,45.32559,-122.27511,209.3,
21185,45.32556,-122.27502,209.7,
21186,45.32549,-122.27481,211.7,
21187,45.32547,-122.27467,212.5,
21188,45.32546,-122.27464,212.5,
21189,45.32546,-122.2746,212.8,
21190,45.32545,-122.27445,213.6,
21191,45.32546,-122.27439,214.1,
21192,45.32546,-122.27431,214.6,
21193,45.32547,-122.27414,215.9,
21194,45.32548,-122.27406,216.6,
21195,45.32548,-122.27402,216.9,
21196,45.32548,-122.274,217.0,
21197,45.32548,-122.27389,217.9,
21198,45.32548,-122.2738,218.7,
21199,45.32548,-122.27374,219.3,
21200,45.32547,-122.27364,220.1,
21201,45.32547,-122.2736,220.4,
21202,45.32545,-122.27345,221.8,
21203,45.32542,-122.27332,224.1,
21204,45.3254,-122.27326,224.4,
21205,45.32538,-122.27316,224.7,
21206,45.32535,-122.27306,225.9,
21207,45.32531,-122.27292,227.6,
21208,45.32529,-122.27282,227.9,
21209,45.32522,-122.27258,230.5,
21210,45.32519,-122.27246,230.6,
21211,45.32518,-122.27242,230.8,
21212,45.32515,-122.27229,233.0,
21213,45.32513,-122.27222,233.4,
21214,45.3251,-122.2721,233.5,
21215,45.32509,-122.27207,233.3,
21216,45.32507,-122.27193,235.6,
21217,45.32506,-122.27185,236.8,
21218,45.32503,-122.27164,238.3,
21219,45.32501,-122.2715,238.4,
21220,45.32501,-122.27149,238.5,
21221,45.32499,-122.27144,238.7,
21222,45.32496,-122.27137,240.0,
21223,45.32492,-122.27131,240.2,
21224,45.32489,-122.27125,241.0,
21225,45.32485,-122.2712,241.6,
21226,45.32479,-122.27113,242.7,
21227,45.32469,-122.27102,243.4,
21228,45.32466,-122.27099,244.0,
21229,45.32464,-122.27096,244.1,
21230,45.32452,-122.27082,245.7,
21231,45.32444,-122.2707,247.5,
21232,45.32443,-122.27068,247.9,
21233,45.32437,-122.27057,248.7,
21234,45.32423,-122.27026,251.1,
21235,45.32407,-122.26992,254.0,
21236,45.32402,-122.26979,256.3,
21237,45.32397,-122.26964,257.1,
21238,45.32395,-122.26957,258.5,
21239,45.32394,-122.26949,259.3,
21240,45.32394,-122.26941,260.0,
21241,45.32395,-122.26933,260.8,
21242,45.32396,-122.2693,261.1,
21243,45.32397,-122.26926,261.4,
21244,45.32399,-122.26919,261.1,
21245,45.32402,-122.26912,262.1,
21246,45.32405,-122.26905,262.7,
21247,45.32409,-122.26899,263.0,
21248,45.32417,-122.2689,263.9,
21249,45.32419,-122.26888,264.7,
21250,45.32432,-122.26873,266.5,
21251,45.32433,-122.26871,266.2,
21252,45.32446,-122.26859,268.2,
21253,45.3246,-122.26844,270.0,
21254,45.32476,-122.26828,271.9,
21255,45.32504,-122.26799,275.4,
21256,45.32507,-122.26795,275.7,
21257,45.32513,-122.26788,276.4,
21258,45.32516,-122.26781,276.5,
21259,45.32518,-122.26774,276.6,
21260,45.3252,-122.26768,276.9,
21261,45.3252,-122.26761,277.2,
21262,45.3252,-122.26756,277.4,
21263,45.3252,-122.2674,278.6,
21264,45.32521,-122.2673,279.7,
21265,45.32521,-122.26729,279.8,
21266,45.32521,-122.26725,280.2,
21267,45.32522,-122.26717,281.2,
21268,45.32524,-122.2671,282.2,
21269,45.32526,-122.26703,282.4,
21270,45.3253,-122.26696,282.7,
21271,45.32534,-122.2669,283.3,
21272,45.32537,-122.26686,282.4,
21273,45.32543,-122.26679,283.5,
21274,45.32596,-122.26628,286.3,
21275,45.32597,-122.26628,286.3,
21276,45.32601,-122.26624,286.7,
21277,45.32611,-122.26614,288.0,
21278,45.32625,-122.26599,290.5,
21279,45.32626,-122.26598,290.7,
21280,45.32648,-122.26576,292.3,
21281,45.32653,-122.26571,293.0,
21282,45.32654,-122.26569,293.1,
21283,45.32661,-122.26559,294.2,
21284,45.32664,-122.26553,294.6,
21285,45.32665,-122.26549,294.6,
21286,45.32669,-122.26539,296.8,
21287,45.3267,-122.26532,297.5,
21288,45.32673,-122.26518,298.4,
21289,45.32676,-122.265,297.5,
21290,45.3268,-122.26475,301.0,
21291,45.3268,-122.26474,300.9,
21292,45.32681,-122.2646,301.9,
21293,45.3268,-122.26453,301.4,
21294,45.32679,-122.2645,301.3,
21295,45.32679,-122.26446,301.6,
21296,45.32676,-122.2644,300.9,
21297,45.32672,-122.26435,301.3,
21298,45.32667,-122.26431,301.7,
21299,45.3266,-122.2643,302.2,
21300,45.32654,-122.26432,302.6,
21301,45.32627,-122.26443,305.5,
21302,45.3262,-122.26445,306.2,
21303,45.32615,-122.26445,306.4,
21304,45.32614,-122.26445,306.5,
21305,45.32605,-122.26446,306.8,
21306,45.32591,-122.26444,307.9,
21307,45.32583,-122.26443,308.4,
21308,45.32576,-122.2644,308.9,
21309,45.3257,-122.26437,309.2,
21310,45.32558,-122.26428,309.9,
21311,45.32548,-122.26418,310.8,
21312,45.32533,-122.26404,312.1,
21313,45.32532,-122.26403,312.2,
21314,45.32518,-122.2639,313.8,
21315,45.32515,-122.26387,314.5,
21316,45.32503,-122.26375,315.7,
21317,45.325,-122.26371,315.8,
21318,45.32486,-122.26354,317.8,
21319,45.32475,-122.26334,319.0,
21320,45.32469,-122.26321,319.3,
21321,45.32463,-122.26307,319.5,
21322,45.32461,-122.26294,320.7,
21323,45.32461,-122.26291,321.2,
21324,45.32461,-122.26284,321.8,
21325,45.32462,-122.26276,321.8,
21326,45.32464,-122.26269,321.5,
21327,45.32467,-122.26263,322.5,
21328,45.32474,-122.26248,323.1,
21329,45.32487,-122.26224,325.4,
21330,45.32492,-122.26212,326.0,
21331,45.32494,-122.26205,326.4,
21332,45.32494,-122.26204,326.5,
21333,45.32495,-122.26198,326.7,
21334,45.32495,-122.26191,326.9,
21335,45.32494,-122.26184,327.1,
21336,45.32493,-122.26178,327.6,
21337,45.32488,-122.26163,329.1,
21338,45.32482,-122.26152,329.5,
21339,45.32461,-122.26114,331.9,
21340,45.32458,-122.26107,332.9,
21341,45.32456,-122.261,333.3,
21342,45.32454,-122.26092,333.0,
21343,45.32453,-122.26085,333.6,
21344,45.32453,-122.26077,334.3,
21345,45.32454,-122.26048,335.8,
21346,45.32454,-122.26034,336.4,
21347,45.32454,-122.26019,337.1,
21348,45.32453,-122.26005,337.8,
21349,45.32452,-122.26,338.3,
21350,45.32452,-122.25983,339.8,
21351,45.32452,-122.25974,340.8,
21352,45.32453,-122.25968,340.6,
21353,45.32454,-122.2596,340.2,
21354,45.32458,-122.25946,341.8,
21355,45.32461,-122.25939,341.8,
21356,45.32467,-122.25926,343.5,
21357,45.3247,-122.25919,343.5,
21358,45.32478,-122.25908,344.9,
21359,45.3249,-122.25889,345.4,
21360,45.32498,-122.25876,346.4,
21361,45.32501,-122.25869,347.0,
21362,45.32503,-122.25863,347.1,
21363,45.32504,-122.25856,347.6,
21364,45.32504,-122.25849,348.2,
21365,45.32502,-122.25842,348.7,
21366,45.32498,-122.25837,349.0,
21367,45.32494,-122.25832,349.5,
21368,45.32489,-122.25828,349.8,
21369,45.32474,-122.25815,351.1,
21370,45.32472,-122.25814,351.3,
21371,45.32466,-122.25809,351.7,
21372,45.32461,-122.25803,352.4,
21373,45.3246,-122.25799,352.8,
21374,45.32458,-122.25796,353.1,
21375,45.32455,-122.25788,353.4,
21376,45.32454,-122.2578,353.7,
21377,45.32454,-122.25772,354.2,
21378,45.32455,-122.25765,354.9,
21379,45.32458,-122.25751,356.4,
21380,45.3246,-122.25746,356.6,
21381,45.32463,-122.25737,355.9,
21382,45.32467,-122.25729,356.9,
21383,45.32469,-122.25724,357.3,
21384,45.32475,-122.25711,356.4,
21385,45.32483,-122.25699,355.9,
21386,45.3249,-122.2569,355.3,
21387,45.32492,-122.25687,356.0,
21388,45.32501,-122.25676,357.5,
21389,45.32533,-122.25644,360.6,
21390,45.32537,-122.25639,361.1,
21391,45.32547,-122.25629,362.3,
21392,45.32552,-122.25624,363.0,
21393,45.32563,-122.25615,364.4,
21394,45.32569,-122.2561,365.1,
21395,45.32578,-122.25602,365.9,
21396,45.32586,-122.25596,366.6,
21397,45.32594,-122.2559,367.0,
21398,45.32609,-122.2558,369.0,
21399,45.32621,-122.25571,369.6,
21400,45.32648,-122.25553,372.2,
21401,45.32659,-122.25545,372.9,
21402,45.32664,-122.25542,373.5,
21403,45.32676,-122.25534,374.5,
21404,45.3268,-122.25531,374.9,
21405,45.32688,-122.25525,375.7,
21406,45.32712,-122.25508,378.2,
21407,45.32723,-122.255,379.1,
21408,45.32725,-122.25499,379.3,
21409,45.32728,-122.25496,379.5,
21410,45.32739,-122.25488,380.2,
21411,45.32744,-122.25484,380.5,
21412,45.32746,-122.25482,380.6,
21413,45.32754,-122.25474,381.1,
21414,45.32756,-122.25471,381.1,
21415,45.32758,-122.25469,381.2,
21416,45.32765,-122.2546,381.2,
21417,45.32768,-122.25453,381.1,
21418,45.3277,-122.25449,381.1,
21419,45.32774,-122.2544,381.0,
21420,45.32776,-122.25434,380.9,
21421,45.32776,-122.25433,380.9,
21422,45.32779,-122.2542,381.0,
21423,45.32781,-122.25405,381.0,
21424,45.32782,-122.25401,380.9,
21425,45.32782,-122.25391,380.8,
21426,45.32782,-122.25376,380.6,
21427,45.32783,-122.25325,380.5,
21428,45.32783,-122.25299,380.7,
21429,45.32783,-122.25297,380.7,
21430,45.32783,-122.25222,382.2,
21431,45.32783,-122.25205,382.4,
21432,45.32783,-122.25184,382.7,
21433,45.32783,-122.25108,383.9,
21434,45.32783,-122.25082,384.1,
21435,45.32783,-122.25063,384.2,
21436,45.32783,-122.25051,384.1,
21437,45.32783,-122.25034,383.9,
21438,45.32785,-122.25019,383.6,
21439,45.32788,-122.25006,383.1,
21440,45.32799,-122.24987,382.5,
21441,45.32824,-122.24985,382.3,
21442,45.32851,-122.24984,382.2,
21443,45.3286,-122.24983,382.2,
21444,45.32878,-122.24982,382.0,
21445,45.32889,-122.24981,381.9,
21446,45.32896,-122.2498,381.8,
21447,45.32914,-122.24979,381.1,
21448,45.32915,-122.24979,381.0,
21449,45.32925,-122.24978,380.4,
21450,45.32932,-122.24978,379.7,
21451,45.32943,-122.24977,378.4,
21452,45.32968,-122.24976,375.4,
21453,45.32986,-122.24975,374.4,
21454,45.32997,-122.24975,373.9,
21455,45.33015,-122.24974,373.2,
21456,45.33019,-122.24974,373.0,
21457,45.33022,-122.24974,372.9,
21458,45.33033,-122.24974,372.7,
21459,45.3304,-122.24974,372.8,
21460,45.33051,-122.24974,373.2,
21461,45.33058,-122.24974,373.5,
21462,45.33076,-122.24975,374.3,
21463,45.33087,-122.24975,374.7,
21464,45.33094,-122.24975,375.0,
21465,45.33105,-122.24975,375.7,
21466,45.33123,-122.24972,376.8,
21467,45.33132,-122.24968,377.4,
21468,45.33134,-122.24964,377.6,
21469,45.33137,-122.2496,377.8,
21470,45.33141,-122.24942,378.8,
21471,45.33141,-122.24935,379.1,
21472,45.33141,-122.24916,379.6,
21473,45.33142,-122.24914,379.7,
21474,45.33141,-122.24884,380.0,
21475,45.3314,-122.24879,380.0,
21476,45.3314,-122.24858,380.3,
21477,45.33139,-122.24839,380.4,
21478,45.33139,-122.24832,380.5,
21479,45.33139,-122.24828,380.5,
21480,45.33138,-122.24807,380.7,
21481,45.33138,-122.24803,380.7,
21482,45.33136,-122.24752,381.2,
21483,45.33136,-122.24737,381.4,
21484,45.33136,-122.24732,381.5,
21485,45.33135,-122.24726,381.6,
21486,45.33134,-122.24681,382.0,
21487,45.33134,-122.24656,382.3,
21488,45.33133,-122.24624,382.7,
21489,45.33133,-122.24609,382.8,
21490,45.33132,-122.24547,383.3,
21491,45.3313,-122.2447,383.5,
21492,45.33129,-122.24445,383.5,
21493,45.33129,-122.2443,383.6,
21494,45.33129,-122.24419,383.6,
21495,45.33127,-122.24342,383.8,
21496,45.33127,-122.24317,384.0,
21497,45.33127,-122.24302,384.1,
21498,45.33125,-122.24241,385.0,
21499,45.33124,-122.24123,387.7,
21500,45.33124,-122.24113,387.9,
21501,45.33124,-122.24082,388.6,
21502,45.33123,-122.24072,388.8,
21503,45.33123,-122.24022,389.9,
21504,45.33122,-122.23983,390.8,
21505,45.33121,-122.23961,391.3,
21506,45.33121,-122.23949,391.5,
21507,45.3312,-122.23939,391.6,
21508,45.3312,-122.23902,391.7,
21509,45.3312,-122.23895,391.7,
21510,45.33119,-122.2386,391.9,
21511,45.33119,-122.23851,392.0,
21512,45.33119,-122.23774,392.2,
21513,45.33119,-122.23747,392.2,
21514,45.33118,-122.23707,392.3,
21515,45.33118,-122.23667,392.5,
21516,45.33118,-122.23616,393.0,
21517,45.33118,-122.23594,393.4,
21518,45.33118,-122.23533,394.5,
21519,45.33118,-122.23484,395.7,
21520,45.33118,-122.2347,396.1,
21521,45.33118,-122.23374,399.0,
21522,45.33118,-122.23364,399.2,
21523,45.33118,-122.23287,400.9,
21524,45.33118,-122.23195,402.7,
21525,45.33118,-122.23184,402.8,
21526,45.33118,-122.2315,403.1,
21527,45.33118,-122.23099,403.1,
21528,45.33118,-122.23067,403.1,
21529,45.33118,-122.23066,403.1,
21530,45.33118,-122.23048,403.1,
21531,45.33118,-122.2301,403.1,
21532,45.33118,-122.22984,402.9,
21533,45.33119,-122.22966,402.5,
21534,45.33119,-122.22965,402.4,
21535,45.33121,-122.22944,401.8,
21536,45.33123,-122.22916,401.4,
21537,45.33123,-122.22916,401.4,
21538,45.33141,-122.22917,402.1,
21539,45.33161,-122.22917,403.2,
21540,45.33174,-122.22918,403.7,
21541,45.33176,-122.22918,403.8,
21542,45.33194,-122.2292,404.1,
21543,45.3321,-122.22921,404.1,
21544,45.33226,-122.22922,403.4,
21545,45.33233,-122.22923,403.0,
21546,45.33246,-122.22923,402.4,
21547,45.33247,-122.22923,402.3,
21548,45.33249,-122.22923,402.3,
21549,45.33251,-122.22922,402.2,
21550,45.33262,-122.22922,401.7,
21551,45.33264,-122.22921,401.5,
21552,45.33269,-122.2292,401.2,
21553,45.33276,-122.22919,400.7,
21554,45.33283,-122.22916,400.2,
21555,45.33286,-122.22915,399.9,
21556,45.33289,-122.22914,399.6,
21557,45.33298,-122.2291,398.8,
21558,45.33302,-122.22908,398.4,
21559,45.33314,-122.229,397.0,
21560,45.33326,-122.22891,395.7,
21561,45.33333,-122.22887,394.9,
21562,45.33336,-122.22885,394.5,
21563,45.33339,-122.22883,394.2,
21564,45.33346,-122.22881,393.5,
21565,45.33348,-122.2288,393.3,
21566,45.33353,-122.2288,392.8,
21567,45.33354,-122.2288,392.7,
21568,45.33361,-122.22881,392.1,
21569,45.33368,-122.22884,391.2,
21570,45.33371,-122.22886,390.8,
21571,45.33372,-122.22887,390.6,
21572,45.33374,-122.22889,390.2,
21573,45.33381,-122.22897,388.8,
21574,45.33384,-122.22901,388.3,
21575,45.33384,-122.22902,388.3,
21576,45.33384,-122.22903,388.3,
21577,45.33386,-122.22905,388.0,
21578,45.33387,-122.22908,387.8,
21579,45.33394,-122.22921,386.8,
21580,45.33394,-122.22924,386.8,
21581,45.33397,-122.2293,386.3,
21582,45.33401,-122.22942,385.5,
21583,45.33409,-122.2297,383.7,
21584,45.33411,-122.22976,383.2,
21585,45.33414,-122.22987,382.6,
21586,45.33416,-122.22994,382.2,
21587,45.33418,-122.23002,381.8,
21588,45.33423,-122.23017,381.0,
21589,45.33423,-122.23018,381.1,
21590,45.33426,-122.23027,380.7,
21591,45.33432,-122.23047,379.9,
21592,45.33437,-122.23065,379.2,
21593,45.33437,-122.23068,379.2,
21594,45.33439,-122.23075,378.9,
21595,45.33441,-122.23082,378.6,
21596,45.33442,-122.23089,378.5,
21597,45.33443,-122.23097,378.2,
21598,45.33445,-122.23111,377.2,
21599,45.33445,-122.23114,377.0,
21600,45.33445,-122.2312,376.5,
21601,45.33446,-122.23132,375.6,
21602,45.33446,-122.2314,375.4,
21603,45.33446,-122.23145,375.3,
21604,45.33447,-122.23155,375.0,
21605,45.33448,-122.23158,374.8,
21606,45.33448,-122.23162,374.7,
21607,45.33449,-122.23165,374.6,
21608,45.3345,-122.23168,374.4,
21609,45.33453,-122.23176,374.1,
21610,45.33455,-122.23182,373.8,
21611,45.33458,-122.23187,373.4,
21612,45.33459,-122.23188,373.3,
21613,45.3346,-122.2319,373.2,
21614,45.33463,-122.23194,372.8,
21615,45.33468,-122.23198,372.1,
21616,45.33473,-122.23202,371.5,
21617,45.33473,-122.23203,371.6,
21618,45.3348,-122.23205,370.6,
21619,45.33485,-122.23207,370.0,
21620,45.33487,-122.23207,369.7,
21621,45.3349,-122.23207,369.3,
21622,45.33493,-122.23207,368.8,
21623,45.335,-122.23206,367.6,
21624,45.33506,-122.23203,366.4,
21625,45.33507,-122.23202,366.2,
21626,45.33512,-122.23199,365.1,
21627,45.33517,-122.23194,363.8,
21628,45.33518,-122.23192,363.5,
21629,45.33521,-122.23188,362.8,
21630,45.33521,-122.23186,362.7,
21631,45.33527,-122.23175,361.0,
21632,45.33528,-122.23171,360.6,
21633,45.3353,-122.23164,359.9,
21634,45.33531,-122.23161,359.6,
21635,45.33534,-122.23147,357.9,
21636,45.33534,-122.23144,357.7,
21637,45.33534,-122.23139,357.4,
21638,45.33536,-122.23114,356.0,
21639,45.33537,-122.23097,354.3,
21640,45.33537,-122.23096,354.2,
21641,45.33538,-122.23089,352.9,
21642,45.33539,-122.23083,351.7,
21643,45.33542,-122.23068,350.1,
21644,45.33543,-122.23064,349.8,
21645,45.33546,-122.23054,349.1,
21646,45.3355,-122.2304,348.8,
21647,45.33556,-122.23027,348.1,
21648,45.33556,-122.23025,348.3,
21649,45.33559,-122.23018,347.9,
21650,45.33578,-122.22973,346.4,
21651,45.33588,-122.22953,345.9,
21652,45.33589,-122.22951,345.9,
21653,45.33592,-122.22947,345.7,
21654,45.33597,-122.22941,345.5,
21655,45.33601,-122.22937,345.3,
21656,45.33602,-122.22936,345.3,
21657,45.33614,-122.22928,344.7,
21658,45.33626,-122.22925,344.1,
21659,45.33636,-122.22927,343.7,
21660,45.33648,-122.22928,344.8,
21661,45.33657,-122.22932,346.3,
21662,45.33665,-122.22938,347.6,
21663,45.33668,-122.22941,348.1,
21664,45.33674,-122.22947,349.4,
21665,45.33679,-122.22955,350.5,
21666,45.33682,-122.2296,351.1,
21667,45.33687,-122.22973,352.3,
21668,45.33688,-122.22976,352.6,
21669,45.33692,-122.22988,353.5,
21670,45.33695,-122.23002,353.5,
21671,45.33699,-122.23023,355.2,
21672,45.337,-122.23024,355.8,
21673,45.33703,-122.23041,359.2,
21674,45.33709,-122.23074,362.5,
21675,45.33713,-122.23099,362.8,
21676,45.33718,-122.23124,363.0,
21677,45.33722,-122.23148,363.1,
21678,45.33723,-122.23155,363.1,
21679,45.33729,-122.23184,363.6,
21680,45.33733,-122.23197,364.1,
21681,45.33736,-122.23213,364.2,
21682,45.33741,-122.23227,365.0,
21683,45.33745,-122.2324,366.4,
21684,45.33754,-122.23268,371.7,
21685,45.33755,-122.23272,372.0,
21686,45.33763,-122.2329,373.8,
21687,45.3377,-122.23306,375.0,
21688,45.33783,-122.23332,376.9,
21689,45.33834,-122.23438,379.5,
21690,45.33837,-122.23446,379.6,
21691,45.33844,-122.23459,379.8,
21692,45.33855,-122.23478,379.9,
21693,45.33855,-122.23478,379.9,
21694,45.33884,-122.23486,380.2,
21695,45.33891,-122.23487,380.2,
21696,45.33905,-122.23488,380.4,
21697,45.3391,-122.23488,380.4,
21698,45.33946,-122.23491,380.2,
21699,45.33964,-122.23492,380.0,
21700,45.33982,-122.23494,379.7,
21701,45.34,-122.23496,379.2,
21702,45.34036,-122.23495,378.9,
21703,45.34053,-122.23498,378.6,
21704,45.3406,-122.23499,378.4,
21705,45.34065,-122.235,378.3,
21706,45.34119,-122.23504,377.5,
21707,45.34125,-122.23505,377.4,
21708,45.34137,-122.23506,377.4,
21709,45.34161,-122.23507,377.3,
21710,45.34173,-122.23508,377.3,
21711,45.34197,-122.2351,377.4,
21712,45.34213,-122.23511,377.5,
21713,45.34227,-122.23512,377.5,
21714,45.34251,-122.23514,377.7,
21715,45.34299,-122.23518,378.2,
21716,45.34305,-122.23518,378.3,
21717,45.34341,-122.2352,378.7,
21718,45.34346,-122.2352,378.7,
21719,45.34359,-122.23521,378.8,
21720,45.34388,-122.23523,379.0,
21721,45.34401,-122.23524,379.0,
21722,45.34424,-122.23525,379.6,
21723,45.34429,-122.23526,379.8,
21724,45.34465,-122.23529,380.9,
21725,45.34478,-122.2353,381.2,
21726,45.34496,-122.23532,381.6,
21727,45.34501,-122.23532,381.7,
21728,45.34514,-122.23533,381.9,
21729,45.34535,-122.23534,382.1,
21730,45.34579,-122.23537,382.0,
21731,45.34586,-122.23538,381.9,
21732,45.34611,-122.23539,381.3,
21733,45.34629,-122.2354,380.9,
21734,45.34683,-122.23539,379.8,
21735,45.34701,-122.2354,379.5,
21736,45.34773,-122.23541,378.1,
21737,45.34844,-122.23542,379.9,
21738,45.34849,-122.23543,380.1,
21739,45.34886,-122.23544,381.1,
21740,45.34934,-122.23545,381.1,
21741,45.34939,-122.23545,381.0,
21742,45.34958,-122.23545,380.5,
21743,45.3497,-122.23545,380.1,
21744,45.34987,-122.23546,379.7,
21745,45.35006,-122.23544,379.3,
21746,45.35077,-122.23541,376.3,
21747,45.35088,-122.23541,376.1,
21748,45.35117,-122.2354,375.0,
21749,45.35131,-122.23539,373.7,
21750,45.35134,-122.23539,373.3,
21751,45.35139,-122.23537,372.9,
21752,45.35146,-122.23536,372.0,
21753,45.35149,-122.23534,371.8,
21754,45.35152,-122.23532,371.5,
21755,45.35158,-122.23528,371.0,
21756,45.35163,-122.23523,370.7,
21757,45.35164,-122.23522,370.6,
21758,45.35172,-122.23512,370.3,
21759,45.35175,-122.23506,370.2,
21760,45.35179,-122.235,369.8,
21761,45.35183,-122.23494,369.4,
21762,45.35184,-122.23491,369.4,
21763,45.35185,-122.23487,369.4,
21764,45.35204,-122.23448,362.7,
21765,45.35207,-122.23442,362.3,
21766,45.35212,-122.23432,361.8,
21767,45.35215,-122.23428,361.7,
21768,45.35223,-122.23421,361.3,
21769,45.35231,-122.2342,362.9,
21770,45.35238,-122.23423,364.7,
21771,45.35242,-122.23426,365.8,
21772,45.35243,-122.23428,366.1,
21773,45.35248,-122.23434,367.2,
21774,45.35254,-122.23445,368.5,
21775,45.35258,-122.23452,369.1,
21776,45.35264,-122.23465,370.3,
21777,45.35264,-122.23466,370.3,
21778,45.35266,-122.23468,370.6,
21779,45.35267,-122.23472,370.9,
21780,45.35273,-122.23488,372.0,
21781,45.35279,-122.23499,373.1,
21782,45.35281,-122.23506,373.5,
21783,45.35284,-122.23521,374.1,
21784,45.35285,-122.23535,374.6,
21785,45.35286,-122.23543,375.1,
21786,45.35286,-122.23565,376.1,
21787,45.35285,-122.23586,376.9,
21788,45.35284,-122.23638,378.3,
21789,45.35284,-122.23647,378.7,
21790,45.35284,-122.23663,379.6,
21791,45.35285,-122.2367,380.0,
21792,45.35286,-122.23685,380.8,
21793,45.35287,-122.23688,380.9,
21794,45.35287,-122.23689,380.9,
21795,45.3529,-122.23699,381.2,
21796,45.35293,-122.23707,381.4,
21797,45.35295,-122.23711,381.6,
21798,45.353,-122.23721,381.7,
21799,45.35306,-122.23728,381.8,
21800,45.35313,-122.23733,381.8,
21801,45.35313,-122.23733,381.8,
21802,45.35309,-122.23751,381.5,
21803,45.35309,-122.23758,381.4,
21804,45.35308,-122.23761,381.3,
21805,45.35309,-122.23766,381.3,
21806,45.35308,-122.23772,381.1,
21807,45.35307,-122.23779,381.0,
21808,45.35307,-122.23783,380.9,
21809,45.35307,-122.23786,380.8,
21810,45.35306,-122.23807,380.2,
21811,45.35306,-122.23809,380.1,
21812,45.35306,-122.2386,378.3,
21813,45.35307,-122.23911,376.9,
21814,45.35307,-122.23937,376.2,
21815,45.35308,-122.23962,375.9,
21816,45.35308,-122.23963,375.9,
21817,45.35308,-122.23988,375.5,
21818,45.35309,-122.24039,375.2,
21819,45.35309,-122.24062,375.2,
21820,45.35309,-122.24065,375.2,
21821,45.3531,-122.24077,375.2,
21822,45.3531,-122.24114,375.3,
21823,45.35311,-122.24154,375.4,
21824,45.35312,-122.24222,375.8,
21825,45.35312,-122.24236,375.9,
21826,45.35312,-122.24287,376.2,
21827,45.35312,-122.24298,376.3,
21828,45.35313,-122.24347,376.7,
21829,45.35313,-122.24368,376.9,
21830,45.35314,-122.24495,376.9,
21831,45.35313,-122.24545,376.2,
21832,45.35313,-122.24551,376.2,
21833,45.35314,-122.246,375.4,
21834,45.35314,-122.24617,375.0,
21835,45.35314,-122.24626,374.8,
21836,45.35314,-122.2465,374.3,
21837,45.35314,-122.24656,374.2,
21838,45.35315,-122.24701,373.0,
21839,45.35315,-122.24727,372.3,
21840,45.35315,-122.24761,371.2,
21841,45.35315,-122.24773,370.8,
21842,45.35315,-122.24778,370.6,
21843,45.35315,-122.24779,370.5,
21844,45.35315,-122.24795,369.9,
21845,45.35316,-122.2483,368.9,
21846,45.35316,-122.24855,368.2,
21847,45.35317,-122.24932,365.8,
21848,45.35317,-122.24933,365.8,
21849,45.35318,-122.25009,363.0,
21850,45.35318,-122.25017,362.7,
21851,45.35318,-122.25021,362.5,
21852,45.35318,-122.25047,361.4,
21853,45.35318,-122.25051,361.2,
21854,45.35319,-122.25119,359.0,
21855,45.35319,-122.25123,358.9,
21856,45.35319,-122.25137,358.6,
21857,45.3532,-122.25149,358.4,
21858,45.3532,-122.25197,357.8,
21859,45.3532,-122.2524,356.5,
21860,45.3532,-122.25265,355.6,
21861,45.3532,-122.25273,355.3,
21862,45.35321,-122.25291,354.7,
21863,45.35321,-122.25342,352.7,
21864,45.35322,-122.25368,351.5,
21865,45.35322,-122.25389,350.3,
21866,45.35323,-122.25425,347.3,
21867,45.35324,-122.25444,346.0,
21868,45.35324,-122.25455,345.4,
21869,45.35326,-122.25469,344.9,
21870,45.35326,-122.2547,344.9,
21871,45.35327,-122.25476,344.7,
21872,45.3533,-122.25483,344.4,
21873,45.35332,-122.2549,344.0,
21874,45.35336,-122.25496,343.8,
21875,45.3534,-122.25502,343.5,
21876,45.35347,-122.25511,343.3,
21877,45.35361,-122.25526,342.2,
21878,45.35368,-122.25534,341.5,
21879,45.35375,-122.25542,340.9,
21880,45.35375,-122.25543,340.8,
21881,45.35386,-122.25558,340.1,
21882,45.35388,-122.2556,340.2,
21883,45.3539,-122.25564,340.4,
21884,45.35393,-122.25571,340.6,
21885,45.35395,-122.25578,340.6,
21886,45.35397,-122.25583,340.4,
21887,45.35399,-122.25591,340.4,
21888,45.35405,-122.25628,340.1,
21889,45.35406,-122.25632,339.8,
21890,45.35411,-122.25657,339.3,
21891,45.35412,-122.25663,339.0,
21892,45.35416,-122.25681,338.1,
21893,45.35421,-122.257,338.5,
21894,45.35431,-122.25736,338.3,
21895,45.35434,-122.25745,338.0,
21896,45.35442,-122.25768,338.1,
21897,45.35446,-122.25783,338.4,
21898,45.35448,-122.25791,338.7,
21899,45.3545,-122.25798,338.9,
21900,45.35453,-122.25816,337.8,
21901,45.35458,-122.25841,336.1,
21902,45.35463,-122.25865,335.0,
21903,45.35465,-122.25875,335.2,
21904,45.35468,-122.2589,334.9,
21905,45.35472,-122.25903,334.5,
21906,45.35474,-122.25914,334.5,
21907,45.35474,-122.25917,334.6,
21908,45.35479,-122.25938,334.7,
21909,45.35481,-122.25946,334.4,
21910,45.35485,-122.2596,335.4,
21911,45.35486,-122.25962,335.5,
21912,45.3549,-122.25974,335.4,
21913,45.35496,-122.25983,336.4,
21914,45.35498,-122.25985,336.5,
21915,45.35502,-122.25991,336.8,
21916,45.35507,-122.25996,337.3,
21917,45.35512,-122.26,337.7,
21918,45.35518,-122.26004,338.1,
21919,45.35527,-122.26008,338.9,
21920,45.35531,-122.2601,339.2,
21921,45.35579,-122.26027,345.0,
21922,45.35584,-122.26028,345.6,
21923,45.35594,-122.26031,346.6,
21924,45.35597,-122.26031,346.8,
21925,45.35601,-122.26031,347.2,
21926,45.35607,-122.2603,347.5,
21927,45.3562,-122.26023,348.3,
21928,45.3563,-122.26015,349.0,
21929,45.35631,-122.26015,349.0,
21930,45.35643,-122.26005,349.9,
21931,45.35657,-122.25997,350.9,
21932,45.35663,-122.25996,351.4,
21933,45.35664,-122.25996,351.5,
21934,45.35665,-122.25995,351.6,
21935,45.35673,-122.25997,352.2,
21936,45.35681,-122.26,352.7,
21937,45.35692,-122.26009,353.2,
21938,45.35704,-122.26024,353.5,
21939,45.35716,-122.26035,353.3,
21940,45.35723,-122.2604,353.0,
21941,45.35726,-122.2604,352.9,
21942,45.35733,-122.26041,352.6,
21943,45.35737,-122.26041,352.4,
21944,45.3578,-122.26039,350.0,
21945,45.35793,-122.26038,349.4,
21946,45.35808,-122.26037,349.0,
21947,45.3582,-122.26036,348.8,
21948,45.35838,-122.26035,348.7,
21949,45.35841,-122.26035,348.7,
21950,45.35844,-122.26034,348.7,
21951,45.35856,-122.26034,348.9,
21952,45.35874,-122.26033,349.4,
21953,45.3588,-122.26032,349.7,
21954,45.35892,-122.26032,350.1,
21955,45.35909,-122.26031,351.0,
21956,45.3591,-122.26031,351.0,
21957,45.35948,-122.26029,353.3,
21958,45.35952,-122.2603,353.6,
21959,45.35982,-122.26029,354.5,
21960,45.35989,-122.2603,354.6,
21961,45.36018,-122.26034,354.3,
21962,45.36053,-122.26039,353.7,
21963,45.36058,-122.2604,353.5,
21964,45.36085,-122.26039,352.7,
21965,45.36121,-122.26039,350.8,
21966,45.36137,-122.26039,349.4,
21967,45.36146,-122.26039,348.4,
21968,45.36158,-122.26038,346.7,
21969,45.362,-122.26037,341.7,
21970,45.36206,-122.26037,341.4,
21971,45.36209,-122.26037,341.4,
21972,45.36218,-122.26037,341.1,
21973,45.36236,-122.26036,340.5,
21974,45.36245,-122.26036,340.2,
21975,45.36254,-122.26035,339.8,
21976,45.36324,-122.26033,338.1,
21977,45.36353,-122.26032,337.4,
21978,45.36356,-122.26032,337.3,
21979,45.36389,-122.26032,336.6,
21980,45.36392,-122.26032,336.4,
21981,45.36398,-122.26032,336.1,
21982,45.36425,-122.26031,335.4,
21983,45.36443,-122.2603,335.4,
21984,45.36461,-122.2603,336.8,
21985,45.36484,-122.26029,338.5,
21986,45.36515,-122.26028,340.4,
21987,45.36548,-122.26027,343.2,
21988,45.36551,-122.26027,343.4,
21989,45.3656,-122.26027,344.1,
21990,45.36569,-122.26027,344.6,
21991,45.36586,-122.26027,344.6,
21992,45.36617,-122.26026,341.4,
21993,45.36618,-122.26026,341.4,
21994,45.36636,-122.26026,340.8,
21995,45.36647,-122.26026,340.8,
21996,45.36654,-122.26026,340.9,
21997,45.36657,-122.26026,341.0,
21998,45.36665,-122.26026,341.3,
21999,45.3669,-122.26027,342.2,
22000,45.36698,-122.26027,342.3,
22001,45.36706,-122.26029,342.3,
22002,45.36708,-122.2603,342.2,
22003,45.36715,-122.26033,342.0,
22004,45.36724,-122.26039,341.7,
22005,45.36734,-122.26054,341.1,
22006,45.36737,-122.26059,340.8,
22007,45.36748,-122.26079,340.2,
22008,45.36764,-122.26108,339.5,
22009,45.3677,-122.2612,339.6,
22010,45.3677,-122.26121,339.6,
22011,45.36773,-122.26128,339.5,
22012,45.36778,-122.26141,339.9,
22013,45.36781,-122.26156,340.2,
22014,45.36782,-122.26163,340.4,
22015,45.36783,-122.26186,340.9,
22016,45.36783,-122.26218,341.2,
22017,45.36783,-122.26244,341.3,
22018,45.36782,-122.26269,341.4,
22019,45.36782,-122.2627,341.4,
22020,45.36782,-122.26295,341.1,
22021,45.36782,-122.26321,340.8,
22022,45.36782,-122.26347,340.4,
22023,45.36782,-122.26362,340.1,
22024,45.36782,-122.26368,339.9,
22025,45.36782,-122.26372,339.8,
22026,45.36782,-122.26423,339.2,
22027,45.36782,-122.26441,339.2,
22028,45.36782,-122.26449,339.1,
22029,45.36782,-122.26478,339.2,
22030,45.36781,-122.26516,339.5,
22031,45.36781,-122.26526,339.5,
22032,45.36782,-122.26551,339.5,
22033,45.36782,-122.26553,339.6,
22034,45.36783,-122.26561,339.5,
22035,45.36786,-122.26576,339.5,
22036,45.36786,-122.26576,339.5,
22037,45.36796,-122.2658,338.7,
22038,45.36804,-122.26581,338.0,
22039,45.3681,-122.26581,337.5,
22040,45.36822,-122.26581,336.4,
22041,45.3684,-122.26581,334.6,
22042,45.36876,-122.2658,331.4,
22043,45.36894,-122.2658,330.2,
22044,45.36931,-122.26579,328.0,
22045,45.36966,-122.26579,324.8,
22046,45.36984,-122.26579,322.6,
22047,45.37002,-122.26579,320.3,
22048,45.3702,-122.2658,317.5,
22049,45.37056,-122.26581,312.5,
22050,45.37074,-122.26581,309.8,
22051,45.37092,-122.26581,307.8,
22052,45.37109,-122.26581,306.5,
22053,45.37122,-122.26581,305.8,
22054,45.3714,-122.26582,305.3,
22055,45.37158,-122.26583,305.8,
22056,45.37176,-122.26583,307.1,
22057,45.37194,-122.26583,308.1,
22058,45.37216,-122.26584,309.8,
22059,45.37218,-122.26584,310.0,
22060,45.37229,-122.26584,310.9,
22061,45.37237,-122.26584,311.6,
22062,45.37254,-122.26584,313.1,
22063,45.37255,-122.26584,313.1,
22064,45.37272,-122.26585,314.4,
22065,45.37273,-122.26585,314.5,
22066,45.3729,-122.26585,315.8,
22067,45.37326,-122.26585,319.0,
22068,45.37327,-122.26585,319.1,
22069,45.37338,-122.26586,320.0,
22070,45.37344,-122.26586,320.4,
22071,45.37345,-122.26586,320.4,
22072,45.37356,-122.26586,321.0,
22073,45.37362,-122.26586,321.3,
22074,45.37363,-122.26586,321.3,
22075,45.37373,-122.26586,321.6,
22076,45.37378,-122.26586,321.6,
22077,45.3738,-122.26587,321.6,
22078,45.37391,-122.26587,321.7,
22079,45.37398,-122.26587,321.7,
22080,45.37409,-122.26587,321.6,
22081,45.37452,-122.26587,321.9,
22082,45.37507,-122.26587,323.1,
22083,45.37525,-122.26588,323.3,
22084,45.37531,-122.26588,323.4,
22085,45.37543,-122.26588,323.4,
22086,45.37548,-122.26587,323.4,
22087,45.37561,-122.26587,323.2,
22088,45.37569,-122.26586,323.0,
22089,45.37582,-122.26585,322.5,
22090,45.37602,-122.26585,321.1,
22091,45.3762,-122.26584,319.3,
22092,45.37656,-122.26582,314.8,
22093,45.37674,-122.26582,314.0,
22094,45.37692,-122.26582,313.9,
22095,45.37702,-122.26581,314.3,
22096,45.3771,-122.26581,314.9,
22097,45.37738,-122.2658,317.4,
22098,45.37746,-122.26579,317.9,
22099,45.37752,-122.26579,318.2,
22100,45.37762,-122.26579,318.6,
22101,45.37778,-122.26579,318.7,
22102,45.37783,-122.26579,318.6,
22103,45.3779,-122.26579,318.4,
22104,45.37801,-122.26578,318.0,
22105,45.37814,-122.26578,317.3,
22106,45.37832,-122.26577,316.9,
22107,45.37836,-122.26577,316.8,
22108,45.3785,-122.26577,316.7,
22109,45.37854,-122.26576,316.9,
22110,45.37857,-122.26576,317.0,
22111,45.37872,-122.26576,317.8,
22112,45.37878,-122.26576,318.1,
22113,45.37893,-122.26575,319.2,
22114,45.37929,-122.26573,321.8,
22115,45.37947,-122.26572,322.5,
22116,45.37978,-122.26571,323.1,
22117,45.3798,-122.26571,323.1,
22118,45.37996,-122.2657,323.0,
22119,45.37999,-122.26569,322.9,
22120,45.38016,-122.26568,322.4,
22121,45.38018,-122.26568,322.3,
22122,45.38034,-122.26567,321.7,
22123,45.38041,-122.26566,321.4,
22124,45.38052,-122.26566,320.9,
22125,45.38053,-122.26566,320.9,
22126,45.38106,-122.26563,318.1,
22127,45.38142,-122.26562,316.3,
22128,45.38165,-122.26561,315.0,
22129,45.38183,-122.2656,313.8,
22130,45.3821,-122.26559,311.9,
22131,45.38223,-122.26558,310.7,
22132,45.38228,-122.26558,310.2,
22133,45.38236,-122.26557,309.2,
22134,45.38239,-122.26557,308.8,
22135,45.38246,-122.26557,307.8,
22136,45.38249,-122.26557,307.4,
22137,45.38258,-122.26558,305.8,
22138,45.38268,-122.26557,304.4,
22139,45.38288,-122.26556,301.6,
22140,45.38291,-122.26556,301.3,
22141,45.38293,-122.26556,301.0,
22142,45.38307,-122.26555,300.2,
22143,45.38309,-122.26555,300.2,
22144,45.38311,-122.26555,300.1,
22145,45.38325,-122.26555,300.3,
22146,45.38327,-122.26555,300.3,
22147,45.38329,-122.26554,300.4,
22148,45.38335,-122.26554,300.6,
22149,45.38341,-122.26554,300.6,
22150,45.38347,-122.26554,300.7,
22151,45.38363,-122.26554,300.9,
22152,45.38381,-122.26554,300.5,
22153,45.38385,-122.26554,300.3,
22154,45.38391,-122.26553,299.9,
22155,45.38393,-122.26553,299.7,
22156,45.38394,-122.26552,299.6,
22157,45.38407,-122.26551,298.4,
22158,45.3841,-122.26551,298.0,
22159,45.38422,-122.2655,296.4,
22160,45.38436,-122.26548,294.5,
22161,45.38443,-122.26548,293.8,
22162,45.38445,-122.26548,293.6,
22163,45.38448,-122.26547,293.4,
22164,45.38456,-122.26546,292.8,
22165,45.38461,-122.26546,292.5,
22166,45.38462,-122.26546,292.5,
22167,45.38466,-122.26545,292.3,
22168,45.38479,-122.26544,291.9,
22169,45.38492,-122.26544,291.6,
22170,45.3852,-122.26544,290.6,
22171,45.38538,-122.26544,290.0,
22172,45.3854,-122.26544,290.1,
22173,45.38559,-122.26543,290.4,
22174,45.38568,-122.26543,290.6,
22175,45.3859,-122.26543,291.6,
22176,45.38608,-122.26542,293.2,
22177,45.38614,-122.26542,293.8,
22178,45.38621,-122.26543,294.5,
22179,45.38631,-122.26546,295.0,
22180,45.38633,-122.26547,295.0,
22181,45.38645,-122.26553,294.4,
22182,45.38645,-122.26553,294.4,
22183,45.3866,-122.26532,292.7,
22184,45.38664,-122.26527,292.2,
22185,45.38675,-122.26515,291.1,
22186,45.38678,-122.26512,290.8,
22187,45.38689,-122.26501,289.7,
22188,45.38705,-122.26488,288.1,
22189,45.38735,-122.26468,285.3,
22190,45.38738,-122.26466,285.1,
22191,45.38747,-122.26463,284.3,
22192,45.38777,-122.26448,281.9,
22193,45.38788,-122.26441,281.4,
22194,45.38794,-122.26439,281.0,
22195,45.38794,-122.26438,281.0,
22196,45.38805,-122.26432,280.5,
22197,45.38811,-122.26429,280.2,
22198,45.38822,-122.26423,279.8,
22199,45.38826,-122.26421,279.6,
22200,45.38828,-122.2642,279.6,
22201,45.38844,-122.26411,279.2,
22202,45.38855,-122.26405,279.4,
22203,45.3886,-122.26402,279.2,
22204,45.38863,-122.26401,279.2,
22205,45.38889,-122.26386,280.7,
22206,45.38893,-122.26384,280.5,
22207,45.38895,-122.26383,280.6,
22208,45.38896,-122.26382,280.9,
22209,45.38918,-122.2637,282.8,
22210,45.3893,-122.26364,283.1,
22211,45.3896,-122.26347,286.2,
22212,45.38992,-122.2633,288.6,
22213,45.39023,-122.26313,290.9,
22214,45.3903,-122.26308,291.4,
22215,45.39055,-122.26295,293.3,
22216,45.39059,-122.26293,293.6,
22217,45.3907,-122.26286,294.5,
22218,45.39084,-122.26279,295.5,
22219,45.39105,-122.26268,296.8,
22220,45.39112,-122.26263,297.2,
22221,45.39118,-122.2626,297.6,
22222,45.39121,-122.26258,297.8,
22223,45.39126,-122.26256,298.2,
22224,45.39138,-122.26249,298.6,
22225,45.39144,-122.26246,298.9,
22226,45.39146,-122.26245,299.0,
22227,45.39151,-122.26242,299.3,
22228,45.39154,-122.2624,299.5,
22229,45.3916,-122.26237,299.8,
22230,45.39171,-122.26231,299.9,
22231,45.39179,-122.26226,300.2,
22232,45.39185,-122.26223,299.7,
22233,45.39188,-122.26222,300.1,
22234,45.39193,-122.26219,300.7,
22235,45.39205,-122.26212,300.0,
22236,45.39213,-122.26208,300.9,
22237,45.39222,-122.26203,299.8,
22238,45.39229,-122.26199,300.6,
22239,45.39238,-122.26194,300.2,
22240,45.39244,-122.26191,300.6,
22241,45.39272,-122.26175,299.0,
22242,45.39277,-122.26172,299.2,
22243,45.39285,-122.26168,298.3,
22244,45.3929,-122.26165,298.2,
22245,45.39309,-122.26155,297.6,
22246,45.39323,-122.26147,296.3,
22247,45.3934,-122.26138,295.5,
22248,45.39374,-122.26119,293.0,
22249,45.3939,-122.2611,291.2,
22250,45.39407,-122.26101,290.0,
22251,45.39424,-122.26091,290.0,
22252,45.39441,-122.26082,290.0,
22253,45.39457,-122.26073,290.5,
22254,45.3947,-122.26066,290.9,
22255,45.39474,-122.26064,290.9,
22256,45.39491,-122.26054,291.9,
22257,45.39508,-122.26045,293.3,
22258,45.39531,-122.26032,295.2,
22259,45.39545,-122.26025,296.7,
22260,45.39562,-122.26015,298.1,
22261,45.39575,-122.26008,299.1,
22262,45.39595,-122.25996,300.6,
22263,45.396,-122.25993,301.0,
22264,45.39617,-122.25983,302.1,
22265,45.39629,-122.25978,302.2,
22266,45.39636,-122.25976,302.4,
22267,45.39638,-122.25976,302.4,
22268,45.39641,-122.25975,302.5,
22269,45.39645,-122.25975,302.5,
22270,45.39664,-122.25975,302.4,
22271,45.39678,-122.25975,302.1,
22272,45.39704,-122.25974,301.3,
22273,45.3971,-122.25974,301.1,
22274,45.39729,-122.25974,300.7,
22275,45.39729,-122.25974,300.7,
22276,45.39743,-122.25975,300.1,
22277,45.39752,-122.25975,299.5,
22278,45.3976,-122.25975,299.0,
22279,45.3977,-122.25975,298.3,
22280,45.39797,-122.25976,296.4,
22281,45.39797,-122.25976,296.4,
22282,45.39798,-122.25999,296.8,
22283,45.39798,-122.26013,297.1,
22284,45.39798,-122.26015,297.1,
22285,45.39798,-122.26021,297.2,
22286,45.39798,-122.26025,297.3,
22287,45.39798,-122.26049,297.4,
22288,45.39798,-122.26072,297.3,
22289,45.39798,-122.26094,296.7,
22290,45.39798,-122.26138,296.1,
22291,45.39798,-122.26144,296.0,
22292,45.39798,-122.26187,295.9,
22293,45.39799,-122.2621,295.6,
22294,45.39799,-122.26245,295.4,
22295,45.39799,-122.26247,295.4,
22296,45.39799,-122.26285,294.9,
22297,45.39799,-122.26304,294.7,
22298,45.39799,-122.26352,293.8,
22299,45.398,-122.26378,293.0,
22300,45.398,-122.26394,292.6,
22301,45.398,-122.26417,292.1,
22302,45.39801,-122.26465,291.1,
22303,45.398,-122.265,290.5,
22304,45.398,-122.26534,289.8,
22305,45.39799,-122.26558,289.3,
22306,45.39799,-122.2657,289.1,
22307,45.398,-122.26647,287.0,
22308,45.398,-122.26647,287.0,
22309,45.39773,-122.26647,288.0,
